x	y
-2.91649668095713	0.624445621228737
2.64561032217101	0.589361907449672
0.520746875925541	0.102302512051832
0.52082841543711	0.102327123521973
2.64561032217101	0.589361907449672
-2.07989964446188	0.371109543400991
2.64561032217101	0.589361907449672
-2.07989964446188	0.371109543400991
-3.45125721847474	0.877669857325644
0.520746875925541	0.102302512051832
-2.07958913956006	0.371047769453289
-2.07989964446188	0.371109543400991
1.03497013466069	0.369389434027624
0.513390001278613	0.140041359785991
0.486427271232123	0.166662829631422
-0.025791218913819	0.00681328853985867
1.10285630004958	0.925095975731335
0.577710221238079	0.371529347827791
0.601000129133771	0.55421109755444
-0.0191428056965067	0.0108168578594397
0.600332246811139	0.553471854003447
0.393525303277826	0.1806468497771
0.620563792011303	0.549423066280733
-2.07958913956006	0.371047769453289
0.0556658147298966	0.0720901562179998
-0.0176579273576821	0.0250788143940175
0.327591025492218	0.915249475296526
0.134582916489067	0.341333825988343
-0.289122805913924	0.470814768897513
0.00765247823287429	0.00677398012218165
-0.0967667026172579	0.106909045145867
-0.930034713027257	1.16360308989103
-0.0606388521707629	0.0334032361814262
1.65854522616178	1.49219964751208
0.741472917084358	0.536928281244789
1.87755743378303	0.677986115105732
1.54753988893518	1.03709607775203
-0.598365275800032	0.53736184075291
0.17782321715105	0.0867561978946156
0.139727791977322	0.0606883327272923
0.387155494637657	0.268460649606239
-0.0751827020415076	0.0330829977278947
-0.567455678506687	0.303133358100614
-1.75010131472458	1.59420719453367
-0.0186574816072978	0.0105447250556195
0.391740692550461	0.221449503155518
-1.27062513680096	0.873125883807373
0.0751310838845613	0.040828215224691
-0.370064595908098	0.239746334409837
0.535651753107412	0.390558460600601
1.547595094787	1.96839872367898
-0.0607805654688922	0.0334763153768342
0.888139283845667	0.713295656300289
-0.483788674838023	0.341122479546492
-0.426108957555063	0.237183378777073
-1.64414898243851	1.40701732291131
-0.575418844807989	0.353270869846741
-0.175361739042843	0.0907356261538405
1.15983986653498	0.755916479026533
-0.766854062458846	0.383256438836146
1.51127589135995	1.24352367026762
-2.38486917864666	2.32013340976513
0.391469202810278	0.202019519005964
0.223878814641196	0.129045936566318
0.642736115479516	0.348701060922592
0.139700080334836	0.0606778494082792
0.0385046796022021	0.0193222835158365
-0.380161633544041	0.17948761865025
0.239423106564862	0.147831131143534
0.25183705297189	0.165594551744182
1.63274586763547	2.20184478432857
-0.589065871637175	0.448832903934871
-0.459696313627277	0.291050302479616
-0.48409950688918	0.341300892922911
0.39191321738588	0.22155094284966
-0.403369673659998	0.289703939090628
-0.834569889555733	0.610246934431971
0.554396926578788	0.381594657657269
-2.47852895930094	2.53515447994791
0.393507356413551	0.18064967742467
-0.0091404212364813	0.00421852445455512
-0.162897165489957	0.0668290759061507
-0.335178608919124	0.0729592526861112
0.838601034652569	0.355106353471167
1.03497013466069	0.369389434027624
0.521376974174262	0.102442056871029
1.36271301780706	0.382751888570998
-2.07958913956006	0.371047769453289
2.64561032217101	0.589361907449672
2.64562077150263	0.589402910377343
-0.334591427698127	0.0728431331452995
2.64562077150263	0.589402910377343
0.521376974174262	0.102442056871029
-2.91649668095713	0.624445621228737
0.521295792365143	0.102417512567682
2.64562077150263	0.589402910377343
1.36278634045704	0.382900995538424
0.488572602125637	0.167456145195084
-1.296550869526	0.671260120396419
-0.16351331431833	0.0670934823841583
1.04300806012525	0.743057178831635
-0.95666996699372	0.53891167932166
0.701049002379838	0.536980838411087
-0.0190757006049242	0.0107794732203747
-0.147466024398006	0.125109640246979
0.385501745091659	0.282456862266157
0.265515942512138	0.458401028439616
0.669599773653827	0.540601499928145
-0.492394930842005	0.993992895277725
-0.589720515511324	0.449362604114283
0.513443582822609	0.140100976903003
-0.880481812251125	0.24165234095306
1.11243173480616	0.560805203105639
0.642499469909921	0.348580925592302
1.40082523217124	0.615191289893208
2.64562077150263	0.589402910377343
-2.07958913956006	0.371047769453289
0.52082841543711	0.102327123521973
-2.07989964446188	0.371109543400991
-0.335178608919124	0.0729592526861112
-0.335106638690478	0.0729409167236386
2.64562077150263	0.589402910377343
0.52082841543711	0.102327123521973
0.521295792365143	0.102417512567682
0.521376974174262	0.102442056871029
-2.07958913956006	0.371047769453289
-2.91649668095713	0.624445621228737
2.64562077150263	0.589402910377343
-2.07958913956006	0.371047769453289
-2.07989964446188	0.371109543400991
-2.91649668095713	0.624445621228737
0.521295792365143	0.102417512567682
2.64562077150263	0.589402910377343
1.03410346929152	0.368993798246002
-2.91649668095713	0.624445621228737
-0.334591427698127	0.0728431331452995
-2.07958913956006	0.371047769453289
-2.07989964446188	0.371109543400991
-2.07989964446188	0.371109543400991
2.64562077150263	0.589402910377343
2.64561032217101	0.589361907449672
2.64562077150263	0.589402910377343
-2.07989964446188	0.371109543400991
3.49414619653718	0.989368805041788
2.64561032217101	0.589361907449672
-0.334591427698127	0.0728431331452995
-2.07958913956006	0.371047769453289
4.01189048449851	1.37952290061321
2.25023832892151	0.990111412842066
0.605648521744319	0.36275734953352
-0.774458302378078	0.299813665201705
0.424371893196472	0.170649582227322
0.642720575935839	0.544431308526266
1.3574047568222	1.35128976582072
-0.149342464669799	0.104068882379123
-0.108649964339449	0.0856707416921887
-0.486788435097948	0.676384938917923
0.209237176310023	0.507269337708207
0.252672994730447	0.407613071452523
-0.233078824393977	0.223204343847307
-1.65789777319657	1.06640305713364
0.660383972999012	1.71489319168686
0.276428374581941	0.212691521296887
-0.381370111015098	0.180019875945068
-0.380924998125875	0.179819520752667
-0.773989277100639	0.29945460410084
0.605648521744319	0.36275734953352
0.393825273864406	0.180822046589782
0.139755453526383	0.0606924359285289
-0.267898412503866	0.09934720871268
-0.432458788744692	0.139915182332331
0.703406561231619	0.33915111437171
0.424968170770436	0.170919382315977
0.838458688964635	0.354995263553568
0.703659304601045	0.339313197234084
1.1141518383678	0.562023336549481
-0.545605154857059	0.237882146738373
0.0662152355763195	0.0213746653107393
-0.431819108026318	0.139683933117468
-0.269645285884945	0.100046416232294
-0.434862726761842	0.140801131398702
2.53120625549266	1.30807039068644
0.514432627396148	0.140365643845512
-3.45094799018387	0.877487384048771
1.87755743378303	0.677986115105732
2.64562077150263	0.589402910377343
1.36285948362764	0.382826331053253
2.64562077150263	0.589402910377343
0.52082841543711	0.102327123521973
-0.335178608919124	0.0729592526861112
0.52082841543711	0.102327123521973
2.64562077150263	0.589402910377343
0.521376974174262	0.102442056871029
-2.91617106368694	0.624120903177737
-0.335178608919124	0.0729592526861112
1.03445928471668	0.369141995661405
3.49417140758422	0.989739329356677
-0.0257532591169303	0.00680255942923094
-0.880890797275026	0.241788262568866
-0.880890797275026	0.241788262568866
2.64562077150263	0.589402910377343
-2.91649668095713	0.624445621228737
2.64562077150263	0.589402910377343
1.87760699718853	0.67780269191099
-0.0261471659501138	0.00690148067807015
-0.0261852125292617	0.00691569697452709
4.01192215213287	1.38013155858976
0.520746875925541	0.102302512051832
-0.334591427698127	0.0728431331452995
0.521295792365143	0.102417512567682
-0.334591427698127	0.0728431331452995
0.52082841543711	0.102327123521973
0.391395302026926	0.221194528928816
1.03402541927926	0.368825974026625
-0.334591427698127	0.0728431331452995
0.949056197228552	0.537533891532333
0.0654611636378388	0.0211274277108484
-0.380661094758012	0.179752387976627
0.0383086064550691	0.0192234605449362
-0.26077365504997	0.130292102301447
0.514379704593254	0.140382320750018
0.0948955972454593	0.0358690837500545
-0.260926176852685	0.13038493207664
-0.426151392992221	0.23711595033843
0.487643467139932	0.167144104655269
1.39933315667537	0.614729525809734
0.391369998945748	0.201953566649235
-0.27052039470611	0.100372919818841
0.64228991298681	0.348444944986962
0.394133826970617	0.180964809805847
0.391438898165097	0.221238532827664
1.11387172158882	0.561890862446747
-0.546766545189099	0.238528193624505
0.391159406214863	0.201869419264028
0.949056197228552	0.537533891532333
0.792018295839855	0.537122693053688
-1.29584977821647	0.670950029807498
0.424091331821268	0.170527641123132
1.4002590960027	0.615080675819464
-0.16260585580267	0.066673531292467
-0.433378758635588	0.140261400567565
0.0662152355763195	0.0213746653107393
0.0945604080042366	0.0357478539714517
0.0953113330282808	0.036023880282653
1.33993202499349	0.784660561887649
0.391229581601342	0.201916253201423
1.04286191189733	0.742683125644988
-1.36221487049938	1.20133595771123
-1.80783805954569	1.27446149041566
-2.34830496597317	1.34811864122903
1.16025890656881	0.756137605962467
-0.567905626540537	0.303378862933197
0.0949360915037404	0.0358894067913074
-0.775202072038136	0.30007253106279
0.394125189855966	0.180956167548617
1.112713705624	0.561078961722444
0.487072185604018	0.166861035717075
0.514379704593254	0.140382320750018
-0.334148103088463	0.0727276400661628
-0.334591427698127	0.0728431331452995
-0.0270501141429592	0.0071371116774393
-0.879978149171213	0.241421497109103
-1.28167745364592	0.424042905980538
0.838743083722512	0.35516352183281
-0.380605329431862	0.179720769306699
-0.433378758635588	0.140261400567565
0.514432627396148	0.140365643845512
-0.380453378625608	0.179583487415271
-0.426926740719333	0.237702129260799
1.112713705624	0.561078961722444
0.513911876619576	0.140280037852496
0.521295792365143	0.102417512567682
0.521376974174262	0.102442056871029
0.521376974174262	0.102442056871029
0.52082841543711	0.102327123521973
3.49417140758422	0.989739329356677
2.64562077150263	0.589402910377343
2.64562077150263	0.589402910377343
0.422931480183256	0.169964578880444
0.52082841543711	0.102327123521973
-2.07989964446188	0.371109543400991
2.5316614693735	1.30852280989257
-0.334663073571257	0.0728613922734098
1.36234129038989	0.382625867074114
-0.0261852125292617	0.00691569697452709
0.838601034652569	0.355106353471167
-2.91649668095713	0.624445621228737
-1.05432469201584	0.476131056842047
-0.433378758635588	0.140261400567565
0.0668275825228342	0.0215682775976232
-0.432738790835282	0.140061378703276
0.487928480025754	0.167211262283877
-0.0261852125292617	0.00691569697452709
0.0668275825228342	0.0215682775976232
1.66808217168373	0.865779069185349
0.513443582822609	0.140100976903003
0.521295792365143	0.102417512567682
0.0941842818512196	0.0356025994175622
-0.0266558194681073	0.00703797579722843
0.521295792365143	0.102417512567682
1.03410346929152	0.368993798246002
0.520746875925541	0.102302512051832
0.423775588683585	0.170314612345024
-1.89320960807506	0.851350019455974
0.487643467139932	0.167144104655269
-0.880025461952843	0.241433230605033
0.839971969316584	0.355701417069565
0.83983090521517	0.355644764655381
1.66808217168373	0.865779069185349
0.838458688964635	0.354995263553568
-0.380453378625608	0.179583487415271
1.54756591771562	1.0368665528882
1.11446734107368	0.562081658951079
-0.334076780502539	0.0727094646529313
-1.60778676240889	0.624915470171723
1.40054237221754	0.615218727213828
-0.879978149171213	0.241421497109103
-0.774321596359779	0.299648367381542
-0.881395843899604	0.24188215542982
0.520746875925541	0.102302512051832
1.36285948362764	0.382826331053253
0.423810248226382	0.170381223280265
-0.0262233532649923	0.0069264517241902
0.513497024763484	0.14008453361006
0.521376974174262	0.102442056871029
0.514326643122236	0.140322765639352
-0.027088618237405	0.00714791271720345
1.03453696876337	0.369309864676094
1.03453696876337	0.369309864676094
0.838601034652569	0.355106353471167
-0.879978149171213	0.241421497109103
-1.29695806529541	0.671757096929589
4.01190637519283	1.38005905507264
0.514379704593254	0.140382320750018
2.64562077150263	0.589402910377343
2.64562077150263	0.589402910377343
-2.07989964446188	0.371109543400991
0.521376974174262	0.102442056871029
-2.07958913956006	0.371047769453289
-2.91682248761315	0.624396194263068
0.520746875925541	0.102302512051832
2.64561032217101	0.589361907449672
2.64561032217101	0.589361907449672
2.64561032217101	0.589361907449672
-2.07958913956006	0.371047769453289
-0.334148103088463	0.0727276400661628
-2.07958913956006	0.371047769453289
-2.07989964446188	0.371109543400991
0.520746875925541	0.102302512051832
2.64562077150263	0.589402910377343
0.521295792365143	0.102417512567682
-2.07989964446188	0.371109543400991
2.64562077150263	0.589402910377343
-2.07958913956006	0.371047769453289
2.64562077150263	0.589402910377343
2.64562077150263	0.589402910377343
-2.07989964446188	0.371109543400991
0.521376974174262	0.102442056871029
3.49414619653718	0.989368805041788
2.64562077150263	0.589402910377343
-2.07958913956006	0.371047769453289
-0.334591427698127	0.0728431331452995
0.521295792365143	0.102417512567682
-2.07958913956006	0.371047769453289
2.64561032217101	0.589361907449672
2.64562077150263	0.589402910377343
-2.07958913956006	0.371047769453289
2.64562077150263	0.589402910377343
1.36285948362764	0.382826331053253
2.64561032217101	0.589361907449672
0.521295792365143	0.102417512567682
0.52082841543711	0.102327123521973
0.521295792365143	0.102417512567682
2.64561032217101	0.589361907449672
1.36234129038989	0.382625867074114
-0.880434251958766	0.241640521554225
0.838932353044429	0.355128732354838
1.33993202499349	0.784660561887649
2.74833317049104	1.62552060903936
-0.774595298754681	0.299780097586329
0.0660747637315169	0.0213259005085459
0.703659304601045	0.339313197234084
0.514379704593254	0.140382320750018
0.0942251643163187	0.0356183656244097
-0.0270501141429592	0.0071371116774393
-0.26099930255507	0.130426753758032
-1.12242172150526	0.702702536158604
1.39933315667537	0.614729525809734
-0.546057636514725	0.238205563288393
0.704036413747604	0.339515343983652
1.03449817432543	0.369281958902435
-0.880890797275026	0.241788262568866
-0.268492932427342	0.0995864501214177
0.513911876619576	0.140280037852496
1.03457566820663	0.369219525665167
0.0937663911378532	0.0354331447634166
2.5316614693735	1.30852280989257
1.398406262577	0.613938394919657
-0.766846495937482	0.383255404624933
-0.267026644252409	0.0989834180696781
0.204454593339974	0.108804683257295
-0.175225866211545	0.0906639388299084
0.487643467139932	0.167144104655269
1.16028648818919	0.75630128736748
-1.40510305578665	1.04339062573765
-0.546726510916248	0.238426897353932
-0.545644369228043	0.237982817573094
0.856650876958288	0.537598006438428
-0.766854062458846	0.383256438836146
1.34630533855636	0.993376568761038
-1.29584977821647	0.670950029807498
1.66897225729418	0.866063409820364
-2.07958913956006	0.371047769453289
-0.43301920573416	0.140125374470511
-0.334591427698127	0.0728431331452995
0.0660747637315169	0.0213259005085459
0.521295792365143	0.102417512567682
1.36226782012475	0.38270035317985
-0.880890797275026	0.241788262568866
-0.268492932427342	0.0995864501214177
2.25062821053487	0.990333711175524
0.521295792365143	0.102417512567682
-0.334591427698127	0.0728431331452995
0.513911876619576	0.140280037852496
1.03406449202416	0.368965829969627
-0.775202072038136	0.30007253106279
0.393825273864406	0.180822046589782
-0.434299673650588	0.140589714149087
0.642344486523725	0.348398859295326
-0.267620854792913	0.0992325255739851
0.514379704593254	0.140382320750018
-2.91617106368694	0.624120903177737
2.64562077150263	0.589402910377343
2.64561032217101	0.589361907449672
2.64562077150263	0.589402910377343
0.422334291936459	0.16965589880655
0.513911876619576	0.140280037852496
-1.05542371845661	0.476652622135073
0.0649882532264197	0.0209752264218978
1.39812123802039	0.613702005946584
2.25023832892151	0.990111412842066
0.521376974174262	0.102442056871029
-1.05432469201584	0.476131056842047
1.39961709676373	0.614867971945085
-2.91617106368694	0.624120903177737
1.36285948362764	0.382826331053253
0.513965058596701	0.140263455477391
0.703742121524306	0.339416482449918
-1.12257581154017	0.702871738882065
0.486427271232123	0.166662829631422
0.791716448974754	0.536805774891432
1.39904879856402	0.614493255209378
1.11355647741712	0.561412974029405
1.34005435617306	0.78431481682374
-0.269645285884945	0.100046416232294
1.03406449202416	0.368965829969627
-0.774927401699008	0.299940273521438
0.703742121524306	0.339416482449918
-0.432738790835282	0.140061378703276
-1.29692046148731	0.671472150280211
1.03453696876337	0.369309864676094
-0.773852763982589	0.29948830405479
-0.0257532591169303	0.00680255942923094
1.36234129038989	0.382625867074114
-2.07958913956006	0.371047769453289
0.423810248226382	0.170381223280265
-0.268492932427342	0.0995864501214177
-0.025791218913819	0.00681328853985867
-0.766854062458846	0.383256438836146
-0.334663073571257	0.0728613922734098
-0.774321596359779	0.299648367381542
-0.434862726761842	0.140801131398702
0.093807712369133	0.0354537369950867
0.139672318668036	0.0606609321279644
0.839971969316584	0.355701417069565
0.642736115479516	0.348701060922592
0.487643467139932	0.167144104655269
0.605568452991741	0.362692883198497
-1.05407247369691	0.47580430577959
-0.432458788744692	0.139915182332331
0.488287837813439	0.167338718999219
-0.174595736299434	0.0903086811897145
-0.433940492185269	0.140472218685469
0.520746875925541	0.102302512051832
1.877457900668	0.677682806593774
-2.07989964446188	0.371109543400991
-1.28125729906157	0.423890911380227
-2.07958913956006	0.371047769453289
0.521295792365143	0.102417512567682
-3.45094799018387	0.877487384048771
2.64562077150263	0.589402910377343
1.36278634045704	0.382900995538424
0.520746875925541	0.102302512051832
-0.433940492185269	0.140472218685469
0.521376974174262	0.102442056871029
0.394133826970617	0.180964809805847
-0.957139864958364	0.539170883105887
-0.267343814919235	0.0990878928602429
1.39997540283312	0.614844783673638
-0.074817115851045	0.032924563474035
-0.567596245225315	0.303232933230557
0.70445401608897	0.339696378668446
-0.334591427698127	0.0728431331452995
0.839357909248299	0.355494181112551
-0.880025461952843	0.241433230605033
2.64562077150263	0.589402910377343
0.139672318668036	0.0606609321279644
-0.588824992261499	0.448548125128853
-0.162597669857347	0.0666884594719241
-0.267898412503866	0.09934720871268
-0.545683744265661	0.238002513830106
0.224685473940383	0.129542189258845
0.385827512441737	0.282635015173435
0.508241905023085	0.411056913699608
-0.268771292431537	0.0997015317057297
-0.766227315811429	0.382698884970227
0.223738664074675	0.12897454338201
0.0658330695161686	0.0435954383107822
-0.45972482943099	0.290882467811704
0.566134007115218	0.5609418351442
-0.00337209271722985	0.00224000717857955
-0.297508575754183	0.196899272789152
-0.091706828143106	0.057923742886924
-0.090393439570986	0.0570678142358815
-0.460030716427621	0.291258339352544
0.390446862896776	0.238393429868523
1.11239919626619	0.560608423075611
0.203742224637512	0.108310434578411
0.385986547664022	0.282917216221148
-0.00349526156662906	0.00232423606297009
0.384708228930628	0.296473628309406
-0.00907577553420373	0.0041896645042432
0.223989251157669	0.129146354499917
0.957091223954098	0.884003236257191
-0.593971026579043	0.493706364277481
-1.05457735321586	0.476110735152609
1.10276805222121	0.925090851842578
-0.567385361857272	0.302977101314232
0.038024720401206	0.019073701929127
-0.426582328783906	0.237503682972364
0.387969366420469	0.25303539596496
0.104732028917599	0.0611626943817011
0.631793541317088	0.693917793051669
2.6984338395612	4.60038414508124
-0.0912099154416271	0.0576116154238241
-0.915971663146229	0.970058463400709
-0.841064009479064	0.842295290934706
0.223793885497882	0.129019176788728
-0.0860287624289134	0.0617146798856188
-0.3694594534354	0.294173191764084
0.164135727096818	0.114455416539824
0.18711632531167	0.143272356422858
-0.764225948750114	0.722701528616282
0.69698201019747	0.695548565186652
0.0429220475164469	0.0269016303026512
1.33967881934238	0.783984239394814
-0.546057636514725	0.238205563288393
-1.65830267454668	1.06697404777871
-0.380425301535429	0.179627683721421
-1.08119170993515	1.05592413411125
0.391395302026926	0.221194528928816
1.87750773502917	0.677942250732786
-0.261005659983768	0.130412383864566
0.391632670021721	0.221350895824649
-1.29584977821647	0.670950029807498
0.20494947033306	0.109066882411581
-0.0266174972999866	0.00702719711458675
0.391524995561623	0.202039039398752
0.393825273864406	0.180822046589782
0.856340644904239	0.537393611146535
-0.266749887233567	0.0988691444579695
0.393488968737649	0.180553203460262
1.04270147514724	0.742599311869811
0.496104642514659	0.419473387237581
0.369843816195454	0.360214690666183
0.459089561164659	0.450944889601114
-0.910748339648627	1.36444417133697
0.551702468643812	0.564567070567767
-0.300529370231226	0.2853510398354
-0.0840344127317708	0.0668986453874524
0.466788386827589	0.443162163918411
-0.426754478188015	0.237610060284562
-1.01644626330408	0.721437208733677
0.204262741563013	0.108688827457182
-0.76654027585683	0.383063779962677
0.703406561231619	0.33915111437171
0.424091331821268	0.170527641123132
-0.880890797275026	0.241788262568866
2.53147741021284	1.30883380603431
0.520746875925541	0.102302512051832
-0.0261471659501138	0.00690148067807015
0.486713370921318	0.166780686105613
-0.434299673650588	0.140589714149087
-2.91682248761315	0.624396194263068
-0.334591427698127	0.0728431331452995
0.521376974174262	0.102442056871029
0.521295792365143	0.102417512567682
0.513965058596701	0.140263455477391
0.513443582822609	0.140100976903003
2.64562077150263	0.589402910377343
-0.432738790835282	0.140061378703276
-0.334076780502539	0.0727094646529313
-0.335106638690478	0.0729409167236386
3.49417140758422	0.989739329356677
-0.335106638690478	0.0729409167236386
1.36226782012475	0.38270035317985
-0.335106638690478	0.0729409167236386
4.01192215213287	1.38013155858976
1.39933315667537	0.614729525809734
3.49417140758422	0.989739329356677
-0.773989277100639	0.29945460410084
0.521376974174262	0.102442056871029
-0.0265792695928024	0.00701290039496226
-3.45125721847474	0.877669857325644
0.521376974174262	0.102442056871029
-0.881395843899604	0.24188215542982
-0.775533957959517	0.300199510369385
1.87750773502917	0.677942250732786
-1.28164515586627	0.42404107043148
1.36234129038989	0.382625867074114
1.03497013466069	0.369389434027624
0.521295792365143	0.102417512567682
-2.07989964446188	0.371109543400991
0.521295792365143	0.102417512567682
1.03449817432543	0.369281958902435
0.520746875925541	0.102302512051832
0.520746875925541	0.102302512051832
0.513858555507521	0.140220414429152
0.486999051180479	0.166848160566094
-0.335106638690478	0.0729409167236386
-3.45094799018387	0.877487384048771
-1.05407247369691	0.47580430577959
0.486999051180479	0.166848160566094
-0.163504762406321	0.0670840892772548
0.0649882532264197	0.0209752264218978
3.49419648863757	0.989479951389322
-2.07958913956006	0.371047769453289
3.49414619653718	0.989368805041788
0.52082841543711	0.102327123521973
0.52082841543711	0.102327123521973
-0.433940492185269	0.140472218685469
-0.163188467956555	0.0669296624307987
0.0656021263019581	0.0211763330807978
-0.433940492185269	0.140472218685469
1.36234129038989	0.382625867074114
0.513858555507521	0.140220414429152
0.521376974174262	0.102442056871029
1.36285948362764	0.382826331053253
2.25069682266121	0.990426720312637
1.03410346929152	0.368993798246002
0.521295792365143	0.102417512567682
0.521376974174262	0.102442056871029
-2.07958913956006	0.371047769453289
0.521295792365143	0.102417512567682
2.64562077150263	0.589402910377343
4.011937815539	1.37971526659276
-0.0261852125292617	0.00691569697452709
-0.335106638690478	0.0729409167236386
0.514379704593254	0.140382320750018
1.36226782012475	0.38270035317985
0.0662152355763195	0.0213746653107393
-3.45094799018387	0.877487384048771
-0.43365941847557	0.140408025138428
0.839074501303243	0.35532636932229
-1.28125729906157	0.423890911380227
0.839216353210562	0.355437265415388
1.36278634045704	0.382900995538424
-0.433378758635588	0.140261400567565
1.87750773502917	0.677942250732786
-0.0261852125292617	0.00691569697452709
0.521376974174262	0.102442056871029
2.64562077150263	0.589402910377343
0.838743083722512	0.35516352183281
-0.334591427698127	0.0728431331452995
-2.07958913956006	0.371047769453289
-0.880434251958766	0.241640521554225
0.514379704593254	0.140382320750018
0.52082841543711	0.102327123521973
1.36219416975168	0.382551221457693
1.36271301780706	0.382751888570998
-1.29618170986356	0.670991434376962
0.520746875925541	0.102302512051832
3.49417140758422	0.989739329356677
1.03449817432543	0.369281958902435
-3.84351846206423	1.13675833125362
0.839357909248299	0.355494181112551
-3.45125721847474	0.877669857325644
-2.91617106368694	0.624120903177737
2.64562077150263	0.589402910377343
0.521295792365143	0.102417512567682
-2.91649668095713	0.624445621228737
-2.07958913956006	0.371047769453289
-0.108857948200524	0.0858495048991208
-0.456280379361705	0.480594703937334
0.0364161843860637	0.026440956770091
-0.274138916607686	0.243564024835278
0.218823875236277	0.195917552625175
-0.115423470532207	0.081655586868427
0.187649662547615	0.143696394663625
-0.615507883761506	0.675021522341124
0.0153169456570925	0.00903348655539347
-0.039131069477038	0.0288190114702821
0.496782463114836	0.420375375427957
1.10251741043088	0.924697280182325
-0.0181640673119181	0.0102619649298077
-0.091340725970591	0.0576918031520178
0.196531861429326	0.156941216577575
-0.901488245992541	0.777248864860396
0.467212075139232	0.44364098294451
0.382379026016349	0.308760924931602
-0.82390129030635	0.882185976909736
0.187700250173251	0.143798355918871
0.475415789182283	0.435347055516083
0.442943439403361	0.478765281416634
-0.102817097460926	0.0942542333289602
0.672440130697247	0.694148143472905
-0.611285148143715	0.817112437440414
-0.671338861546466	0.81655675747112
0.28710795976843	0.249692710277234
-0.772029402846454	1.02562230448868
0.0656837776250494	0.0434948140667821
-0.164447176358128	0.126735709174154
-0.809036188192339	0.920029252570376
0.458510803695819	0.450250739651404
0.724121055411201	0.696624597457082
0.204893727082696	0.109045200552024
0.0945604080042366	0.0357478539714517
-0.337182788956466	0.246090070930708
-1.63984328471929	1.72078575353775
-0.680542949213539	0.604144700854054
-0.0744232027028187	0.032748716883775
-0.238182310098534	0.160588229016866
0.391740692550461	0.221449503155518
0.0746362567649433	0.0405489698716311
0.391611524153373	0.221357324828265
-0.174922732166779	0.0904971307764228
0.620315285812142	0.549131020621888
0.66912061421165	0.539923845617644
0.187201998209267	0.143366849285591
-0.512180153269906	0.568173148019973
-0.148497202776658	0.126027679857227
-0.502235827490515	0.389037041959387
0.38257696822808	0.308899009732123
-0.351798633904516	0.30660856961981
0.0747639240870806	0.040616198070051
0.423810248226382	0.170381223280265
0.391214875835498	0.20185000363818
0.093807712369133	0.0354537369950867
-0.335106638690478	0.0729409167236386
-1.28125729906157	0.423890911380227
1.03449817432543	0.369281958902435
1.03493152255672	0.369361618902668
-0.334591427698127	0.0728431331452995
-2.91682248761315	0.624396194263068
-2.07989964446188	0.371109543400991
2.64562077150263	0.589402910377343
0.514326643122236	0.140322765639352
0.521295792365143	0.102417512567682
4.38727162968334	1.77632357876549
1.03453696876337	0.369309864676094
1.03453696876337	0.369309864676094
0.521295792365143	0.102417512567682
1.03410346929152	0.368993798246002
0.513911876619576	0.140280037852496
0.204534952459795	0.108829190567108
0.292433323111476	0.27321151811588
0.406032992874369	0.582222305641681
-0.0177186417456961	0.0162794148155029
0.267697232536282	0.294448016605015
0.462233409264047	0.782421004869843
0.316635307116129	0.349600349566499
0.275250807571483	0.312418242526068
-0.043732897762474	0.0442394607661369
-0.338191781981826	0.360434061533223
-0.0613328367782033	0.0593930820529539
-0.00115954326340643	0.00106388657982943
0.371125707296878	0.349355924860263
0.458671577039538	0.450455263305402
-0.6742877291363	0.777790099081512
-0.00319261988915823	0.00212581432331683
-0.671452764932198	0.816777139112453
-0.120577160467214	0.102924934097979
-0.0740530979860708	0.0638838966299939
-0.0578301074829635	0.0531383606920514
-0.435139866103009	0.511023441156266
0.184099867136769	0.176498761688578
-0.375978739537369	0.480316819525535
-0.19439723398843	0.226441601541559
0.291157146601239	0.351502016952556
0.894274381202443	1.58995168093121
-0.626168013358782	1.00581990880508
-0.203919319578737	0.227988132769389
0.156482267613709	0.171147585207614
-0.286390266502421	0.321195127323041
-0.414478160590452	0.552347534279735
-0.486707188675386	0.749214282234355
0.497292729028758	0.754053951628717
-0.189666731284752	0.202880170755034
-0.531182828759666	0.483006496972609
0.856636217018052	0.537582860007987
0.391546977752355	0.221281493060556
1.16002220817129	0.755976448106651
-0.148931904567661	0.103755455703459
-0.239513223946551	0.197715035960172
-0.452507665550567	0.385787548605979
-0.803128333163877	0.646667334331172
-0.055946919438933	0.0359630253026449
-0.594856534903768	0.494602021776329
0.196376314733941	0.156815932720092
0.223738664074675	0.12897454338201
-1.01625560985662	0.721222577993536
0.28955712321485	0.261204927463958
0.148589569840018	0.0982299716694942
0.0684013353476233	0.0540135586605082
-0.823368184191377	0.881205904295774
0.164937107802307	0.169022173611861
0.131208549755253	0.134312890113755
-0.108402668452132	0.0854562175232756
-0.0612664493413011	0.0445629097509597
0.52081284551872	0.400988918066668
-0.266749887233567	0.0988691444579695
0.704200292161626	0.339521329846398
-0.00903267783766663	0.00416920538970505
-1.60601550674796	0.623960113595491
0.521376974174262	0.102442056871029
-0.334591427698127	0.0728431331452995
1.03457566820663	0.369219525665167
0.521376974174262	0.102442056871029
-0.434862726761842	0.140801131398702
0.486713370921318	0.166780686105613
1.03449817432543	0.369281958902435
0.521376974174262	0.102442056871029
1.36226782012475	0.38270035317985
1.36278634045704	0.382900995538424
-0.866862787963393	0.80900149127502
-0.543282161637893	0.52941774357085
-0.297643076995458	0.197008186467761
0.0649607166145601	0.0429993194655196
0.620929622418309	0.549685172571031
-0.796123241608434	0.957203568128442
-0.297643076995458	0.197008186467761
-0.502624788412617	0.526396540822415
-0.763560819969372	0.721942355732448
-0.115156591000758	0.0814572272760342
0.293064559201453	0.273921352802853
-1.48931196232091	0.865396017643466
-1.94201715721566	1.48382446542683
1.36082918712443	1.6816694855437
-1.01631174503594	0.721223967677338
0.888304798146333	0.713357070644444
-0.238063816754231	0.16046411766958
0.204702060344084	0.108943349083558
-0.835430917873985	0.611338419407802
0.521122542701921	0.40122565838876
-0.483547761893061	0.340927725110455
1.07611551491482	1.36558295712897
0.476344207821661	0.436498496731351
-0.594111614819246	0.493832346505982
-0.516951967625578	0.435550608605673
0.177480387328589	0.129950108322635
0.0656339490460922	0.0434574693526923
0.276576947089475	0.212810049583142
0.496113967028699	0.419551760859317
-0.0184820281825624	0.0104457805966203
0.620681078714974	0.549508025782484
0.0655281585888909	0.0433913743309506
-0.483892219292596	0.34122602435224
-0.323638954483551	0.186249835593395
-1.29621877488002	0.671275778988152
0.138962551438343	0.0603311720585601
-0.0266174972999866	0.00702719711458675
-0.380897160485324	0.179863916567392
-1.01644626330408	0.721437208733677
1.65824290679469	1.4909098574524
-0.0748873517760911	0.0329589431209806
0.0662152355763195	0.0213746653107393
-0.163521975916027	0.0670936369584823
0.0941842818512196	0.0356025994175622
0.0385589247261441	0.0193484477225692
-0.766854062458846	0.383256438836146
1.66869324775627	0.865925902025113
-0.545310291183743	0.237776317962201
0.42349474205291	0.170233483318805
-0.0261852125292617	0.00691569697452709
0.513965058596701	0.140263455477391
1.03453696876337	0.369309864676094
0.839971969316584	0.355701417069565
0.704077627294915	0.339587027956686
-0.380897160485324	0.179863916567392
0.605568452991741	0.362692883198497
-1.25527769637751	1.03773186065404
-0.589585716987119	0.449337825284037
1.10265984505409	0.924880077848759
0.17721821973496	0.086443142545245
-0.0746480303214865	0.0328522194528443
2.25069682266121	0.990426720312637
1.398406262577	0.613938394919657
-2.91649668095713	0.624445621228737
1.36219416975168	0.382551221457693
1.87714659424117	0.677529673949604
0.520746875925541	0.102302512051832
-2.91649668095713	0.624445621228737
0.311400359018366	0.333056755884267
-1.14497177144095	1.69424759522922
0.633936923820735	0.851948853309535
-0.108956865579865	0.0859129947004029
0.0176289217536726	0.0122293621588055
-0.61602258586794	0.675789036924151
-0.398346502793405	0.343644634251662
-0.39738837781877	0.342596757593558
-0.483600577519514	0.620913892536259
0.438350997584308	0.519037421366456
0.0179321620639472	0.012437990527663
0.373946716272136	0.339851471387898
0.475880267494869	0.435961373357517
0.186654876441151	0.142848202781696
0.187201998209267	0.143366849285591
-0.33718246283915	0.31792659845137
-0.610770402683535	0.63003163967231
-0.0905116790742967	0.0571465436694815
0.149494057439472	0.128261788816181
-0.358427213568572	0.359681003194655
-0.772645969756532	1.02681192960376
0.234407524102078	0.26523917624673
-0.640472912883041	0.962308504758418
-0.121183865760519	0.103483159304054
0.17725079327868	0.187895643153301
0.706070198562718	0.978789894501592
0.601120761122319	0.699573402905647
-0.000840403025731448	0.000775691375150546
-0.243380399835386	0.260515549742248
0.11380819726398	0.0866780480762391
-0.28648050566529	0.289760577372834
-0.374393829519799	0.397855363113603
0.0524897210683093	0.0397604584173472
-0.429938664361956	0.337958443504796
0.642526953000522	0.348609361410458
-0.175034330688239	0.0905597899457118
1.79164358113428	1.74815439305522
-0.175473251569841	0.0907820045185148
0.0166747470239525	0.0115653869056424
0.643356344421385	0.545067927070047
0.177743600945493	0.0867057798405746
0.701168661506111	0.53707659938604
0.520704022092727	0.400874094936955
-0.567301153224146	0.303028672507648
0.391676095741359	0.221412040659779
-0.174922732166779	0.0904971307764228
0.888249611333472	0.713383305191314
-0.483719964371382	0.341084556825101
-0.163504762406321	0.0670840892772548
-0.0270501141429592	0.0071371116774393
-4.15350601804067	1.40382211946696
1.34030794550562	0.784669576684112
1.1428059235308	1.09650483354234
-0.245844240758806	0.145406632580102
0.508575241087703	0.41133229942958
-0.594289265983704	0.494113465871442
-0.188973160803746	0.129524473881164
0.669351236927801	0.828874280105499
-0.0599687424177188	0.0330340492824772
0.600183948825124	0.553130914306884
0.17767042763842	0.0866818800627989
-0.435221535577	0.140888985548313
-1.60752298335698	0.624781750761417
-1.05489445342883	0.476330704248255
0.520746875925541	0.102302512051832
-0.43365941847557	0.140408025138428
0.113658422643249	0.120103824365982
0.583811219968092	1.06569691808124
-0.324282030089612	0.428624770938619
0.496792517901555	0.735074530848191
-0.69232247974811	1.32854177707687
0.500702703530879	0.851140578592144
0.241256635730637	0.339114533745166
0.165448652231334	0.169626751399047
0.048442697983336	0.0494060776627713
0.268988900011115	0.379834947609608
-0.772645969756532	1.02681192960376
-0.373752914794035	0.396888183684532
0.551932379932951	0.564852319818719
-0.671358543171564	0.816714069062129
-0.23913029206473	0.21405604686884
1.28417246832402	2.71001101243728
0.550253988065474	0.796237986541108
-0.441100881943926	0.542327253482195
-0.338441587853525	0.415086855204249
-0.0374611240505511	0.0344401915344326
0.21932574644613	0.263362844976678
0.458524665689234	0.743044965312212
0.264021608509115	0.404976853671834
0.375865217722688	0.564074577899318
0.120282919665523	0.153807784293765
0.0273288248298541	0.030340996325328
0.305330595025372	0.443715532722519
-0.196775079428641	0.246751155927621
0.182013337566836	0.246909795093047
-0.273159950160652	0.292224334798399
-0.275335125743371	0.39846571753382
0.0999373872096122	0.108838826604269
0.126994217181598	0.117088575349932
0.0702551374685363	0.0669633397926421
-1.36134828473582	1.20143400417791
0.904078334621538	0.871079105571908
0.535620787820862	0.390576285232002
-0.502463382063202	0.526146443259479
0.439749899405509	0.489833086067805
-0.87061293244114	1.03976246438318
0.451910852154236	0.458486279973056
1.07558061574723	1.3650997090913
-1.08057355842009	1.05409041551201
0.67206754194595	0.69342295742427
0.262864863131751	0.18310880162369
0.520394345931564	0.400546150419942
0.164234989553369	0.114535547387736
0.757396788304884	0.839391576426455
-0.135962365469524	0.106116910734421
0.262864863131751	0.18310880162369
0.605721609297823	0.362833907220213
1.19563363420464	1.43168276829004
0.520637089805738	0.400818098945867
0.311125152689911	0.332635522193213
-0.376789640439218	0.352412303037468
0.218989850867892	0.262856386633071
-0.150470117779613	0.145404501756273
0.0998200715081815	0.102004724605634
-0.177003237816527	0.170844088711311
-0.48399583002173	0.341285761357349
0.741080152996498	0.536569210390861
0.39191321738588	0.22155094284966
0.0649882532264197	0.0209752264218978
1.03489281558809	0.369221770974722
0.513911876619576	0.140280037852496
1.34034860965476	0.784677538591687
-0.334076780502539	0.0727094646529313
-0.025791218913819	0.00681328853985867
0.0845163955509412	0.0588518435374484
-0.299345128477921	0.283999830530732
0.227305971607887	0.21115788429268
-0.0383092225742941	0.0282098358416483
0.369847902940802	0.360204325073115
0.0845125803724514	0.0695023975271104
0.16428457105328	0.114568141338741
-0.763815936364835	0.722257578293926
0.148589569840018	0.0982299716694942
-0.74449385074466	0.803880590337574
0.285305537507265	0.247637417121533
-0.583798744972906	0.402950700511811
0.642963036710819	0.544709834471991
-0.238125024416858	0.160534426673298
0.508255121637698	0.411120720984541
-0.780701279704924	0.684213259109027
-0.028016387861049	0.0183277389910256
0.0751310838845613	0.040828215224691
-0.237584978718432	0.178536064267333
-0.318694821600459	0.256873273914222
-0.115085380043438	0.0814020677544644
-0.165482173467436	0.127618263807935
-0.562131419756503	0.620094676035449
0.476112304966243	0.436239693852942
0.31113476188984	0.332695802793566
-0.321013485970132	0.323477045837112
0.0147485807249078	0.00870031264157307
0.306177992222164	0.316812084957421
-0.234423843382508	0.224827959865607
0.369522691001029	0.372126249458106
0.615131661146956	0.69571738075979
0.147903169801062	0.0977231598381558
-0.589306776399263	0.449057550423019
-0.132408517232103	0.0819949602906088
0.0952711133884496	0.0360036543242661
0.393825273864406	0.180822046589782
0.42349474205291	0.170233483318805
1.4876505198371	1.41467705957185
0.856566009492043	0.537581110193257
-0.42651764782224	0.237486682896517
-0.0261852125292617	0.00691569697452709
-0.567146753449434	0.302901911441233
-0.0745075339301463	0.032786898468769
0.204454593339974	0.108804683257295
-0.380425301535429	0.179627683721421
0.703783285492598	0.339407218483858
1.16063333924218	0.756117053604514
0.139755453526383	0.0606924359285289
-0.110562921431284	0.0592351173096528
0.391244202576916	0.201887439905388
0.52082841543711	0.102327123521973
2.25829808544513	1.71573725992397
1.4002590960027	0.615080675819464
0.949665492202511	0.537659862565276
0.605801552264917	0.362862924938646
-0.94925462652659	0.748534483883089
0.834348555120254	0.704291908189118
0.687228625507683	0.828945677906903
0.53534251261047	0.390328049180147
-0.297993853393031	0.197241107796911
0.380012138304635	0.320118350624591
0.139226935203626	0.0604631939599452
1.36219416975168	0.382551221457693
-0.0270501141429592	0.0071371116774393
1.87704682704193	0.677668887736721
-2.91649668095713	0.624445621228737
0.52082841543711	0.102327123521973
-0.334591427698127	0.0728431331452995
-2.91649668095713	0.624445621228737
-2.07958913956006	0.371047769453289
2.64562077150263	0.589402910377343
-2.91617106368694	0.624120903177737
0.520746875925541	0.102302512051832
2.64562077150263	0.589402910377343
3.49417140758422	0.989739329356677
-2.07958913956006	0.371047769453289
-2.07958913956006	0.371047769453289
2.64562077150263	0.589402910377343
0.521376974174262	0.102442056871029
4.01190637519283	1.38005905507264
-0.335178608919124	0.0729592526861112
3.49417140758422	0.989739329356677
-0.334591427698127	0.0728431331452995
-0.334663073571257	0.0728613922734098
-2.91617106368694	0.624120903177737
0.513911876619576	0.140280037852496
-0.335178608919124	0.0729592526861112
2.64561032217101	0.589361907449672
-2.07958913956006	0.371047769453289
2.64562077150263	0.589402910377343
3.49417140758422	0.989739329356677
1.87755743378303	0.677986115105732
2.64562077150263	0.589402910377343
3.49417140758422	0.989739329356677
-2.07989964446188	0.371109543400991
2.64561032217101	0.589361907449672
2.64561032217101	0.589361907449672
-2.07958913956006	0.371047769453289
2.64561032217101	0.589361907449672
-2.07989964446188	0.371109543400991
0.0749436002810703	0.0407239676465624
1.03406449202416	0.368965829969627
0.0388091990188092	0.019471128754312
0.0387006825015414	0.019420090016542
-0.174731266371711	0.0903880827663693
-0.766234387737931	0.382841700916919
0.0946414603704399	0.0357711851740272
0.424371893196472	0.170649582227322
0.488856949155014	0.167522986809822
0.390196502418056	0.238246352248632
0.486713370921318	0.166780686105613
0.0657427943130726	0.0212192905615849
1.33959687693129	0.784337505522851
2.64562077150263	0.589402910377343
0.838458688964635	0.354995263553568
0.0654611636378388	0.0211274277108484
-0.880938605832032	0.241800170118089
-0.567133114829892	0.302846517286927
-0.957168199720649	0.53898620752737
0.0653199058405313	0.0210729058126537
1.16055068508163	0.756300777376826
0.83983090521517	0.355644764655381
-1.12250540997622	0.702794613051266
-0.733314547824138	0.436566120992377
-0.426689803313993	0.237593068924677
0.424651933165981	0.170730285299299
0.486427271232123	0.166662829631422
-0.261072390473575	0.130453569660529
-0.163205072431132	0.0669638123357172
2.53084973120548	1.30841025733511
-0.426969765942663	0.237715053209295
1.03497013466069	0.369389434027624
-0.269050172270091	0.0997878644532274
-0.432458788744692	0.139915182332331
0.52082841543711	0.102327123521973
-0.334591427698127	0.0728431331452995
0.0948955972454593	0.0358690837500545
-0.334076780502539	0.0727094646529313
0.394142354516854	0.180952907717946
0.521295792365143	0.102417512567682
-1.28206545026504	0.424095092138483
2.53120625549266	1.30807039068644
0.521376974174262	0.102442056871029
-0.433940492185269	0.140472218685469
-2.07958913956006	0.371047769453289
1.36278634045704	0.382900995538424
-0.774321596359779	0.299648367381542
0.487358035898528	0.167026441801294
-2.07989964446188	0.371109543400991
1.36285948362764	0.382826331053253
4.01189048449851	1.37952290061321
-0.435503515415525	0.14103636134532
-0.433378758635588	0.140261400567565
0.521376974174262	0.102442056871029
0.956051751051694	0.723646334143762
0.0651294124059475	0.0210183759594045
2.25829808544513	1.71573725992397
1.8954237411414	1.59302508783068
0.521376974174262	0.102442056871029
1.87750773502917	0.677942250732786
-2.07989964446188	0.371109543400991
1.87704682704193	0.677668887736721
-0.433940492185269	0.140472218685469
-0.773112232625657	0.298934378114489
0.521295792365143	0.102417512567682
-0.0465034422743643	0.0583267205535448
0.264101470917546	0.405157975501772
-0.0129759647069709	0.0135832001747154
-0.00986279238853989	0.0122773725842216
0.654735568115313	1.34882759447319
0.0904393293207793	0.106997171976974
-0.022867013658072	0.0220754209678159
0.325573101835832	0.451868561330581
0.0760032339701211	0.0826138359493294
-0.573710667535322	1.00289216037638
0.542676360369104	0.946552398348236
-0.760566505913659	1.05656803294416
-0.466285610692021	0.518873060149802
0.130026228226361	0.132994537375843
0.225621117405303	0.247649409178784
-1.1127401340028	2.10627212001531
-0.404437150891801	0.497168819188742
0.643484768023864	1.08229641622402
-0.180077321865234	0.201065342271709
0.270776418087941	0.345622172059153
0.503116061845302	0.909863045438185
0.12879380620777	0.178627609696682
-0.484806882664839	0.815683109270369
-0.10658262856441	0.131161295681396
-0.59724808500636	1.10548727548444
-0.458506211686719	0.789901223420558
-0.454098968415616	0.67447237069767
0.057205292658169	0.0564087181355836
-0.547752815211677	0.901669441549961
0.155426788107831	0.169838094774645
0.384407745029547	0.6044723601462
0.177948716834787	0.206820348505248
0.677569189934395	1.24393633390884
0.503232299707464	0.616378077415761
-0.380189780425553	0.179489810730454
-0.324443421992565	0.186728699367687
0.388029214397747	0.253091419643043
0.102783417720429	0.0980829827087233
-0.524241904467399	0.701217201363475
-0.397230726652912	0.342346624620478
0.0744486628700661	0.0404408156868277
-0.0520561660602046	0.0451117071325306
-0.543394184083843	0.529685355498669
0.165113339244913	0.115149412293944
-0.132717848413208	0.082206725328356
0.871528333270516	1.00240182456667
-0.763356052471974	0.721653142329564
-0.0177610298768097	0.0132242508962254
-0.178352569142858	0.161536678410385
-0.114782863278199	0.0811542774681761
-1.36165544005164	1.20117714587444
-0.380161633544041	0.17948761865025
-0.36988172842335	0.239656743033723
0.204289020728834	0.169708433323463
-0.12066931161809	0.103012498305897
-0.0614265031734698	0.044683263693387
0.204906559989089	0.210427576032618
0.438058679929586	0.533972944870405
1.06794759173977	2.63859766348124
1.33997296458715	0.784668739543347
1.54753988893518	1.03709607775203
0.741560952392813	0.536832894638903
0.836357816591642	0.989684382728942
0.820978110026579	0.853153068710109
0.37033199897448	0.385398928420657
0.204205570803624	0.169730531550776
-0.442243254488821	0.438573355121367
0.187504721064016	0.143632565376893
-0.483375611893327	0.340754789666648
-0.774595298754681	0.299780097586329
-0.16288900329726	0.0668198716584316
1.11359108282991	0.561687522856565
0.390106581598617	0.879094072112005
-0.138284208203604	0.222841978175616
-0.154712542819565	0.282805159926185
-0.0380396116461008	0.0569802591134402
-0.0352405599689394	0.0515965372218093
0.334769202641014	0.756470508957005
-0.3843091410469	0.707726290860477
0.406299801843361	0.806354126361695
0.486762914212165	1.13344936998972
0.113036914288336	0.166008312050375
0.376234350066644	0.707494951490683
0.355357785720224	0.567976154306818
0.435743694666581	0.834073698409161
-0.202050071159537	0.287957382706907
0.165797421841916	0.228595464085643
0.396358959749768	0.67756647703379
0.172374826219429	0.242816177980773
0.0142107268308267	0.0171088739441277
-0.298200861387489	0.473069542154178
-0.379760297946176	0.68182817577999
0.157070052987867	0.239515800968666
0.589524122666739	1.5404516141751
-0.465816730119909	1.02584903721498
0.0573158719797897	0.0854252097415331
-0.117295667803566	0.178666789041023
-0.00366657984853371	0.00441336102923004
0.0831657660775126	0.11661473545216
0.00823644397274029	0.0107354235336516
-0.00264351786837778	0.00328517354457144
-0.103929226273447	0.149528513963525
-0.0571167430616958	0.0809034611607384
0.275260287632914	0.498766780435821
-0.408431909727835	0.775447312502473
-0.0457510827157941	0.0482306061325843
-0.102580910363049	0.0940295839017588
-0.265302424804803	0.253136250514358
-0.273408188396179	0.242889130769056
0.209888712244579	0.244732494632365
-0.454236648438437	0.674830781380271
0.740232453200072	1.33513099351995
0.0877643773019928	0.0807594189014046
-0.203867701160212	0.227913287254295
-0.668444015221498	1.07635875134985
0.496465888594088	0.734353311855748
0.496406776839858	0.679469295040024
0.113894229068872	0.12804010983113
-0.0811241573408662	0.0785424259631446
0.152509155118668	0.150948586284811
-0.150871728302098	0.145890884216465
-0.82936939816524	1.29338697223097
0.649507078648758	0.691125201609393
0.534860015399046	0.389756344930439
-0.682055232253114	0.605724374269171
0.322371601300334	0.367317633796596
0.178831604053977	0.208073729914583
0.275331252809106	0.398154599294084
0.390989429878987	0.201717504230389
0.125413497616718	0.145260665165366
0.552130292308588	0.778026177119818
0.547088227659413	0.832055137929651
-0.616495188253888	0.752234542524361
-0.575801282645363	0.353548161849968
2.56767422738618	2.37329360282769
0.204646344996111	0.108913779288695
0.42552716080961	0.17112127666265
0.521376974174262	0.102442056871029
0.0948549408865113	0.0358410947850731
-0.16288900329726	0.0668198716584316
-0.0257153931728396	0.00678842782241024
-2.07958913956006	0.371047769453289
2.64561032217101	0.589361907449672
-3.84380170020758	1.13706777307065
0.437286122596892	1.05209887973887
0.57003906553259	1.69235517850427
-0.0544983867334924	0.0855527034765941
0.10663923970178	0.182616564244714
0.402333124523428	1.01305985991857
0.0364051763532721	0.0512716086575137
0.259854464061355	0.480732781811292
0.393044834284853	0.908803025074481
0.548532510577854	1.28451476833487
0.108737863837755	0.176702925674438
0.213408548122803	0.376058342348774
-0.135421790594302	0.150404463399635
-0.157289636295869	0.195739121301765
0.376215160118038	0.71781841421577
0.321478478960523	0.592782988768511
0.371076675154508	0.66441848674263
-0.0772237906275108	0.104055987540842
0.296542360651997	0.467994997807319
0.359394986058292	0.58678098690946
0.638819603401196	1.4025648950104
0.514553302019464	1.20780798316299
0.406463063634905	0.840667519052768
-0.148429796315789	0.228396039132264
-0.0845860282271639	0.121038522424065
0.505530890283712	1.37940871011365
0.328997155043298	0.635524380224562
-0.0531374796195195	0.0646106665140697
0.0459957859102699	0.0603050424036749
0.0844349513767892	0.118584404934917
-0.0799026113115896	0.122531254240901
0.0714799745970976	0.104325579084815
0.333527665216016	0.671750611603421
0.246193675500047	0.427589729246572
0.0312203454108373	0.0363779074188671
0.102321524369065	0.0976166289714863
-0.00296170245654195	0.00197331484288507
-0.722204091487132	0.918566603340523
-0.143796944153848	0.172321862278352
0.277788661929621	0.36430706875077
0.144141959457153	0.152594366731189
-0.15120259427526	0.146248093640485
0.216791544613731	0.282163532398593
0.40837782798151	0.599865844461004
-0.615972977031124	0.675717542655578
0.220246322224004	0.197373371860723
0.184394675225617	0.176799051502352
0.371388043289596	0.398956657711842
-0.686891759757184	1.0333030952716
0.0851977049233446	0.0841165290281695
0.0838690690422526	0.0689490966032724
0.0361589498498873	0.026253033809755
-0.149286786050871	0.103980453832839
-1.41495665955869	1.51651515245499
-0.0606427069887443	0.0486597431481218
-0.193514202680385	0.225211164106433
0.129175039977697	0.169218851407991
0.427402191303197	0.720063992129359
0.260018555354383	0.481359784779677
0.0380040400927874	0.0190672227507242
-0.267026644252409	0.0989834180696781
0.741723336433768	0.537064781165316
0.288992815415044	0.260557881764786
0.53558372047861	0.390539823893466
0.391395302026926	0.221194528928816
-0.00851626531004079	0.00393408333782603
2.64562077150263	0.589402910377343
0.838127491271256	0.354718145342281
-0.880434251958766	0.241640521554225
0.838316046175592	0.354797526097352
-0.380661094758012	0.179752387976627
0.513965058596701	0.140263455477391
-0.334591427698127	0.0728431331452995
0.520746875925541	0.102302512051832
2.2503071071698	0.989767345358803
1.36278634045704	0.382900995538424
1.03406449202416	0.368965829969627
-1.89425081433171	0.852123343821616
-1.60486930221244	0.6232391105785
0.839216353210562	0.355437265415388
0.424371893196472	0.170649582227322
0.838743083722512	0.35516352183281
0.520746875925541	0.102302512051832
0.513390001278613	0.140041359785991
-1.2808054947161	0.423675764186966
1.73045833723652	1.30694045670833
-2.07989964446188	0.371109543400991
0.422051588644069	0.169509046934828
0.521295792365143	0.102417512567682
2.25062821053487	0.990333711175524
-2.07958913956006	0.371047769453289
-0.334663073571257	0.0728613922734098
0.0648467986476733	0.0209261864989387
-0.334076780502539	0.0727094646529313
0.838743083722512	0.35516352183281
-0.268771292431537	0.0997015317057297
0.839074501303243	0.35532636932229
-0.879978149171213	0.241421497109103
-0.0266174972999866	0.00702719711458675
-0.26649195620451	0.098732550565133
2.64561032217101	0.589361907449672
-0.881347786322319	0.241870159042159
0.521295792365143	0.102417512567682
-0.334663073571257	0.0728613922734098
0.424687894616273	0.170773229110893
1.88950779689275	1.13041304676138
0.514432627396148	0.140365643845512
0.513965058596701	0.140263455477391
-0.0261471659501138	0.00690148067807015
1.39812123802039	0.613702005946584
-1.89425081433171	0.852123343821616
-2.07958913956006	0.371047769453289
4.01192215213287	1.38013155858976
1.36226782012475	0.38270035317985
-2.07989964446188	0.371109543400991
-0.43301920573416	0.140125374470511
4.01192215213287	1.38013155858976
1.87709677854307	0.677712862210528
-0.334076780502539	0.0727094646529313
0.520746875925541	0.102302512051832
2.2503071071698	0.989767345358803
3.49417140758422	0.989739329356677
-3.45063894149186	0.877006747085803
1.87755743378303	0.677986115105732
-2.91649668095713	0.624445621228737
-3.45125721847474	0.877669857325644
2.64562077150263	0.589402910377343
-3.45094799018387	0.877487384048771
0.521295792365143	0.102417512567682
-0.433940492185269	0.140472218685469
0.514379704593254	0.140382320750018
1.03449817432543	0.369281958902435
0.703700794641854	0.339385013976215
0.837984948073137	0.354660733567109
1.03410346929152	0.368993798246002
2.64561032217101	0.589361907449672
2.64562077150263	0.589402910377343
0.320656852040859	0.729336072722725
0.415881466270593	0.993199806919879
-0.379100799691022	0.785449072436444
0.153633248076637	0.244779758000579
0.164467598400228	0.271357803471226
-0.334426511077416	0.641701860341336
0.228435837796414	0.399566261082909
0.00681991914243595	0.00860679759656615
0.208976034378902	0.383047241494891
0.105492438507682	0.163994754203615
-0.257696312543475	0.45188986540354
-0.0263096900235124	0.0307606181407092
-0.135327238104104	0.196165694614197
0.214166291665637	0.323775393354019
-0.402758310757595	0.744116830181534
0.0382868123923552	0.0491649335280726
0.51967367041864	1.17519473102372
-0.0833895993284346	0.108972253845042
-0.0141125308917147	0.018641590527998
-0.384129946074341	0.814067240930759
0.600430253088904	1.49913464958303
0.394968321277685	0.935843074338664
0.0354538611639556	0.0484143235022167
0.356540351438245	0.724640352006317
0.205601976369051	0.350975425421579
0.404664387078355	0.767724441965777
0.184470878431995	0.270836937393164
0.134239529262876	0.199537099328444
0.0299628663895867	0.0389519390862526
0.16285777238186	0.253030712596063
-0.0794012788589675	0.119127696680944
-0.0514055144929479	0.0744113806416764
0.223907414172945	0.384990490780295
0.606442629837198	1.47789826513385
0.238081892684711	0.302920045634005
-0.425343118752523	0.649923047541238
0.177587655236378	0.188309034740764
-0.0415877486752331	0.0504313583001555
0.0078416754413045	0.00865945580980993
0.0205893703057714	0.0216170496282493
0.102652079755502	0.0979554017706826
0.190204176722467	0.228104602307974
-0.0997280847580404	0.105941627345575
0.234754505035339	0.265798013497746
0.0848669822147116	0.0837234953967084
0.438785461542264	0.550514610673076
0.0421170397886579	0.0401265685359567
0.123011403086856	0.150142161461524
0.379988980594844	0.583747857583679
0.246548504065413	0.322378134374901
0.11348498619467	0.119900141652708
-0.0184622966932701	0.0150089433625913
0.090537380634385	0.10711002453891
0.111352622996887	0.138941539727009
0.0700006807711107	0.0944312799800733
-0.379760297946176	0.68182817577999
0.864621990423529	2.17492789369328
-0.24969876081735	0.39291328598877
-0.476118621494481	1.00227470628951
-0.109686600901533	0.148887039376038
0.348813273920031	0.658817125342831
0.340513347891231	0.594403957093303
0.552438534249778	1.2610966945029
0.126844474226236	0.116940208630477
0.0687963570712704	0.0543405420170414
-0.835180741190792	0.611025185805936
-0.567596245225315	0.303232933230557
0.422594699313958	0.682657198888388
0.400951593798119	0.559540335613157
-0.425996268615463	0.475851283708989
-0.273408188396179	0.242889130769056
0.0173627493585095	0.0120447307573829
1.04331413040358	0.742984440447307
0.17721821973496	0.086443142545245
-0.163504762406321	0.0670840892772548
-0.260926176852685	0.13038493207664
0.703700794641854	0.339385013976215
0.838743083722512	0.35516352183281
0.521295792365143	0.102417512567682
4.01192215213287	1.38013155858976
-0.174922732166779	0.0904971307764228
0.391074482081185	0.201812694190512
0.292103682894764	0.702376637542141
-0.0750410563826654	0.136003333043591
-0.00295959164556263	0.00440672305989805
-0.0897350944772525	0.141291058973981
-0.0259284185015995	0.0399735483497343
0.0144413736852237	0.0226992238686265
0.221365883029588	0.46378869221835
-0.445844872290275	1.0938479679883
0.194932027100764	0.340360320498059
-0.183792698413303	0.321815670930649
0.0273796635885754	0.0395188559885176
-0.219593291654796	0.406366604479741
0.141129993684928	0.226577638389807
-0.312386487461407	0.581968833600321
0.0527302830805702	0.0704939682466187
-0.125773555294493	0.187082723719593
0.1572206213272	0.239753583334653
-0.194012422876506	0.301685619328561
0.526807590030628	1.49503413179895
-0.278647607941816	0.526122137793064
0.0839576617194664	0.127047893118097
-0.0109911529584809	0.0136973508546099
-0.158839377637193	0.244972767955011
0.0161735303634663	0.0221702304226688
0.0960027929311177	0.139824458804248
-0.186481191471477	0.31996700376056
-0.76864114515193	2.07299674159463
-0.167178819071328	0.278437788949765
-0.206693466166481	0.36551997536061
0.305240486311317	0.583873298674275
-0.130928319506615	0.227727690888781
0.0660368160470374	0.10332286306763
0.177775203480357	0.320902586815696
-0.00655264165775927	0.00905073247840235
-0.0305345423376608	0.040576351707179
0.0302149716475195	0.0379690006488694
0.22811397558533	0.36468327339209
0.187910848645445	0.299938947174815
0.148391000132397	0.23233398203993
-0.292861656945302	0.53095688901546
0.19954084515476	0.265738780410607
-0.05030049509512	0.0591220225773506
-0.541957434862557	0.944225083975175
0.122519370229908	0.149441589199737
-0.393336123793214	0.688645155335703
0.0419178997722955	0.0399237879949969
-0.217588876025142	0.292621313442187
0.301447630164063	0.485638292995799
-0.13496329255382	0.195542539788988
-0.174847601140415	0.240187562189974
0.434612696630086	0.804754876237437
-0.195263584081938	0.29494058128307
-0.170893766225999	0.257112873192975
0.196724988646262	0.324863149405411
0.172577764957259	0.306416444706064
-0.048610838828664	0.0686333346121987
0.602338699870363	1.69023764272535
0.187067070549909	0.298210932151966
0.313937327970805	0.635447154994909
0.125517995557208	0.191442665869834
-0.0764718782110642	0.102934145835494
0.0738152188668816	0.104681436336363
-0.116399713623811	0.172796571493545
0.409609877827235	0.905740866348403
0.225958429305931	0.248070560620994
0.126171471205582	0.100141546435555
0.260190438953376	0.277273248517578
0.634133678523947	0.85227378716512
-0.239399596048748	0.197628381066721
0.466481451193277	0.913337063874305
0.273680377960491	0.437159173575412
0.379572614240116	0.582871805420776
0.261965794256662	0.360855961294829
-0.0803210350168983	0.0851135108055829
0.658385651946415	1.03226834231653
-0.126562266983252	0.122559637960784
0.5071454977128	0.60329710577065
-0.003813422781635	0.00253681547856136
-0.297090625337837	0.196557927861202
0.835004086334398	0.704933580878922
-0.7112536363587	0.479321929742006
0.074815994997708	0.0406485610936641
-0.162905436892792	0.0668290796747145
1.87714659424117	0.677529673949604
0.0660747637315169	0.0213259005085459
-4.15350601804067	1.40382211946696
-1.05515221324687	0.476661252022728
-1.29621877488002	0.671275778988152
0.390392673463866	0.238367979607623
0.439252971386962	1.30133385710028
-0.493312281455855	1.3502835272315
0.0779915792565632	0.126283424864328
0.136454017285397	0.215536133009753
0.0419415866724611	0.0672437687715574
-0.0280610269259068	0.0409430698618547
0.505543952377788	1.37883118590547
-0.10875967749435	0.169216277870717
0.447297258034032	1.22366235274191
0.171595952258314	0.358259057508867
0.192701377541533	0.350387057293488
0.106167069927886	0.191355254804092
0.50668366454015	1.33782002185241
-0.105756491138657	0.156390350317466
0.354529214743292	0.709935046152221
-0.138077933080943	0.217207797756525
0.272802400545081	0.571733784527231
0.353735638710271	0.698817933513047
-0.127535817541188	0.204496105424081
0.119699450196234	0.179273861241038
0.0272700575699698	0.0375604302400208
-0.0870047547237652	0.117441444515624
0.262889005590869	0.446735720860113
0.120195764184204	0.180101425038246
0.120355225289888	0.202369479694541
0.266304012449396	0.507928085652972
0.125246618687429	0.190944551031284
0.274904329695179	0.49795476013029
0.291497757925612	0.577071165385204
-0.407165291090254	0.677040975839716
0.189207751786163	0.394510185602566
0.61037091930726	1.90881999817516
0.0203293388130897	0.0288019434508306
-0.356214954809141	0.938525678322747
0.12751322834987	0.250401328921406
-0.27328548490171	0.625851759731126
0.414168401617696	1.26144427339092
0.255974927839982	0.499320066925136
-0.217181130054274	0.385178565350337
-0.136990247720836	0.220420561707029
0.188479173867632	0.301007772894186
-0.309715873119196	0.478306787860513
-0.078569059296993	0.0960949347616493
-0.172843251260426	0.245031680104381
0.4678001877959	0.87241522243303
-1.17348067057735	3.04848543074636
0.952352390177267	2.30327577427383
-0.147427151801813	0.214408204682904
0.382028395223354	0.804095664904606
-0.169407024016427	0.268991332547499
0.0669380456465935	0.104820304472459
0.111648609059086	0.194293634227842
-0.0644391930629041	0.105670537576727
0.0645879744618598	0.0924892022239813
0.245884904294957	0.427217875720522
0.372711885986514	0.678626719238775
0.131339710555553	0.212955564822741
-0.117290230346639	0.17865469356482
0.122497666933878	0.16649508995915
0.39800021508021	0.692945962455487
-0.0802959735530621	0.101522841719024
0.114678521086197	0.160802870568476
0.174133611741972	0.263636914384386
0.330797791063462	0.470684495139131
-0.0581673280533335	0.0534637506983057
-0.0586838488173269	0.0539769408435471
-0.177269918628897	0.171141662317762
0.0865862793283022	0.0913367383346658
-0.062565402957737	0.0634494975261441
0.0994937894916856	0.101643200144063
-0.752979707547011	1.37423464833797
-0.0309677108669628	0.0269017360456434
-0.175928060939348	0.148087454705792
-0.0605965719106956	0.0440533305664295
-0.28269712135327	0.209491859985242
-0.95691219175777	1.13359079476422
0.0750035296892603	0.0407547439993438
0.015186770592326	0.00895658921760925
-0.0913277362898199	0.05768448404596
-0.2613845096503	0.130612400574505
-0.0261852125292617	0.00691569697452709
0.140227986291961	0.060879485737228
-1.84947656092095	1.7838300629622
-0.0914583622391733	0.0577702445498201
0.642581768187062	0.348563402962608
0.201745161578711	0.378271771911894
0.142459529903877	0.255915786642785
0.0811492778087791	0.138858263770268
-0.483527035682406	1.06844030488589
0.436904981823485	1.05067928768856
0.196464202582812	0.324310311831032
-0.0429277469000149	0.0555883816546822
0.259636419835339	0.48042849502418
0.131565507289512	0.204366260289079
-0.199110368568451	0.378835204387489
0.107466201142928	0.15502283769761
0.337743497306492	0.699684319852387
0.518552155896216	1.188423579356
-0.0584982406253701	0.0736841255763075
-0.197706877529724	0.362458383287038
-0.0621127257181022	0.0807801489603449
0.0483975222267245	0.0614027897593306
0.0694087731321066	0.0854854795362355
0.172862579814358	0.278152126942118
0.244358241962017	0.455473726276813
0.912705579754617	2.92121908234814
0.461945785205727	1.04057689938853
0.147004298675039	0.216262833369634
0.231853878270395	0.377167225481243
-0.0376154106563163	0.0471467113966633
0.119616072391762	0.187198518094583
0.172843289721157	0.261294558934752
-0.00245986357613569	0.00305736190250148
0.248771498032049	0.438836269332642
0.133329826611634	0.198087144610469
-0.0435255090008357	0.0640414499123165
0.366140208752493	0.806847359786588
-0.0324035963412187	0.0493061936978983
0.256472663676532	0.611709613431347
0.0745001958993871	0.133264983840134
0.0747452456710259	0.0977153695605162
0.410143189231814	0.896365048372461
0.686237350720543	1.68210008632377
-0.146956342831471	0.23151990421998
0.0053033581109981	0.00623939409884933
-1.25996931911263	2.8711673902445
-0.0631392170765796	0.0744090939152448
-0.417373264806123	0.576696085752614
0.174572099598084	0.231320988329319
0.0202051205493682	0.0212087019194647
0.416059246246227	0.64196430835213
0.0624697068708611	0.0657950747432365
-0.13567877021746	0.173622412334993
0.040400080417485	0.0501584885054925
-0.393483878264425	0.68922590568211
-0.21513729551909	0.405224884338788
0.0417809485993385	0.0626388301149172
-0.145340444625068	0.277468372050269
0.356486531419149	0.715256443991452
-0.0656781251375131	0.0933179919645483
-0.067509763654243	0.0907300903361618
0.102838590848883	0.152711591125639
-0.484023424288665	0.790195354497814
0.36260374380886	0.603889654357972
-0.168264811668577	0.216665796583723
-0.235877797486102	0.338420185395805
0.137108609993253	0.216737214380475
0.310921307816214	0.529135198925458
0.173083144915745	0.261746795421575
-0.00597006549665939	0.005752229027539
0.142621644666319	0.150739739221954
0.324694850510268	0.450219341397799
0.456992939109495	0.724329336984211
0.0244384977464969	0.0224348031760412
0.183656694463884	0.176024799502905
-0.317980041105287	0.356831777797207
0.211307059686223	0.182354957070016
-0.204571502241243	0.196879744655713
0.0998272959797648	0.102017394267926
-0.318002682066456	0.463477530777503
0.375392255567855	0.428999353427714
-0.542937334685743	0.529040009313564
0.176573421988101	0.129204949233631
0.0426867261822551	0.0267486068078784
-0.677995668572048	0.648071511301432
0.620681078714974	0.549508025782484
-0.584172985643584	0.403217008200698
0.139226935203626	0.0604631939599452
0.704413078516073	0.339624868067215
4.38727044051786	1.77624299221757
0.487928480025754	0.167211262283877
0.703742121524306	0.339416482449918
1.88923129819883	1.13019150324819
-0.583985838780477	0.403094109370815
0.741134278438358	0.536608554030403
-0.0091404212364813	0.00421852445455512
0.256695822774073	0.533959259063106
-0.201898704692964	0.331649624754162
0.0836508216504633	0.11737607484616
-0.390002477228301	0.737667879964328
0.198202830146553	0.366492478416281
-0.262262455141019	0.448787272523961
0.153077290935387	0.229564021681316
0.0696816141954337	0.104542048180459
-0.0315716331226046	0.0382291235731896
0.108320567863232	0.175920123189541
-0.598339361452398	1.52034102141413
-0.2659765886448	0.521024179677324
-0.834303180337089	1.91604909387383
0.31916774112212	0.579227976737092
0.132769902134231	0.197096955361521
-0.559059884139552	1.13799980276497
0.102360423661049	0.168141698993356
-0.0497938348703354	0.0666670076034675
0.402070613823415	0.725890771960771
0.348391980618602	0.649155296477827
-0.160886372373758	0.220646635271161
-0.0282861882933266	0.0353879158194764
0.0902708369132621	0.129122473447685
0.377082709512018	0.720098315436359
-0.214092823471175	0.352876293348548
0.29845520335255	0.60875885849912
0.190366324872115	0.246853294589657
-0.0573363504514112	0.0768189801586954
-0.0536348448940012	0.0652567026572712
-0.265074476453734	0.418330576757542
-0.40534109981133	0.826170786189106
-0.158709026044121	0.251303145793013
0.217637216078585	0.449773323311238
0.244086634571511	0.554753979541846
0.217173490442095	0.410329549690004
0.108152949053456	0.148636301800093
0.00689104787156689	0.00897573130012927
-0.401287803906367	0.798950516214897
-0.0668625166476937	0.089798080999619
-0.0764653359102441	0.0902750815125582
0.15703388340252	0.197779471960524
-0.387289928690038	0.534085199517651
-0.249914726438071	0.327133120923303
-0.077977864842531	0.0890853284236285
-0.658650862112983	1.0934133837982
-0.52458552384716	0.702096362756159
-0.198106003494458	0.201711227517593
0.221398994773609	0.316527579212254
0.0311861195366716	0.0363395689209032
-0.169240953946951	0.218222038246098
0.114683808629476	0.16881075368851
-0.296341560444245	0.598764058017398
0.182736499805785	0.335196076574144
-0.0714099566803427	0.098941709104499
-0.111133920577222	0.155439723457888
-0.460489055377136	0.969954027490566
-0.213031996052003	0.313662898385667
0.408404500643145	0.880143840566739
0.128764646084197	0.16861267784966
-0.424992002001472	0.649130260261102
0.0329944558670017	0.0325268406413482
0.138665886603509	0.209764484019946
-0.125732838130148	0.150190079507324
0.259609232992214	0.480375638796318
-0.0498446121491464	0.0585601472391105
-0.0316009047079317	0.034488759644963
0.0570690250927145	0.0562702577740743
0.328402991988484	0.532087549651905
0.375392255567855	0.428999353427714
0.695412492124423	1.19946612554618
-0.36192412238147	0.425360585692679
-0.230170772277923	0.257904457104088
0.199097927754758	0.22498198915645
-1.01009861220294	1.44550682107369
-1.14587306311181	2.23179781574871
-0.358076012722934	0.359457256560785
0.0192462930563147	0.0163886173077335
0.726083627218314	1.14066070751492
-0.239170818926797	0.197410984795249
0.246688769787252	0.322566799277207
0.304825308286169	0.442862647834015
0.339562101395111	0.423339688555633
0.0687105067048393	0.0542673676727469
0.188340310465378	0.206220165193904
0.327813611324211	0.38507245323274
0.0517849867913802	0.0392100368987007
1.1950624658292	1.43052967979637
-0.149087303386358	0.103879681972524
-0.687563984326767	0.563183632864723
-0.711199146926735	0.47926498914494
0.0840890989157725	0.0585442787020863
0.0387549333940165	0.0194462610249275
0.390304884471453	0.238280062944925
0.521376974174262	0.102442056871029
-0.956435424300866	0.538721924183479
4.01189048449851	1.37952290061321
0.17782321715105	0.0867561978946156
0.391740692550461	0.221449503155518
-0.545271188775658	0.237756772586269
0.424687894616273	0.170773229110893
0.741865400057522	0.536996688991448
0.393207159532114	0.180474575147277
0.856410818391968	0.537442113153075
-0.0865746875663643	0.127165731363779
0.213282812240101	0.375566112781962
0.082949983352499	0.116254384875287
-0.281508917187946	0.445564299517828
0.386167123202881	0.836664135180308
-0.136819420751537	0.209615160045907
-0.0968505568425034	0.146263702886294
0.236091508813166	0.42624370325509
0.213335904374526	0.349684497415381
0.262955995270905	0.52821356528671
0.195490880779372	0.341600247729231
0.0146789276743877	0.0195096939621638
0.310334716762513	0.527858038840819
-0.194941190314308	0.294277423746167
0.0930344757353743	0.139488107165374
0.051325206105554	0.0707842082771558
0.377191043966664	0.730516831966737
-0.0427768802620907	0.0519460997990354
0.748232902526179	2.07736409127577
0.436000142261321	0.847902796221009
-0.202711457904975	0.28912440583911
-0.0522953968224939	0.0634990378386632
-0.163432036872259	0.217171429984496
0.342058837098361	0.511174927868701
0.0132954201551917	0.0165597313514171
0.0748814167715623	0.0979179113114355
0.725175753613738	1.61231402274718
0.426768910868972	0.718935617840148
-0.0796053397163801	0.100543792874998
0.129116690234371	0.169141535780695
0.159867473106917	0.259422635631716
0.250052715733628	0.441883865189522
0.409841126879119	0.906756616819503
-0.175777637675055	0.300366802353611
0.158851727973207	0.291244025824858
-0.752224202231679	2.13828712968201
0.24188516251322	0.499734640256075
0.784164472545736	2.06289142375726
0.524262666073273	1.15596022621999
0.174702347018148	0.231484689319333
-0.10875454483206	0.129475462113737
0.0855287944470746	0.0844627359415678
0.0395986638588695	0.0415911291285186
-0.510761264693795	0.983607615778693
0.00328218437363036	0.0037032903684282
0.361279524578945	0.50282971358626
0.101538192974199	0.123442250700799
0.0888196523160148	0.120907231513535
0.614725014347255	1.23760666663079
-0.199473997484796	0.293267975128438
-0.13646110986553	0.203576053045658
0.348817345823228	0.850444704187638
0.0764993775999125	0.135219386082665
0.04100613918512	0.0509423588307097
0.408013847369405	0.856551887810179
0.00504286978047398	0.00635668875895551
-0.459964377778948	0.814130683215066
0.281363597089565	0.416378182792164
0.225467191592884	0.301300586802968
0.54583860050474	0.850854331459903
-0.480229663770676	0.590224744771896
0.173014558806009	0.26161252945726
-0.650928808750542	1.46921656657387
-0.121791630453065	0.170691626565886
-0.448400275076624	0.876648512600657
0.348686179215876	0.658717453198532
0.355388709912001	0.568060702170097
-0.23705726190056	0.340578489596696
0.0405957270013779	0.0426931473797045
0.156832260938138	0.197504218959065
0.135504702391477	0.161359111615855
0.437976981508368	0.533699960022896
-0.287062138749459	0.322270324365465
-0.318310779275012	0.357298383365128
-0.38237254504955	0.508359406368126
0.0373952742707155	0.0331045322945803
0.914064152147355	1.28166520365422
0.500391003044169	0.630511807321547
-0.448914018500056	0.599471348853274
0.194085215536561	0.192586205648496
0.375647171428237	0.429416680768828
-0.0109892016427269	0.00956422398846908
-0.93708788138141	1.8732915831337
0.283827596080923	0.332558976886651
0.781772479331533	1.11647791928214
0.78026186106893	0.974768547300126
0.176678474208643	0.129313316642965
-0.956036977794248	1.13218602259292
0.566011334904831	0.560696657333295
0.104181100111915	0.0608364523598055
0.38247806350239	0.308858075762252
-0.483754799922236	0.341065023865706
2.53112071474629	1.30867663331144
0.424091331821268	0.170527641123132
1.36285948362764	0.382826331053253
-0.163188467956555	0.0669296624307987
-0.956229961710587	0.538306243513271
-0.54601798832952	0.23818571735175
0.642791272319232	0.34872531996822
0.176666296321849	0.288788900447172
0.0897723426949566	0.128332699052549
-0.0529048718515004	0.0687087668909858
0.638591898316611	1.58955783508731
0.0163822130371645	0.0224618199693323
-0.0368623618817049	0.0461555219546613
0.460550329610169	1.0769892565662
0.23333010957596	0.415196735740493
-0.00204373901649388	0.00246244736520481
0.1956696343278	0.341971088233985
0.0788932717968735	0.0995445314107007
-0.000662523951240007	0.000850068495761385
0.310307185879863	0.611145997730606
-0.0779619075922325	0.0952891722093974
-0.314644247519799	0.52979551607845
0.597608619820427	1.32239361754712
0.0637375377949556	0.0843445929293894
-0.00446311550976249	0.00519379628940935
0.0402517157188343	0.0499653108501235
-0.0121529274488206	0.0146554026954895
-0.236821144577474	0.340187977546201
0.227849728974034	0.333045114404511
0.10028896279495	0.109263485926573
-0.180250531911365	0.2012940233602
-0.173051190046362	0.245418318746704
0.195551031821114	0.298567608580257
0.864889150399176	2.17669028964801
0.332241457972776	0.549092359724284
0.619340383106097	1.45687299725856
0.421599774521338	0.680512996923753
0.137881877219761	0.208357833058469
-0.429548058307546	0.696810304295465
0.664667476632524	1.70606010239775
-0.133910441293182	0.229121303300168
0.322187995924522	0.837721943398976
-0.0215941140307224	0.0319655613080532
-0.0864948605824888	0.146241620611364
0.29902145194604	0.554146492439972
0.373450696384306	0.690368103651449
0.466815287459043	0.929191657934369
-0.329622918131268	0.587131094459181
-0.236129370615044	0.338915692764085
0.0572176931884019	0.0564273201578796
-0.429391705081122	0.696406220967384
-0.362515069384384	0.515254151358115
-0.58219329934275	1.21671668000296
-0.0258675827519313	0.0302313971290858
0.177270354187671	0.290051674988993
0.158980997626005	0.214446061549448
0.498678733140685	1.01575657052832
0.242334193703473	0.500932249849946
-0.373024935602488	1.04263533096927
-0.273241273306803	0.625734092632465
0.363928781323981	0.791086330879346
0.249768170656972	0.441240931187624
-0.137370209025987	0.205150559881635
-0.0252940571391075	0.0326077451271193
0.529900515363549	1.12112613445107
0.0399100823088163	0.0419423450194035
-0.0797459691519377	0.0732215552126657
-0.642939363506832	1.13167069211548
-0.249200714568152	0.391927698209205
0.191233595493634	0.286750250929858
-0.229479395177826	0.369341064006341
-0.305622441307237	0.527551415412409
-0.217581130148321	0.273723108432599
-0.0969207942367306	0.107104903389749
0.395855900456507	0.676351648207501
-0.24019924812819	0.366621452660086
0.46708835545267	0.855374307561859
0.548179242140968	0.813487476438053
-0.0798084275878424	0.0845154434392342
0.548174463225671	0.813280880222667
-1.10347880773296	2.56984615436231
0.54366573912342	0.887803949490127
-0.737236192593548	0.84464306338164
0.695138586468598	1.46398380695879
0.459041025526622	0.450860201608541
0.251709055916101	0.25936209265044
0.114099908404372	0.0868751819466012
0.116097981117277	0.114677767438495
-0.445851047744287	0.572191994955878
0.00861230483590058	0.00951695442925196
-0.350671737200261	0.392857819518503
-0.125453349699985	0.114512834224202
-1.31497891332992	1.50644360858895
0.376925321568116	0.330316973836595
-0.980785095093699	1.46479990052723
-0.276651766806406	0.22581927903611
0.262864863131751	0.18310880162369
0.577215242385876	0.371176310267041
-0.880434251958766	0.241640521554225
0.204454593339974	0.108804683257295
0.520746875925541	0.102302512051832
0.177371271415461	0.0865299357218919
0.388464370363269	0.25342010547671
-0.545271188775658	0.237756772586269
0.513858555507521	0.140220414429152
0.70155237208708	0.537296954962001
0.15611930637654	0.311395055787001
0.205771989946846	0.391686933820275
-0.0546875363229287	0.0843451828215512
-0.0544458439806726	0.0839397553704428
0.208609249248373	0.418386091864747
-0.07971077532982	0.129592569240304
0.269212691038511	0.556214937405165
-0.418210228508249	1.03332967597148
-0.0373728170990971	0.0559156088072781
0.273989988134965	0.610482606020839
-0.438073159988288	0.997682122578407
0.224308075026275	0.454110751493342
0.484584078725505	1.27080046880587
-0.319165849514369	0.609761511431974
0.609659448818195	1.90513264679945
-0.0145104976012295	0.0191819409318475
0.130894681366137	0.203092215202987
0.459761051099954	1.087632198813
-0.219830802208101	0.381176452822291
0.0570122617742185	0.082508760849696
-0.0880427200341755	0.135412819145376
0.199003118105949	0.352879946046003
0.328263916059512	0.531756583687835
-0.536251183038708	1.03675912672358
-0.0581547345049523	0.0780036507851589
0.01982852561328	0.029315901974978
0.140962826357649	0.203334746216522
-0.0486931742200694	0.0687558264170824
-0.0861232857476326	0.126418313423306
-0.0957459292882155	0.141063141956013
-0.413796934118298	0.882747424020693
0.16747702006683	0.292553420422217
0.678949059611606	2.20355174002254
-0.172427095565047	0.334832629493244
-0.0442416016101753	0.0663872739644046
0.50672048965585	1.32251474057583
0.162662418322284	0.279608406610057
0.317347142330157	0.711822003903651
0.510610226531443	1.24251732157231
0.383960099074188	0.820068942319664
0.402773770233066	0.739740861636804
-0.649032723017378	1.49879694175037
0.25426786981052	0.374239467586055
-0.0647785668633455	0.0789301078246712
0.0338679802892936	0.036645899140518
-0.317882139405022	0.46312078466826
-0.0633345835001563	0.0824778823323978
0.56145264093367	1.23252223829405
0.209191144238043	0.31009550853561
0.343176772863553	0.609642593881231
0.013137348972158	0.0169013690918986
0.385543006096539	0.824536395663868
-0.289265404947024	0.59426875472574
-0.47193069674224	1.10470192193364
-0.215599188757096	0.406330544473965
-0.379165670335812	0.733796849770426
0.352900375085342	0.687704922454784
-0.116572075396311	0.177423747309594
0.247127367816401	0.390905487097002
-0.887609370078737	2.00062200605573
-0.0368954698703775	0.0431994789937272
-0.213915464471639	0.315274386224652
0.0503151698635894	0.0615513719990647
0.334979867350419	0.683649578686503
-0.632113474551584	1.36171613301179
-0.217491687462558	0.292492491400794
0.823634793335088	1.84806964874834
-0.395051359232554	0.582897171901825
0.496437033381945	0.73431636527427
0.179162973449969	0.208501748233816
-0.0808427527040578	0.0820520827246965
-0.141280456486311	0.150614980678434
-0.265495590752313	0.253330340007109
-0.466302448147986	0.518935682322213
-0.0303700505429871	0.0263725028221818
-0.781650154155464	1.34631176274135
0.267548325550568	0.294332622330715
0.0685642780252591	0.0541372054752058
0.312262929024713	0.410693547999144
0.438998543356193	0.535268485880779
0.0310957408939677	0.0305750845059337
0.146582049428987	0.179596805651436
0.0848577470287047	0.083742655325248
1.25228214594378	2.19906701687978
-0.517567940779712	0.436135222509562
1.10531120711372	1.23693954166595
0.280397040259235	0.225307164238898
-0.7112536363587	0.479321929742006
0.600027194642159	0.552988362249167
0.513911876619576	0.140280037852496
1.03500865207565	0.369299032839646
1.2078823677579	0.955751187847579
0.245923662194763	0.540492700483831
0.047304981482291	0.0721212683283225
-0.0976293921901149	0.154152178109552
-0.186181337987213	0.319332775235363
0.19731034092965	0.379406189607127
0.168847922869585	0.283085319633832
0.243330910822988	0.378090318811159
-0.337759865873789	0.744597179651606
0.266568390022182	0.577467436139441
-0.0621485466145485	0.0943770465058381
0.142664098830202	0.239411807411441
-0.0433143157017756	0.0624581517097887
0.268908472230706	0.520104109082952
-0.0195208603816088	0.0265352273285717
0.341032366418516	0.595608894376916
-0.203598545386824	0.33515115112449
0.249685237461364	0.441055513141697
0.247178321122586	0.430101710570037
-0.114216880997976	0.16479364598673
0.354529214743292	0.709935046152221
0.612418237030739	1.64623796431066
-0.291614346113359	0.502462456557958
-0.0376364300102885	0.044102682555711
0.51147001223223	1.24574877213893
-0.137019323953263	0.215232999884244
-0.103512072489516	0.148856555583455
0.168346593551947	0.249968564795165
0.513779723941497	1.22161681650768
-0.158401297889252	0.237394814653768
0.511647748331352	1.24634163630183
0.259677516746109	0.480541280753147
0.214818350879639	0.324895625468971
-0.0194683110257837	0.0264671490189216
-0.0803670572430108	0.133140562245196
0.0945228042434964	0.152202396919527
-0.279386030749323	0.528016731742227
0.0167606086931871	0.0229903953132958
-0.0878931734517413	0.118777032632071
-0.0337851620499935	0.0436396043901455
-0.139847474456044	0.173420930023707
0.21357082640144	0.322642847291113
0.0867723749379364	0.0915441904623357
0.207392619871226	0.282965528044987
0.275706301904923	0.398816555566322
0.00887926869158101	0.00981334028512807
0.253892451624545	0.373600006079768
0.113281587768914	0.134610274338416
0.374286620005844	0.692702366256196
0.25989935386666	0.390902360840381
0.638819603401196	1.4025648950104
0.435492511976242	0.910269670559041
-0.0398861342802065	0.0532010632185059
-0.231400173368065	0.430394588169686
0.0784439020873183	0.116686528409546
0.154235056703389	0.245892460565303
0.433288982393783	0.839300654636947
-0.235595962787148	0.429600261691678
0.338146491196007	0.58009838345865
0.142566531360241	0.183355850745096
0.132994248245984	0.166669552703715
-0.254471905863307	0.31015611929431
-0.0221420822001782	0.0308270413461114
-0.214412720704924	0.316151283145793
0.498285684134944	1.03095579510886
-0.0732330270324122	0.0955597664449443
-0.0204982779832526	0.0231036216700818
-0.0924318232195253	0.113433420591475
0.0999255531897059	0.108812549688184
-0.0921238839221644	0.109227007157917
0.0763322200728794	0.08299793160672
0.552132057894358	0.778109635862425
0.886334951979842	1.27337064030398
-0.150900773906843	0.145928406452143
0.187700250173251	0.143798355918871
-0.175533117590467	0.147726323168862
-0.752252854194399	0.762159939936596
0.183587898762493	0.175938727371104
-0.0517895541393975	0.0448736817608548
0.724888785190059	0.697486071071294
0.113279724632982	0.119638877744165
0.13053327420559	0.133581196094597
0.500541168606354	0.630533309736141
0.440713288644925	0.491388221784878
-0.135349650568156	0.105616001713572
0.466945617056025	0.443303078129077
-0.803816327842322	0.647474063414519
0.387328154608811	0.268588074144954
-0.867747310406126	0.809959255724075
0.955723110980965	0.723248927097289
2.64561032217101	0.589361907449672
0.2043741243347	0.108740034595688
0.52082841543711	0.102327123521973
0.0797873262905559	0.136293944749346
-0.00370026786243306	0.00499219051658311
0.305217622652769	0.583876664192403
0.0640240030123391	0.0944271194511452
-0.406630498277582	0.902228689568208
0.310239247891032	0.611130247984139
0.408096886120352	0.879137632597982
0.103081006818656	0.16466377251589
0.0579703653559513	0.0864595047123213
-0.315543893423612	0.736914919241593
0.137277866995244	0.242676491348451
0.138474019705609	0.238208033457793
0.437911036800477	1.06627687949222
0.0432365340524023	0.0583992071248739
-0.43118661464736	0.842286399993918
0.274726608744539	0.497550590960559
0.411911553208487	0.946694210151085
-1.14175606016939	3.76109820578648
0.691766918054514	1.67464745032064
-0.0120047654504161	0.0144744122378018
-0.643966054765771	1.29278075131207
0.0698138572803004	0.0822524050968834
0.0584369545088964	0.0730957291352103
-0.298243228202688	0.473207390198888
-0.264341287280057	0.416721199012102
0.0385596762416474	0.0495212224870037
0.393677191176461	0.659613778700262
-0.224378277441345	0.341305000227396
0.433739931677441	0.80226263430797
-0.0773387704454083	0.091404943950553
0.461334461642408	1.02539420957818
-0.184783856841846	0.270702120546168
-0.208691323156031	0.360721147104581
0.0202280502458676	0.0311440039624991
-0.241815827493066	0.602836611527335
0.174050638105231	0.376239553534652
0.0334243612266722	0.0533102615394833
0.378015933825474	0.742567153671381
0.0525200322174016	0.0701741461047546
0.520963321739277	1.17938445965812
0.100672176403091	0.122284602811796
0.114847952258256	0.152697143824108
-0.144210403240398	0.172893057801718
0.196696179284091	0.279387619769196
0.168551649023912	0.250363947971898
0.2293795168013	0.283781493701257
-0.200260578312312	0.337332111795273
-0.453207521438229	1.01692883474959
-0.426854282975448	0.81266192404331
0.115529577830587	0.178006715611162
-0.0709427803050018	0.12464688189718
-0.219339070335071	0.493719616696825
0.199028441779644	0.441602709427068
-0.117035036802356	0.186640392564955
0.0790610596204799	0.0997831601329513
-0.402910607084606	0.744644026640643
0.087301085618018	0.112711009686219
-0.0692585047963898	0.101109654503672
-0.12199577835092	0.150596647278615
-0.0233513504911522	0.0225401733936653
0.126879155248919	0.138474077674179
-0.306832555493666	0.557950842127609
-0.263570231180017	0.391841223357705
-0.224339990909786	0.380667742114668
-0.123571095098336	0.210108404691608
0.0867515752610074	0.111946580761884
0.142314631750858	0.182976750313011
0.702135808100792	1.8178009771577
0.346673773237585	0.635744820792869
0.0483295981970903	0.061312895816481
0.189164805962406	0.226682425899151
0.438433470988061	0.534385272063042
-0.414130593007541	0.551678775659875
-0.171841061514264	0.175118796243472
0.161521707920515	0.193033975893785
0.166277292916603	0.21492832512382
-0.102154823663229	0.0936111467887096
-0.233790717048879	0.224126292564307
0.551592445516637	0.56439249638251
0.314853678157047	0.478430290305307
0.286432711861726	0.249031462570956
0.571989010795385	0.724436187563552
-0.763151406460493	0.721335952522802
-0.0179972243848116	0.0133990804322294
0.13825801661704	0.114174084047913
0.0989123229200447	0.0845762846771012
0.25203819995633	0.165774327552601
0.669462840419941	0.540574751624012
-0.110478518155796	0.0591811870045271
-0.268492932427342	0.0995864501214177
0.607603345700343	1.93736792984728
-0.334888502222052	0.873072459850864
0.149924124154905	0.284461322349902
-0.154219063017794	0.281731466730858
-0.0183170268100779	0.0260395500163678
0.0741271313718774	0.124576555250453
0.136153285957675	0.214952332076461
0.321403599671607	0.731654546846461
-0.18849398145152	0.356537852293505
0.342603822263773	0.805393351447089
-0.053655209630266	0.081081516222609
0.177942429008515	0.334141901829399
-0.0476715520773046	0.0672208223347703
0.863501719522052	2.77038128035928
0.0110870142259159	0.0153733846842661
0.164189820166225	0.294483125536432
-0.134808863727684	0.226174084849702
0.551316091557246	1.25686676357488
-0.0301904798382653	0.0449975505400019
-0.107401482178661	0.174151345142199
0.283304168327226	0.476880860244522
0.0795228172636799	0.114789501250513
0.281351284864392	0.466358813966666
-0.111929137928467	0.156751655246672
-0.298097665036658	0.578691290111764
-0.122396344664815	0.171695137377907
0.230745353197959	0.374806073358499
0.187919395325897	0.299851401037265
-0.0285144385367957	0.0356830744417634
-0.0594490035015261	0.0749290441337177
0.0846425262474948	0.12816761779745
0.00054530910048997	0.000721262408986555
0.143403415027286	0.240853561787354
-0.0356164118778127	0.0581241383734076
0.149842324572551	0.315412218186501
0.342977423503689	0.806549900829034
-0.25880937296173	0.534390369454833
0.329725135465107	0.725545806827569
0.0563590906486886	0.0814889154327559
0.247486921353338	0.430728208127773
-0.00358639078430507	0.00431703838920776
-0.290385801748711	0.446931010411633
-0.171257864117619	0.257755212010145
0.332364422151268	0.660616602438848
0.132644333554935	0.196916743449725
0.599920869833043	1.30778410088484
0.313250874884347	0.54211554236868
0.36669144114205	0.808495669748176
-0.0565453647324023	0.0800410780537371
0.0361351716566716	0.0493911032039845
0.408672887873561	1.07869880689161
-0.22541515043182	0.487991702464782
-0.0237365097985723	0.0358710905855096
-0.0975578206815479	0.157242995033685
0.0261956104569156	0.0377638375402841
0.0771875450726793	0.118102994185612
-0.0252354816513898	0.0325314808436259
0.0859778563447177	0.126436951287232
-0.00297304725648463	0.00322091633555926
0.253562232673551	0.372972471091971
-0.135406644963542	0.150378059766888
-0.23890053431465	0.425814189988937
-0.241016898948585	0.400276942288986
-0.0110820351510747	0.0138124251206511
-0.262147203444719	0.44850193243485
0.123011403086856	0.150142161461524
-0.0954670395999367	0.125166176059852
-0.597552165096074	1.10622945062754
-0.516879149535803	0.822839422173915
-0.0287587685532162	0.0302143020128294
-0.236780853739493	0.319426637514304
-0.147055043965087	0.149815995191198
0.58405187409815	1.04338278442983
-0.204118591229494	0.196382215997164
0.0989123229200447	0.0845762846771012
-0.0792947535614741	0.0727799273686231
0.458655891608058	0.450353294864798
0.227867509876788	0.21168450130768
0.947732597454943	1.435152527287
0.369477472778945	0.384205664420828
0.566328361298679	0.561160150613735
-0.336674349278309	0.24565860072505
0.379442475420934	0.31951029415299
-0.111119159972051	0.0595301841802975
-0.57530692674156	0.352999588018143
1.39783579367302	0.613308972209476
0.13996407475948	0.0607876032520393
0.521295792365143	0.102417512567682
1.35720822521365	1.35056760127508
0.791543613525204	0.536607731943541
-0.43365941847557	0.140408025138428
0.856481014118142	0.53744385794845
0.223849122243815	0.12905511245889
0.180574466093251	0.365999049997897
0.127010466931766	0.243496502206537
0.428820211179699	1.3143269966381
0.506999135944698	1.56781022376201
0.23338610407607	0.50972016824745
0.104545685276525	0.187771735489503
0.137744203406931	0.265907478938176
-0.382842459988426	0.963635156897929
-0.0220383954453119	0.0355646216547692
0.25291101872594	0.570729808284476
0.0821467838340686	0.144162731723427
0.146217221717979	0.303948669397467
-0.0798780273431582	0.124958183551625
0.0611512448748681	0.0967281473182849
0.0922850213722423	0.138231631350135
-0.0264940696965588	0.0385364922227056
0.192766898078846	0.36500393376584
-0.23047132138635	0.428135908368436
0.215021967407941	0.422198194805787
0.1484096070111	0.253398797193916
-0.315156495061668	0.690362161743834
-0.186056419564417	0.33883079933736
0.363169062355342	0.952216461274405
-0.0894025678567883	0.146363151176875
-0.0651250434978471	0.108733816431257
-0.152915680498212	0.264113261643778
-0.178513097495796	0.298662074396028
0.329500087819182	0.724881214975964
0.367996368541925	0.914938952595759
0.114643176030516	0.176438056369871
0.361493401938734	0.945916251422233
0.0635098095248588	0.0936051823336952
0.378693629671408	0.912621752294709
0.195857234580674	0.40474774443406
-0.197915385791846	0.362937931621323
0.331882136858778	0.659159661207527
-0.126689576793773	0.193512041655812
0.446229943941708	1.20748397151466
-0.105295033419785	0.195611401164998
-0.392517474533528	0.975582393874296
0.0989725251393934	0.151066773599627
0.194136135478252	0.353493002429124
-0.0989284142450056	0.156475071200685
0.0498975614389521	0.0729359385028752
-0.317425104515853	0.707237367384115
-0.0226263303758467	0.0299993681280021
0.00611057811202217	0.00770850233220981
-0.266071524565811	0.521282237082592
0.119853139973645	0.207136621790568
0.278048282318589	0.511602850858193
-0.430489863731259	0.92228808277064
0.235408466869257	0.389442888506826
0.125299545925569	0.191058850560455
0.381872829662858	0.933136706268667
0.128920084493548	0.235798361689306
0.00759904663756005	0.0106726226639321
0.397988165256203	0.966623375080803
-0.0280943196930587	0.0383495595167059
0.102263535172156	0.163162386688868
0.120633907430946	0.172419603325031
0.622913809090535	1.44614615900333
-0.170022592835929	0.262920253086006
0.406713498766743	0.807508095618854
0.173060086900544	0.261682933105
0.0942278381615736	0.124252312995929
0.150573275086488	0.210643517381489
-0.183651608812627	0.268609803905161
0.321736236637956	0.500883265971362
0.439540610594663	0.551723899300816
0.235846426432752	0.227033109816481
-0.257178193668675	0.288324728828341
0.0201163824783434	0.0171306445412145
0.017591829283313	0.0122037797554936
-0.275890377272067	0.225055106735781
0.0566001053546728	0.0482920323007097
0.687146700786634	0.828758668760968
0.0387672548432018	0.031781306434724
-0.147384579252629	0.125026430036159
0.278156262683447	0.364888790801566
0.497678997641172	0.736600024448306
-0.397731969490739	0.396865493495099
-0.483892219292596	0.34122602435224
-2.02898261757073	2.17408614143832
0.577023270567206	0.371013977265527
-0.183229786415588	0.111038589177264
0.856425661095233	0.537437256588426
-0.766839037969178	0.383112154683761
-2.91649668095713	0.624445621228737
1.15978523590262	0.75567331022421
-0.380189780425553	0.179489810730454
0.513390001278613	0.140041359785991
0.704118678050521	0.33961834067412
0.0648467986476733	0.0209261864989387
0.391848614394608	0.221513471740558
0.949683159256476	0.537804913109894
0.452981136615012	1.32170552623688
0.0334696499171252	0.0580448404323981
0.321013326222833	0.833185601696463
-0.466221509034406	1.39225657955797
-0.365758104343282	0.886499827043869
0.291626946323773	0.662508138355503
0.668291903726358	2.50968408278778
-0.221102122666789	0.425443141421967
0.376463448434681	0.88622154056463
0.543171908616373	1.76560640018492
0.0262549139637463	0.0395093614480583
0.129944282286177	0.237916071760852
-0.435301440289633	1.13356026082255
-0.0257242898514019	0.0396478854101683
0.387510679614237	0.982187803924682
0.178597200394925	0.309481506410192
-0.239903605795969	0.428367049564208
0.021193226813201	0.0269570176772851
0.459638713942654	1.11382275809507
-0.106951239869623	0.162189484658
0.122670077247919	0.200857188946078
-0.00877250278233183	0.0112576108252802
0.143818375704769	0.251485925672653
0.109451265748177	0.16560355934996
0.158615539601543	0.27978319608155
-0.629653954946153	1.72658727088534
0.152186773988402	0.227979992210268
0.152937263760498	0.25443829996914
-0.21311332512486	0.385551059785242
0.204815898952212	0.36962596511989
0.130907076897825	0.227355739984175
-0.00784748999231466	0.0108511229466119
0.13413829982878	0.242684499448666
0.0198644612059315	0.0293699150398635
0.150026089472121	0.284687748635282
0.0138611396303772	0.0178496385684974
-0.0529225460798591	0.0783498495204054
0.191585835660297	0.362257997902921
0.150382911671077	0.323720289572315
-0.53773544166025	1.53668551608373
0.505447665510929	1.37906887909894
0.204645412615683	0.36928481681133
-0.0891093554464517	0.140180790845695
0.232606390749403	0.413542277823952
0.143508406164501	0.220853714577831
0.0972222936395821	0.141767795320461
-0.0940623032755599	0.134968437981997
0.0631705694731607	0.0902553909391042
0.385388861176827	0.964773233839157
-0.212037238359328	0.358496333402616
0.1357621066257	0.192187742300566
0.114918552070439	0.161179993849958
0.0661009248169916	0.0844722363347123
0.225319878986792	0.415948075583284
-0.030705097607518	0.0457793616059714
-0.54292669960248	1.38994901022323
0.383025068592446	0.807321367175696
0.172317848271887	0.277113181179868
-0.154441285005686	0.261438491766682
-0.374742702068714	0.65499683075884
0.203826927018001	0.296074403947662
-0.0874048570718347	0.128512614614158
0.145474812093622	0.213524389965726
0.040523370248571	0.0483739375373948
-0.230514948017287	0.258347153525484
0.133103449648708	0.166804317828017
-0.484759084020239	0.792341230312417
-0.280482932311788	0.342636714592457
0.552811784292227	0.77951320414378
1.06136066825493	2.27750117046175
-0.286892912071411	0.32202182383142
0.78134256414917	1.11554113580458
-0.853231402078541	1.07506292777163
-0.300053214774501	0.284816068038742
-0.67515931643014	0.734755552773537
0.0656771640110297	0.0434864173040207
0.164028972113769	0.114372815291137
0.19626559798387	0.156692084603865
0.239664168393309	0.147985574689372
0.452341808056581	0.4591057956403
0.237570345430259	0.30204390475154
0.183981455460265	0.176396228337887
-0.239924626679608	0.214804751556847
-0.0618442948936099	0.0449929616366544
0.262628457672196	0.182918682583394
0.270842599790614	0.198711323906837
-0.687389190256141	0.562958897930901
-0.0602771186105542	0.0332033893253653
0.956849951573227	0.883766555683175
-0.32394331353029	0.186477669538337
0.0945196386074229	0.0357274387189035
-0.433940492185269	0.140472218685469
-0.0257532591169303	0.00680255942923094
2.64562077150263	0.589402910377343
0.178049046161388	0.0868467216309598
-0.162597669857347	0.0666884594719241
0.521295792365143	0.102417512567682
0.42640127346871	0.171470163376738
0.268432310135193	0.779519666517885
-0.216340980074903	0.558387313080706
-0.11836286910391	0.252159884025641
-0.134128651162796	0.279989331163818
0.0978787277599852	0.200893845878718
0.0784261111045118	0.156823689585502
0.428034455376978	1.31073061756906
-0.0785626848387794	0.136710791977573
0.320609119821822	0.781253439298959
-0.206367944552814	0.454404737310604
0.0269556484201776	0.0495816544492815
0.38196107729276	1.11547855024003
-0.31634814478621	0.826984823939565
0.0120814716272044	0.01751406525605
0.213157117560937	0.46619195007323
0.0265016327437248	0.0398894151147297
0.234075389521668	0.469871319026956
-0.104463532310262	0.154162473956256
0.33809593202025	0.83914941668942
0.0230941643307447	0.0365268590101428
0.127091064717543	0.243684435226751
0.150478259163918	0.267948602792892
0.485022693057924	1.32943897439464
-0.237460269147453	0.451524504468078
-0.04512751242204	0.0620266105790159
0.314412036109092	0.636763709445815
0.0973763643237784	0.142062830000417
0.88509052431073	3.21008090034711
-0.0977507863450418	0.147718964265737
0.119624138051129	0.206674827789366
-0.0799416712592052	0.127566190807481
0.360560775527206	0.853894485276713
0.345799208733508	0.756020420063352
-0.072010446937911	0.114410384610663
-0.16257259494833	0.281995434085582
0.0490739771025322	0.0695772445346977
-0.336440774497518	0.689276607475993
0.404915023420226	1.03294845421478
0.113396816496121	0.218177786910301
-0.0644183489185352	0.105644823269464
0.240775293715389	0.441989521458677
0.186346993049518	0.360297071172748
0.60821530180325	1.93955791632169
0.0787501323753091	0.134270496343252
-0.0629647544598988	0.0994151836761292
-0.0943217452752904	0.135374995479013
0.323369896804311	0.745251624187806
-0.114648053050089	0.194010507922948
0.339079297490315	0.785607925702862
0.187727972316454	0.349853907836193
0.28078447106364	0.465139628863953
0.137075916815923	0.226150535308162
0.353310453796131	0.882598159102776
0.338367531302391	0.840257745354888
-0.0712927232298039	0.0987670997726837
-0.037773065922411	0.0442617188056547
0.507078430292368	1.32382696319253
-0.0543073477501392	0.082149891039682
-0.389494366806511	0.664044418508408
0.404443348604548	0.76713139882876
-0.342696439466227	0.563638846137325
0.227849728974034	0.333045114404511
-0.135739933157339	0.150784236153194
-0.3528729865577	0.468072239360755
0.20784802710852	0.307584096311377
0.631420236948433	1.13261306008874
-0.197808543112101	0.201391253535117
0.164601780295656	0.168617047219847
0.0695805150184999	0.0662784237291267
0.765040658930807	1.12011499335878
-0.479785278542249	0.589397755040412
0.149850398167248	0.128635371334458
-0.0385101592809751	0.0311083265064212
0.371446663202007	0.349772144339995
-0.16536347245816	0.127515607078413
0.22752678694807	0.211396006444436
-0.0189672871637702	0.0107186493441951
0.0997252699646742	0.0727100738665461
0.248201264949688	0.35725074379903
0.499353664754718	0.812669512188193
0.00545548702481084	0.00553812186894711
0.131204282991266	0.134328279025572
0.310701912532387	0.462244384991256
0.117108312195165	0.115800106015703
0.0546480803113484	0.0502392907848906
0.600734970823933	0.699094949681834
0.600686669126126	0.553832330230424
-1.05470389668955	1.2377481006213
-0.402844655481186	0.289251063253304
0.38587769547691	0.282792155354799
-0.583985838780477	0.403094109370815
0.239491193883545	0.147874741209224
0.0387006825015414	0.019420090016542
0.425247925897377	0.17104099946002
-0.0266174972999866	0.00702719711458675
1.87709677854307	0.677712862210528
2.64561032217101	0.589361907449672
1.11530527637649	0.56241239779824
-0.545683744265661	0.238002513830106
-0.10702122575402	0.240051228010905
0.146202684958116	0.342169570250473
0.201220841504516	0.531097149724084
-0.171693859694782	0.413662851468961
0.0422365909635764	0.0811281097231674
-0.10151336334135	0.210592665107919
0.60198300558057	1.99108573322188
0.206866431394056	0.5103671657922
0.0220391570068376	0.0370271772603637
0.242209645121774	0.657440980453004
0.0688915221175804	0.12129702034577
0.220604517804141	0.478705504762697
0.253185345979674	0.545638453235133
-0.115118625749733	0.212184900182473
0.0644379051725711	0.107651052165114
-0.0567728167199306	0.0941535468644754
-0.0792587833393515	0.121417418975903
-0.154499040689324	0.261552823160883
0.146365725138621	0.266623510936999
0.125207573031186	0.244882129690157
-0.103331159089451	0.179952975945396
-0.107457104759203	0.197028475840264
0.130961363450404	0.212236808964815
-0.271918608634134	0.544510530627456
0.369807577921691	1.01235444890567
0.182216227170001	0.333915770972113
-0.227091893949302	0.403425950388838
0.584213698310234	1.86796455853434
0.110119744586415	0.173932243542689
-0.0977028499900442	0.160679912253957
-0.0454581682489604	0.0695912534673624
-0.00307328042313112	0.00414297230220892
-0.27273983916234	0.525159130120299
0.00190868203416977	0.00251231332107019
-0.0977569423787237	0.132253901449143
0.461583343532715	1.02623187078451
-0.297794660093922	0.526370346091084
-0.166562075867192	0.300743822817041
-0.220190603073169	0.482149277877142
0.189701711890328	0.340044351226276
-0.0180293408708268	0.0256206063869364
0.136218520901076	0.240443846361619
-0.538235391495285	1.51498358040224
0.0429876133893923	0.0580347592643858
-0.254633389744489	0.496906180702193
0.00622764608271473	0.00785656058956299
0.279727463793089	0.602970617386674
0.158098697637865	0.297825942125206
0.184515662417228	0.325254881455683
-0.061280707756804	0.084562214136665
0.576928148796705	1.13568763200669
0.227519385343612	0.397416239570607
0.163100016271542	0.323031999893246
-0.154112984000874	0.281468620237755
0.292625403266517	0.626486121277422
-0.137576942784699	0.210999115671148
0.115339168061903	0.190836357599584
0.588936085231002	1.81268655945486
-0.245647147446911	0.429689810736014
-0.374778309212001	0.759383503481453
-0.208680026075039	0.288957116154309
-0.280583877726733	0.443619927005386
0.238072610677901	0.30289783162633
0.0865978660570394	0.0913431921531358
0.324436887234956	0.515105361680224
-0.0617624842610407	0.0678043398720319
0.204639549302373	0.21010586021288
0.0715438827317677	0.0633430272774224
0.09933851467239	0.0724051499361399
0.0837058208474089	0.0688025103551899
0.859640858738255	0.861538251151828
0.565903364759856	0.560629480593164
0.5191634897372	0.582297397143181
0.376767283057214	0.330145118216153
-0.135141141769125	0.105439423505101
0.497236746573513	0.420814226305
-0.175473251569841	0.0907820045185148
0.903812089169953	0.87108504340519
0.836357816591642	0.989684382728942
0.245350025044702	0.286760121565523
0.156673791756493	0.19717020691487
0.448385868889791	0.644715733623484
-0.0585097025239085	0.0538036579615778
0.601207593852109	0.699836307276941
-0.00365484766925909	0.00243107177759345
-0.0599687424177188	0.0330340492824772
0.856410818391968	0.537442113153075
0.0748237975084013	0.0406551240772073
1.88864008657574	1.13004833042041
0.703742121524306	0.339416482449918
0.535688819873608	0.39064140471675
1.36226782012475	0.38270035317985
0.52082841543711	0.102327123521973
0.486427271232123	0.166662829631422
0.0343127982001714	0.0682362184576901
0.121820178639041	0.322966994259553
0.137037185654887	0.355846386911328
0.126449416343508	0.291682990529709
0.0716272961883193	0.157819384371116
0.443506757128002	1.63093452771805
0.228934539750406	0.594189637034746
0.340774295967509	1.04971235214408
0.303721454136721	0.894046633931688
-0.3306476299462	0.956173567777399
0.146222644734695	0.348234341152858
-0.147697691875566	0.330530240615165
-0.229936747519594	0.506651930959612
-0.0799500396494575	0.151586929123784
-0.0417551167754558	0.0715156763815638
-0.155940412929268	0.331022332730498
-0.0363562231871408	0.0611634693739202
-0.0763850386352548	0.138749961968149
0.165447587115133	0.38176808285429
0.345953370305993	0.947700264334918
-0.324272342057107	0.795374911221348
0.373571766462305	1.04501646765757
-0.0421372284850323	0.0680190209029734
0.0164730547505588	0.0246336612392443
0.119454464523966	0.200582959416868
0.0376679818823338	0.0546723911581741
0.336602760240215	0.688295843152314
-0.293217129310397	0.614027468942673
-0.0482848824721784	0.0681400151839786
0.0982493657461279	0.18484746170501
0.329317731493587	0.832959568468781
0.441889186564349	1.12944991879391
0.43038474847498	1.18285501057
0.40811774160894	1.0658711815446
-0.235887270062409	0.40110842250118
0.467057955912238	0.840009558238992
0.0707528605353079	0.0955356491514012
-0.21151654583841	0.433777299978886
0.283027642425607	0.68562513190693
-0.0254760170664897	0.0398829559201876
0.636953564408467	1.76451540903891
-0.00889058364911994	0.0132909439126513
-0.00829336198726231	0.0121792223673236
0.170458550412666	0.323245370055429
-0.266013908353483	0.521136776932386
-0.359704150709999	0.726088042012508
0.0716302269994399	0.104568218585272
-0.216521185039562	0.423352896876211
-0.332452860515683	0.707308986387553
-0.051386200934853	0.0743832894522814
0.296872930789165	0.468653145600529
0.46107278291244	1.02457757168946
0.353975644017835	0.806435643106179
0.526329191501066	1.81328455143363
0.0522353043914807	0.0787562457131901
0.106424983507951	0.187119446171093
0.179800988679123	0.351400263948837
0.0763114750177089	0.116613872731847
-0.213584509951263	0.351766886406084
0.31070038505625	0.528649834381708
-0.0497515819585275	0.0584419661564783
0.07736484686205	0.106520225718397
-0.566949558968978	0.693931116915994
0.325224059908752	0.451293336604955
-0.158135814289459	0.223172538297489
0.205185824626608	0.210783000316898
0.386093029882195	0.482888333990674
0.161523042388812	0.143987612289786
0.285434299599798	0.247861017620896
0.757360715629243	0.839322533503252
0.601043619018603	0.69952552446009
0.707614618494735	0.830525717635425
0.554562619829276	0.381544964360456
0.296006308014796	0.286263346809807
0.286272036867347	0.248847150738837
-0.0611504881725304	0.0592073620202794
0.0192180978640682	0.0163652908681467
-1.04199219550353	1.42333156750686
0.458317168340853	0.449874120854107
-0.00395751078638193	0.00262951271145736
0.139936243072527	0.0607770653698245
0.0938488706446206	0.0354696115884029
1.03493152255672	0.369361618902668
0.704159566258249	0.339608897569342
2.64562077150263	0.589402910377343
0.532633017017576	2.70415845914048
-0.0146748640077186	0.0295413147673558
0.0366178065818553	0.0789400079580407
0.425261504653037	1.58401454780945
-0.0883604181601008	0.199965172911947
0.0761067700314095	0.15941158964405
0.228102764567646	0.633733848366598
-0.17525066324427	0.445250823117906
-0.0721280091505867	0.149639366596749
0.170706381044192	0.439673815464269
0.221501442904244	0.54599284588296
0.275508952671133	0.678600070732618
-0.0634800703486836	0.110841991112968
0.17767667443867	0.36802021655753
0.215740528477047	0.493091722918113
-0.125944472981657	0.260892130740103
0.45678249226119	1.5616495873133
-0.00166185910789965	0.00247149082580869
-0.0765558111022367	0.134904649115129
-0.0285693191534174	0.0483437323806683
-0.137744376845552	0.261885390827513
0.183499446300682	0.363597342044251
0.41307705583589	1.12778137502451
0.111614397825797	0.199338713805896
0.174632239912976	0.348132316392857
0.135937376483507	0.223881919780791
-0.04845552158154	0.0609195716303185
0.23564052424111	0.425087657428158
0.0764783243795254	0.105155129500432
0.292670553276678	0.626602901918305
0.07706953363278	0.136351830604188
0.0901622709974765	0.154987789187466
0.0541159981988151	0.0897380131366784
-0.175823951858647	0.336438104203733
-0.0712091691860084	0.106474797846688
0.514838406753154	1.20880715959288
-0.0716938611432959	0.0993684243266143
-0.389198353534794	0.936728924870302
0.0626505822038861	0.108471852256383
0.260710102204976	0.550180286858284
0.435561603407735	0.985113973109453
0.0243134896724124	0.0340056156642518
-0.596632271096436	1.57235441063246
0.0163069236976186	0.0223554603823504
0.156915209547199	0.265064361944173
-0.228410542791217	0.406558563626842
-0.126649757933973	0.193388864700758
0.071875620312954	0.104956366766567
0.271425859953204	0.483709077842685
0.208169750178371	0.334954871533055
0.2527153148977	0.407916532250255
0.207962954970602	0.334528848513916
0.387665355384001	0.982522237945016
0.250190919899144	0.532158299671201
0.00342072252594303	0.0048599693789215
0.0795919181029059	0.114897663419832
0.178841970922433	0.275664909099205
0.343533643083241	0.619057188659032
-0.00360309518776007	0.00390368265606259
0.223468424109396	0.350750959241506
0.137946514736382	0.155136427542409
0.776961972955751	1.90656545663436
0.370970486510313	0.664080230886087
0.0850210195566454	0.0839256932461676
0.682485309786349	0.994534246053978
0.376961541461097	0.330361367423626
0.292192625760573	0.272931931963467
0.566753958336744	0.561555323169129
0.438547744421402	0.519329121603968
-0.517262644232929	0.435802593061964
0.188162372720092	0.144173473389662
0.740633008915729	0.535933510677604
0.251862455249212	0.165631471646805
1.04300806012525	0.743057178831635
0.204454593339974	0.108804683257295
0.513497024763484	0.14008453361006
-0.0807279013832241	0.206453413272499
0.256423072917747	0.877019170494557
0.336301965439578	1.33872445514005
-0.0619289004850353	0.136042416836785
0.199329746040827	0.533784984765001
0.184405998874186	0.52903441739691
0.021909306629234	0.0423271931966316
-0.022594816820201	0.0446317943463682
0.352809765993432	1.2507918066139
0.168235374317856	0.502015346992855
0.231178655382864	0.648823330703572
0.0276883059381557	0.051532853487469
0.0978293614284454	0.200783663618613
0.0502390522947429	0.0913017074427622
0.437455474650746	1.65135027873887
-0.157617909910695	0.359529330564081
-0.0543696090400037	0.0980933076340564
-0.102494619178966	0.210278851113028
0.323546858210951	0.927824283414317
0.0239698922318613	0.0452160472990303
0.349446243907393	0.977092966492448
-0.128091942946529	0.241615566692571
0.18179054999079	0.381747440588877
-0.000259504000615381	0.00040766147898137
-0.466382779478662	1.47892215341958
-0.0890776019191103	0.145770279499088
-0.194509326637501	0.375579800549464
-0.450538782216668	1.19812427427032
0.269851499043335	0.649215756487052
0.348111167824671	0.906785333638406
0.315205350241276	0.834126001699342
-0.15986829189205	0.312971982453617
0.0892510838329069	0.163221632865929
0.11652585912437	0.221781050938866
0.182351605160368	0.320640043495171
-0.17784643451783	0.297391596768251
-0.43297329285902	1.10741729015928
0.580878383357667	1.94737195426247
0.0130161316495314	0.0207031012092302
0.470740802988724	1.38253836537785
0.694630924207052	2.3550485831386
0.172696344403621	0.319140022163079
-0.361042510909554	0.846180201384478
0.218574031228398	0.452211025408411
0.0518346562897481	0.078115258584806
0.282817092088976	0.580343648092725
0.213259893419445	0.396986749092578
-0.197546143229441	0.420480542602509
0.0234023645620096	0.0327002298066164
-0.505066674191177	1.168108832542
0.231100144352963	0.375584345628773
0.0595417324230727	0.0715133509092145
0.288675742806613	0.563239310043616
0.205659176041435	0.407174525298749
0.325769613291192	0.760290104302331
0.135123685277586	0.244850695099108
0.41009964391575	0.907563153437385
0.51230067488915	1.23267121759845
-0.101429751341141	0.14170512061165
-0.0259563117074702	0.0261852763839469
0.291236457038779	0.449873276783164
0.285282834859414	0.593244243225451
-0.542751103083317	0.945896320845916
0.327983446356467	0.385318229889637
0.259887297824999	0.276913438761055
1.15163247319913	1.54809649911219
0.520678822480628	0.400810170057692
0.451666585781033	0.458259889177415
0.43853663694431	0.503815981780647
1.00628625068258	1.60235851087915
0.17310708396513	0.16013634567239
0.379645256064558	0.447660167750721
0.219619330673453	0.196786024631091
-0.297643076995458	0.197008186467761
0.0654218683426044	0.0433161235377729
0.0756333121466871	0.0410938621360951
0.204534952459795	0.108829190567108
1.03449817432543	0.369281958902435
0.171763258324269	0.468944507422035
-0.070330161709511	0.153054183554922
0.199441677298589	0.534198134825283
-0.146435710872585	0.333863037459227
0.137660836069842	0.308430920339768
-0.075583978620613	0.154363165940554
0.449180426328462	1.7383197041169
-0.08052579826951	0.165225506613064
-0.0827198979903173	0.166387739550711
0.0227479271988009	0.0436426945706806
0.0570781830235502	0.116134461261146
0.00625395399158479	0.0108470512559115
-0.0599745085343476	0.110153975818391
0.16390286942757	0.325067879820905
0.22394108972837	0.525697635482514
-0.0571963282129744	0.0964465295753619
-0.0155763875849484	0.02635178286956
0.00671870271115073	0.0105070581703766
0.219897113730242	0.493234677218043
0.49265723461802	1.59025953648774
0.353157103734398	0.804111599067534
-0.0480847394832387	0.0752764109733716
-0.262487995087854	0.449294203995759
-0.196777284283855	0.360241909215061
-0.362203967927252	0.792400160342739
-0.17292423420145	0.301351946682703
0.0358967584539457	0.0543133805117251
-0.272313901587979	0.502210638298562
0.208576739703207	0.38210100439535
0.157028888608855	0.265219690953988
0.404938189709526	1.15958163610767
0.35455508122283	0.887006440354993
0.239659445876937	0.536904956441787
0.0578258224057874	0.105735160556385
0.467562469504798	1.75076027696624
0.0226121173305682	0.0414830490031338
0.259998591206369	0.773663834467432
-0.505567560254147	1.5121680958064
0.0769691399458988	0.124429186448138
0.203734619418079	0.367194359646758
0.0904668439282023	0.139420171416247
0.0480329677118867	0.0609141682834204
0.173003204571485	0.261599610818108
0.141902070229376	0.237891762801707
0.105492438507682	0.163994754203615
-0.335985364819018	0.536213326839041
0.238338077687454	0.400526354744587
-0.441473345464914	1.02656042449391
-0.189796299082415	0.339543436867885
0.398480802738792	0.968385961607656
0.296678195420205	0.793149351623802
0.5414017071612	0.983711753843543
0.0311654118599709	0.0378019063542775
0.253456062916328	0.455019734682473
0.262364076581118	0.526804697160886
-0.209921948780674	0.401579738208347
-0.401293544701675	0.95447796431286
0.11598052846147	0.18637590464956
0.0967366764992868	0.141029118319292
-0.158752285783999	0.238108043787508
0.0897182831049617	0.111229468315472
0.32101758795666	0.499466742059015
0.446113431339114	0.625006363648622
0.665885594115437	1.01980221228109
1.57182194604282	5.01109480009881
0.625002720999392	0.861685297953548
0.756316210255644	0.969863466163899
0.443559109521344	0.604769399334923
0.0999867732277147	0.102184138368509
0.45375100209679	0.701517337500182
0.277945537499029	0.452519167049588
0.614576560006026	1.4626810864879
0.198510551114557	0.263987337155017
0.0417600357503767	0.0397738552969192
0.149027295949923	0.0985249135019959
-0.0385019031814827	0.031101441655302
0.821695898134578	0.853813515659374
-0.0527540714379789	0.131540689362828
0.164261925910725	0.507025989653748
0.0786478146810033	0.179529706734948
0.118966371558963	0.285471708554252
0.102577046544777	0.243695806690855
0.406755679226851	1.63689469445043
-0.0812594180542452	0.164995807226693
0.104526073757836	0.243238330328094
0.371804877560255	1.32627261433245
0.31284647125882	1.10480601009068
0.029296224797024	0.059246970064184
0.115363109086108	0.281762526659247
0.0708132699278266	0.136499354036502
-0.116953257865542	0.243379262507811
-0.176993627809386	0.387002632274694
-0.154671958595496	0.35580159544187
-0.079946592215653	0.149510923990647
0.0127761724650945	0.0193011536336702
0.0444842173245243	0.0759429659098845
0.126560032266895	0.278677368408617
-0.151006616982947	0.307238881522878
0.00147333044308433	0.00225969141061764
0.113618603433991	0.192991048573433
0.039722369355992	0.0619743159752398
0.35208348446272	0.937424955486803
0.38332855526753	1.13040873099052
0.0571748575078452	0.0974447771106883
0.0907372923346933	0.159965244845143
0.30079869447861	0.710546612386623
0.484076692723906	1.29743616944159
-0.108012292981871	0.217797229617808
0.0741587759548966	0.137352442021065
0.437895235574612	1.43473875777469
0.246629526961623	0.772621307740434
0.0342604348554964	0.0726401493273464
0.0231207097667885	0.0410922503366248
0.155411053114187	0.366951488421529
0.335826215799888	0.878856244185015
0.0781972214579045	0.146747887572623
0.683172939856517	2.64121048895617
-0.0709816483994681	0.106104687259403
0.303065514480883	0.571328539750644
-0.335692620156672	0.61360648775748
0.113498519774438	0.16681775600309
0.013465944551698	0.0178692271295216
-0.115608019392084	0.17144704440363
-0.156660730822352	0.25989840782397
0.367876198540535	0.914492415451138
0.525042535189736	1.64896471510345
-0.251344012558455	0.60864817066992
0.20437706241399	0.488533088830349
0.0730834507283563	0.130426857950482
0.172058467343336	0.38731231618396
0.0707415225754292	0.095513927411421
0.0142242686318455	0.0177264750431471
0.120316605178115	0.202287390392048
0.196448979224146	0.391949478854418
0.339192049074583	0.711908192329451
0.380952294022083	0.781204029488574
0.297932811234441	0.544700779251267
0.227541196359864	0.363506928913893
0.141684072101411	0.204576394320139
0.390527874355129	0.640936292954956
0.30570148953906	0.391101989110006
0.219138308479671	0.263032603618835
0.142707758809132	0.150796295515494
0.325227113207634	0.451298343963498
0.702860344815873	1.18610489250178
0.239114235202085	0.304437450871383
0.228059751160892	0.211906593216547
0.301864820784566	0.302260736131151
0.370643347694781	0.542536155453023
0.162327335806111	0.194126308741677
-0.157930528229818	0.175940796767899
0.571528839389242	1.39871312104695
0.0339880406660688	0.036776330296672
0.150009410373844	0.128783819725906
-0.272707156525469	0.29166698585677
0.00143022703265175	0.00108555485835093
1.35791659314225	1.98684096844779
0.412057360513264	2.11165594954872
-0.0817159474112063	0.208754958103632
-0.0102552204166657	0.0219754931889708
0.101006531840103	0.249035074774044
0.0276699023846085	0.0580930470989874
-0.152327010219834	0.425880976334491
0.0999161603539881	0.215608882036155
-0.0134474854151259	0.0267864705480091
0.238422167188369	0.756371236932819
0.0578313437869358	0.132700640774586
0.0712903525611284	0.163281078099602
0.213360108877734	0.612692343379398
0.104794151224532	0.216110720313992
-0.391130654008497	1.23425338657765
0.240920566627331	0.635456016760127
0.181391422950235	0.448300424075543
-0.197839949959683	0.460071703450374
0.0369613490464923	0.0606153776523536
0.00613263497961535	0.010634101631328
-0.0364924509841798	0.0719848270836325
0.0856817284500854	0.182495945558047
0.285695448713446	0.730167285121814
0.100361726205097	0.193575760407842
0.0349328370656527	0.0599415323274466
0.171904479446005	0.387134941910032
0.0703235171803933	0.12680353873113
0.121474708411766	0.223633018495693
-0.102513869869559	0.174946003341753
0.12336363663415	0.249825402245378
-0.0717877101843719	0.118269392538942
0.3385402526008	0.995113883089067
0.0820656143441214	0.147383914194677
0.0277452206356321	0.0511087793773067
-0.355344427966419	1.26844125814307
0.185458312339856	0.512625280271948
-0.0359511086888924	0.063733605719839
-0.029225319748835	0.0508141022616499
-0.138040826714409	0.274391463732915
-0.0111590067445318	0.0205210894472755
0.171099981984979	0.336681276680508
0.251553528239144	0.51458624972262
-0.150390969439257	0.26438183415407
0.0769049691116857	0.105814653200625
0.379053127842628	0.765494516868372
0.0598766169721903	0.0750139732657622
0.158708816401688	0.242453424147051
-0.0149314473852296	0.0197473386426896
-0.164029020163173	0.301268160336436
-0.0287370171671165	0.0466303822334352
-0.237975330717579	0.486769275322468
-0.534525180486048	1.59223435704916
-0.333570566590324	0.810319704841474
0.576957630862378	2.0572956055907
0.43523120823835	0.884322780534364
-0.0024763667443561	0.00307784555588065
-0.363890424261581	0.517740390187171
-0.0160788225985452	0.01747068175206
0.112924544586701	0.134177095830374
0.27796638173409	0.364615152733463
0.378820074332308	0.446547922502233
0.655913121709803	0.835249624813708
0.439151927640403	0.551064135081603
0.321738680809307	0.36636015176073
0.319057186229987	0.431260190866916
0.102404644457306	0.118318033333312
-0.46101786644996	0.816470759025291
0.228100733957962	0.333514289594794
0.208579385141983	0.308927489066451
-0.686555587864781	1.0325925915881
0.126716964302738	0.116812469019577
0.729706308205033	0.831611902752718
-0.309288910496155	0.272162263890926
0.385501745091659	0.282456862266157
0.177371271415461	0.0865299357218919
-0.133110009567716	0.0824436959172758
-0.0184411920868902	0.0104218553371715
0.284447075817246	1.58447178599339
-0.0721218797264463	0.246935524932478
0.0620376317421716	0.194930825665997
0.0981858838199785	0.323658833959943
0.200920568872183	0.835197794361899
0.322797535957333	1.76687642255577
0.207662536612711	0.82015473865584
0.190757540005692	0.711315312798581
0.00164961684374508	0.00393436572643889
0.481233451298999	3.24972703155176
0.0100350664025269	0.0267229940194846
0.126365733851389	0.397436905194116
0.135511256228328	0.402328538427378
0.130204749486833	0.369730925749951
-0.225614558495703	0.687617932930345
0.215388473043685	0.724089380699762
0.0969105972655978	0.259737031639567
0.10944531081639	0.277701665149355
0.270971574984352	0.991339622968969
0.190698417970689	0.682826541657757
0.292163841619207	1.2435632364601
-0.0626393223878886	0.156222894267261
-0.095903473902659	0.23151182756864
-0.0940813022140694	0.234386223711613
0.161842280411253	0.451138463278273
-0.254002597852456	0.758371698761688
0.122629732317726	0.279551655806617
-0.00363012440245296	0.0070081517070155
0.290991430008342	0.870711622239439
0.00698460184204203	0.0129407810853101
-0.055390670653885	0.116120075818299
0.228615780605108	0.697078545921679
0.207012612785856	0.645787881886451
0.265568541692029	0.920947388040093
0.295187111997137	0.718749614990795
-0.0775106541563139	0.113475811130213
0.143744878379015	0.221299184317885
-0.187602114591484	0.449107328883838
0.139827156929229	0.325716726684001
0.125559702163	0.265790163238268
0.0148528567589594	0.0212557302140926
0.275592509263554	0.585327216588351
0.0914270808060417	0.136722440811764
-0.0223214595057747	0.0295825109031401
-0.104961334266729	0.155041898049795
-0.0148454014841715	0.0218970227489288
0.0897394761060673	0.150277285513702
-0.256917465943292	0.591755430240155
0.167655353073777	0.345423792030208
0.205309166835765	0.421813261387157
0.0510326266598835	0.0598446350511759
-0.379355181330978	0.610113851895274
0.286713718753294	0.597095365639543
0.0792358052472298	0.143812828948162
0.337415883630827	0.77272050771317
0.661001383633877	1.88376935643458
0.172154932655176	0.211733611115011
0.323062400230339	0.368151381892952
0.439758643744945	0.489892390651426
0.78713024752006	0.845379713009404
1.0216099792685	0.900126011081361
0.787862409033441	0.846239514161529
0.551315288019004	0.563930094822301
0.781756871915757	1.11673632632388
0.398753697702192	0.694768680164546
-0.148061420279752	0.221665150224393
0.235683589139727	0.390024367654687
-0.0147172068232121	0.0171523130423264
-0.425827980190475	0.650891622015074
0.460894061509648	0.763936088089751
-0.151827765280827	0.138240439736242
0.197367491296266	0.157640778015269
0.177234110766032	0.129731534216548
0.791780992709176	0.536914413379681
0.95624372266659	0.723737760014387
-0.00907577553420373	0.0041896645042432
-0.0743389980604552	0.0327014027766272
-0.297467803826222	0.196879105362843
0.485782311659241	0.166369855649377
0.521295792365143	0.102417512567682
0.206190598270068	1.30747749899178
0.0415027373470709	0.157336325703765
-0.0130815076123903	0.0448858301819856
0.120115473706639	0.563904703830167
0.156168100077989	0.76056860209405
0.158243749054371	0.779818020459967
0.0748098821703717	0.26984982210543
0.00109900502952989	0.00309694033722975
0.214266041494669	1.13225691521076
0.0402291569552957	0.139516802771715
0.0271465301735277	0.0966015441614361
0.249609912100161	1.2208481995644
-0.0129518617046416	0.030957962646641
0.237674005105702	0.98815243682268
0.0177022279437186	0.0414684489469376
0.0836134453093738	0.242040269283318
0.198313675969392	0.71232838978332
-0.0300310455446001	0.0737534439449909
0.0639360162955544	0.175391020041763
0.419917121634564	2.86838087203452
0.240611228095067	1.09757081482409
0.181231606388263	0.62434139892491
0.0273317101515316	0.0616746513592241
0.00637120630347857	0.0134021018171479
0.101523663048023	0.253831339509566
0.275160438597853	0.845897623291961
-0.0995475028985415	0.231934619987868
0.590316997045882	3.00903820816282
-0.214590482719753	0.636432298540475
0.347765742916883	1.31374552747602
-0.133825169372788	0.34573729240127
0.327055303696544	1.2387558863469
-0.0893596304458439	0.232473886207997
0.357316561825305	1.35314126264545
0.0139441064000684	0.0235463502675076
0.252651276455999	0.517769089050105
0.407865295910008	1.19267716605999
-0.0593615740790611	0.10741066404245
0.32107019921725	1.05565811668686
0.38810818583135	1.1694001061786
0.329371285736923	0.724503746162395
-0.10845564695922	0.195751530944747
0.487922077523827	1.10711639734658
-0.0388108808728713	0.0544859256168808
0.108632091803452	0.164226841333391
-0.00653502353006837	0.00902569638878568
0.24619502087655	0.516207853590338
-0.0534138730827969	0.0649718022484767
-0.0312850910453168	0.0341362051759046
0.30566767702505	0.584948850071176
0.200695293362954	0.406304777994475
0.376054464886789	0.884975177716432
0.119600490807597	0.206647168081249
0.269222600802606	0.619147074961436
0.322960442689869	0.743921757440924
0.44321346124082	0.604012096095724
0.203690426742934	0.169216152578205
0.545677372369473	0.850633752235324
0.643258058460391	1.39151174037666
-0.0615268373655169	0.069987542765192
-0.637220087486386	1.1532021156395
-0.517232358822531	0.82363381917573
0.178297097550691	0.207326170686288
0.114022005523862	0.0868492559839926
-0.710808271846706	0.478920031546574
-0.0911383520862624	0.0575617603552276
-0.426452941648483	0.237440560245189
0.485495542003918	0.166251843098565
0.605954454471444	0.362927769682601
0.791974775578746	0.536987691394941
0.0495910213493743	0.255055392082606
0.266418107451683	2.60220431253409
0.0240054194760918	0.102162603639448
0.147189511572287	0.927416797522389
-0.131548703364327	0.722669673957344
0.173074538046599	1.0906653471699
0.0951289457286626	0.433745919484001
0.167703510804743	0.909050811394289
0.00599312766852715	0.0206410467469977
0.11761642727894	0.59218203313314
0.0827216987173941	0.398699822860326
0.102963196149044	0.370267952662525
0.0629269580017732	0.175680752452655
-0.024885314212086	0.062981670619474
0.2022955370263	0.801100300900476
0.0331721168527498	0.0888584424557726
0.0181569972211078	0.0466846064332896
0.275250361716683	1.17484967085092
0.110233986034392	0.323402472909265
0.108297615675545	0.392781584443339
0.12463759410977	0.457016244322674
-0.00295241606168395	0.00635358370086947
0.0113966652675583	0.0228681589596068
0.398763311369153	1.51181026307596
0.17492578018817	0.510171992523452
0.427754433866694	1.77382950444048
0.149766588611361	0.352415476265843
-0.213941380327091	0.545641447296205
0.172992166897563	0.458837063332115
-0.14336730709893	0.374088921856342
0.408008634948687	1.67040506361309
0.193525803471593	0.530291747960803
0.170081295888831	0.536807011353694
-0.106010160271873	0.2373551724601
0.331675662887202	0.848735859958916
-0.080950633370854	0.129352929015136
0.462817393618958	1.20485759889994
0.00871718763487699	0.0143204570642296
-0.15418293173621	0.331351829725629
0.376036745836355	0.88482986937669
0.317483987618085	0.712266008979964
0.00498013276011082	0.00607228457170217
0.162435199800477	0.236524682586707
0.0770813099824881	0.114461992992301
-0.373713225725404	0.756294636675797
-0.291212324968581	0.575976135940628
-0.233576655163653	0.365919097087319
0.0870920498285763	0.0919140443464169
0.433929071530713	0.892944754698047
0.0433485958876517	0.0604161172238403
0.282557057470681	0.579671012764398
0.172848367278575	0.307049780716357
0.162720032077917	0.291284192506981
-0.177655496049307	0.296988766231728
0.356034240147198	0.723145026532847
0.318245176832556	0.569333692062229
-0.272527190411093	0.291420784883837
0.291525251029099	0.352057332608191
0.565600611056475	0.560132337652396
0.60048024608633	0.553574964533313
0.38180980602781	0.308134981438702
0.620505100631697	0.54934046552284
1.15031978826328	1.54741442280002
0.51955407489612	0.582942647789024
0.669361752717716	0.54026035500381
0.520461257316667	0.400623771269319
0.412550414478494	0.621526899324522
0.786473046871773	1.48543473038175
0.402139012318259	0.738048252571241
0.11292621414748	0.126885987675299
0.175516753305691	0.232777968050335
-0.00800517414225306	0.00899433871992371
-0.485386761755537	0.793761184221016
-0.896220856737292	1.64442641132332
-0.789429741125372	1.18713246176713
0.164646660389858	0.114847977516096
-0.553550241990718	0.575654345250093
0.791009023292816	0.700128552838795
0.391568054136747	0.221330677154104
0.198291589903395	2.18506545091594
0.132227468782725	0.95474935158731
0.0886208925578865	0.506019864021932
0.101678517641692	0.55246509184801
0.203522701561441	1.39874497098916
0.247938159796172	1.85668621943244
0.144883470310157	0.741175795012727
0.00757712797181637	0.0247025050395448
0.120876992729682	0.588738904184734
0.140741973860041	0.71105173352603
0.193431888493072	1.11544631615731
0.193005309975036	0.764900582223338
-0.0196606512324693	0.0474881885286127
0.103575189781233	0.302636699093612
0.36375707232615	1.70656150145361
-0.104509281936875	0.308097326796633
0.310948737915034	1.35627207386302
0.371553107665625	1.7881237440524
0.204415277425478	0.704967142461465
0.396264109014479	2.15838456761186
0.127179119163659	0.40973116782649
0.354743529821718	1.45607596878286
0.357999325064196	1.50965444706775
-0.0313552810546872	0.0656512403282193
-0.0902393002278827	0.212183912371101
0.179687747689446	0.459013194927328
-0.0110293816685836	0.018817916007692
0.133265068452065	0.309112666328047
0.168831559964871	0.447304769655776
0.222240997189545	0.590368516125116
0.0989999808563023	0.245288992296612
0.0585679345465561	0.127039005715806
0.169889072132221	0.469071122551974
0.0811899977382858	0.156126804385456
0.0841377982756494	0.138612946922726
-0.253289273979142	0.454501671358832
-0.20040009988456	0.337640256582643
0.314129275459676	0.788310206247674
0.574415594821645	2.2758402363016
0.128352010023861	0.177903291703975
-0.0445260468568214	0.0611539170347386
-0.0898822147781483	0.141553435611651
0.610426885096162	1.66056701992492
0.707897211913365	1.81178151356363
-0.346455612618455	0.442449693762044
0.319241065191256	0.43158137789447
0.187876832397782	0.299872702733589
0.158435059447545	0.256651413117634
0.113042051458123	0.197143652858806
0.0398201315187521	0.0595474220200019
0.893929304928911	1.58876613975583
0.379302696113144	0.447259264650633
0.277080118409303	0.450657602054125
-0.446188376265742	0.572661201460591
0.0688694651259915	0.0543986895781603
0.631793541317088	0.693917793051669
0.204782381867687	0.170247853361528
0.386203702615886	0.283078234083868
0.486701830671439	0.42922694067183
0.32555878287839	0.451809505334628
-0.517054630821252	0.823274084877644
0.197084548175623	0.280043190675804
-0.848360341717548	1.41736896492018
0.53791952496448	1.05223847651378
0.359394986058292	0.58678098690946
-0.783948061019601	1.59440963834032
-0.290901619962121	0.447976844205052
0.255248524563584	0.342888163812992
0.729973128590901	0.832195013380085
-0.0189001378565962	0.010681247907554
-0.764125786115038	0.722538763669694
1.11387172158882	0.561890862446747
0.105225004109464	0.972815444816772
0.123802777866223	1.05292000019713
0.104731907944209	0.687487385044271
0.0832492582542034	0.432547504483378
0.122081291758902	0.671793280970715
0.0282918808559104	0.107389134119657
0.060072477730388	0.241882182743686
0.3611922846859	3.0212634650187
0.0847428211052547	0.362591765880933
0.35233752927643	2.96947367763842
0.0421055909406459	0.150647310622326
0.409789991307128	2.33664349246022
0.012014425662841	0.0263664226479253
0.234513310606741	0.834330178813246
-0.0936405921724284	0.23918291605652
0.214823183498564	0.745505011624087
0.0733569878709248	0.18859593827504
0.198165239061431	0.611579042447298
0.370580853221373	1.53095361091501
0.114848843838027	0.34002315813435
0.206622870877934	0.672638178269949
0.463388426584293	2.13028537088649
-0.0732882371170572	0.161332321964485
-0.0861313220981969	0.177705187259894
0.203477099316534	0.506340177153461
-0.584607162594495	1.88690720641183
0.0681181899411547	0.12413032174643
0.212752346185021	0.465077585129262
-0.155765457382561	0.308451475032286
0.0611638649695091	0.114592710931996
0.333871159964529	0.998629094325646
-0.494768014201071	1.73110818605823
0.380574587774228	1.17370540387638
-0.0934546861826913	0.166968316868449
0.258782669392988	0.432032514695048
0.172991706926308	0.261569266367188
0.299759779813617	0.6188664641538
0.230267673967947	0.553296131327728
-0.0624664395478768	0.0929962965675057
0.10811477015579	0.163317407926347
0.166848869179764	0.263472647214261
0.187685239515213	0.299492845550353
0.0699540227191468	0.101867684857206
0.167382629353485	0.264523790283567
-0.127195948063424	0.194413993461534
0.595705036737314	1.31618147193791
0.129334181557468	0.169456545621335
0.19036617540947	0.285168953955967
0.671502378742259	1.52910313804302
0.00793636312551327	0.00875856469938032
-0.0785468088700185	0.0864918237613769
0.261517211549167	0.524478148624086
0.191233595493634	0.286750250929858
0.173022454644927	0.243979184486415
0.20907083732803	0.265229277733572
-0.0263062946040516	0.0265479301002821
0.412556558232086	0.6215640203626
-0.20653916666665	0.250275877600302
0.176578232263737	0.186994369999898
0.276370989914103	0.212623022391738
0.634133678523947	0.85227378716512
0.388276752279867	0.253283802116027
-0.018373910224239	0.0103844128421486
0.376925321568116	0.330316973836595
0.0520986171469189	0.0394593049959437
0.548181735836418	0.813458964009385
-0.324467199841292	0.488108858838368
-0.0578426334844624	0.0531599299751682
-0.237356197379675	0.320410226528275
-0.427020108949767	0.672238024476222
0.278840202592148	0.36598698187311
0.370823934250359	0.542934499253744
-0.413264382299118	0.437314506804554
0.871260997163039	1.00179089003561
-0.949022312252971	0.939762034583715
0.074883689563608	0.0406908150209894
0.791845561698353	0.536980014512502
-0.0602615072165119	0.0331971513047279
0.131929599872176	1.40813723861958
0.209707898090859	2.45490875512478
0.00864997112464051	0.0360440778949914
0.114233436777126	0.658256549389115
0.157614190949847	0.96848157083256
0.119133291362688	0.594110015150739
0.00964873509171314	0.0313361329865795
0.165025793166054	0.911751930150871
0.0978429353224724	0.43752937884351
0.0983376953615963	0.430791414166113
0.0261509795887472	0.0691446784667325
0.229071544862446	0.862641601008036
0.291435003646161	1.2579610478464
0.0587390834287148	0.151712550334878
0.00659578412680239	0.0150871082858667
0.130841119258353	0.393111452784857
-0.100890516231116	0.262036233049213
0.234299932003061	0.816121298115207
-0.0235127053950005	0.0553874918723133
-0.000357993296894878	0.000784930241106455
0.396232290498086	1.67469095336212
0.260563697769118	0.798297405122616
-0.18959657562135	0.507534953182665
-0.140076502619352	0.334119144238334
-0.0178969894763391	0.031140587419299
0.107575124363775	0.20818947574858
0.0460944201026044	0.0816108595382511
0.225884053054454	0.591682315995295
-0.0318233396900526	0.0606029257445871
0.0693400816792965	0.144271070385618
0.244753455909301	0.670804377971867
0.250938525913663	0.720288123040577
0.0501340190471995	0.0787485187260282
0.0714397444309043	0.1042669444415
0.424030893621609	1.26979768041584
0.383179191242527	1.12972586848731
0.110574460141737	0.174777369163574
0.730201590289257	2.61610391805623
0.104621450208115	0.162478933538825
0.552268465593046	1.26034998472604
0.342734844216028	0.60858659614879
0.19555784714792	0.341734126742627
0.287022159119257	0.434413194417044
0.136293876561248	0.162436288224723
0.359221294941381	0.586385528695236
0.149932503007574	0.173855205627278
0.00731428055312916	0.00647423502268824
0.128593209372104	0.168366513243246
0.262439011291678	0.182775261541816
0.186993739230958	0.143080601104808
0.521365251709152	0.401354873546978
1.04635224736749	1.21079319157819
0.398628547325941	0.542386734943603
-0.54759829638391	0.901160260849215
0.0801273705961625	0.0968912161471138
0.299435717974293	0.424821360811925
-0.263201590762202	0.332890604951437
-0.398090155228748	0.6060801162875
-0.044195320610765	0.048245644411451
-0.329765356709109	0.451051971337285
1.41531185674	3.15999618768416
0.13879968625642	0.114648840429439
-0.42651764782224	0.237486682896517
-0.0187918453768244	0.0106200838143165
0.70302939280424	0.338808408845968
0.949691828027685	0.537794650412805
0.0941842818512196	0.0356025994175622
0.148394221618665	1.67760387742746
0.120395668878552	1.00448152129135
0.111377701155611	0.710179206787244
0.0226460078431079	0.0950717697957888
0.00647762814655909	0.0237032392435408
0.0192321846906188	0.0705627187938052
-0.00993252049754439	0.0353909981744542
0.0914285143100793	0.417832632728756
0.119364249236314	0.616150129680959
0.108904023258497	0.360262804653829
0.210501868339974	0.767617231723018
0.0813262108271585	0.225756784829249
0.307415695689392	1.33961816667807
0.0402215312093054	0.102009665898007
0.111150654316622	0.313353058116443
0.0771563864722487	0.19501646601524
0.0151092596200476	0.0325091528152708
0.296479673047868	1.34250426316187
0.268002709945771	1.13401675546362
0.103012650365775	0.265827314832175
0.0750041818048661	0.165444208419514
0.188962629739172	0.489513407792266
0.432708489022748	1.85336893835118
-0.0167422434785559	0.0316179552900106
0.140520555916946	0.293890060945348
-0.303645248382366	0.817034312504311
0.238309413403095	0.587550453996963
0.209278742630874	0.555720061220002
0.0708438051808362	0.146226845335473
0.0949777329900043	0.202158039847796
0.0212280339451233	0.0392434911781323
0.24236428142403	0.568415640257252
0.246123026535915	0.427732552885463
0.285812889832202	0.594767881406555
0.204152115719605	0.368172707521653
0.0869410503647724	0.0917409467708719
0.408401366267281	0.599978740116953
0.214966720649862	0.300508509637813
-0.273140373172623	0.242616034960327
-0.189503975491718	0.202690013128564
0.175820736983128	0.233224841299233
0.38556850809515	0.282523988493466
1.14335646467116	1.09767960267947
0.38362924522336	0.29546187900015
0.55314897751088	0.780103718764578
0.283322080647284	0.331796824321183
0.398810468120739	0.542637453408493
0.373696221137024	0.414464529639797
0.143626958699677	0.152004304790979
0.540567486749384	1.00111890042206
0.238072610677901	0.30289783162633
-0.106673529408409	0.131276873627441
-0.0615554751015964	0.0675671431952991
0.238422808792431	0.303447656348216
-0.387261018716675	0.534040175200785
-0.286550763916486	0.321477776612338
1.1312646681075	1.39607831169131
-0.175170088445739	0.0906363952817211
-0.803403400615162	0.647007810911424
-0.774458302378078	0.299813665201705
-0.268771292431537	0.0997015317057297
0.146548857631496	1.64188108714697
0.145864711143868	1.35200590380774
0.213425290843377	1.99689151287506
-0.0295537503492601	0.126862801479478
-0.0832719320564653	0.406199387582753
0.177760403976494	1.21422671534772
-0.0299225815302676	0.117703646133703
0.158462334223155	0.957551143634744
0.27542279393699	1.32069632643499
-0.0576252883843461	0.141464096502425
0.13917256714125	0.444909554765276
0.036194730607033	0.0890777981288662
0.170021768299654	0.55931571153273
0.0485508203271374	0.128084272894514
0.0976203692414647	0.247281946026714
0.0631078512924615	0.168227722002667
-0.0849843784673704	0.258596242170729
0.256426052386889	1.08285273885809
-0.00927146841492373	0.0198013540185424
0.0669411377206696	0.148839261038865
0.155692335203189	0.407609053637342
0.262030190739664	0.804665069976444
0.0606638878041538	0.119716450678747
-0.182943705252631	0.368940959697274
-0.298757860988194	0.906161680036545
0.26997565218566	0.790400034525149
0.156216438151734	0.36917831723877
-0.0817761836395069	0.175038037549032
-0.0592371512600123	0.110074988334388
-0.112894249469379	0.254817921166638
0.236760391533651	0.524040763168676
0.139175401429229	0.210639942641174
0.134074065606811	0.189420854836432
0.096417322940177	0.140514723251309
0.142190556098169	0.304356714789469
0.209016098083476	0.450899090089363
0.52834241867159	1.45201617039581
0.158822380865053	0.214204345257823
0.200417950483344	0.311721731198959
0.291138369503564	0.576019297399567
0.0730204078697122	0.122484041618077
0.217627101813712	0.283568246574997
0.139350471817572	0.133110717292249
0.811102774210974	1.66077105925763
0.237728755992405	0.302349990393069
1.87750773502917	0.677942250732786
0.669394382985004	0.540514379702061
0.520988524441125	0.401135225545801
0.382783172156884	0.309098332488293
-0.0386198571343943	0.0311992470801866
-0.103421580550463	0.100199797311002
0.25462349146282	0.30685726595623
0.162248936362406	0.144695240336726
0.126611796159553	0.116687243554407
-0.317829533940516	0.356599314714581
-0.316979668473122	0.403728412935021
-0.041919090544724	0.0405383593144957
0.184960589346046	0.271733216246892
-0.700899390190252	1.30980097231737
-0.397452784551878	0.604833620445951
0.0260090376542084	0.0264891280767282
-0.362407576901498	0.426187124215714
1.63311101320088	2.20256096637953
0.239416468015247	0.147771270221789
0.577270873492133	0.371254771874101
-0.163205072431132	0.0669638123357172
1.54753988893518	1.03709607775203
1.36271301780706	0.382751888570998
0.52082841543711	0.102327123521973
0.174600646868034	2.19483983345518
0.181210835868146	1.95820603894262
0.161384738905529	1.23447409577925
0.074597185671364	0.38039521762228
-0.00805590524598773	0.0312528218180794
0.00801062799213896	0.0298222436271199
0.0510705815256046	0.217263654003583
0.104112934531352	0.354979546142934
0.0890584527949044	0.247332512150379
0.143350841772064	0.472644097516269
0.37688120246606	1.95678410019326
0.191931653975962	0.690982678809736
0.0303403029544319	0.0760063142192271
0.0969196005575257	0.253997735963151
0.18598461264619	0.644017471363187
-0.0164794621034521	0.0419924712677524
0.0104656899712806	0.0259988796815122
0.468603023909332	2.3726899966031
-0.207302701406026	0.626594906611132
0.18118926143734	0.474474227522457
0.296216644291843	0.964413350690959
0.431300466348346	1.56560437317217
-0.165802841843495	0.372753090367208
-0.116058524941756	0.232457028754469
0.228772615600823	0.577661254796686
-0.0110830920990975	0.0199726897783804
0.195040677067106	0.524648318842437
0.111904142783058	0.254685142586947
0.221257711350694	0.586679918036726
-0.0701370189067415	0.124951537216027
0.108249326138928	0.163552335942953
-0.209165282656822	0.316913471910498
0.167760741880089	0.265225011819335
0.0877571532061612	0.16015115577186
0.209298597572956	0.466916228888404
-0.48609273685769	1.09788534197269
0.430929525737176	0.768348231945236
0.589991646107745	1.34110075632755
0.363632384191722	0.881994311254555
0.0514716003682512	0.0753928514575155
0.0828321398948116	0.128908242627769
-0.277147423409261	0.226266130398107
0.466205659958208	0.442289508730651
0.955471284878956	1.0309714037514
0.384492209834242	0.296364650094737
0.6315843551884	0.693638096669455
0.0584466190468876	0.0576978057850641
0.0373041075136962	0.0330206613925971
-0.287062983671241	0.290558249120763
-0.0174474412764977	0.0129910928906394
0.64254473624835	0.544165699906689
0.554341726132646	0.381555896881917
0.0752586074781414	0.0408972683489749
-0.0110400007728431	0.00960588172131146
0.366874333360221	0.524262759507852
-0.0305481741845947	0.0333089595816294
0.178808453691099	0.208018054632951
-0.061418483394833	0.0674037187676886
-0.401577262487301	0.630440126242755
0.156173245710352	0.170680237032481
0.259866941623975	0.390787527942596
0.0993427606885543	0.0849703939940719
-0.403369673659998	0.289703939090628
0.386120131598359	0.282977481741896
-2.47846774365067	2.53623985887205
2.07775295140297	1.40727015798379
0.703700794641854	0.339385013976215
0.487358035898528	0.167026441801294
2.64561032217101	0.589361907449672
0.134707913903831	1.46168297371809
0.0808305974550207	0.57098064004557
0.0574915668655413	0.306565715653181
0.0904105194915474	0.529724780841371
0.0763850797649165	0.404512508434228
0.082356531088025	0.426343680083643
0.0869199710494909	0.29892151961394
0.0103512747752539	0.0258875904667505
0.0434946397966228	0.122867542314243
0.134279786562589	0.459255934135566
0.130012980029607	0.441885780901499
0.11791886875646	0.386868164648526
-0.18631182773683	0.619773807574279
0.28091485441102	1.20967094946056
0.046974125227584	0.131256317817087
0.29649833663256	1.46369061245137
-0.219602500937925	0.713280486134224
0.369997257845304	1.52753111102891
0.261478514975835	0.82812146973044
0.0855552306622713	0.192422641095003
-0.20414198305728	0.537438364215779
0.113879305213954	0.253015608380594
-0.0464578204396178	0.0841587527954774
-0.254174381399063	0.696604399035909
0.212155416567133	0.595411991802949
0.208463035168458	0.562701152138135
0.0680170786181372	0.148186532778022
0.138759669829803	0.32279394475155
0.397228851438163	1.25733604708015
0.0984138616895233	0.150102214331325
0.191857691156224	0.311303101380124
0.176250241384557	0.373295253563654
0.0903903019865958	0.139232237559525
0.623746535836676	1.44891514778477
0.164592043808731	0.306936493518946
0.253097840139813	0.518969751829536
0.484132308925791	1.19730389472941
0.226970556051081	0.362372150321418
0.95681384733495	0.883682322103558
0.3744429133338	0.34036767066467
0.486233020088487	0.428837212491706
-0.823670957529913	0.881886738008534
-0.803128333163877	0.646667334331172
0.194112570669768	0.192622007497553
-0.397182222827316	0.466880960837223
0.0246105603111034	0.0225922114915125
0.112860492913001	0.0858826418585896
0.440400882114905	0.490973629967059
-0.841215125788316	0.842909065454795
1.20764495637923	0.95568267803575
-0.189457090215651	0.129893944038583
0.2525236174938	0.166110386615268
-0.38222095805984	0.508043342962429
-0.345544031296046	0.440903676976378
0.0402682879815226	0.0423324556601285
0.588758863957524	1.00892464285172
-0.596847130852178	1.10415729526454
0.0694060309147103	0.0817291101665923
0.112805672994874	0.134024616719683
0.310923547163777	0.462626468430271
-0.243769119548586	0.260970222895335
-0.27323942071822	0.242666033959995
0.270440128989269	0.198434395899922
-0.567525972953203	0.303208325204459
0.520611776035915	0.400681908310448
1.03453696876337	0.369309864676094
-0.546847099254091	0.238490835463436
-0.773852763982589	0.29948830405479
0.150084892776205	1.67659648919338
0.0813463562499037	0.580060657550728
-0.0287187633727845	0.137586844440275
0.15575838484123	1.13262109917289
0.113979568629696	0.660996112392519
0.202301968953672	0.907174790428647
0.130161119595548	0.42056485718565
0.268585176016557	1.22199621689383
0.0980097162119418	0.29199304980217
-0.263124905384616	1.14657045726171
-0.0491554875416449	0.131932392150914
-0.014550708070304	0.0339670159942709
0.157618505077878	0.540405549374791
0.167653736015948	0.579868093194182
0.149236607650646	0.507920353590109
0.177659357324395	0.543556335169741
0.122758800040342	0.312315141174945
0.0205513104482567	0.0392514215748311
-0.0174917051731061	0.0333972846890851
-0.211265359826985	0.532209902459451
0.150223988126019	0.330093284054218
0.0312407756512721	0.0522306042775695
-0.110192639495321	0.219906128144602
-0.0155511698799122	0.0275644853424319
0.19807020088182	0.50771427885024
0.0716081584643831	0.138224573888337
0.499881280779195	2.05176023264008
0.178905713897489	0.336424497137543
0.502755834049758	0.926424433753165
1.10257151575989	0.924770824475711
0.600183948825124	0.553130914306884
0.383046224908437	0.309368373398026
0.600538475246511	0.553728985844324
0.211783370280621	0.182826971703572
-0.164521632998804	0.126762171759369
0.164802504358419	0.114959554443936
0.0656837776250494	0.0434948140667821
0.378725057561904	0.446336108686209
0.165279196241482	0.169432626009889
-0.151425811602812	0.137841787108184
-0.265724890911569	0.253631242143024
-0.808618575440406	0.919243291415932
-0.483410302439389	0.340766768710408
-0.589585716987119	0.449337825284037
-0.605456746957216	0.584939774605349
-0.080045482680137	0.0735159206880305
-0.150267956136988	0.145203249322698
0.139518111010827	0.157179366904083
0.0891154119806429	0.099893894426816
0.00139891140920555	0.00146117867962303
0.541646846416524	0.944074851430173
0.150258167756527	0.174347038194344
0.0246053252632768	0.0225932827989212
-0.0374608182166217	0.0344436082363087
-0.398541403853171	0.343846409773836
-0.40301958727261	0.289414008894131
0.700980837714973	0.53685036874616
0.139755453526383	0.0606924359285289
0.42349474205291	0.170233483318805
0.703742121524306	0.339416482449918
0.394150772652435	0.180901643931123
-1.60690069189674	0.624474467565509
0.168837286514045	2.05679200342531
0.118799050987012	1.01312553879668
0.121509036360597	0.845129975411891
0.22603517181637	1.88959330450411
0.067296271090105	0.231788595134055
-0.116297782408421	0.388887894250274
0.279596462205323	1.42687306260497
0.152286035443941	0.541225144888628
-0.0443959830235314	0.120902907977866
-0.0665519728919391	0.200064696749112
-0.129926899226781	0.404463983252202
0.21293059730083	0.846782350940523
0.19499040688108	0.828391653661897
0.107749272510832	0.349775325476051
-0.238533901498612	0.830346584530469
-0.211808981048331	0.59936945286061
-0.0218282536007569	0.0439687111179263
0.030383205821488	0.0610448724541435
-0.000822534040122577	0.00146100382065556
0.109958186406949	0.230081920019743
-0.0622275880303714	0.125067913367603
0.00560395984739646	0.0101076129243273
0.383802211634135	1.32965506869822
0.158260614457375	0.370732615208093
0.218479396672057	0.59864360567901
0.203554245288464	0.542292743711462
0.412694526465719	0.960213777550021
0.382123456707444	0.30847802115877
0.251862455249212	0.165631471646805
0.95624372266659	0.723737760014387
0.290280774383591	0.261898614769809
0.696784783193226	0.695020322657181
0.113599514647507	0.0865084980639209
0.754912381582476	0.697433382171864
0.55420148832095	0.381458099682858
0.673647803925162	1.00671415198263
0.724318264571921	0.696682665384601
-0.277147423409261	0.226266130398107
1.28662064615071	1.78434451043598
0.600686669126126	0.553832330230424
0.0835665448332195	0.0686890330523485
-0.243288757493037	0.260380284594023
0.54940870642228	0.79424057481012
0.373559469722929	0.414292886786947
-0.255101791629683	0.258850769576665
-0.397724737031522	0.396893438612127
-0.45257871146906	0.385831793179229
0.262379890334949	0.182702585362543
1.13164014708533	1.39652190133735
-0.164165866779008	0.175227197478484
0.195508416057125	0.194127956798007
0.0898665252392996	0.106241711070289
0.156694121382132	0.19728718264984
0.221871368258399	0.317393810620963
0.462863624935345	0.783861974106532
-0.328938736810736	0.386394621541279
0.60275973156541	0.920095907496547
0.0690364457606178	0.0545298919626265
-0.61602258586794	0.675789036924151
-0.31850005205144	0.256667905669433
0.55420148832095	0.381458099682858
-0.766234387737931	0.382841700916919
1.34620537580095	0.993289491935653
0.139727791977322	0.0606883327272923
-0.163521975916027	0.0670936369584823
0.949065367649014	0.537576708314583
0.642791272319232	0.34872531996822
0.128119511493374	1.35972782476733
0.0771160472203173	0.562498105280901
0.0644941564883674	0.364030602705254
0.0311732581114362	0.107282975815593
-0.121520527571681	0.471963431074526
0.112744857938239	0.427572086192498
0.0335354369843335	0.0958399007066189
0.0646031182541827	0.211335408145156
0.0573535501805018	0.177665477466979
0.050663089158667	0.138109270002462
-0.0671006944537755	0.191784639393667
0.0237519067080643	0.0679750056806656
0.055999362560304	0.162022997130456
0.208212295691653	0.74213335758809
0.142798685825645	0.436339649411905
-0.137888497165535	0.385992496859276
-0.0218057058308117	0.0455393995851788
0.583165704854457	2.79135946794065
0.277815907153405	0.811971003110776
0.0960888348902903	0.208339805787487
-0.0831816142842057	0.185225844809031
-0.084918330539896	0.183991955715808
0.111766318586752	0.273758720555952
-0.0011652627407799	0.00220005661587053
0.176547468864406	0.463891106021341
0.173519162837905	0.374853561516721
0.122551035654945	0.200644279617211
0.262138432972571	0.526196825242463
0.31596807445058	0.911659816545138
0.45855266231337	1.42149754342339
0.196095617984427	0.376319973037289
0.387363713660988	0.268596103691261
0.527959067995115	0.574704987465656
0.507626656026015	0.410416044258542
0.442417582744697	0.477993535202733
0.507575628350369	0.604007072499066
-0.803919662224752	0.647475204825507
-0.0044190664780202	0.00293419153150349
0.458574670488056	0.450268179786223
0.384112070294024	0.295963024316827
0.451813181595341	0.45844439511404
-0.0602771186105542	0.0332033893253653
-0.949501567257255	0.748948629778464
0.161954263615944	0.144404184591851
-0.282025644077251	0.208894737607429
-1.6393302251165	1.72008033845742
-0.336868864452685	0.317635796189972
-1.09434728284902	1.55702321338125
0.290825994571964	0.350977485496452
-0.724010852346882	1.12865808182391
-0.120999615245454	0.103326386907671
-0.141447801691575	0.150814299137126
0.29274248836781	0.273572780099909
-0.763970719242992	0.722440196192972
-0.501271581235003	0.388181879016252
0.384577815090404	0.296429947868872
0.0700849612262937	0.0667914561010376
0.125260945495293	0.145066472635307
-0.0969207942367306	0.107104903389749
-0.414825552431869	0.5529466677989
-0.274267015019174	0.39646834257662
-0.281932662537783	0.420315029352934
0.0328400366418087	0.0323755471409792
0.0679804725916518	0.0760517874064335
-0.0108087137339433	0.00940653983860073
-0.309410513390691	0.272167908101632
0.380511680116773	0.320573270226832
-1.14019935816514	0.877256707754294
0.64276371899196	0.348729582491219
0.0387549333940165	0.0194462610249275
-1.05325145811793	0.475228655335547
1.04300113774811	0.742992107580866
-1.29699582844912	0.67151291935693
-1.89320960807506	0.851350019455974
0.217787864113229	3.32736085730595
0.219435262507766	2.70411381222341
0.18508147534925	1.16148174309566
0.210292711773701	1.2329367157029
0.0824330726348771	0.32287703155359
0.282684809746297	1.80242190798138
0.00782788432004324	0.0236624566961172
0.134655754382092	0.560986527254672
-0.0085750858752906	0.0233861627433093
0.0970977693296697	0.363670406694262
0.208675169408283	1.1524718536935
-0.131805680611957	0.538884572009901
0.145842570911188	0.532309604122073
-0.0465940661109642	0.120666425350278
0.362061107252926	1.69421556501532
0.147286627686974	0.48000954730531
0.344334506617733	1.3807758726511
0.124950487069172	0.310432760824593
0.202820328959978	0.587791338886054
-0.035523566935526	0.0781558301622858
0.0833463906326771	0.207759151916991
-0.0165761656320877	0.0328498783298206
0.0084988624555786	0.0175253470783349
0.0787855447193657	0.198290946531529
0.325876064080011	0.979175861643706
0.108433365694155	0.17613235091889
0.205081860835625	0.370244970848351
0.239199856999889	0.572541807986526
0.198337064262202	0.496360835425571
0.911694319675847	1.14742964640473
0.373946716272136	0.339851471387898
0.0953113330282808	0.036023880282653
0.370139667004483	0.385102137202181
1.1735460991815	1.2677627493215
0.373983432820137	0.339878651555792
0.0209786008792596	0.0165118383495256
-0.430245633582944	0.338174656947089
-0.357773629775715	0.359031940351761
1.07531350262595	1.63732859225709
-0.53134251498248	0.483090249285515
-0.402737108888379	0.289107457269841
0.298337301576393	0.370787609923893
0.862492210955974	1.26924453019192
0.466594410743676	0.442907186008553
-0.823319912615284	0.881225001022744
0.887888498763609	0.712942057430791
-0.233579667418976	0.223867332065368
-0.485569909145977	0.673994916323588
-0.33910082966151	0.416044357451496
-0.096534358184872	0.0829088522594256
-0.126021756722249	0.115130151932682
-0.616596549602117	0.752466982658653
0.38010407977936	0.320178529068415
-0.516491724544244	0.435018614188146
-0.151365706617361	0.137781981343882
-0.101396699407592	0.103058680801524
0.0331894460141331	0.0327290750763031
0.124773414295927	0.144425692788589
-0.217242881627826	0.253436571277343
-0.254838592549149	0.367225905397152
0.233408216405434	0.348418232606825
-0.275629654795247	0.398919227017376
0.101698556361205	0.12368214699756
0.298692339721779	0.371389529961765
0.589287086527414	0.705615258264032
0.382989254743523	0.309283048078767
0.507744214496404	0.410559081240529
-0.267620854792913	0.0992325255739851
-1.27100267020142	0.87383945785089
0.0657427943130726	0.0212192905615849
1.04323428773143	0.743209601455891
-1.80760135928518	1.27370287174664
-3.84351846206423	1.13675833125362
-1.05432469201584	0.476131056842047
0.0651294124059475	0.0210183759594045
0.161234746367242	1.9152066737405
0.205419322089575	2.04523971533858
0.12839937149875	0.730470816521731
0.0411711221059217	0.166136468164355
-0.0446028522521574	0.173421947015173
0.115213248439608	0.58002493862136
0.174457445727301	0.9560651547838
0.297868914148227	1.90692992339918
0.052225168604118	0.188193280267422
0.141367399621841	0.779164668654485
-0.0996901166236601	0.443001938045939
-0.0889558467337699	0.308510321769295
0.253222732344226	1.16793281945708
0.116658839453724	0.371872841674804
0.231339007303221	0.954149399878405
0.00365703936092227	0.00804295907687822
-0.0562492201926505	0.131579130722499
0.403520986359653	1.92207599731005
0.358374873675455	1.43623222536907
-0.110550557062162	0.280834796215947
0.108072610646478	0.303852779865486
0.412021131596771	1.98409529623153
0.0748493362587864	0.195676639538432
-0.122902705197677	0.325224430129521
0.032337238619452	0.0514878194724423
0.0684863154670768	0.13305369714749
0.423632110411906	1.46332577260482
0.382428561344354	0.308816428756321
-0.336558624314197	0.317249342757052
-0.135128801644739	0.105416403976361
-0.17484289508983	0.0904507416187751
-0.350085561604363	0.304784872316839
-0.149031772155772	0.103807508216635
-0.351191995996712	0.306034133289083
0.565354220094399	0.735850933235755
-0.336794723902767	0.317549184963412
0.243219235390451	0.242266142879433
0.572504525811865	0.725151018439718
-0.36944790506157	0.239290994240491
0.239182017560362	0.14766022196135
0.296160533655565	0.286459179566659
0.22764671901544	0.21149915092601
-0.0384195491616269	0.0282898377639247
-0.358076012722934	0.359457256560785
0.104526328848985	0.0610524083673403
0.052825005829711	0.0400203517290456
0.00697426063775594	0.00616937715689222
0.385410340068587	0.481699829301197
0.199924677474293	0.226085250589972
0.705812500667684	0.978314560581611
0.12678624938675	0.11688528012692
-0.0908310136542935	0.0573640751690074
-0.803816327842322	0.647474063414519
0.859537992145615	0.861332702510455
0.466558090128843	0.442864929890365
0.176744532559296	0.187268517046092
0.396201961053956	0.677229270914757
0.303886108935166	0.498361312277233
-0.312507098914707	0.441284073862343
0.139169601132752	0.156747449149629
-0.510844261301753	0.959544292310077
0.40129798607363	0.560240500869941
0.4971556137194	0.771646138155246
-0.0585162402439005	0.0538173451003527
-0.235891900265832	0.177075169645191
-0.779935676165203	0.683415708314251
-1.10165676639673	1.21627795914129
0.0941842818512196	0.0356025994175622
-0.267620854792913	0.0992325255739851
-0.765928831124986	0.382582314912237
-0.765935818383623	0.382582974733222
0.0388966151100764	0.0195167477230586
0.0938898662080557	0.0354775730707022
0.514379704593254	0.140382320750018
0.52082841543711	0.102327123521973
-1.60867371994758	0.62521857912841
1.87709677854307	0.677712862210528
1.03500865207565	0.369299032839646
0.393833996672575	0.180810258731289
0.206458874811363	2.78817973679962
0.056052788535651	0.349056826035554
0.113870728870888	0.777657642682792
0.12166706502423	0.776410020496816
0.120820429479936	0.768440857684352
0.151888745580559	0.926991550747003
0.106165734890165	0.514722793800969
0.127577505691266	0.68568914063348
0.10426638332676	0.618760436444549
0.0166479045858441	0.0641655863367218
-0.138509094300462	0.600754052726743
0.267930386710743	1.46625660327704
0.22212856883437	0.987054509591185
-0.0179120731079561	0.0472547914191175
0.132261693057934	0.471155631221544
-0.12504402902558	0.373697638614446
0.138792436467601	0.434284592886748
0.433994815805038	2.30450799672218
0.0213756565888067	0.0510975965105448
0.0432495111963742	0.106520428212999
0.159798769358588	0.48531236970785
0.365716330571512	2.00302703089994
0.234090148154385	0.815151972014987
0.477969124222425	2.00269787863463
0.352945093198946	0.998551022394992
0.164886269826154	0.387550004657036
0.528358112205237	0.57509231507268
0.283417040089798	0.237095702876113
-1.13503976632884	1.53919994836815
0.29703771507357	0.287378007535026
-0.00886042722884397	0.00409117945922056
0.75075305134134	1.12622241071057
-0.132960124317635	0.0823611386882636
0.369363592847679	0.371924650596576
-0.466403824616614	0.519118680861992
0.37129459482471	0.398832074318273
-0.660816968585799	0.88241236553038
0.375009900809882	0.428273890104798
0.1487073331129	0.0983047396813015
-0.148421825473211	0.103354720807172
0.127318523622174	0.117403564341784
0.382483394691358	0.464388776656283
-0.229831024421972	0.257402267781736
0.13879968625642	0.114648840429439
0.707098781952417	0.82977415425895
-0.518451599026599	0.606072393486599
-0.445346017520312	0.571332054156701
0.0190666270541981	0.0162338478723098
0.254076098900545	0.306080493926877
0.345543417116635	0.443407742309833
0.13002884804946	0.132992572993799
0.730396972677282	0.832881993191386
-0.00384969120521322	0.00256029248493882
-0.796844455586704	0.958610924710565
-0.351303454716311	0.306146399822679
-0.19354961516889	0.22524724979532
0.217775631869446	0.283797787072234
-0.404088962216465	0.653057716702554
0.217617721716146	0.283552642922265
0.0765206517094322	0.0832186721110316
-0.741069710795019	1.39007646487603
-0.236709733887057	0.319079989664384
-0.48550102420972	0.722522004119404
0.397742703789534	0.540930762484881
0.243227529609845	0.242259083785131
0.376875558171259	0.330157647222322
0.384492209834242	0.296364650094737
1.45690269040182	1.74103361993796
0.224545579438931	0.129460556783297
0.792126334918611	0.537135976164832
-0.175145878205524	0.0905797061738632
-0.0091404212364813	0.00421852445455512
0.0657427943130726	0.0212192905615849
0.513443582822609	0.140100976903003
2.53228844888729	1.30962980828803
1.03453696876337	0.369309864676094
1.36278634045704	0.382900995538424
0.0669672714799195	0.0216108367016669
1.3395556613774	0.784329096331594
0.955804073019193	0.723370942136317
0.514432627396148	0.140365643845512
0.167741167083111	2.01228875279775
0.14462409380244	1.3818720769845
0.162446382732938	1.30253912157107
0.0957716765756923	0.587887743960801
-0.0457599887072759	0.198767597730363
0.153962661261685	0.912518278963763
0.145477250758388	0.883921356796021
0.0391053347165657	0.178487806650815
0.148684198248745	0.866345661906837
0.119124307367361	0.460433603877833
0.0818481014832526	0.270627182064363
0.0948863677321979	0.291707109473351
0.0764147249840158	0.233097611801495
-0.0252323253287049	0.0599159523461676
0.0443460441534187	0.110536988284113
0.321990147797176	1.31571739219994
-0.47393676716572	2.30586220634222
-0.0440765015611219	0.105339097866491
0.0687560714123736	0.17256852540033
0.0120186744657351	0.0244317035535105
0.315666429986615	1.32773598220114
0.327568418522267	1.15537616769163
0.169097254492957	0.360259437781485
0.252296798177069	0.54301638946756
0.297545642590865	0.827180617083811
0.148648467452572	0.0982696394389163
-0.474704562063335	0.55635359026934
0.172835881536946	0.159829238254935
-1.64024230678856	2.33248352365787
-0.162589593041714	0.0666885295531258
0.137936275769286	0.113891216818732
-0.238123047137611	0.160531399228899
0.0847832263522326	0.0590420907259644
0.187238216050644	0.143402667771291
0.275595127918119	0.211806815320072
0.311272420674555	0.332888881990007
-0.197674095001442	0.150485138758868
-1.72159911441088	1.89982444316446
-0.236586606787461	0.177696365548639
0.290390779804604	0.261993269412257
-0.560398720564264	0.617900356413481
0.508255121637698	0.411120720984541
0.519558983942023	0.582926950295191
-0.377057224758347	0.352774334716205
0.178034903892079	0.130391588518894
0.634116985696174	0.852153506864052
-0.346090319730778	0.441915264186255
0.243801371978962	0.242985845561956
-0.0966793512875885	0.0830431384261038
-0.234314487208548	0.22470693642914
0.0520173131723424	0.039394114601864
0.0148076257079645	0.00873401547235182
-0.0190757006049242	0.0107794732203747
-0.605601691298971	0.584844715183309
-0.176933404834563	0.170756818337375
0.0705915618831934	0.0673053903089567
-0.297836631091976	0.392478119165785
0.345559920684807	0.443459047367287
0.500657921731571	0.83346415890593
-0.081535986216141	0.0828150554699864
-0.146886229482142	0.14962424873016
0.270450783462297	0.345158233275961
0.339725745426871	0.423555362622229
0.643447924929863	0.545075070405769
-0.823743509493519	0.881971955162629
-0.309814926896682	0.27274849608146
-0.324389112645857	0.18675762820416
-1.65809994924348	1.06720129133312
-1.48961470100205	0.865683473156969
-0.879978149171213	0.241421497109103
1.11387172158882	0.561890862446747
0.0662152355763195	0.0213746653107393
0.52082841543711	0.102327123521973
-0.266174734480619	0.0986085655862373
-0.0261852125292617	0.00691569697452709
0.424091331821268	0.170527641123132
2.25020380360214	0.989983566656058
0.391314367581394	0.201954869753693
1.10265984505409	0.924880077848759
0.164101085651083	1.98458506036313
0.0608742360557295	0.411064440321577
0.14373786966763	1.14323161328037
0.0590116849328039	0.286508293122906
0.151493503749108	0.930885901808108
0.148074569255944	0.926688234249414
0.122202160112751	0.751035927545914
0.0329622062610657	0.127562002572629
0.23545482829305	1.24669273400617
0.0895955760706045	0.305492623262176
0.0944206797811663	0.284969232108637
0.385908434652173	2.29012959579451
0.274512762039905	1.07159992286242
0.131770304278764	0.381175852804929
0.169450474532552	0.527641115149434
0.329603377799953	1.40827998456583
0.09280518636489	0.242165502616168
0.232472837585506	0.803972744514201
0.40163570126204	1.88416060432592
-0.0701920304533781	0.18090763603595
0.235065445439407	0.701472997193632
0.229830540192619	0.454480857293081
0.363667482239022	0.882070614172515
0.103690156128097	0.22008696039993
0.591049904735217	2.22599804229474
0.888475232701641	0.713448000546163
0.791251809287836	0.700536952189352
0.458816837729688	0.45060814431161
0.380209387488586	0.32032689409811
-0.163877933579815	0.126239675802596
0.391384554727952	0.202001719148307
-0.132650802271762	0.0821615834954675
0.203418313378367	0.168941924980436
-0.246091473725696	0.14556419039842
0.451506465150608	0.458046614896119
0.149027295949923	0.0985249135019959
-0.121100731011325	0.103420563510723
-0.677728997791552	0.647823508129633
0.582976910781297	0.557902462818112
0.387637834937303	0.268735353430829
-0.543968892335134	0.530263845628493
0.211779507404663	0.182815120578621
-0.567701466159139	0.727974812182305
-0.530757007182494	0.482503478211621
0.105008515183994	0.0613343355486825
0.065372263009569	0.0432844701976425
0.686915065300467	0.828379383236954
0.299229250763554	0.372225590459512
0.100015877109269	0.102231602206891
0.670697839281013	0.831561550501032
-0.123780697355465	0.126013266945148
1.22238966039255	1.73727522440445
-0.110868685184986	0.0594021646710728
-0.189469231804995	0.129936070115643
0.27663402452664	0.212869688524288
-0.0812970558124333	0.0787277347801645
0.741777646247364	1.34010457770335
-0.82537716513987	1.68422350550574
0.0996605527362641	0.101832228298702
-0.10191854727419	0.103650891342673
-0.42730062670118	0.673116791598781
0.112427859802501	0.126245645111309
0.198896376608539	0.264674098841652
0.528590296376466	0.575511963118329
-0.0794731361715553	0.0729561093559391
-0.235927409710884	0.17712601870969
-0.297225256849364	0.19669377494764
-2.06577784386013	1.68469231444718
1.11359108282991	0.561687522856565
0.0649882532264197	0.0209752264218978
-1.60575297976432	0.623827291626437
0.0669672714799195	0.0216108367016669
1.66897225729418	0.866063409820364
0.521376974174262	0.102442056871029
-0.0266174972999866	0.00702719711458675
0.168549051689023	2.064041931267
0.1962873245042	2.26093447422119
0.227325035960334	2.18290280216955
0.112040370453395	0.646364303476556
-0.0334875931759868	0.143340668924041
0.187019202617883	1.37192263018021
0.179848837992043	1.10319452659302
0.0417611473637938	0.129353276979267
0.0763777509694155	0.240036111380497
0.0190350857065415	0.0463910219109569
0.390113645958072	2.20514485636298
0.098980757247338	0.255376878568583
0.245371522865099	0.821156099372135
-0.367345219316787	1.35714326634061
0.026723090353664	0.0581446315200862
0.630001410851161	3.6527954115981
0.0506787780809638	0.118160580172642
-0.00224888088338591	0.00461175962736715
0.187635615197381	0.62330005044009
0.201460413530978	0.544241093290209
-0.0166205540238704	0.0249964263684621
0.162889556029137	0.28008756656847
0.110214573184917	0.174111316060037
0.0486669704296749	0.0853931546341611
0.220993915801189	0.596939426977983
0.158348324863732	0.316985114182991
0.16536303472949	0.115339204095563
0.380139209386257	0.320242273590154
-0.544117630391699	0.530559688265183
0.539326618088592	0.569804163144721
0.289299465092245	0.260927502717928
-0.239819273932049	0.198009701906565
0.393825273864406	0.180822046589782
0.476253038743903	0.436327092522942
0.467285081383454	0.443743420519387
0.451826502528905	0.458439309691847
-0.490206754124027	0.482381701380825
0.538474740865673	0.568418948891557
0.0349561161547323	0.0253620044574892
0.371286289970799	0.349576506848212
-0.688331057199718	0.563974632497784
1.46945724462321	1.57650698250076
0.507551689440131	0.603950110251553
-0.204787621645068	0.197098670952782
0.672602109293687	0.694345140574511
0.50811055555583	0.410845457985298
-0.0610232239160461	0.0443662022144427
0.386404439138684	0.283236392936963
-0.126834182449199	0.122832822064614
0.139917691400632	0.133733409067691
0.409243162538415	0.601566635519042
-0.102334488434179	0.0937895892302899
0.177587512102761	0.188308445334176
-0.17585475299386	0.147980526901964
-1.16338767561574	1.20206496922106
0.252740410955492	0.16626191491356
0.286014385239164	0.248574223876956
0.0994442263987783	0.0850573341240735
0.0266847334738083	0.0296014658637879
0.277804365442639	0.364319615760579
-0.452490942940292	0.649797287816213
-0.213487913654316	0.314472212907066
-0.115377749970707	0.127803148629837
-0.205839332461071	0.249259268901519
0.360924885213263	0.502154296050137
-0.151022624651739	0.146052770594565
-1.24634472422891	1.19614824889213
-0.29711983413448	0.196597696502064
-0.71094916456092	0.478984363448203
-0.42651764782224	0.237486682896517
-2.18003161115646	1.89047435298025
-0.71150364221355	0.479446591949086
-0.162597669857347	0.0666884594719241
-0.074718245299852	0.0328797308440951
0.487643467139932	0.167144104655269
0.520746875925541	0.102302512051832
0.521376974174262	0.102442056871029
1.4002590960027	0.615080675819464
1.03410346929152	0.368993798246002
0.147250053670603	1.67640150910861
0.0928163682456889	0.710822666176608
0.113608473175244	0.733126476427601
0.165860567797416	1.2328245920508
0.0979958924823333	0.579124313973042
0.138258615982147	0.783498343868937
0.307924393338993	1.84984590122884
0.13960123252702	0.549145440271502
-0.118763479748092	0.382687534021853
0.0520368118813239	0.1376089223548
0.0193286277525868	0.0449152502626652
0.182706926948208	0.578238431966934
0.157896830520876	0.48355968569345
0.0968665594825826	0.258622361247657
-0.00240546344393864	0.00505445815741106
0.069501739449015	0.171015052395502
0.319479094872436	1.29464508030759
-0.244482457862896	0.874235065261319
0.330694383273885	1.05424124887034
-0.15923992727288	0.281015903561386
-0.0146687435503458	0.0216281211058825
0.0952454844683997	0.162126262995263
0.161773750016884	0.390322127174675
0.14677488206857	0.349942652878979
-0.0599162214940236	0.107011796843487
0.136819687138898	0.216102839514362
0.202584099904392	0.395723531009985
0.421265964719019	1.06813144638574
0.2767332314969	0.212957959207501
-0.489264357676332	0.481241825901384
0.696784783193226	0.695020322657181
0.113036174734035	0.0860206580866166
-0.752252854194399	0.762159939936596
0.104767435144057	0.0611964935122059
-0.264981053304329	0.252711254216214
0.0650673672385836	0.0430740788628577
0.259640545748265	0.276592406226014
0.00268409641863057	0.00202176654595558
0.0387672548432018	0.031781306434724
-1.05474059458409	1.23767570592964
-0.0605418828999597	0.0485763292267168
0.0843206097520343	0.0587123071211911
1.00772345467931	1.04964786364625
0.707580922962808	0.830528299158466
0.601366648156696	0.70003170427495
-0.350388792915956	0.305125411745139
-0.797417043764982	0.959562011956406
0.128427603293309	0.0800105835325392
0.270783742779455	0.198629951037565
-0.258188923349742	0.289733879796649
-0.253229413921158	0.308150069602689
-0.111457420161039	0.128103590072665
-0.226031905050477	0.22993111981171
0.0387521220609327	0.0317599603884434
0.177234110766032	0.129731534216548
-0.0908310136542935	0.0573640751690074
0.17644602038212	0.129111547283526
-0.135349650568156	0.105616001713572
0.22596005462193	0.248081653704673
0.350514489769862	0.462268650634234
-0.139052095599078	0.172325068598963
-0.397452784551878	0.604833620445951
0.261485735439673	0.359934872602543
0.0692708060814558	0.0852992831545541
0.261294162288133	0.323681213687094
-0.225834371784801	0.229719711064042
-0.172180715097417	0.175501469862543
-1.05432469201584	0.476131056842047
-0.43365941847557	0.140408025138428
-2.91649668095713	0.624445621228737
0.0653199058405313	0.0210729058126537
-0.879978149171213	0.241421497109103
0.204683689304674	2.88217088886239
0.214133431109474	2.47667750331516
-0.0365041519919874	0.182015828729628
0.026669366067381	0.122738516653531
-0.0135477188053511	0.0493617340609211
0.172050090899815	0.810152853989939
0.0408195217975481	0.123720407804414
0.102949669188021	0.341285444510029
-0.0325222192055933	0.0897448236596143
0.169133811324511	0.587172274411374
0.228645695934377	0.748698033264777
-0.0828133749235566	0.200291102166993
-0.0128893576383353	0.0279018732112622
-0.206604657427704	0.676804159191962
0.0311455075650111	0.0741676328546838
-0.113060853497825	0.319687228131355
0.213979147577345	0.674768665100988
0.227608851950314	0.631680119847257
-0.0338041606060959	0.0533147282019755
-0.0361777789083188	0.059977351827745
0.196160040090405	0.405623680844227
-0.0766375620543986	0.139262274541599
0.215990093435342	0.561535715919037
0.0474991987825403	0.0773799420611298
0.104593381266115	0.16242965612233
0.306405275488325	0.70035478253951
0.312932306955072	0.73484799363581
0.369689092108477	0.360017462543947
-0.175170088445739	0.0906363952817211
-0.148782345325183	0.103638549174708
-1.24061005346681	1.50999574210308
-1.05624026157528	1.24000995681804
-0.00361914892120806	0.00240808348353706
1.20727835066678	0.955077981453098
-0.0188037462511579	0.0152797510278574
0.289237470967282	0.260838318254284
-0.93437274588355	1.34237086034675
0.12642908399265	0.10036325372151
-0.397809424514853	0.396998273457247
0.292583444778767	0.273385070477323
0.615096165407075	0.695573528236507
0.47675244702589	0.436798631285765
-0.19002422338175	0.130329725748649
0.822510552137806	1.11773518067149
0.22596005462193	0.248081653704673
-0.199484405067278	0.151980418408987
0.0437375883457529	0.0274030416461535
0.380406342589447	0.320507212018019
-0.236425687973144	0.177587501094334
-0.135933964370835	0.151062948673953
0.0996677755643742	0.101841365867663
0.496574540707792	0.679758063223745
-0.81981314069193	1.13540641119362
-0.0187583407839587	0.0172536671438596
0.211388476884243	0.182438792383572
-0.198438046534107	0.151111031991538
-0.132650802271762	0.0821615834954675
-0.617967532011343	0.716884752739528
0.072282228675258	0.0737635428613687
-0.0232130502025218	0.0224172838111174
0.0336306441383394	0.036373727518831
-0.280461145378151	0.34251709746029
0.261621766525738	0.360244853772014
-0.81339800098258	1.44643611604138
-0.0618613017034945	0.0627033758867591
-0.676960262176963	1.05440002144079
-1.65807021461345	1.06668120861729
-2.91649668095713	0.624445621228737
0.171914374228955	2.0484681286494
0.138540008733305	1.23560788485047
-0.0294115413156591	0.139696054849228
0.101276145421323	0.517218036429333
0.0534541482109186	0.181518093650914
0.183225945274385	0.785864773129811
0.425717843065861	2.70883838955905
-0.0145806748146716	0.0372185433386004
0.142961788880102	0.448030800191745
0.220147108823184	0.739698369495869
0.547278851990414	3.00215625882002
0.145013670259899	0.440140522559696
0.0347414665033591	0.0788495610432036
0.259890131497245	0.954630754234206
0.266067261466573	0.927701056215677
0.256447177587578	0.94527306470437
0.437611375127234	1.65242584001459
0.2280033748545	0.507998910237977
0.0367740316607992	0.0502950123158201
0.289575743616995	0.565565370653034
0.0252156154750425	0.0444636422757823
0.11303712183838	0.234682288985598
0.29308385444591	0.705627590318205
0.204617182299861	0.348947471339581
-0.126401460104409	0.192974897189753
0.129897035412126	0.231666064627796
0.30370947805082	0.636802319859271
0.434588468810712	0.907755975309155
0.285613553242283	0.384829599990932
0.268867411285023	0.471899912719366
0.740829560703449	0.536242439934059
1.02178929098525	0.900636306498694
-0.39756627334261	0.396678349286962
-0.0569811113427202	0.0366549537496173
1.19584014686612	1.43187838685138
-0.28269712135327	0.209491859985242
-1.2808054947161	0.423675764186966
-0.0386650064794744	0.0284740814304679
-0.189658452441419	0.130081414290897
0.19610991157504	0.156573739177269
-0.0273562805432725	0.017890546267887
-0.429808505204073	0.3378312588723
-0.397016750025156	0.395920815613269
-0.560792929232496	0.618620403348555
0.074883689563608	0.0406908150209894
0.52081284551872	0.400988918066668
-0.53086491967503	0.482408299422451
0.737161817299418	0.970336685974799
0.0172074833788054	0.0119358290492111
0.262308480365119	0.182684696571723
0.387086987491277	0.268417322229099
-0.763815936364835	0.722257578293926
-0.321291706766609	0.323749042165766
0.268150456440007	0.295120769475601
0.371753006069837	0.350127342905452
0.0989287282637692	0.0845979103116174
0.0180433493353043	0.0125094118472196
0.373256712356624	0.339020827201527
0.388216887631878	0.253243267906647
-0.994272172029058	0.914529793217887
-0.0273562805432725	0.017890546267887
0.440400882114905	0.490973629967059
-0.486170883447	0.699627244384412
-0.783376878886396	1.47361277429162
0.205359330789198	0.210993540210899
-1.04972189940413	2.21674473721604
0.113563181291092	0.127656998267506
-0.215267686230323	0.230338745710144
-0.382724232958456	0.508983107908333
0.0864061755530914	0.748475027622725
0.0942200746034024	0.7293115477762
0.0208192633134882	0.087338832525989
0.103606953220233	0.461540136876052
0.199248318033879	1.00285928433653
0.056049605666869	0.179183607169902
0.154031985112306	0.632060922401441
-0.0326706582175729	0.0872027194700176
0.0346978407210787	0.089537879110216
-0.13209958909407	0.431216522373117
0.331203524690055	1.43041826095045
0.113726364049909	0.32681973656047
0.241094494842121	0.902376657814853
0.179850008383788	0.598042440048019
0.381190056032851	1.94142257975051
0.100937976679347	0.241320958908184
-0.309243228061927	0.627704715738237
0.316505224129719	0.649852656774448
0.30084533858916	0.622098981586436
0.233322471374489	0.629471395331077
-0.0539201029566049	0.104134613866639
0.159621794670372	0.345771991707193
-0.319956561053221	0.611869646053404
-0.166637848291143	0.300919525401802
0.214826296105868	0.379033453627006
0.399997871225866	0.993675911466978
0.435261189825197	0.922252938035261
0.267548325550568	0.294332622330715
-0.197427481436989	0.264056386366068
0.325254494562483	0.617505803462619
0.20431842656165	0.108718368244558
-0.198027691728346	0.150804371789268
-0.95668377457522	1.13329152152969
0.371975374551494	0.350304217566253
0.565246470676497	0.559580959859506
0.0656021263019581	0.0211763330807978
-0.472556039866105	0.434054851981623
0.163979422331876	0.114335346171363
0.0432289341279773	0.0270894642268006
0.280165247685251	0.225081173457465
-0.421867344193276	0.391229565697069
-0.412988349947223	0.436790790990421
-0.37017508759029	0.294888570916336
0.669358495838261	0.54044084791128
-1.87320365076967	2.26932325716479
0.871830733367066	1.00302181196437
0.438726672929505	0.504081046985866
0.671940247371564	0.693355337854564
-0.0555916181141408	0.035734551473022
-0.451778431056699	0.384952268071546
-0.53052640207868	0.482209287247161
-0.82027475520413	1.13600790022729
-0.485853696049139	0.7476562374953
0.304620166159582	0.442421159570434
0.439216597968576	0.566353682456251
-0.0518101017922229	0.044887883818798
0.37714229505154	0.330378414195212
0.956640868419103	0.883389315502172
0.104457774411847	0.0610089185564601
-0.39754650248528	0.342761016833016
-0.486555225480605	0.700695225456364
0.55984786594903	0.748453293119826
0.287160772823077	0.434623939540963
-0.341260271872829	0.498905626304476
-0.0921600910625201	0.109271013140618
0.543491200769141	0.887356636617932
0.225111990366852	0.246897261839052
0.457323236648265	0.725032818968967
-0.567600558294908	0.695109689617732
0.166265618839952	2.07107929911871
0.13847623758936	1.19118350693899
-0.0144453097612065	0.0547403829132012
0.0505436731700974	0.19688228954408
0.0393602279176047	0.134253407637792
0.124083335309448	0.53559132148291
-0.250159949045731	1.19402166766342
-0.0598434526834865	0.169172556452339
-0.0154915772067442	0.0400243823534822
-0.141773904675752	0.482099272193548
0.0409233463458194	0.108672785559486
0.227007780231897	0.94665754694114
0.152941298225485	0.545841372091895
0.0306284813200691	0.0813237241399413
0.100958390321901	0.274764054350674
0.322088053166988	0.880283837466869
0.149583404041955	0.283646820578023
0.1412098044557	0.2531505004734
-0.0864992959897255	0.185998520761111
0.128812689519482	0.304840863163977
0.12119530174786	0.253164643637593
-0.272188213469799	0.523533240201115
0.32056172520141	0.781021648076085
0.526519060578888	1.57520158719021
0.713282649938765	2.6856496674342
0.212279497466668	0.447876953847367
0.269899050385662	0.344213978025513
0.341350252483004	0.509786099418647
0.354974880633787	0.567153570712379
0.384754372587691	0.296640998737747
1.11776028557591	1.6641044105991
0.187664524191354	0.143762929174064
-0.0902634701347023	0.056977370235685
0.507685451631442	0.410498080675479
0.224044492345489	0.129182303922047
0.581580349472746	0.55591989154373
-1.15451919678808	1.04261684431111
0.642787228273443	0.544479066778125
0.100450705668232	0.0732673746325446
-0.980073790192286	1.46328593157059
-0.0519863918279553	0.0450499744831567
0.0166747470239525	0.0115653869056424
-0.0189672871637702	0.0107186493441951
-0.36988172842335	0.239656743033723
0.113745296197309	0.0866213682968517
0.00197876186226477	0.00161297972074913
-0.594478247868104	0.494296277561773
0.912010107988259	1.148379653875
0.600695053224536	0.553870966859403
-0.0274820858226867	0.0179765432623781
-0.671147166448687	0.816315551250834
-0.466412249847339	0.519109978967237
0.0864291723248992	0.0911416123464973
-0.36210759717244	0.425753598382254
-0.0307357905162813	0.0266980628705473
0.280271028415799	0.225206773094062
1.10472700112081	1.2368907497701
-0.0868644320840157	0.0623416560563385
-1.25488961414721	1.03726235718808
-0.207423000556856	0.186826511290641
-0.425493718213851	0.650241096610672
0.00961817500204589	0.0106321360001879
-0.423768346893586	0.627508346991875
0.307536760055317	0.513975632916857
0.247949371509048	0.356789136600477
-0.119303810682422	0.126910483180968
-0.15111876345563	0.175005843606034
-1.40486713802824	1.04235599618774
0.136221478670231	1.46193070130726
0.13737339197457	1.17013033899893
0.180938331328028	1.33458748676572
0.102038388743624	0.513445015483148
0.174004150016916	1.04565822031098
0.0443389177367064	0.159992798428208
0.147678304390211	0.657631560480374
-0.0600099790557151	0.203789678774367
0.0740676556674921	0.26615719639977
0.300010351181352	1.79382241902107
0.311155599155673	1.86380065719286
0.0499675939449544	0.156525400171428
0.223782635876776	1.16970815276621
-0.0212464976320577	0.0523975805551875
0.193535552624303	0.422873377296287
0.343133353629221	0.807047507010152
-0.0546130231334665	0.0842199216900571
0.285629583887178	0.941896753312838
0.40865746087351	1.64795456440097
0.248004728252568	0.687248788829595
0.271699838166706	0.484403726178894
0.377612572175982	0.995456364237084
0.304145104487886	0.727926275365128
0.47027435012681	1.38100242500187
0.305375636498991	0.690369878808336
0.267639463425633	0.29444541740034
0.502751267807417	0.908933839773388
0.251619696588421	0.165429646165734
-0.743618316365826	0.802472109496349
-0.115049813730718	0.0813693194782402
0.605801552264917	0.362862924938646
-0.949329457600555	0.940220859431432
-0.472519012194603	0.434026588856575
0.696397412947144	0.694478742487386
0.820308986261724	0.851935510880441
0.196798087522179	0.157178567754636
0.0251123367754479	0.0230672124423368
-0.149236866984236	0.103965763714253
0.391157857957205	0.220999863515956
-0.323997649117423	0.18648830556241
-0.396735109071229	0.466193783180383
-0.177104169669422	0.170938216759174
-0.502058081295736	0.388885213670672
0.381859113578149	0.308176410205927
-0.323834598185242	0.186401273337806
0.239045893419062	0.1475245564589
0.0524897210683093	0.0397604584173472
0.262183072464584	0.325189493231498
0.143618719713732	0.15198906467561
-0.602818529857484	0.872372877725047
-0.723030861829958	0.920080577700072
-0.871027881197812	1.04055245916212
-0.502235827490515	0.389037041959387
0.275653900909887	0.211940572146045
-0.0191428056965067	0.0108168578594397
-0.455966891117895	0.480256196689508
-0.485857192758291	0.699168724502308
-0.0802959735530621	0.101522841719024
-0.217443312508937	0.253753749420785
0.372335620461905	0.667334428576827
-0.125649671242124	0.150022897086978
0.356182409894284	0.482765469918847
0.0588695324103783	0.067482058092411
-0.147543355930887	0.125178202548343
-0.866486045746132	0.808309563457875
-0.593604139774648	0.493298681084073
-1.29584977821647	0.670950029807498
-1.60690069189674	0.624474467565509
0.126683328460717	1.29145093706775
0.148331658079415	1.33463404908462
0.140555201170783	0.920571445013545
0.137796756201939	0.844483737645263
-0.0306721662917406	0.11504563014953
0.17948428071199	0.975677492226966
0.0910778955328987	0.376409145559918
0.110790576934651	0.482398952643564
0.149225211679609	0.651774440991063
0.313040092485749	2.01145966282783
0.178129914271145	0.82103072080083
0.105861012762246	0.411937837220226
0.197880955980706	0.740136822077691
0.145275204164331	0.301572214402673
0.0694521223342125	0.104151783862752
0.389460948682009	0.877252912196322
0.135572287451612	0.32792161809063
0.241893362105668	0.58570666265822
0.244876500750993	0.286239620234595
0.580084739587178	0.714592317857417
0.276115549430219	0.212397233740123
0.382684137619723	0.309057289592119
-0.00306949103190698	0.00204216222186692
-0.0599078398087261	0.0329990908705885
0.0941432367964954	0.0355820944406514
-0.197832731921139	0.150638922881589
0.204398905905135	0.108767240792549
-0.237120845299341	0.178174116984819
0.373606729859653	0.339428855298359
-0.930349446586078	1.16457643217559
-0.031269775795077	0.0271695703184523
-0.751562091245972	0.761041972750594
-0.58916840710614	0.448942582169745
-0.132826095233352	0.0822753870599773
0.00150746483910848	0.00114321750165541
0.00197539983770771	0.00149250660450999
0.507113501918533	0.602991184769245
-1.70538702164101	2.20260749141256
-0.949621995015475	0.749006580853296
-0.0905708465719131	0.0571816898503952
0.172774665138156	0.159781323015592
-1.14637267222473	2.23332151438876
-0.551317649718577	0.880895621830641
-0.0390503965912754	0.0315516635429126
0.101482678736888	0.0967043811846207
0.0998350688075952	0.072792971376704
0.948746600261417	0.537245372087853
0.204782278761753	0.10897813602081
-0.697990849023471	0.521716199681825
-0.0386033392842295	0.0311856384240635
0.253735048292879	0.305623118520318
-0.0216469718844335	0.0244221951149859
0.319226456028856	0.431542750990138
0.0993440763080752	0.126258391211541
0.751434052523727	1.75673508569291
-0.197061186243028	0.263488089728468
0.050355403639137	0.0590305491114202
0.443717431239556	0.604996364367829
-0.501679420923257	0.388582594747135
0.389499279212629	0.237680474425489
0.700792961012414	0.536580725340297
-1.29581298182809	0.670666073135691
0.42612284200874	0.171390311994033
-1.28122517090297	0.423889153983301
0.202093755239488	2.73625292282968
0.171080942959411	1.69484869730859
0.151011614274326	1.10264919085335
-0.0922638474563958	0.443795482009137
0.298709974215758	2.28200894380625
0.188882537531082	1.09882094828909
0.363298118476078	3.16659261707921
-0.0727138622062965	0.279003904845121
0.16594873053706	0.819094892647852
0.0344934728328162	0.112178170891517
-0.0508296711909155	0.177910474593185
0.126170521126879	0.438655588578982
0.231896667059284	0.575556007136555
0.0341887157798805	0.0545813400405817
0.11212976698137	0.195280271637997
0.2950644822428	1.02191303528758
0.156600319179377	0.412809867484349
0.281083876176861	0.708408462303433
0.200722130157919	0.460321012836628
0.349688856885686	1.02600691096109
0.27474757111952	0.725995286757052
0.238888238748282	0.364070561930746
0.377451362176559	0.731309871700997
0.397895047660879	0.541052317664536
0.138490208436567	0.114399501869041
0.786734134360288	0.844743510868335
0.104526328848985	0.0610524083673403
-0.402669797979596	0.28907527189423
-0.676690614239391	0.692179944245662
-0.403544828221457	0.289830850607755
0.391454764045148	0.202030602289073
0.834273714106913	0.704067809012686
-1.02732582432157	1.07580708602029
-0.0909025968528378	0.0574046328384175
0.983858699358253	1.31393805282415
0.730616151719044	0.833111642683995
-0.204887702169751	0.170699150124916
0.380209387488586	0.32032689409811
-1.40493219400072	1.04290921992507
-0.901969790529361	0.77800463007237
-0.0605965719106956	0.0440533305664295
0.243664764843646	0.242804759820633
-0.605262720936121	0.584668375290937
-0.275927377380777	0.225099378209289
-0.00379789458807501	0.00252229209995844
0.104526328848985	0.0610524083673403
0.339898701046383	0.423872898592562
0.817183855745938	1.44884795162114
-0.00599324529004765	0.0057791560556948
0.311213353045946	0.332795117516614
0.371599139406193	0.399249138198328
-0.0565627141710089	0.0363742898286488
1.3545470954894	1.17764761282343
0.508065342683757	0.4109355741811
-0.091340725970591	0.0576918031520178
0.496867523295073	0.661696297779673
0.0169337424110371	0.0161272645860767
-0.55130123593349	0.88062858496105
-0.0619349652031868	0.0654441729770025
-0.135064334697543	0.172756135963288
-0.0214040518529776	0.0258562352876318
0.225112042784235	0.300676011249128
0.10180538643573	0.117591242661459
0.0839987236616378	0.069071536267801
0.903526719259085	0.870413610718835
0.139199414035504	0.0604464128243613
0.535688819873608	0.39064140471675
0.513965058596701	0.140263455477391
0.703742121524306	0.339416482449918
1.33963792950508	0.784254626959015
-0.380397274173531	0.17962556370942
0.114469880593332	1.09886850249017
0.151391094974716	1.43757741460121
0.103899378345548	0.610599590870721
0.0642706665792937	0.286262814170803
0.111013944919551	0.568939617439197
0.278679572595494	2.17174202525349
0.0179063103433364	0.0598941042034624
0.0713245960089638	0.28278858283881
0.195561630201426	1.02531153851249
0.401926509210699	3.47117848153222
0.185265564877877	0.737831367691338
0.0794122470226048	0.172515633288128
0.130064669223776	0.232024309653043
-0.0288875538805496	0.0475803912202585
-0.0431785202578138	0.0901376722152279
0.130188102274474	0.329481429558976
0.484353185560744	1.90811250523963
0.0691399127570329	0.128697496156214
0.290428066849767	0.690809098765652
0.257231427039412	0.588698797243153
0.399868582613932	0.709034280956605
0.208619832471875	0.434296626293466
0.127587520001057	0.261838674339058
-0.0401479788949269	0.0722744648744454
-0.0420684634427574	0.0730941738731064
0.505953483754836	1.50284320652323
0.689762870558026	1.47653905325313
-0.239319157032628	0.426931576180227
-0.524361534913785	0.673108959696423
1.50774375142685	3.24128480013689
0.370413982526428	0.385428023652289
0.270274606037144	0.198265589309632
-0.237574275318072	0.160076133958724
-0.59423001711441	0.494057535992445
-0.752058596980908	0.761826625035799
-0.949375087565349	0.748808861363583
0.380778886200789	0.320766474947595
0.148837935666779	0.0983995839081656
0.0170965396165496	0.0118593723143861
-0.676734527680187	0.646378907942498
0.371404165914701	0.398985406590325
0.0172074833788054	0.0119358290492111
-1.03584768385419	1.7269720053455
0.0150684002782088	0.00888859306176837
-0.8669223393083	0.809098265445806
-0.101975160989232	0.093428491783135
-0.13498173936228	0.105305186009101
-0.853705829024319	1.07597255373455
0.386673049334559	0.268058444242779
-0.0910081545404201	0.0574688575701499
0.888695922997911	0.713623239848448
0.099562066461195	0.0851620908293019
-0.228744295646295	0.277683148834
-0.352673479682861	0.467746223310822
0.0876777018709132	0.0806705862757603
0.276269983246778	0.31388296805984
0.552125400835355	0.565073716006588
0.534995986625412	0.389909971548475
-0.994446817276456	0.914754873173728
-1.25500118998465	1.03688848128605
-0.483389425367804	0.620519649308236
0.322011731715455	0.366784962248715
-0.180441618664804	0.240748872439743
-0.0992283765176671	0.105375236783732
-0.297605232381364	0.499261755951411
0.0037382699578164	0.00421764353073894
0.215010842695006	0.325252184114796
-0.106751681081797	0.131377975657327
-0.178673425962158	0.161877432411798
-0.752216809885524	0.762092891414479
-0.0600904903665391	0.0330980355271579
0.66908471841503	0.540136283929398
0.0938488706446206	0.0354696115884029
1.73072270816643	1.30721448471952
-0.766854062458846	0.383256438836146
-0.0257153931728396	0.00678842782241024
-0.43365941847557	0.140408025138428
0.0912141814673697	0.833932709601221
0.0574950809428375	0.370848425719488
0.217435374408624	1.95729461296282
0.0814020720988123	0.435201973500347
-0.00136477481600497	0.00521606895165673
0.136859240567714	0.820227604455225
0.0964424272574489	0.484220427894257
0.0622168435974548	0.26370172203564
0.0164579881821083	0.058450565415389
0.0150273755479136	0.0452677897378604
0.180240858013544	0.498860148025484
-0.0110775796891681	0.018446756409513
0.29898981631483	0.807788721136253
0.205952549109289	0.703768462487199
-0.0897675623629637	0.222515199334928
-0.0885628376895694	0.194377241539521
0.286311328134557	0.732329026642618
0.122969496903831	0.248731941506205
0.316264891591879	0.837662722872543
0.116859721061976	0.232571670426195
0.19147016828641	0.449487363206413
0.143229148120267	0.325811706435965
0.288452652031086	0.854709818584523
0.412748039666747	0.937874995480502
0.0724981885720608	0.0739823774456717
0.235557018109594	0.389762237927504
-0.0971476027295249	0.153245495341013
0.229369696977607	0.28376101175534
0.442062380246178	0.586737403783532
0.650502293067496	0.693010386751927
0.643000211350553	0.348764591741598
-0.429430679504482	0.337455511355385
0.211388476884243	0.182438792383572
0.373716841425741	0.339587329698517
0.204671709465573	0.170160742805397
-0.074817115851045	0.032924563474035
-0.841678012579595	0.843284419235866
0.386431787330753	0.267811596484966
0.164185374894429	0.114498016677835
0.848343669687557	1.12451549048665
-0.0379534034744609	0.0279365828150933
-0.103928968456064	0.100721450685989
-0.616376885961699	0.752053081341062
0.276988507872087	0.213157483093576
-0.48289394963769	0.340190743500191
-0.713893046604325	0.951680990106586
-0.233712045480257	0.224019292292666
-0.425233384837291	0.475008222532397
-0.517107163843925	0.435698872859995
0.125851946713871	0.0998523908114795
1.13130373106869	1.39617527905701
-0.00615022912189633	0.00592757359356113
0.264888392008584	0.40677219845657
0.545340451701399	0.870775965796312
-0.116068783925716	0.128646201703916
-0.434606615069986	0.510385178752696
0.252306069284712	0.165878963407993
0.888139283845667	0.713295656300289
0.620505100631697	0.54934046552284
0.177339820094066	0.129859730605038
-0.20617979479245	0.249755840192489
-0.102411463493931	0.10417942761266
-0.450267525850583	0.882195401466792
-0.0282388641906799	0.0296544838732863
0.202339684092055	0.319026060111116
-0.316333013755236	0.503222222462087
-0.34211173911341	0.641343860489705
-0.187230933184655	0.266204339168438
-0.215943438351184	0.231179395027337
0.301314852228403	0.301594537005778
-1.16295144579207	1.20100168715691
-0.297684013967874	0.197020146628529
-0.766854062458846	0.383256438836146
-2.34827407424679	1.34814671613824
1.03449817432543	0.369281958902435
-0.267898412503866	0.09934720871268
0.139929266402525	1.57217651070854
0.119114123265072	1.00841233814887
0.186760154887637	1.57997005601543
0.0700774662052016	0.385718742827025
0.106426582560408	0.590677654904666
0.108937904952314	0.579513501818481
0.184329181664728	1.21557949294253
-0.126746875768232	0.718339925015736
0.20502926800032	1.16839185197741
-0.0910468156170134	0.255113810459151
0.264289439403492	0.777043458163056
0.045607427477251	0.0895333462392394
0.0492376274531046	0.111917036677653
0.267345794637532	0.964111095575266
0.229155259460191	0.652615476080213
0.648881522060761	2.42508618427307
-0.0421916436573603	0.0691896973612902
0.526110189368871	1.57346293067438
0.486336111619903	1.34905639247434
0.239847933234342	0.644797996877673
0.115028212985765	0.264573454476176
0.167001739491475	0.2637038886984
0.168539617327048	0.250340216902183
0.077050889052395	0.117867042993394
0.1011238701376	0.122900032315094
0.49622539771379	0.678743517739556
0.176913738939819	0.187475509191008
0.498421664836881	0.792691790418784
0.552014981352093	0.564831685902625
0.383877818020912	0.295770980409628
0.139974236881484	0.133769291769634
0.848184480402432	1.1242121034593
-0.440838496005075	0.436763295552843
-0.521448327231239	0.639446341100056
-0.0904646897534866	0.0571062377062635
-0.208076405884329	0.187518980541772
-0.502702401947495	0.526516140759735
0.291638006538844	0.272186910863392
-0.840960416282521	0.842387618328058
0.954249038354185	2.11901841736748
0.184355868957049	0.176750192553964
0.565550981101219	0.736200452931361
-0.50230243236171	0.525728161969361
0.083911508259731	0.0583843901144298
-0.0452409958991693	0.0476830216088248
-0.298658766957604	0.350609348846928
-0.0791423456086136	0.0726264457714824
-0.512693778454238	0.568801907750779
-0.553184860972637	0.57502533166575
0.848256615787112	1.12411062180641
-0.305841273087564	0.417639014296453
-0.308301949032269	0.377282441650124
0.0500379403417191	0.0611932664740891
-0.0112257702900043	0.00977693513171892
-0.289836048142446	0.368129148452038
-0.0112589285728626	0.00980263020260778
-0.13612221712746	0.106252484005688
0.376161752732053	0.329405467338557
0.244194942818246	0.243417968570451
-0.189333353006946	0.202484450904706
-0.189167650468629	0.202270216592119
0.466231074549487	0.838060231317059
0.304858688248986	0.442927676421916
0.0310494513800342	0.0361677345990122
-0.217621006253852	0.349861360747674
0.338406884064583	0.580619201382817
-0.00296201147922103	0.0032116583320083
-0.558308201319297	0.836088546919103
0.194623267854985	0.193218115729352
-0.676713400395395	0.7371301967388
0.566220101366856	0.560802262281264
-0.589410591970939	0.449187411027661
-0.567217070981383	0.302976841134835
-0.261005659983768	0.130412383864566
0.177451135058427	0.086562984345132
-1.01658089738214	0.72147104994862
0.152920153618641	1.70068962422688
0.100155838748149	0.763648633086248
0.131732738277033	0.901896021511207
-0.0133411772694274	0.0516909475954954
0.0388427071056497	0.160607258814107
0.0413053709761381	0.156272566690193
0.260507683142221	1.95112536587007
-0.0137527353194091	0.0414251118035898
-0.11589032330682	0.308826674844817
0.0280357132710199	0.0478806463585702
0.0107182738616115	0.0176632815164805
0.0375442654585824	0.0804244427422768
0.197860250785662	0.653564090082879
-0.0381380332844877	0.0724392069300737
0.00688801303790695	0.0102319176217305
-0.0196462301939282	0.0306498537030148
0.466551812598856	1.29894912747051
0.205410816273749	0.406628978177849
0.237499850988594	0.459119946958588
0.258709750430806	0.664983720588419
0.831314573190433	2.48491974069418
0.501864698503972	0.991836800514798
-0.233778185211147	0.366349692783622
0.178396571435788	0.274831835181497
0.462658161032997	0.783481034816298
0.316565422935486	0.349442566402721
0.204094237315665	0.169614585765905
0.499557207339895	0.628841425899239
-0.804616199597024	1.16290986172144
-0.183057542126672	0.110908697512552
-0.710808271846706	0.478920031546574
-0.594348546631718	0.494129867678586
-0.237993100410508	0.160438496053104
0.382527532470341	0.308885845406029
-0.132650802271762	0.0821615834954675
0.577134515075222	0.371142630618235
0.0145589036742042	0.00858854184125797
-1.33307896174684	1.35465979760447
0.589287615710798	0.705573422283493
-0.00415250499829249	0.00275899548902322
-0.489007348668273	0.48091724621201
0.371420263840989	0.398919571706038
0.0720963770818121	0.0638945106735944
0.949074427809092	0.53756673399302
0.730652607132442	0.833033007010084
0.683354712289739	0.996272198271327
0.0850276963755949	0.0839228223724493
-0.178377527264048	0.161554902288289
0.148223350649456	0.0979479946985374
-0.276807588009665	0.225956582664324
-0.676579205587416	0.692046508685252
-0.0806638071090337	0.0818486454323527
0.123140188577088	0.150287092992012
0.150434688157894	0.174591010261665
-0.929093107107726	1.4995797425676
0.161817672381488	0.144280722509312
0.872098031385266	1.0033726816614
0.387593856631854	0.252683311528115
-0.403127433662714	0.289511369905606
-0.74506317560029	0.804626037596001
0.454796727551543	0.704127402127821
0.590260234503226	0.989128710457137
0.368572970929319	0.637891787935155
0.235591721329001	0.266995466512751
-0.410883515852546	0.702804073328102
-0.0501612217078172	0.0589488013019313
-0.297846376119292	0.392539024906344
0.235590601496747	0.266992766368973
0.840476292194213	1.26583218891985
0.447557642586592	0.468858380311363
0.270795186143112	0.198676862659229
-0.764125786115038	0.722538763669694
-0.380869372819304	0.179861937228571
-1.05687395339228	0.477626718123181
-0.380397274173531	0.17962556370942
1.15981257643962	0.755836645619942
-0.774321596359779	0.299648367381542
-0.268176488861268	0.0994332535730212
0.102265223665459	0.95606679195658
0.075363602910893	0.529716310553544
0.0947208022790039	0.556418010032681
0.0900551650971426	0.469917825626577
0.207234349194837	1.43214017754563
0.254441048773328	1.95679900160722
0.166195940280978	0.822133632469675
0.058293387063906	0.134968891618538
0.0664211073097227	0.135328471903822
-0.0915107274250113	0.183727192000495
0.111435406339476	0.288519550173415
-0.0415933390917371	0.0977546603360225
0.298482865234964	0.979880723069316
-0.0267526896137491	0.0419742823027142
0.0933362507822053	0.18301310433692
-0.224798829062942	0.500974608836072
0.255755434810464	0.55800900683209
0.187524492027869	0.363248744205395
0.272022311296801	0.533820036981998
0.21263231587716	0.464719943684043
0.340209825626291	0.910105668629523
0.242126601964046	0.706628508601902
0.11399043980427	0.229182232152132
0.169339877366736	0.360945307894843
0.202013175963406	0.524193661643248
0.24806329277651	0.721804637203941
0.34122303008791	1.13752562581198
0.415298491852788	0.991209683308449
-0.486945587347989	0.911791736705863
0.0875387954255554	0.113042730233959
0.208884271108694	0.382787489506894
-0.175103665985467	0.218447786423769
-0.670431458616239	0.814631164388283
0.205057465181873	0.210621602349716
-0.243227553461036	0.260263104460839
0.50079592777505	0.630943807169857
-0.583738662102211	0.402910646748487
-0.00944210803001158	0.00435285388480575
-0.594219105288318	0.493893922813215
0.497393236049309	0.42089357808225
0.281091608857956	0.225932177886444
0.176573421988101	0.129204949233631
1.34620537580095	0.993289491935653
0.466255069750697	0.442412029365571
0.486949714206564	0.42950494394205
-0.0389406920556623	0.0314634355643513
-0.0277140373178624	0.0181296057387331
-0.752642225460926	0.76258516370603
0.296523215467511	0.286807090011882
0.13879968625642	0.114648840429439
0.176213427874179	0.128904618524784
-0.803816327842322	0.647474063414519
0.693399006747359	0.985771434008562
0.22038021475654	0.264891906081735
1.19291791181914	2.66153440463256
-0.930457502833114	1.16472015721818
-0.542746652630196	0.528719994557603
0.382840458450692	0.309200110024994
-0.995779416354872	1.60425937293508
0.0403974349012351	0.0424793090464183
0.111539643495147	0.139199385848584
0.219009392168566	0.262879347700587
-0.338279974975765	0.414728793676382
-0.60542057384777	0.584862805029461
-0.402844655481186	0.289251063253304
0.620242472425075	0.549028494188371
0.275860085032663	0.212153816321576
-0.0185841099793876	0.0170944480298864
0.130359064823082	0.133374944690497
-0.403480574980463	0.651564419732002
-0.371860338193657	0.563687071871541
-0.234087593468431	0.366979276955158
-0.0838410864522024	0.109601707486934
0.125459009752469	0.145285621130238
0.499171378564307	0.811999292551116
-0.320641426433786	0.323113594969733
0.00292857068275814	0.00220500717560799
-0.175361739042843	0.0907356261538405
0.535478550355616	0.390389053992615
2.0780866984387	1.40826804672574
-1.28125729906157	0.423890911380227
-0.380161633544041	0.17948761865025
1.51149560952634	1.24341106720214
0.139546267926307	0.0605795650328935
-0.0266174972999866	0.00702719711458675
0.124058534827845	1.26942535613061
0.110256443224557	0.880508064939419
0.0295683097134004	0.135436792837987
0.225371459615333	1.8483485463843
0.0967969522072999	0.513528238685403
0.190578383999003	1.07805389890249
0.464994446495673	2.54384953149646
-0.155607861671202	0.365864061476203
-0.295044100405422	0.79780708667713
0.198071177157071	0.66483427864852
0.252681654846482	1.00066008026034
0.103256079736253	0.260043539589603
-0.765749903893463	2.75202730235452
0.227100395306021	0.584153992814656
-0.358295020071566	0.957625708141652
0.307365821040272	0.785841088636504
-0.534489332445919	1.59204980255088
-0.151750391643312	0.261653287285464
0.0970723490638312	0.188898118502718
0.270412907451915	0.72637577184728
0.0451739952324996	0.0809024710785011
0.0485096661203167	0.0821836761655797
0.434588468810712	0.907755975309155
0.107516625297772	0.203557540511
0.707199343238939	3.52488531756671
0.164288830800763	0.40734257314603
0.237361885228393	0.648219602847546
0.502530262661436	0.92577339379121
0.196775858831973	0.279520487841253
-0.324528017424195	0.634133962233045
0.276855946806738	0.400664888726184
0.306263385057565	0.317029402589072
0.947695980262435	1.43543393329746
-0.115586448434305	0.128036098763839
0.016040660460804	0.0152584641559949
0.276173080972458	0.212446584866811
0.0949360915037404	0.0358894067913074
1.47703143981279	2.54681260088591
-0.530951891063104	0.482744315572675
0.551362573635133	0.564082442963531
-0.907842258522156	1.19581791817761
0.251795473792043	0.165581088300905
-0.255633993975808	0.259454658056368
-0.780042980778345	0.68355310548892
0.225281906559393	0.247175801191708
0.292356011917307	0.273097620107571
0.0725598548901306	0.0643069098946255
0.172842463917834	0.159859987322416
-0.489631046591147	0.481742147419044
0.669048754373937	0.540150043984489
-0.0563073961780223	0.0362107179179434
0.306059996043271	0.316730494096402
-0.0376296482979955	0.0346037996170491
0.138103182402656	0.114002749627772
0.12642908399265	0.10036325372151
0.871470783622208	1.00238038482427
0.60048024608633	0.553574964533313
-0.126381762685754	0.122361964767645
-0.387104301956252	0.533774187611636
0.299314992185532	0.424494313002212
0.183784673861284	0.176171882998222
-0.82894812870471	1.29227449656238
-0.605032628001941	0.584336660195455
0.741134278438358	0.536608554030403
-0.189717295137325	0.13012454864072
-0.369350036503293	0.29394365885113
-0.164556115283902	0.175740267606878
0.356860325307918	0.48403600103983
0.309835816166782	0.460470647786901
-0.0433995960546027	0.0438917570868781
0.0566802918605938	0.0735002195929418
-0.021378375828709	0.0258227894443471
0.175401736371741	0.232593378096471
0.392635069404457	0.656934942816716
0.126600571787117	0.116691144773339
-0.132960124317635	0.0823611386882636
0.0840181409468777	0.058489201186154
-0.429808505204073	0.3378312588723
-0.162589593041714	0.0666885295531258
0.204782278761753	0.10897813602081
1.34001374156588	0.784585581898742
0.0385046796022021	0.0193222835158365
0.0660747637315169	0.0213259005085459
0.195088131701133	2.64227381482699
0.0855165826798081	0.62441479617415
0.152597732045161	1.14781856764526
0.156254424120683	1.08008256879764
0.235434173777279	1.50348113437545
-0.141971114668827	0.39920026731195
0.0857864854271846	0.177775514073446
0.100045182623867	0.228839313553833
0.178379230112199	0.600178829470656
0.0684698269814619	0.198530643291522
0.0238911352974003	0.0505400551644711
0.222506985680887	0.549230636044143
0.414245450056424	1.44626331148001
0.0178441587038601	0.0312401322231837
-0.0395417342711287	0.0719803538727151
0.036621315791923	0.063014527671977
0.132991040004425	0.246644205498395
-0.00429620562514006	0.00701123398997825
0.52194327194499	2.09119056404733
0.228742262086497	0.605517283631868
0.209119062015282	0.531516397028921
0.157806449220094	0.266883955113416
0.20240762303344	0.502939031707667
0.0957005871332123	0.19813086085208
0.233788229350355	0.615159748586978
-0.076494391310901	0.161077532725676
0.282886643258686	0.821192189853177
0.219923046138806	0.593033811467271
0.204293579504679	0.434225996000849
0.368127442353128	0.915242621412214
0.362303651513955	0.60326080347861
0.0591177458104365	0.0740155790622039
-0.18290196596778	0.319885225016484
0.964180472111327	2.29363741198544
0.0699171972407858	0.0666272774032439
-0.225908439099994	0.229761257073911
0.495706112232252	0.696383202433446
-0.164638919094436	0.126913114107383
-0.842033275050504	0.844165925457401
0.390000261090532	0.238107487803636
0.280306236498841	0.225230218377985
-0.369304290447852	0.294040335067462
0.262118750030559	0.182524474742875
0.0838220492687168	0.0583480394496091
0.391384554727952	0.202001719148307
-0.336296583503201	0.245272834745686
0.0149381467454741	0.00881173770609115
-0.272829062594183	0.291820370126126
-0.675473809695277	0.690272960495357
-0.413585790141335	0.437782832962472
-0.553451267627341	0.575491654858796
0.452119909378353	0.458760410315075
-0.452152147278574	0.385309886458356
1.00804526887778	1.05024028189199
-0.22594740982844	0.229868638510906
-0.0620490205686499	0.0629011949261273
-0.135288035834602	0.105562646109803
-0.803678350860096	1.16061274774378
-0.429324709749867	0.337208524258584
-0.091648022391715	0.0578888311280057
0.0994723060805163	0.101610750650863
-0.711616358455239	1.29580380421817
0.277792575478145	0.364320317306409
-0.567069569029784	0.694066095976588
-0.63996928865495	0.961063111523218
0.538762718306111	0.568941942880995
0.0146303928675058	0.00863164162002505
0.508065342683757	0.4109355741811
0.0168672610164875	0.0116996449086102
0.673897686309909	1.26418264297589
0.503268520668998	0.910187516529139
-0.192431169815531	0.26573138853643
0.0693280380486381	0.0816275355721857
0.331978637564828	0.54843492857186
-0.900298394100117	2.35661487265112
-0.314146149397057	0.528757823019532
-0.394556513510838	0.581936975573896
0.695057246196486	1.198373552738
0.173236040855924	0.160262371683616
0.497733041359186	0.421130104415035
0.284227587487149	0.237912197225446
0.487928480025754	0.167211262283877
0.139463644508848	0.0605729772356124
-0.767153048433457	0.383416575842762
0.0942251643163187	0.0356183656244097
0.15750272141826	1.93688766245127
0.163101605710057	1.71966490801721
0.160699173124059	1.39354705096833
0.0488740338118846	0.207368551784116
0.0958265177011537	0.316399571921579
0.105740155399412	0.295754488424292
0.183591625703076	0.595544138281722
-0.0875376696299463	0.269621428641355
0.226722490466709	1.05340995135506
0.0508242894665489	0.132896177348712
0.103887710592274	0.220588694130774
0.155227467977834	0.359723544841567
0.0825785376309537	0.179367786794268
0.120565002543733	0.264597639664503
0.102852890747057	0.207419051859657
-0.0350650470830904	0.0635871646477332
0.00492860278677159	0.00871034237882732
-0.0967955656153369	0.22304501690504
0.0905111093622094	0.198479349550507
0.323902383187027	1.03714006869229
-0.18924676980365	0.400825796261169
0.48754968100107	1.43975344149474
-0.0111742359547232	0.0213920237633575
0.304442654286964	1.02471280998816
0.196119515769263	0.562622897485266
0.327722040818858	1.24237766998572
0.291890468303491	0.902222688156593
0.214389029226732	0.63303976422393
0.155232654867897	0.414214365133633
0.295802911485743	0.844117043033996
0.22950529859549	0.494622150641244
0.46339625947462	0.976280291245332
-0.212220956467811	0.383490131943964
0.00867489161100928	0.00958654838936908
0.11292621414748	0.126885987675299
-0.592654537419013	0.91978043778482
-0.330116954267036	0.451791427699379
-0.44890941857978	0.599419149427903
-0.796645230122671	0.958051524209875
0.196716453135412	0.157089257100326
0.0689510376321385	0.0544675680211001
0.227608598013229	0.211450586160787
-0.148097294189565	0.125680350907985
-0.0730403937868004	0.0630134829911458
-0.994407130013125	0.914752070973412
-0.0309098781032161	0.0268539427322056
-0.254777368558481	0.258410028670287
-0.0308229463979957	0.0267784535450918
-0.0172038504397411	0.0128067649796007
-0.722323474880927	0.918933935943413
-0.272556187987044	0.291462595439466
0.0534567373696294	0.0490988446199806
-0.542025168952312	0.527515635237106
0.376694984428692	0.330069569360605
-0.0583420476303828	0.0536455576402141
0.971323285195361	1.92077746972001
0.765160533566166	1.12044735064161
-0.0172112660960236	0.0128145827066134
0.204156774948166	0.169679403963637
-0.916079386594045	0.970413901530199
-0.218116940115039	0.254702856192223
-0.0503332764295873	0.0591628061059375
0.0855472535097295	0.0844880920944728
-0.603158649669614	0.873200339839174
-0.667198738001568	1.0731871869651
-0.109098020546912	0.0860571669670561
0.871435884289141	1.00238907398212
0.0684013353476233	0.0540135586605082
0.12887082915033	0.0803325775358216
-0.227382570127051	0.296397914496099
0.240003749039028	0.336777653796359
0.112056271363753	0.13986302900171
0.380510934905375	0.779562490439428
-0.286555485274609	0.531071245712033
0.138675237511307	0.209746063350432
-0.380103067201283	0.788202458406168
-0.119729587600327	0.157624823466271
0.305538785720237	0.390862426630739
0.127179852631365	0.117275920367394
-0.0277844253664113	0.0181751547174655
1.17380783427644	1.26855358044645
-0.545605154857059	0.237882146738373
-2.8075714884133	2.09897900963737
-0.183746834542521	0.111394138152612
-0.0745777932077385	0.0328212616705726
0.0656021263019581	0.0211763330807978
0.155262843354535	1.8282099172992
0.174782018980026	1.89854603080702
0.146995052015927	0.921848790862677
0.250127354087886	1.23072261695082
-0.150277005862365	0.440050177503078
0.0042716688226586	0.00869777717424734
0.0619406793941326	0.186443016758344
0.348691986383637	1.98699875341036
0.217624268576354	0.791651866307681
-0.209475824681557	0.537698509825616
0.0251534876152854	0.0502347241658546
0.272526387821311	0.800712890687848
0.300290660790604	0.965906531294672
-0.0108268877176512	0.02009078590074
0.230395675512528	0.58309352924627
0.00166816763320945	0.00282099634180735
0.106187176987517	0.234173915556538
0.0672116021352441	0.131911318067136
0.419694504315992	1.62086725908475
-0.0340083801949164	0.0536532734038242
0.361798979658331	0.766703231899304
0.00133056233071156	0.00204572132275419
0.167874740590712	0.413623413730936
0.137669521333502	0.351289723441196
-0.122665315094039	0.301766153542475
0.351652341859107	1.36229162563784
-0.0264722641864336	0.0505904245945914
0.424376187571304	1.70529406455263
0.242171905127247	0.726453923747128
0.467077566149777	0.915225939446247
0.176583529097749	0.288601145385436
-0.136629241238231	0.224786012341447
0.669862946092254	1.28135693512036
-0.189669448075143	0.20289328984924
-0.123608633061859	0.125823130213664
-0.578498814967969	0.984057381926221
0.9131335234023	1.95072747274389
0.184315925631078	0.176755256889839
0.0423417886005068	0.0265319570910361
-0.369354304797741	0.294102179229655
-0.377314587964031	0.353077453247279
0.528666821770409	0.575130936092716
0.148896861684381	0.0984347259085228
0.520611776035915	0.400681908310448
0.528195288313593	0.575051851450697
0.195760583245764	0.156232811625153
-0.0177571363030978	0.0132192563327158
0.438869132943259	0.504331353442976
0.756074553983463	0.96926424393391
0.102473998528571	0.0977589483032989
-0.207946456342792	0.187407019108184
0.235290180388474	0.226336971545265
-0.197335398925772	0.150185573123745
-0.847140325619411	1.27196185880389
-0.474891877636232	0.556617154698591
0.0656275278949389	0.043456549354034
0.778685749804518	0.972167230716679
-0.108442086654261	0.0854898861357675
0.177107847021594	0.129672105477483
-0.298029308194714	0.392836995581166
-0.561343416449032	0.811310694152199
0.501222141423235	0.852210914060062
-0.228918316337794	0.277967832704807
-0.598510216629576	0.898186707608315
-1.42475847490418	2.8345243629822
0.276066151485078	0.212357847795175
-0.610124826887325	0.628916405413307
-0.337344475634866	0.318160413203616
-0.312886828165707	0.441772422127548
-0.490404243130268	0.966070870638376
0.399970524488706	0.709398182333489
-0.766505906520901	1.75118959828898
0.00602724224351127	0.00760296510559709
-0.278245230800638	0.502266917764298
-0.0574043851578242	0.0722135349238077
-0.0536400327302354	0.0739192287404146
-0.175749279727233	0.219429582264626
0.284070997363457	0.237768712418073
1.13597423459202	1.81661736250657
0.270594575132314	0.198491004221993
-1.52948226788557	1.22020713618058
0.424651933165981	0.170730285299299
-1.25533348382519	1.03772178356066
-0.163205072431132	0.0669638123357172
0.393816441249679	0.180813304476849
0.113620712435662	1.14367631259167
0.138948222608918	1.1870313169966
0.198019964974828	1.18717193904306
0.0752697320343573	0.232906560831515
0.165284948750977	0.59207973149794
0.416674549000353	3.19686088299875
0.167477604201582	0.75805222304764
0.0575547718303635	0.172387677202529
0.112667309934558	0.26479243551817
0.182916102105093	0.530993405422887
-0.623463658201313	3.29761798305934
-0.22964112327739	0.659601938442059
0.482217098726884	2.15820670739119
0.00215185825338675	0.00396739896919965
0.0175849153700597	0.0350330513404975
-0.0364186516642138	0.0809170224575502
0.0432840889783916	0.0975400259303036
0.0876568686816812	0.209000148050515
-0.267543835789495	0.785527562143269
0.264473130022255	0.593938568619438
0.127225879490137	0.280443295517314
0.181448803585301	0.522986911445529
0.434252920927937	1.96687373807905
-0.148514184989783	0.413794170028462
-0.0202358453981595	0.0402763502646582
0.00967982192648714	0.0176887537803254
0.305357457323959	1.10568950784848
0.0247523701006521	0.0504306774642381
0.251895510671288	0.762362950721712
0.176796630558685	0.395191790422871
0.181021275065708	0.379670053643986
0.221768431730628	0.376013262551091
-0.756188115435253	2.54404045900894
-0.330179028351461	0.788516771852221
0.194373884608803	0.296233675000378
-0.318730441099021	0.464906145553634
0.113256376688551	0.127298601014383
-0.0464151518289268	0.0508126607000821
0.0704230784748521	0.0671389541755975
0.164341493456543	0.114613710937439
-0.987055281374276	1.10203603347082
0.172584530415878	0.159585899365247
0.507770764517833	0.60431283216916
0.452231020670466	0.458975041765634
0.215749657162871	0.229215128327138
0.85933376185246	0.861226086544678
0.212410574967708	0.183368465085378
-0.47443883766886	0.555986520542903
0.139872198429624	0.13367966260708
0.503369073628213	0.61658760864335
-0.320624677731763	0.323119205471864
-0.28145712621381	0.382884212569448
0.446271439041872	0.625242553508374
0.0831632410048867	0.0683197504075065
-0.542634063519929	0.528543707163961
-0.828767826025004	1.29167733439011
-0.0308519482584067	0.0268041336025035
0.292274375958574	0.27302401181909
0.293060401280069	0.27392266061437
-0.797110018539833	0.958977782644742
0.0523347793199822	0.0396437954275858
-0.547752815211677	0.901669441549961
0.0139866591389606	0.0150771691551824
-0.133191755052418	0.175848985820874
0.500643944029786	0.833391904243854
-0.0808372585160385	0.0820437503599009
-0.234329846934813	0.224735433894319
-0.1325426727139	0.0820897800198128
0.0689510376321385	0.0544675680211001
0.512499819096707	0.592127373638318
-0.28014640047447	0.380392308053908
-0.0266559483151288	0.026908134264022
0.235546174078319	0.389753836594225
0.179500720677938	0.258551318740879
0.483760657142985	1.1667395083607
-0.159206395144655	0.245647436992924
-0.219693821326025	0.343274721062017
-0.418360009424902	0.755648187742977
0.0867317463760376	0.0914968145226637
0.80572393895687	1.27209855467882
0.113745296197309	0.0866213682968517
-0.489215136630966	0.481206227258594
0.390304884471453	0.238280062944925
1.35752436111115	1.35156406927481
-0.0748873517760911	0.0329589431209806
0.039005143193372	0.0195677906296211
-0.26099930255507	0.130426753758032
-0.432098865615808	0.139747734639603
0.158367632736794	1.94525239263442
0.155129488245664	1.44129340887941
0.0355365051229843	0.140292996150671
-0.0554236150437455	0.221197992771842
0.074270668518068	0.328885903030736
0.0978300590233818	0.471209655302672
0.139786634484257	0.723928112690339
-0.21577554302052	0.822240787626154
-0.0408999594658459	0.0945864239958374
0.0716133153242211	0.154120197067447
-0.0195264982274613	0.0410198488940988
0.272845729373586	1.05799174708732
0.172366177745355	0.498277312908841
-0.10281260308996	0.278296015130788
0.252989416447289	1.07350016259114
0.0318418052452253	0.0818008480773148
0.148810565791201	0.521890074299086
0.0651469969555216	0.197664537915186
0.251420386657184	1.02046216980678
0.0496574000912838	0.134304253113908
0.260415545472224	1.02183612403102
0.0641682452559447	0.171969621683137
0.0503882216848644	0.124107099643487
-0.0448175347247853	0.0964049894053905
0.548442716453785	2.46667999547375
-0.3889001931797	1.37107166549646
0.0340521092339609	0.0654434700159545
-0.0609650786766135	0.12619300924233
0.358875228469155	1.37580675988355
0.233310071087624	0.629453109523964
0.125529778493341	0.289156095131931
0.197878883670321	0.462262852190448
-0.439517369733464	1.19929193768624
0.186548735421186	0.450095229726267
0.208572967104806	0.418302103926205
0.191975903280058	0.311562563283045
-0.183766783637867	0.277329819373222
-0.469906002912252	1.07812619913441
0.32522325104671	0.516795419802298
-0.318528525447778	0.464507629629212
0.0997558607745559	0.108610593696052
0.437819972350591	0.518022882460151
0.496718198937643	0.698287447626118
0.127067320071348	0.138716474488608
-0.0518467897589601	0.044923894292917
0.25203819995633	0.165774327552601
-0.163325721706461	0.196415961163144
0.00146873332475316	0.00119818033930309
0.550759935003811	0.79717736598111
0.0376051548890936	0.0332925872700627
0.444062482160264	0.605770580872047
-0.0228624540822824	0.0220695498635776
0.0855658825179841	0.0845044856104844
-0.483842276512263	0.621262693613977
0.0720143929003882	0.063821740780882
-0.143816746347045	0.172362258953772
-0.423415210372778	0.626762319147087
0.125413497616718	0.145260665165366
-0.486365603517643	0.724633844700484
0.444062482160264	0.605770580872047
-0.572955075566406	1.00101202711225
-0.0787738880949887	0.0963637407260996
0.0800801674211647	0.0968305513756207
-0.0092376602672333	0.00928951789865924
-0.0490295300146758	0.0575091260107356
0.361459859136801	0.50313086028576
0.0247812551396714	0.0227475738334006
-0.616478247530034	0.752265529282148
-0.287572520245913	0.32294820543569
-0.209793981343072	0.290770359604367
0.140918403345752	0.203297742843225
0.0344963199826557	0.0373474706854846
-0.105360179800368	0.133787254129439
-0.0217259297162958	0.0245115118148756
0.17867742884865	0.292694913909451
0.337664948362728	0.578869589463949
0.227633280887385	0.363748856530283
-0.677860983440136	1.53586393881669
-0.0473771498559366	0.053744912427613
-0.218285396188481	0.254913717704642
-0.0964021776972836	0.0827923657965881
-0.0611287285596419	0.0444525249683331
0.0838220492687168	0.0583480394496091
-0.3248682051793	0.187044085322152
-0.110117514015443	0.0589727073849
-0.779828548821286	0.683185511665193
0.577270873492133	0.371254771874101
-0.175170088445739	0.0906363952817211
0.520746875925541	0.102302512051832
0.144822832509062	1.68215224609054
0.184412800762515	1.92410106223613
0.172384175089837	1.50148486927056
0.24312712796169	2.16017435048119
0.162982624366666	1.12343003814759
0.049067337723899	0.228922589567494
0.0487188144010912	0.151146160881432
-0.0104617325775169	0.0229503108485647
0.147837691613514	0.428794078687149
0.0673341685239013	0.185547804646869
0.171449851523055	0.656722532885222
0.210215202567141	0.743476498280389
-0.0770684275967205	0.230104811503207
-0.179304961847936	0.679144494493601
-0.10222101974084	0.324626695190002
0.19438674955076	0.906174265195536
0.0745086764638664	0.299825442641436
0.0406010426935704	0.134911440808072
0.2802794506634	1.42469046750116
0.253756092726572	0.943059927020275
-0.0517628440110506	0.122491152165232
0.327147492214811	1.23910009705532
0.126482214616182	0.301291758960779
0.17445609547162	0.413517422762905
-0.0908633866170752	0.167008727637592
-0.0797351582656194	0.122227049560265
-0.167091981698625	0.301915069464525
0.330488738160911	1.01237440252457
0.201076530107979	0.498507690115044
0.16171795213541	0.390179629531694
0.236751179802308	0.745597606690152
0.344165393335181	0.98805796884798
0.163208963205631	0.323314060525216
0.0431078811809938	0.0778815550977462
0.0721497160316946	0.125773320812689
0.330748490174423	0.791439434181144
0.312318386953764	0.623864214843649
0.344083025131562	0.620456527914677
0.409516114567042	0.894502355277251
0.622852474226297	1.62243698358521
-0.281447939303272	0.382868590495436
-0.213308132172056	0.314183615633871
0.208766246088222	0.2647743082773
-0.486382149622473	0.700351372346101
0.579636454510877	0.713713054667147
-0.242118903498498	0.28294002829251
-0.712629649795082	1.14923766208139
0.140051838385053	0.133880718530801
0.786841481659721	1.48626193375841
-0.198197242930374	0.201853907845655
0.765750691377242	1.12164848083734
-0.197717782528817	0.201306814532599
0.16745394910007	0.264562455594654
-0.390740923074566	0.739730733499281
-0.229787749420083	0.279289444490697
-0.20438271365004	0.228614784353575
0.247732585436662	0.392290337388278
0.16170565023566	0.25083198885495
0.56314040258714	1.42528507663528
0.119402815305607	0.178744772200262
0.207100716446798	0.282551968646197
-0.38270821169345	0.50890910451291
-0.619049136294768	1.02501031420242
0.535858166227213	1.06480266144039
0.151828710008403	0.200181004192435
0.501804036402513	0.940885470591503
-0.187014976796849	0.241883892118547
-0.348489470465207	0.526529320123015
0.0591745408522499	0.0740852000058317
-0.224846449779882	0.408752178596707
-0.347634337269605	0.52513827725158
0.390231395796122	0.640148339596779
-0.34541530838733	0.44065607964949
-0.67662056676001	1.05360095655865
-0.237036109668036	0.319841549693667
0.49825221381349	0.792251505851094
0.794716181003722	1.68776976001556
0.221730229962363	0.317095001356802
0.174275762880443	0.230817706783013
0.350359381537653	0.462004123031378
0.172809474716596	0.159821526264043
0.259612375965738	0.276562090474309
0.373687890644904	0.41447262879752
0.0431827008011555	0.0270636722647265
-0.20793674337746	0.187385725329796
-0.949210677748666	0.940097952737352
0.859830987350365	0.861751733762828
-1.65786787362098	1.06682191543784
-1.01669312164564	0.72161117761482
0.178847302774859	2.28202705552602
0.122138834350239	1.18966296882683
0.174359297476195	1.5054165342133
0.0890428761498107	0.531162649524482
0.0822667059377693	0.451422253702288
0.246588803846431	1.35569216939461
0.307667678874169	1.31520722578028
0.260175831084433	0.992737420241384
-0.020382100233207	0.0505485044699557
0.269580631835151	1.33341855249089
-0.101353250696549	0.277696999025916
0.20368907860663	0.77837670409261
0.147378834997097	0.541245208587236
-0.161354052581533	0.583465058764824
0.125696795883247	0.475277956675817
0.0551087266889029	0.187052500464597
0.150348521965777	0.580002124393856
0.0296197485310986	0.0764891857843515
0.172550040002701	0.534151526353972
0.0309961635986678	0.0670612326658402
0.249214770376439	0.709109017996302
0.0282667523353828	0.0509719140867209
-0.162172094916156	0.359326972037473
-0.028132905208878	0.0410484177037746
-0.0277943326848088	0.0379286274447484
0.339087542945092	0.71156298936509
0.165319584244215	0.347548334259354
-0.155625205416689	0.322021707293194
0.265140900335071	0.650344330632168
0.121160655520389	0.25308600855291
0.336271125718662	0.880247169403369
-0.161954132348828	0.280623033781294
0.0511321905137365	0.0824295401430844
-0.0474251744371133	0.0728477797519235
0.505846385677498	1.48716759702269
0.208970139177022	0.309701602605898
0.181938211104878	0.230010203109378
0.238984710281682	0.364236411446941
0.156372975297932	0.223192615220709
-0.0131085886903276	0.0137182484705971
-0.281763352596791	0.383354476914799
-0.195596938079853	0.245026961315372
-0.0811840366909631	0.0824287863331928
-0.56116270664239	0.811157041486362
0.695804635978104	1.20037648977053
0.648354033641958	1.06618430373005
-0.17099894609537	0.198424159204905
0.356136888027251	0.482801013968175
-0.425498594340316	0.475360961530323
0.373379469894533	0.413920303894884
-0.0117699710310024	0.0102480220042274
-0.305171115484956	0.416498922119832
-0.0448828987107065	0.0472943903127517
0.0542447983548201	0.0588506935623242
-0.17990406992416	0.200831861769384
-0.151495460661538	0.194538094583702
0.0664727185521318	0.0742488918630206
-0.289981308253042	0.368408718571324
-0.325031340454366	0.489188139394087
0.450182006521122	0.663731345616695
-0.523981697522507	0.72907241412408
0.639039514550822	1.09878994492663
-0.336437092133944	0.476243151347104
-0.217238690054982	0.273196249496564
0.119952657798616	0.153330069951403
0.00876948514508309	0.00969170100506736
-0.107099098616314	0.131867196008528
0.27913853725628	0.520263279678003
-0.0285945062861478	0.0357862093542673
0.0806943674355726	0.0975757359157515
-0.345929400921797	0.441622914756828
0.189066614174092	0.207141432631364
-0.397187704853468	0.466849425342554
0.161500958976915	0.193019050488685
-0.521587072046783	0.639750003678528
-0.180927277039774	0.202129706724338
0.00451626765965249	0.00531234279567982
0.270805824039019	0.345687822530992
-0.2821846685161	0.420922548606983
-0.82973003983766	1.2939706466275
0.0520986171469189	0.0394593049959437
0.23522126936197	0.226307493999189
-0.375144153731149	0.39858215176843
-0.421182750749987	0.390347894727269
1.06319269800709	1.77592904933145
0.383145585415959	0.309438172177069
0.0953113330282808	0.036023880282653
-0.162581625198358	0.0666794216166825
0.149557323302925	1.81192342104442
0.117787240621204	0.921273302530773
0.335617546704039	4.17972521830828
-0.0266283085718591	0.114370500817437
0.083816005453751	0.310436638840429
0.27783295885953	1.20315178004816
0.0206799123005032	0.0514136310343713
0.102786916765028	0.312195329615422
0.107082703899844	0.363920850010964
0.123652014418828	0.389219208896777
0.24116157892379	1.03897439992523
0.0783243158960497	0.251518025097803
0.137852686276168	0.487709250585622
0.26746744523121	1.36598964910988
0.0573632256059992	0.204796565838576
0.0860751506705553	0.283646793181933
0.116156101013498	0.387500240816163
0.107514880384467	0.298735554589955
0.0268186050975435	0.0583612035438813
0.422462824371519	1.80653548367785
0.237583908322379	0.665201092952669
0.213683385242241	0.564122259613142
-0.412376460068749	0.966993724349462
-0.113765978955426	0.164055951681786
-0.525958391075128	1.31828384463041
-0.0598083346835397	0.108334513781157
-0.0995587828516368	0.191856934373839
0.0457503512351327	0.0819855371679468
-0.0616779250167104	0.13167573538223
0.479425407189829	1.60890059173312
0.240831594073485	0.405731308843311
0.00465443466331639	0.00699630755757356
-0.0172849253333494	0.0264462277617661
-0.137990008085387	0.245352093962365
-0.581082944711861	1.3890417078635
0.0697129352964137	0.0858957417577925
0.174522006899897	0.264294361406013
0.461963448069638	1.02710281375476
-0.210325784102419	0.319068750917091
-0.126172894493393	0.150768685495499
0.5413347089311	0.983566569556875
-0.484721894916341	0.64770826496994
0.0217312515912654	0.01710899914823
-0.249253504225464	0.326025466985461
-0.517220402273714	0.823675878558831
-0.298656221677958	0.350593521384858
-0.0964105161039328	0.106490258311052
-0.023030993816026	0.0222345426094173
0.260330947767991	0.277388706183082
0.143327633768761	0.151617977577807
-0.151495460661538	0.194538094583702
-0.226778003201544	0.315139882680152
0.25442775096012	0.34157973804108
0.161494035871216	0.193007943931213
-0.63636729458693	1.1515891096165
-0.0162598612102089	0.0176672603829602
0.0511024442140121	0.0625572586869354
0.406795602131814	0.841609782777888
-0.663730458435223	1.23611411476226
-0.568107786749178	0.728665832659222
-0.263545083570592	0.333504514424266
-0.375653076434663	0.586915170563599
0.770710515346356	1.91700074837097
0.603735865462233	1.48998637668063
0.571959196279075	1.1638403347761
-0.485252135673733	0.884745652838955
0.0298455638917497	0.0412668352916821
-0.193328401793688	0.309161969097575
-0.0872764660016437	0.117849325245643
0.361487868212305	0.601318160304986
-0.752955478682621	1.37460438202055
-0.157184470992384	0.17508534723033
0.0537969557005812	0.0494307743092246
-0.0186508933538012	0.0151632647103264
-0.270052488130609	0.316566201868155
-0.36412641314111	0.70304848673451
0.0793392898899735	0.0913112430144123
0.318897507683495	0.430960317455525
0.291903324687907	0.403457742417673
0.339391356157844	0.423049247296179
-0.440528546317008	0.541305481200084
0.155774124881572	0.170285527661331
0.898734527819717	1.42575872699323
0.0689510376321385	0.0544675680211001
-0.744647808558022	0.803822768806189
0.393816441249679	0.180813304476849
0.393488968737649	0.180553203460262
0.121866429478149	1.28049820231444
0.142913813928736	1.45566313633615
0.141879966303666	1.13944751504719
0.257093206823102	1.52523450428419
0.268658040838382	1.56864544938365
-0.0782915025294444	0.251891606204061
0.117734809063182	0.442849859818664
0.0185937539324266	0.0550109223570274
0.249096749251108	1.07425417141313
0.0703075961804049	0.228147880116319
0.115330425432082	0.444222095655487
-0.0369281903940483	0.11597750390807
0.0547678261126276	0.178890866997475
0.0449143525195366	0.117809594606281
-0.369352538337622	1.32064942163482
-0.209162976250322	0.634566111208681
0.0293897772163334	0.0722309645216937
-0.291498269035381	1.30371977920447
0.185341880000336	0.666137241424754
-0.0171409550386478	0.0376308610971282
0.125347830146517	0.311587018058859
0.128797193184857	0.31431561121637
0.0845317725638257	0.17676872701037
0.0431329806445799	0.0880107339591498
0.274180271891153	0.81254340120735
-0.0709822378831524	0.133226452999647
0.104128224987207	0.210424313276753
-0.101832732991996	0.180111642891948
-0.17356128788468	0.320426392007586
0.205556302496176	0.452661058735863
0.22988690223016	0.431286884340576
0.791445614720833	2.0557541817564
-0.0914100018625703	0.111974783937182
0.0694365105345882	0.0855253885363631
-0.0202302240562321	0.0227947900491563
-0.338103848273419	0.414536197320473
0.000947541501112301	0.00077582333710984
-0.270251188119351	0.316868969520672
-0.108600482026307	0.0856337926523524
-0.0961911415950338	0.0825936262863916
-0.328938029915545	0.386400905523657
-0.0280515583992201	0.0183494065056492
-0.255160046366264	0.25893251641549
0.306331227193379	0.317111754588203
0.112659886522308	0.1000427821227
-0.605032628001941	0.584336660195455
-0.561268177846104	0.619373742099262
-0.345897832529586	0.441563253258189
0.220555026400188	0.265124086198186
-0.397883257960365	0.397098133662649
-0.518021645490528	0.605508100728975
-0.115907891636452	0.128475661022908
-0.172008624946121	0.175320924322602
0.246555441522783	0.322384326934015
0.376168122986005	0.430194912242847
0.503737698736207	0.617091968243395
-0.0382907724094612	0.0309239887623539
0.241328299113476	0.339234085258074
0.540947648412143	1.02154447849519
0.136514811988697	0.182901995356376
-0.198155945994583	0.265378499624038
-0.0442505126359675	0.0465884006174964
-0.48571932622764	0.674315769877951
-0.0122200016428599	0.0106405410282986
-0.204069063640237	0.196310221884698
0.82227401824614	1.11718603446168
-0.438739629686071	0.794378411681267
0.238667099922367	0.36364790773067
-0.216486736298001	0.383719344101189
0.313430233127231	0.542560853555094
0.11482582786756	0.169043422259837
0.0307636371673595	0.0386931704481565
-0.180728668809892	0.241208302651297
0.00515197908730077	0.00628314568724893
0.0329944558670017	0.0325268406413482
0.0355336690112428	0.0257928084137424
0.0536243766885643	0.0492608770570773
0.0354847998092343	0.0257560040986091
0.85908512035295	0.860814421652135
-0.238691528046219	0.160943805331593
0.521055545232675	0.401191315629004
-0.276991662120159	0.226066511404907
-0.132717848413208	0.082206725328356
-1.529425828563	1.22010389232614
-0.880481812251125	0.24165234095306
0.605947759734974	0.362985886696903
0.186838422971334	2.60978695220407
0.177531359992622	1.89575396395859
0.106605915772956	0.478408541377425
0.123834950337477	0.532247700430158
0.295897369641928	1.84838433563684
-0.0749193179598206	0.265847693816052
0.0954604195398054	0.381010782509723
-0.122512205051681	0.474918831217457
0.112135582361947	0.450068704303717
0.169108145366808	0.840990947913803
0.2762935287674	1.78005068082934
0.0378419410531925	0.125653467427154
-0.0818107974490041	0.245377510141794
0.0370391086236752	0.0808443523452945
0.253951375898639	0.904959789216269
0.0834659841535419	0.24848896397353
0.176217097788445	0.712794848773292
-0.0711558081233468	0.2085750169908
-0.0828331583595362	0.218602564124238
0.0484347883271547	0.108647264478228
0.188729043956861	0.623092807295948
-0.105634184170031	0.2579404567723
0.120927205199921	0.292505850017004
-0.0586785673083067	0.11767026244746
-0.150136388086142	0.340041673728348
0.158572931205158	0.385206335159325
0.134654626180784	0.243809811475921
0.123263455532623	0.221806563628613
0.0848111234360689	0.156341004781182
0.549104842583076	1.56807362209165
0.434493908200533	0.804365485480404
0.00320215401062836	0.00361350895273913
0.238768422423527	0.303893857736446
-0.119301249488118	0.157001794365144
-0.0197601949647214	0.0181849083547273
0.172910285849422	0.159934841178985
0.311351149113613	0.332933769642754
-0.198139169994856	0.201785213343986
-0.215264686854266	0.230299662615068
-0.351372680967875	0.394065854370879
-0.697929804017088	0.521734357410242
-0.096409785402578	0.0828032460065887
-0.205620587711567	0.171454668357296
0.194459661014859	0.192990317317185
0.0399904735509583	0.0327849407916637
0.102532475029275	0.0978336296752175
0.113616382130156	0.127710778950201
-0.15143406637103	0.137851115741791
-0.317708699307318	0.356391080345439
-0.0964890735365436	0.0828525317376418
0.298432275064051	0.422993804223659
-0.0430465411551958	0.0435163917994327
-0.597308251564986	0.895649228094812
-0.38659203931598	0.432631751924828
-0.567771288919205	0.728121937953851
0.113704076515546	0.101058453880298
-0.429908971697801	0.697745985973952
-0.0306057868497299	0.0333750614959286
-0.122939373127773	0.151886487555161
0.332731485160139	0.550146634607847
0.537195721132413	1.04991825626867
0.499189028474594	0.812318817311123
0.0838786742735534	0.0689641424432455
0.0373338361280897	0.0330460270211671
-0.151475201157439	0.146512314413717
0.226485592076677	0.303055148222713
0.786102721239729	1.48404337118988
0.0126345714742036	0.0167439071075798
0.0401158160086832	0.0497840582549919
-0.191307864462568	0.313671783149748
0.102002674035174	0.117804418319948
-0.102048974411883	0.103769341808534
-0.518451599026599	0.606072393486599
-0.542899860850459	0.528981300598909
-1.10216881698854	1.21715128054395
0.387018486459835	0.26835913288505
0.270283501231187	0.198286728976662
0.25203819995633	0.165774327552601
0.176910789239855	0.129510295590144
-1.1228003945158	0.702773339569854
-0.0261852125292617	0.00691569697452709
0.838743083722512	0.35516352183281
0.14847086596739	1.66013255877543
0.0910270477193861	0.587331365767497
0.0818474249414659	0.39469418465861
0.0322542044554	0.123163574491689
0.129045117720305	0.699516801122124
0.0791622155887095	0.412658466260686
0.365893013735912	3.32503621991491
0.00194560654440582	0.00686372662177433
0.0911594273689784	0.449748449027122
0.0817783234219245	0.375594463817824
0.0358542801538901	0.148031138115757
0.0967407730902532	0.408104880499021
-0.0709855564911934	0.202050990909376
0.0296707747879774	0.0746101651849745
0.210157418574507	0.849589712075208
-0.0428343310767286	0.111729155834293
0.231185455702045	0.978600765223286
-0.11081346782613	0.307995963488611
-0.192141148732	0.554249722519548
-0.0152691375716361	0.03051970146872
0.175005391638206	0.423148346054217
0.21460997577411	0.516631756622172
0.324885928652376	1.04765940513044
0.175338330991619	0.399528562573515
0.351033880454727	1.03953219584421
0.301247153487336	0.671373564970203
-0.237292364935815	0.451100890434678
-0.448087005602158	1.13662288019296
-0.00457226148456719	0.00616971319739507
-0.0767059709786915	0.0874809776081805
-0.304928650947518	0.4159233262473
0.0308099808681287	0.0358836290258827
0.330958585747624	0.471005171295335
0.495423866486237	0.713734424769236
0.727286901533157	1.14456465019741
-0.1417889030254	0.15121616268346
-0.564775475613556	0.786793064837066
-0.265623796544168	0.253518139674567
0.00111133390938591	0.000913008252705805
0.387363713660988	0.268596103691261
-0.95321388172744	1.48104226637213
-0.287740114851357	0.3231540774969
-0.934262854553334	1.34230375418548
-0.0733749814058535	0.063320039526939
0.00121373617940503	0.000990677560529171
0.545305215546656	0.849448651707396
0.0208953395269749	0.0164495295341689
-0.108861862440268	0.0858550391001247
0.0193414425289591	0.0164728004592349
-0.714363699139337	0.952469925687763
0.177418469442173	0.188096426019767
0.0167386196696184	0.0159346584232667
0.210246360526233	0.245228474638223
0.194595931311683	0.193191120571618
-0.866417189834031	1.24962562789993
0.345526996889629	0.44331496498449
-0.450355197230876	0.62376940734865
-0.0433946711448959	0.043886094010369
-0.317980041105287	0.356831777797207
-0.858202587186155	1.66499397530122
0.496918844610456	0.753456465804492
-0.592670388743653	0.919753901087667
0.219378539827949	0.196534546452158
-0.410140149145129	0.525418730556965
-0.559934727830467	1.1123785302765
-0.120034693764611	0.153029940485557
0.197173977848665	0.280125606879911
0.500558947370088	1.00482604129213
0.00952330105425709	0.01052612140411
-0.542708758584515	0.94540956297613
-0.310234957209843	0.479491658828119
-0.147547580331931	0.125185770423091
-0.930507122239027	1.16488108183736
1.48942424680222	2.40024174010452
-0.189032117418258	0.129581208351193
-0.00395751078638193	0.00262951271145736
0.390392673463866	0.238367979607623
0.956163032140683	0.7236812740259
0.164127972135325	0.11443281273097
-0.2613845096503	0.130612400574505
0.180257604525766	2.29351606715857
0.103442037832653	0.840637706660465
0.0903669436886109	0.613741597803954
0.123073743293001	0.970577446876918
0.0460234246730643	0.268897643974687
0.094638599383383	0.544655535667668
0.191006296368753	1.61641621308946
0.122922343280482	0.835328888221408
0.102273663503687	0.569943854250283
0.115982478085391	0.720623167669334
-0.00412879840240489	0.0146162377894718
0.138357998169027	0.480268069168729
0.0963267811236122	0.287692321396926
0.077626755066916	0.2163734264681
0.373919627172544	1.87078645557303
0.156319296353062	0.482831274342543
0.377728455862551	1.48282461050462
0.111446184948482	0.245218403868153
0.149846855454631	0.329042784242474
-0.0338896594281873	0.0542953612350945
0.370741780642345	1.08756324898018
0.0943144882875263	0.178935942494321
-0.172805101600408	0.335767398844323
0.247769441032942	0.632445516873695
0.233405244601072	0.468081673148935
0.217646041916133	0.389727560224076
0.222464681945995	0.404921771825839
0.361282596365714	0.773622159088798
-0.443447131411398	0.825553078964138
-0.157068474860304	0.195434029664738
0.320591194889979	0.49862691954115
-0.308099132463167	0.377019322737914
0.276618790645422	0.314299958770613
-0.86400495025782	1.53836118980986
-0.106079063944167	0.130460399638453
-0.197385087928709	0.200873111498658
-0.409795445528552	0.525014533482807
0.381972538953361	0.463649250872043
-0.516592160304242	0.435115240209619
-0.474763811752072	0.556459669505098
0.438265302192094	0.534321726112488
0.441384885858647	0.585482345858633
-0.0374612450689005	0.0344376085610465
0.113173810357441	0.10055509139512
-0.142167321745594	0.15168912203664
-0.0115284861590867	0.0100399981767426
0.822487797985691	1.26918549487451
0.750440402631084	1.12544013919519
-0.338004584280586	0.360231589971273
-0.403929514127244	0.496203215309818
0.648329113672445	1.06610081923989
0.298902877241936	0.371724805774546
-0.320844209103242	0.323407309149636
0.369517933819802	0.372115991185283
0.155966970648812	0.170512753981729
0.653539183488082	1.05002670022114
0.793885194298482	1.68511796939073
0.0278627879735697	0.0309509734427288
-0.404433897888915	0.497154086363709
-0.440890814313983	0.542015966642571
0.298504052978539	0.3710287406569
-0.794934137888896	1.32563046948785
-0.317157002776946	0.404022620482116
0.262071652694497	0.361016346032297
-0.409624925751833	0.524654952618946
0.27044814244364	0.424007540754523
-0.0616055191261779	0.0676176226684649
-0.337759933092097	0.413896787792358
-0.0519863918279553	0.0450499744831567
-0.318340533747233	0.357327322105036
-0.189457090215651	0.129893944038583
0.177445286089208	0.129935661426284
-0.114463511029852	0.0809143170681815
-0.324084671387744	0.186587613250628
-0.575610013888177	0.353419539170246
-1.8736464009728	2.26973535754634
-0.803816327842322	0.647474063414519
0.156448249114432	1.87450816034242
0.261678172559161	3.80876220124207
0.156172767569014	1.44099380813668
0.056128093380195	0.316146476334112
0.0398956204207545	0.172393037190649
0.117245402011714	0.698965930236611
0.1475408104534	0.963533851070726
0.169500982767888	1.05957490920001
0.110830488606312	0.586509944814392
-0.154978022447089	0.70850362235553
0.0894511481333136	0.228331099618852
0.0906829491354425	0.218394255076552
0.158948241347686	0.515621807634042
0.0677745375761418	0.183705114616772
0.126859931528132	0.383615147997738
0.219321077115639	0.707202449562772
0.319253110208052	1.0033940509443
0.0222034752271828	0.0453719351406696
0.115563269039851	0.237693797833601
0.669740276522595	2.77387853416365
0.00812662153714948	0.0125582149718054
-0.202249463290645	0.412661502893612
-0.398299681039832	0.929905931490028
-0.603641029191633	1.35667126018274
-0.267492948509318	0.446229951945313
0.227480045142171	0.466716553551933
-0.037751107946698	0.0473266175169505
-0.682998037663703	1.34195114900492
0.852155751363833	1.61350600521949
-0.587515017787585	0.941422011664547
0.0865805030684	0.0913314226961909
0.139681594727531	0.133488702472147
0.0846134455394482	0.0695818406120104
-0.524147064645921	0.672814840162371
0.829840857332278	1.43973651849473
0.316206714687111	0.348987700893721
0.00113325877272965	0.000927751020993866
0.204621732166692	0.108867943260049
-0.102372931079417	0.0938198773939143
0.31678734346804	0.349794338902249
-0.358609226372373	0.360049140780519
0.0189821273108114	0.0161621989987912
-0.837281685762406	1.10882845601422
0.210273866604048	0.245202721010764
-0.561167075584496	0.811147220434173
-0.276230378199937	0.225392199852548
0.956249286069844	1.03262610700878
0.549409858400255	0.794168038138568
-0.358287345795417	0.359714037106079
-0.351229127506926	0.306086290436257
-0.456365134655184	0.480856792673386
-0.474192216011022	0.555401559709139
0.184512743993038	0.176953475688436
-0.485732442357599	0.649600762286636
0.412557502664697	0.62155882137156
0.49743388924483	0.754541162816406
-0.234423843382508	0.224827959865607
-0.0790533179727631	0.0725407115595752
0.624852531199057	0.861593477261296
0.579763673350095	0.714076355683122
0.442311533041046	0.477944392881373
0.306338073123871	0.317100070791176
1.08263350266205	2.10610062759229
-0.00530180117417064	0.00511154048682275
0.499694685990044	0.813322878559471
-0.0442594804578582	0.0447894537899315
0.280573520605556	0.225470782268273
-0.48368519679066	0.340968820320992
-0.589760918632103	0.449468208853522
0.196510964498295	2.69888110364145
0.124987336756994	1.19026171107536
0.0852778094496514	0.559188620466672
0.0340484730264508	0.142337474985911
-0.0123220125093437	0.0477439401022571
0.182530373242999	1.27618568609898
0.232641899492572	1.6292365637626
0.286290792078308	2.44326566849105
0.00289780029055245	0.00893497279573015
0.334159581424908	1.35847577352486
-0.158705828166072	0.43201290163274
0.0840291308873083	0.212969830084756
0.254191357285959	0.968390908357961
0.119685448619985	0.339465143082198
0.123808320866094	0.34447359375207
0.427569668864529	1.77210175979423
0.124983681554886	0.306043784100962
0.396350295361207	1.17465164289488
0.0458334563437159	0.0821275480652705
-0.248703920175052	0.553550487468247
0.183622808645945	0.323478472658896
0.321586313674919	0.678828160862288
0.669358491531834	2.03828243393067
-0.297807345475533	0.49959289125659
0.0142624516790792	0.0183730167047199
-0.388912819236992	0.662765265907335
-0.139204114077932	0.172539643812599
0.110801483055879	0.138176896938126
0.259253075643578	0.276064607179306
-0.52213045552638	0.640553408316289
-0.177581286563673	0.171429649990611
-0.164556115283902	0.175740267606878
0.618056741106711	0.874934852964955
-0.207946456342792	0.187407019108184
0.211662786463165	0.182697252622988
0.736407121422105	0.969063574101149
1.10497564654732	1.23738192319028
-0.413613076552064	0.43773632326422
-0.670935784653346	0.815853373687406
0.205150414067239	0.210758830904576
-0.0988618537831781	0.104930404497476
0.76829260715751	1.29979415313677
-0.474025394013477	0.555186648997435
-0.453711597408369	0.673772627827628
-0.0606427069887443	0.0486597431481218
-0.115014273531677	0.0813327535797867
0.369981940300073	0.384837601672476
-0.666181845606375	0.850532351755646
-0.208268285939122	0.187732928713255
0.243484390064141	0.242603381991103
-0.208258561968344	0.187720293988869
0.068315184281989	0.0539397972028835
0.496086736838039	0.715446640559779
-0.440801253926886	0.541811149325436
-0.0613512083985036	0.0621457872852824
-0.358056489023897	0.359386258353541
-0.141454196995707	0.150830320135992
0.631632723839234	0.693707365076848
0.877421408188011	1.13372385811131
0.260066933234534	0.277133816914926
0.102109355528292	0.0973827080849685
-0.396369289698095	0.465557036112291
-0.0184180961512275	0.0169369544702405
-0.139453392923353	0.172890902185577
-0.0455848648392706	0.0498705986685149
-0.217602693995413	0.25399543871238
-0.206536052983645	0.250275146850808
-0.150807805579813	0.145828591606437
-0.0310957113432475	0.0270197301968781
-0.401036639990548	0.629405895544562
-0.675967728554633	0.691135885117179
-0.489888259123584	0.482024930119617
0.0420363284224905	0.0263366904256604
0.167354792152242	2.06801586163984
0.129310742911373	1.16049824789709
0.209213674733549	1.64299951665702
0.0912373790337936	0.507405877885758
0.195977307923265	1.56122258597286
0.0358198953101326	0.145144525753239
0.167790580909631	1.09355659242283
0.302965110146955	2.24139270685453
0.249042842832087	0.948094465065302
0.0893368656945184	0.240828837473484
0.147444437678418	0.447629251242739
0.111083008435793	0.302750112917052
0.344040844250547	1.43074623107987
0.06001689652286	0.143182087794802
-0.0628281578431483	0.131788279196612
0.0447737536136125	0.0908255145839002
0.2677176672309	0.732128653351279
-0.0352919725616199	0.0575651630143305
0.000889989944828108	0.00128591235328676
0.153820483202915	0.295817272484661
0.0165678109463297	0.0247753192551836
-0.136694037007798	0.203981469529972
0.0503698518884158	0.0736748048177553
-0.123844174229273	0.178928904748949
0.308353296263163	0.515677123923808
0.110141634638353	0.13721770727139
-0.451081170750008	0.625349166846366
-0.00650447572313792	0.00627088695813409
0.438291907502883	0.51896468046644
-0.0387753269172201	0.028559025330553
-0.452451146677301	0.649632256223188
-0.434549259352354	0.510290213468464
-0.0519291061416016	0.0449979744757867
-0.189496054399394	0.202650167572837
-0.3206079447684	0.323043966887151
0.650841567060418	0.693383833584111
0.0720690208636149	0.0638715186881619
-0.374393829519799	0.397855363113603
0.139322272658217	0.133076672999814
0.268148485957165	0.295049622727551
0.0990219841532683	0.0846803087300396
0.0247722863131708	0.0227510818245757
-0.225408383665324	0.229200229864467
0.161633063582228	0.14409508974592
0.289237470967282	0.260838318254284
0.283490622749706	0.332055661532109
-0.266468697040931	0.254343093977764
-0.567001024929452	0.693852333025261
0.215729654133717	0.229194044650726
-0.178681751981562	0.16188570770735
0.947861051643963	1.43433107286712
0.911706151801601	1.58631887824816
0.0211065387493271	0.016617474481173
-0.243949647089665	0.261177877534124
0.438577470465022	0.519113054576662
0.0252853479132857	0.0232196234511292
-0.695679816309523	1.0077467671324
0.614727319431001	0.695122558013108
-0.377522737562655	0.353306583747411
-0.0967225316411479	0.0830883138321958
-0.146717432133314	0.149426204574835
0.0202753764971575	0.0212793059884933
0.538310529762185	1.03357680378333
0.601411950492057	0.91659895177252
-0.324247441029307	0.428673906609699
-0.269911048964037	0.316372193484278
0.138826156930412	0.156306819251934
-0.780916167372649	1.34562764127179
0.149210053297669	0.172814280726286
-0.135092202441809	0.105390468441906
-0.108283891234193	0.0853405526322291
-0.764071077494404	0.722484763484559
-0.567146753449434	0.302901911441233
-0.459891200557026	0.291192351432327
0.193524256094709	2.64263665834687
0.0649025502180946	0.432009742659219
0.0990156913359475	0.683879026069832
0.189365622833828	1.76659570480967
0.0550740084892387	0.269184143460128
0.190201578335356	1.55302595840358
0.159207155314602	0.971553384882865
0.127721869264648	0.433387881822669
0.103135284461803	0.309806881491532
-0.0517219793625564	0.134961003579102
0.0824498943628104	0.21893631246001
0.257624748437432	0.990898272040628
0.0406574505143907	0.0880267177337783
0.0906102030415278	0.218192968006265
0.00628197847030115	0.0110100453674855
-0.164280585351969	0.351140756917696
0.405614412002534	1.26463567496126
0.22323983859452	0.523457782503504
0.29531155747192	0.640673025563573
0.0779074580377815	0.126135434266884
0.342279628219194	0.729011089450353
0.599383947828272	1.7187397460952
0.200783325893384	0.312417127244004
-0.0478754531138801	0.0675226204060884
0.333461953282475	0.551664539556396
0.620435472591555	1.20521454580411
-0.097270145986534	0.107506163754994
-0.0603942017979762	0.0583955802173399
-0.0233948545962819	0.0225981136517238
0.0725956125999553	0.0643459985341956
0.116940072432519	0.115624162598066
0.0195774182031776	0.0166734749591948
-0.27300294975838	0.291983116460299
-0.474754138836262	0.556428827689857
0.0878287890215778	0.0808177025500649
0.0391817738857867	0.0321244439152951
0.0210143324282837	0.0165441706105641
0.559972463260438	0.74874585354145
-0.0796552214556696	0.0731406241854057
0.138623063104318	0.156024371864307
0.822433602888818	1.11762585334209
-0.286857889450457	0.290316224745639
0.373362699734954	0.41399769682601
0.084219605387517	0.0692577978889086
-0.151964366695392	0.138358188900384
-0.386708533031235	0.432851669120329
0.292206310339001	0.352975936746307
-0.336791292531204	0.317559313436646
-0.0583385901664911	0.0536348387094367
-0.611824273867495	0.818409781789055
-0.998632145981822	2.21197103781059
0.500437902507341	0.630497666807519
-0.813251120666708	1.4454391524737
0.456513791746668	0.723022970624437
0.322493749681109	0.367479830891905
-0.318340533747233	0.357327322105036
0.126994217181598	0.117088575349932
-0.242845131455939	0.284023981648544
-0.735915691473284	1.10710172755072
0.0631831161905038	0.0665980797525104
0.303571074634978	0.440115861839621
0.100001285380611	0.102211404120976
0.496717082886379	0.661409265296606
-0.0308519482584067	0.0268041336025035
0.243536295131502	0.242656879480035
0.305397309143117	0.390524363099381
0.0726148186001453	0.0741225366486132
0.0170149211625978	0.0118005306653947
-0.0185824964307843	0.0151078042942342
0.286126702431118	0.248700097075682
0.148151621504331	0.0979138738900368
-0.763765708908269	0.722204610220864
-0.282080622612431	0.208963571262131
-0.59923744439007	0.538661210545573
0.111670793520571	1.02794211059977
0.277067964503319	3.6825779309841
0.114406359275478	0.785827599166064
0.184972792231086	1.35880356563661
0.18000666548702	1.29540807982345
-0.0132813231855959	0.0449610350394353
0.186761461330314	0.666244709799739
0.116412063642858	0.341152613231125
-0.0142552097109672	0.0323825122024935
0.125406888442953	0.377915362848026
0.176728867273382	0.564553014886982
-0.372879756143694	1.29073774185828
-0.0496795378417315	0.0934450246825175
0.0565891659756038	0.113305700477068
0.170788385820352	0.356233296854346
-0.0544614948799881	0.0982829987800374
-0.181081531007721	0.402051165654101
-0.292179768959325	0.554230432801208
0.435728580307779	0.997940390059905
-0.0475405228988081	0.059713988558771
-0.224457243287409	0.38087774691464
0.0566001063253034	0.0733886254299248
0.55013072322113	1.27198260437889
-0.0287030216971315	0.0301542984091479
-0.00013042201791778	0.000123205463693858
0.235248217550001	0.266445272959184
0.166706136424071	0.187885002457639
0.113234024223229	0.100605125756664
-0.0313047459619008	0.0272045898486052
-0.52360708699117	0.671817727693554
-0.604996309166809	0.584295765435778
-0.206000082208801	0.171698131281322
-0.0970051864266484	0.0833359730751918
0.113696715601755	0.0865867274994715
0.738632217954751	1.13528824681901
0.625118640211028	0.862096031430208
0.0687148475490245	0.0542749571163623
-0.466285610692021	0.518873060149802
-0.521181952091461	0.638808304049293
0.686746010430317	0.827758365880634
-0.17929845981983	0.162469749439738
0.235204996255572	0.226295315194362
0.22697472916326	0.210751302101715
0.379359006611466	0.447273481497877
-0.0840303103207422	0.0668938989777005
-0.404428814439094	0.497058300604063
-0.178276112924735	0.161436739370175
0.765177549133052	1.12027845455055
0.184768647296098	0.177204882117499
0.730930149600584	0.833728622261613
-0.205100159240797	0.229568495516974
-0.351277761369849	0.393933984072614
-0.338607188180643	0.415362088674489
-0.0990540528529912	0.105168397188512
0.405307017350876	0.580782821869842
0.298053688280945	0.370233443646661
-0.566768886878831	0.758527680608356
-0.254963168903886	0.258677436355969
-0.550788281598036	0.879470486004507
0.371286289970799	0.349576506848212
-0.108145120410804	0.0852231603565859
-0.687806135530836	0.5635194592834
0.475648095526717	0.435663955419407
0.270901425616528	0.198780606946769
-0.929264659931464	1.16203027936526
-0.766533011079071	0.382920732172687
-0.164365340331259	0.175501289434264
1.25099683079298	2.19648729821128
0.278475895564329	0.365394613923091
-0.120328278072578	0.128124598216647
-0.103587771141322	0.100360882886653
0.162515678928917	0.194374545617765
0.0714486892369008	0.0632855395847512
-1.26490085786815	2.38511270112086
0.204819498677297	0.210343190484903
0.606866109733037	0.903640757462773
-0.126292671986286	0.122259921002595
-0.108906806909296	0.12967661754151
0.502028562697197	0.975539958532818
-0.0453311430937701	0.0495796256767755
0.0792703384111105	0.0912217433059373
-0.0922122340500004	0.113130052584659
0.089592838997619	0.100459388774838
-0.486301331790669	0.724046871002269
0.322493749681109	0.367479830891905
0.215660583893331	0.22909122457759
0.620256622770565	0.549020458410676
0.806076084313218	0.980552288891222
-0.055946919438933	0.0359630253026449
0.0358399940491089	0.0260180611629289
-0.583558301101336	0.402487216884577
0.239077015165388	0.147585894509007
-0.126292671986286	0.122259921002595
0.00714125192461082	0.00631352477578291
-0.18865958161536	0.201598584088338
-0.357994248273699	0.492017143146138
-0.217436499250599	0.273506977403489
0.178628468736286	0.20775668496359
0.0172751963402976	0.0164544079018974
-0.41064218064008	0.526296033170592
-0.230506153454265	0.258355999981736
0.688746736878299	1.21348716119666
0.0333599086452704	0.0360806646944617
-0.399264243960174	0.719436550798595
-0.00888396145275675	0.00999014405615243
-0.601650652849129	1.08444254260734
-0.0990422586711121	0.105150717680249
-0.0204982779832526	0.0231036216700818
0.501900741792417	0.889464137181821
0.244851678956836	0.286182421740769
0.54603778620744	0.851407819192452
0.617753804097652	0.874312122824978
0.281322861637886	0.22612019343083
-1.05604619952628	1.23993334047888
0.176840653521557	0.12944383445929
0.38556850809515	0.282523988493466
-0.236194247373728	0.177380593993016
-0.710472188540315	0.478515957011566
0.153201928071796	0.151746611811331
0.0695809134958159	0.0662764646635623
0.500819085428773	0.833782172764173
0.543846989499435	0.908620278530517
-0.0169045717032457	0.0183791920893889
0.498233143422822	0.645655394009992
-0.397245975014092	0.466972432345545
-0.56709467291652	0.694157226032375
0.0251123367754479	0.0230672124423368
-0.286420257722018	0.289625914055894
-0.029407980255417	0.0309101083442177
0.0150165535242988	0.0162028418201118
0.259284839591299	0.389726127001964
0.0869351832943023	0.0917369431064455
0.121148093482907	0.155005700539568
0.0467233651483314	0.0520634796310172
-0.206488636066998	0.268109654227514
-0.179751416129319	0.239622552296426
-0.0995420851043357	0.105711248473668
0.705107458426926	0.976250037658391
0.138327181054884	0.114243198389985
0.113005661657202	0.0859765983114356
-0.276112712029421	0.225144882472712
-0.429867506041529	0.337849185508436
-0.542824977545461	0.528772244974496
0.0579443546022721	0.0571825727262964
-0.418250380355782	0.578374083933761
-0.56631725542307	0.757616108914497
0.220050968692182	0.264449566330982
0.0202753764971575	0.0212793059884933
0.678632460329296	1.24737997712225
0.112565770826803	0.126431258466772
-0.0063473421837107	0.00612221297502243
0.3942524135991	0.521890807074866
-0.217261369199196	0.273242560698664
0.0220350308814679	0.0271053538597591
-0.175405292046833	0.218909922510339
0.128501514952684	0.168228124150341
-0.0496724593258839	0.0583445898187038
0.402392914628046	0.727007892123941
-0.138372812411967	0.171315332567389
-0.681685633147	1.2040692168364
0.595913492333428	0.95414896633732
-0.48493323289391	0.838785934429043
-0.524414668104216	0.701710563183729
0.227536319510998	0.211396022264164
0.0180868110276463	0.0125462456931295
-0.175850649854975	0.14801149633281
0.0166747470239525	0.0115653869056424
-0.583985838780477	0.403094109370815
-0.296776241639415	0.196280130240098
-0.86754748288069	0.809894227729993
0.571017557740225	1.39670955658436
0.375354492917701	0.563058744282484
-0.0803249764539819	0.0851135023850459
0.34573445205203	0.443735316632108
0.0770380428753262	0.0838057232575386
-0.14284374914439	0.170925071586847
0.22385801839792	0.351515440834966
-0.0476027459791905	0.0540112456030014
0.127631967657268	0.176691420665704
0.103604429397891	0.197939793562771
-0.0701730555564999	0.102528986914493
-0.0925870609458379	0.109835321818397
0.0331690591186985	0.0327032046512587
0.102446375709281	0.0977382326453659
-0.35103736816478	0.305882286246298
0.0702548740119519	0.0669666628329593
0.0387484389660811	0.0317677394403067
0.389265494452223	0.500610131801658
0.375913615065351	0.696288740705953
0.576770922124405	1.13510741176197
0.0343593409460182	0.0371913883367595
0.60225275430286	0.918830602456594
-0.753148933080016	1.37486375555919
-0.626672897316266	1.00692135253516
0.231461638891066	0.481706039824768
-0.0813046827012217	0.0786879937205415
0.219170880383324	0.263144897578324
-0.308772935719	0.37809143418204
-0.15650837109821	0.194610625893983
-0.55448091910941	0.858223231133388
0.0557342707144263	0.0721905691844724
-0.304950769853027	0.525930622564837
0.354341288328877	0.700568622628831
0.0751927393331231	0.148661906303435
0.0276948705910559	0.0381795207620941
-0.0621615077865946	0.070756434523633
0.0758700601793881	0.0824467004671009
0.393736783235066	0.521014116107751
-0.377214777681523	0.482686692216227
-0.0800765869761867	0.0735395473271341
-0.357773629775715	0.359031940351761
0.167566381550906	0.189060463026215
0.464178592894377	0.802471498171662
0.114405973836203	0.152022178177781
0.501685916323894	0.974556529756332
0.0572239213994013	0.0564352767491727
0.0994866082029758	0.101634111691
-0.150598878947491	0.145592535234871
-0.581193038965238	1.3892905038895
-0.521290952032615	0.778916929760018
0.136624400427898	0.182999541127178
0.0408810858218603	0.0388941087495732
0.256155312781579	0.420742450979579
-0.196138799975404	0.296568615659805
0.315413222860986	0.554808605755671
-0.170892063998923	0.249465723106687
-0.395122085502227	0.822147360917734
0.100224220389424	0.17760937689408
-0.183349070588631	0.34012860931587
0.492685450465361	1.07647753984687
0.254771091810849	0.375143757058654
0.199716630724359	0.265978456637481
0.497108552856012	0.717208759402762
-0.607060743495249	1.06497189235602
0.0256160442910701	0.023537648743536
0.279358379575664	0.366707453363901
-0.244197522612075	0.394641491469672
-0.0118992832149142	0.0143461243704051
0.383458021952072	0.602486112989626
-0.331675850287453	0.454553735636124
-0.180407667899676	0.201488540819057
-0.125384069505189	0.114442626352509
-0.512089178582526	0.568021030040387
0.116602195751491	0.115253698848097
0.195953791097663	0.156426276779816
0.463873650364969	0.801734078289628
0.639719811099038	1.40500761416747
0.159027232535693	0.214529926291699
-0.161480144786198	0.221573400784644
-0.10814512231736	0.128647694560611
0.128752466846798	0.168608261123513
0.433404459943779	0.788218434997615
-0.370890541367885	0.455640945863221
0.198572977437675	0.244668837506307
0.359425254247234	0.586791591978764
0.178015370315528	0.291489168024576
-0.0633656182471334	0.0825441683091184
-0.0813425651338535	0.130068918367217
-0.289989886252311	0.446103472211334
-0.0594616494664348	0.0863637784815492
0.113675031128106	0.167095174429397
-0.109419663967818	0.148445373760302
-0.104468909204863	0.154092249319191
-0.122649947661668	0.172087733800793
0.401676776415122	0.561077069349155
-0.5175917030007	0.604687322071974
0.373413564310103	0.339218292053206
-0.413695958366415	0.437925739430828
0.475612970575053	0.435596540996113
-0.236692638994452	0.177821491344057
-1.33318546960991	1.35486797907011
0.577598885467378	0.37140054388706
1.05867418749395	2.10095939626841
-0.26726479348579	0.445741796056782
-0.0786614775499323	0.117892311961798
0.190658072203128	0.285698359702665
0.212599869068483	0.348138599036084
0.218852663243239	0.337186290268269
0.0393825193716441	0.0449645104520881
0.194638990566566	0.193208740630396
0.322162767505318	0.367008725579192
0.124224089260712	0.143700310773405
0.49808256328778	1.01382588542156
0.156934244588546	0.265103532870663
0.40210680712481	1.00183457859164
-0.270368855086912	0.47530914884903
-0.323569250078786	0.698724277014693
0.0570956403818669	0.0826226369622699
-0.205178905951628	0.328979770571457
0.0435614448808961	0.0625204344794587
0.579182927969526	1.36593289717478
-0.0796307608454933	0.084314419519366
0.673532194711065	1.00631874487648
-0.165023184125925	0.127241934608457
0.282847236196142	0.236498653398268
0.239627385756859	0.147935320693088
-0.190285409788063	0.130533179871215
0.392085628761588	0.221631058863727
1.35802811664373	1.35148294355774
0.0196056185692885	0.0166961985050556
0.29506252751074	0.530978288715971
-0.535191357502659	1.08605297957259
0.183661756673978	0.323579467346627
-0.202426241706784	0.288627640364974
-0.021858571302394	0.0289486578507617
0.290982442564091	0.351228257169241
0.624921890508718	0.861731348776909
-0.93097169472731	1.16563290627227
-0.148097294189565	0.125680350907985
0.24568358285981	0.426772478733263
0.209113940313665	0.336854434272755
-0.2934434929993	0.646730544010344
-0.523532677535152	1.21518671233514
0.131343517285728	0.228285258713385
0.0588024935957732	0.0966416632819573
0.0766974200210598	0.120647888536378
-0.0267482611281073	0.0382225702399325
0.798986391823073	2.34691203643563
-0.351400963851596	0.394120738383755
0.0718783053478495	0.0636752135224589
0.203996769940579	0.169530034408892
-0.681723349458462	0.605647543299711
0.740829560703449	0.536242439934059
-0.732935537418637	0.436557130125843
0.856650876958288	0.537598006438428
-0.484340621694011	0.341487239081582
0.46174363831312	1.18768816678166
0.409158590677541	0.904469503368574
0.406071320781997	0.805753942427158
-0.218212990416085	0.351009100178981
-0.0796018797811754	0.0842861628925586
0.0998716240163782	0.0728152516769553
-0.614409755655164	0.786140999349224
0.339224356066807	0.422766907152552
-0.0367819767820231	0.0460501765211248
0.117875073944524	0.189895308345565
-0.37782407575156	0.919524564788772
0.173344418459764	0.30812244433871
-0.139811456341214	0.274074132981165
-0.023269892919512	0.0351440040425107
-0.0631457188652255	0.0997465523861439
0.306860111135052	0.652688349282617
-0.601668733962117	1.38075729217302
-0.0319606591978556	0.0277647192667807
-0.616875191535281	0.752785315350704
-0.00322846402247104	0.00214879188047175
0.148196752377034	0.0979206728195002
-0.501620113529381	0.388473172971292
-0.582990826528811	0.402125331441557
-4.41258714066302	1.68459896713979
-1.14083897923047	0.878074733374708
0.0501783619693721	0.0613630894298484
0.280572196704355	0.523974701684446
0.228297407043172	0.399280798081836
-0.239701517313819	0.365739107774838
-0.349810721901826	0.592574418357479
0.112720704011615	0.133910583199452
-0.0613055886555612	0.0492151083397278
-0.258356802936682	0.289937142020837
0.306073375492984	0.316804111328799
0.302745111672581	0.570575662460436
-0.0268141019687505	0.0365373489801059
-0.176028050473318	0.336926519382352
-0.765151672555407	2.25499305687365
-0.290277412386699	0.628822510555114
0.223058892650663	0.450842700436844
0.368208912410361	0.822588011591058
-0.301440119896624	0.655834476028826
0.00502524810170023	0.00591223440040634
0.441720984931609	0.586240076024084
0.719571324712389	0.971184180166942
0.369525919723985	0.359804145086749
0.791427712145737	0.700773294680019
-0.593852256253476	0.493633755343407
0.50749533955995	0.410244075534937
0.382790793380079	0.309144451198663
-1.01644626330408	0.721437208733677
1.51128285951863	1.2432152124107
1.15411523479449	1.97796121894669
-0.1481149938709	0.196228474707861
0.0908463837562722	0.140077152926105
-0.319640109273682	0.6109624126302
-0.1466552819407	0.200518204060387
-0.403812855327646	0.652129361188942
-0.298551905127927	0.39364066417322
-0.554282853325481	0.576620239491684
-0.108600482026307	0.0856337926523524
0.528113702239915	0.574963717931252
-0.665235981765722	1.40493646067736
-0.263543679718379	0.534215746710712
0.360899039855083	0.935183735654168
-0.0560020705825806	0.0791917948121091
0.176083546192994	0.393242374535267
-0.0286653561171459	0.0485183855340512
0.471316158944497	1.42516423703096
0.248206826511077	0.526579381327529
0.296919111547789	0.468728224642595
0.844279204263765	1.43266540829485
0.438541574308727	0.549998803670319
-0.114587252452276	0.0810098826641126
1.54754867508426	1.03712295613997
0.577326517321321	0.371305033070797
-0.163521975916027	0.0670936369584823
-0.00890339937363474	0.00411182477331902
-1.01587460052272	0.720650625282711
-0.774321596359779	0.299648367381542
0.888781001323921	0.713546138361356
-0.174898690332039	0.090469634376433
0.577215242385876	0.371176310267041
1.03453696876337	0.369309864676094
-0.135913505371118	0.106084142733823
0.225588666717768	0.30156555312988
-0.247834796752523	0.453929778277693
-0.1068161485291	0.162011089244172
0.0894804509592171	0.110904361569451
0.0792212503338534	0.0911652643683274
0.705812500667684	0.978314560581611
0.508065342683757	0.4109355741811
1.28043868740891	1.63208174724835
0.284530560708276	0.238186404008828
-0.160526813967231	0.220034247237951
0.131922029324052	0.204989706314357
0.0959059967282119	0.163404074035595
0.318302770259032	0.714806598835354
0.245056149735762	0.60032219511555
-0.465518054518957	1.3714801397499
0.231968551223754	0.505729331781608
-0.354523136246524	0.800821288268511
0.112076114420415	0.132994716061891
0.172849182232154	0.159871031233259
-0.455653396216012	0.479810273073322
-0.310329628675813	0.273271503722468
-0.261537543729226	0.130668519064554
0.204510293514956	0.108834239450039
-0.182955131534215	0.110820600796208
0.138989952029725	0.0603478813032989
1.10265984505409	0.924880077848759
-1.28167745364592	0.424042905980538
0.177451135058427	0.086562984345132
0.791780992709176	0.536914413379681
0.104422291215095	0.0609859784082033
-0.0270117048144316	0.00712273859855463
0.44207515853132	0.477582864371332
0.377657716953432	0.741808960919511
-0.0549594637597705	0.0832050987203042
0.195377435793313	0.403516540625545
-0.0438979994536449	0.0602313235884184
-0.248317028786205	0.423233170543933
0.0998128673177836	0.101990244635551
-0.204177697765007	0.196439474675639
-0.0732372662399317	0.0631945379506675
0.225963573765098	0.248041224615582
0.0456026501932134	0.0597597759811652
0.288265105160762	0.607713996262449
0.122352856276377	0.231137735988077
0.278247956369934	0.628901928619967
-0.116417270609935	0.224370260706185
-0.0920064144258059	0.16679901854421
0.332407621469315	0.904394262764608
0.345073151917834	0.821602433165338
0.631283060949784	1.42710447823172
0.00197539983770771	0.00149250660450999
0.0848532410400745	0.0837430046958302
-0.108145120410804	0.0852231603565859
0.887833377775416	0.712774147841487
-0.132744075922344	0.0821950321922707
-0.0189263020358147	0.0106932558031444
-0.183161131865213	0.110995345528422
-0.3365447034886	0.245527022803203
-0.268492932427342	0.0995864501214177
1.36278634045704	0.382900995538424
0.703365120984649	0.33916018783295
1.11359108282991	0.561687522856565
2.25059376846121	0.989944626913017
-0.335106638690478	0.0729409167236386
0.0654611636378388	0.0211274277108484
-0.0908310136542935	0.0573640751690074
0.384623421565149	0.296517454773038
1.14318309340877	1.09739780612067
0.391611524153373	0.221357324828265
0.42349474205291	0.170233483318805
2.077712833051	1.40720128201237
-0.546352286302744	0.238267338261258
-0.669123176308414	1.37998319013438
-0.335529662234531	0.77777234497213
0.135724410871633	0.246126389710182
-0.160752643034132	0.284239184255322
-0.163212384970676	0.315180993007453
0.181729772482447	0.302272514419935
0.593919272064768	1.51667233750454
0.557844013851603	1.24065997690213
-0.146108117138405	0.205953045769325
0.083571012598785	0.130194328073164
0.610189497143269	1.90801585677192
0.0638332186529495	0.0968737080625618
0.173617562284376	0.366204028857727
0.0330490432463666	0.0526854286836901
0.0474150602694866	0.0841339176445689
0.0817818255869012	0.146780541803311
-0.128129720973407	0.22633861899975
-0.253458054257149	0.574380573723276
-0.00195018269859392	0.00242475144034329
0.13600598790211	0.162062540323158
-0.164207600414506	0.175290334895926
-0.0379671228149094	0.0349228932643758
-0.0385058291879992	0.0283516750508908
0.0521760756803867	0.0395194521326134
0.697394301080832	0.696088458483086
-0.611302032542357	0.630810451224254
-0.987674248324552	1.10250102009057
0.669153153596726	0.540259833886107
2.64561032217101	0.589361907449672
0.642526953000522	0.348609361410458
1.23627539889887	1.13420377631155
0.224295056997601	0.129329927189072
1.11299515245467	0.561282725765581
0.139463644508848	0.0605729772356124
0.113181808338486	0.0861617570272468
0.871366007529463	1.00228196978693
0.90413904035495	0.871202675956667
-0.23699498915078	0.178055949929902
-1.18321701605189	1.5229761996717
-0.488898301162189	0.480657387394811
-0.459751744239065	0.291083739223137
-0.474823859408166	0.978920882689642
0.26957720027466	0.557152473855844
0.052089296127454	0.0785324050144995
0.216826495416944	0.464172333462614
0.0392737018271781	0.0660428691105104
0.691379406211035	2.1617289313733
-0.0987807996081689	0.133820368393567
0.529783455258706	1.12042982036548
0.463400113163511	0.990409172379292
-0.121240846173097	0.164936846627162
-0.0370786515409336	0.0508198808755532
-0.0344415334481666	0.0494146898052274
-0.0418475229959099	0.0675219250698266
-0.00675516967022845	0.0104305533344758
0.394168391017072	1.04637913679928
-0.221958030551484	0.442834642145592
-0.323631159698106	0.698970391027329
0.0303406497014765	0.0470586895313694
-0.0315570416446211	0.0479557056986104
0.280907607904875	0.415450657854506
0.0729517446166861	0.0744766470070841
0.0731523378281157	0.0747085004870143
0.140040907615734	0.133875360081277
-0.425361932655997	0.475217176674912
-0.809492247240296	0.920754106676195
0.164440885663282	0.114693969583047
-0.0865613917790906	0.0621212427714814
-0.803575435485308	0.647193647489715
0.487643467139932	0.167144104655269
-0.0090111045657735	0.0041604347385427
-0.163213538761568	0.0669638910296519
-0.00879579446535724	0.00406265450798436
0.0948955972454593	0.0358690837500545
-0.687913795222015	0.563559646226941
0.385944432977938	0.282814392910107
0.0993749776744775	0.0724300328913028
0.387536248443462	0.26868177131635
0.284034437326016	0.237738124623022
1.47008300723816	1.57782026578204
0.0833584775585519	0.0580026522545158
0.670779845599441	0.831584384447935
-1.10165676639673	1.21627795914129
-0.189599640984072	0.130031647940542
-0.00105591871627918	0.0013515428445588
-0.0796025876132557	0.134149082526924
-0.137808467743477	0.244963718009558
0.32801197234464	0.774959851235754
0.170220929038723	0.354699825827594
0.309253727940508	0.666536269291965
0.0838762055285876	0.117728052829034
0.168150514239596	0.24963364655915
-0.121451181062243	0.165259857260044
0.507550651627287	1.30983972575089
0.146853797350284	0.291762028319052
0.208643011749537	0.465048702587599
0.213373648622082	0.450835641218247
-0.393803975951434	0.980495009170952
-0.222596468579007	0.444351684936524
0.196306187551463	0.391424911860185
0.321571625374008	0.678672223414563
0.136253400847039	0.240495180479884
-0.258762958153421	0.534242132971103
-0.389854869909577	0.737230607892336
-0.180099342815086	0.24023186815924
0.209552715856941	0.244258749572482
-0.0410435011015131	0.0396546521973211
-0.12087155008389	0.103198465503223
-0.666275656276655	0.85057877776382
0.235643448702138	0.226802246654758
0.126822632980579	0.116869953042458
0.382485670605653	0.308803537046347
-0.43365941847557	0.140408025138428
0.949065367649014	0.537576708314583
0.513858555507521	0.140220414429152
-0.238192063154604	0.160568084654483
-1.36048250351276	1.19919317836633
-0.73255095548344	0.436438880652145
-1.52948226788557	1.22020713618058
-0.604536397204836	0.583568651077163
0.219851107916673	0.197005328478996
0.14834118483754	0.0980517725850974
0.373909978388259	0.339811627538185
0.467405329789395	0.443801815517553
-0.272526459284172	0.241937346753438
-0.474557198169352	0.556158230375276
-0.543888815532773	0.530293879862569
-0.0602771186105542	0.0332033893253653
0.307281489155827	0.88974722953674
0.0644550846753933	0.100620296521142
0.411591227333679	0.934536177827144
-0.108120955468849	0.168095132657176
0.0358935294524661	0.0565816996803317
-0.0147374006443948	0.0204518503250003
-0.116319873230885	0.189383492373735
0.286361061641057	0.634101352000999
-0.0317184211678528	0.048221539784638
-0.0263199329151261	0.0538015772427379
0.412374003419884	1.41696308672096
-0.125053879246627	0.228281594513448
0.343462386027892	0.740693157549274
-0.217085324039516	0.348750023414899
0.435299200837982	0.871501143558463
0.0905310107803435	0.129547597649377
0.215158343804862	0.300867716001046
0.400004952988501	0.709509202876634
0.426607806215833	1.13355465474154
0.0633340284252423	0.0905088874855892
-0.117119343905371	0.182653658774971
0.156613223130807	0.223574540213737
0.174935478934756	0.231890195954803
-0.122225924219291	0.150915077906488
0.228876403407573	0.282964544774766
0.130703890073889	0.133759180686316
0.0704232596357709	0.0671379475079444
-0.109260578696899	0.0861721701277485
-0.545683744265661	0.238002513830106
-0.0744934514271118	0.032779670111441
0.486427271232123	0.166662829631422
-0.320312121852744	0.322663528815132
-0.452774576149797	0.38605488894164
-0.245784249669059	0.145365229970995
-0.115156591000758	0.0814572272760342
0.566522655066751	0.561326770891621
0.451973260048146	0.458672882836563
0.339730382244221	0.423611209980674
0.614099856178954	0.694022850847931
-1.0183346704018	1.26461298329374
0.443381802912082	0.604377722671981
-0.103419512403331	0.100190094423343
-0.083798209230518	0.0666987288710316
0.267780608519653	0.552075968866413
-0.18486187720916	0.406452807219654
0.238672089381218	0.552737354912842
0.234124351818854	0.534414962330184
0.0138772385887473	0.0209946660323971
0.410757419518272	1.0971183970346
0.0360037494903737	0.0506781987240645
-0.43926859621473	0.901155103296407
-0.369401948890712	0.779726369218853
-0.156383332395068	0.280771818567397
0.229611518858009	0.534041565147258
-0.0642598374569985	0.10353232619787
-0.159428725206457	0.311861553484963
-0.248962711099685	0.4754750045217
-0.331238946528489	0.703813035106075
0.0839348450619347	0.117816027350124
-0.45391060315302	1.03807298244868
0.458771223881309	1.11064704629415
0.270869918082171	0.595651116931635
0.217388358851423	0.410903425487535
-0.313636548397076	0.527543324944148
0.0995263460230071	0.126524295601916
0.113076218192794	0.127076989372705
0.659401936829603	1.03469536984566
0.165111510416131	0.16923488186706
-0.0614063999743064	0.0492975272192199
0.152720688126009	0.15121813396882
0.28311397402529	0.236795395840323
0.424968170770436	0.170919382315977
0.391438898165097	0.221238532827664
-1.60601550674796	0.623960113595491
-0.687631310076466	0.563319503190704
-0.237933775556735	0.160381643018748
1.3545470954894	1.17764761282343
0.387086987491277	0.268417322229099
0.113984692828015	0.0868148824172553
-0.480286158713265	0.590260795711701
0.128803864272689	0.0802882057920332
0.0838574532068131	0.0583743363123564
0.583279187995447	0.558120316223916
0.129288437910248	0.0805952653328122
-0.568050392834919	0.728547759615436
0.669741698612578	0.829801451038405
0.0836577693217659	0.068761773087724
0.211152276831694	0.182191105543124
-0.760024789740631	1.05565137546291
0.0383086064550691	0.0192234605449362
0.185555706692958	0.272758960272347
-0.129494147882616	0.255610150134791
-0.156695917689011	0.341089069450061
-0.00546346680349348	0.00977770866202047
0.439000290074247	1.31182469393446
0.0930187371689696	0.168498150836964
-0.00793161141985216	0.0101690014737908
0.129618808684169	0.169862046017914
0.135249557861342	0.191388642555086
-0.133077337948159	0.175654174566449
0.177686545119881	0.397737324068613
-0.05683810600947	0.098745807168165
-0.176089123036403	0.412768462328811
0.111529441331678	0.199165484807923
-0.119823155037067	0.228485845994828
0.416128806484163	1.16160382460754
0.107116291861357	0.178691093350953
0.301527249065767	0.752754492442276
0.0327895483925077	0.0502298605380514
-0.426825009491501	0.81253810572674
-0.313993516389912	0.528413620688072
-0.431120979887926	0.719254483401919
-0.518248317963886	0.605734095856511
0.259640545748265	0.276592406226014
-0.953549764052323	1.48211422537169
0.519322684745464	0.582547068116419
0.283610911947444	0.237314297215752
-0.986920522378122	1.29111592036787
-1.28122517090297	0.423889153983301
0.390426276422579	0.238286883064077
0.488287837813439	0.167338718999219
-0.429997575297946	0.338000397765333
-1.55289088323235	1.54436607161509
0.394125189855966	0.180956167548617
-0.110673568439851	0.059293130487299
-0.0038859826872835	0.0025836919785315
-0.980402368132514	1.46403466708131
0.386705683499489	0.268014350409232
-0.0868277637871271	0.0623184713089271
0.112985165968224	0.100373526630514
0.386777309245952	0.268142589982294
-0.101756465679534	0.0931933211519847
0.446535371572291	0.467742085291044
0.28736529726011	0.249911630767696
0.914146472573887	1.28181432201829
-0.0958859756826972	0.082304848135585
0.553895615889682	0.381189979921227
0.314722999846324	0.832298590604388
0.254721450087414	0.601740343521232
-0.0256192942861566	0.0394833571670439
0.232013465336964	0.505889863286888
-0.0394588775346275	0.0602945132830191
0.128224191722698	0.213539333886325
0.0625947162359598	0.101778895145321
0.102105409560233	0.16286742591991
0.42384724263203	1.1005013238552
0.253823945786116	0.643130539785019
0.212529586074479	0.479973304474392
0.241947688842661	0.499979067605501
-0.210270891721426	0.402528635305599
0.348855714985223	0.659233158616646
0.0595933122332713	0.0683586442493724
-0.316948212774413	0.504602039206727
0.238072610677901	0.30289783162633
0.724185911065563	1.60856958782028
0.463431137370082	1.20691646092613
0.132782805743583	0.224545841469998
0.51337456600978	1.2201811909696
0.573693191943522	1.38652453461532
-0.120774130526129	0.154110053418908
-0.320215440294173	0.553381828483948
0.210414379948327	0.245449692133413
0.843437619843706	1.43057227781915
0.442568513016023	0.587661215618766
0.0704232596357709	0.0671379475079444
0.887913408441524	0.712811215633157
0.262616178573616	0.182931310234702
0.0946010151775332	0.0357635106886127
0.683023290249734	0.995777347175114
0.00245641746315005	0.00185230967834886
0.887692788113641	0.712636187995175
-0.207855362690449	0.18730755882826
0.219851107916673	0.197005328478996
0.183597542178971	0.175954762923589
0.270440128989269	0.198434395899922
-0.671139291377498	0.816288529351425
0.442226738967365	0.587129206125283
0.114022005523862	0.0868492559839926
-0.409626149364401	0.524676677745621
0.371818292864855	0.399544166914893
0.55229126191505	0.778389561106962
-0.586962943353604	0.939802979054606
-0.112013958448194	0.128822326121241
0.164440885663282	0.114693969583047
-0.172974809079843	0.400046458955975
-0.129927699103225	0.256644514709215
-0.060620101988985	0.0881757792981741
0.163122681179083	0.292178973039339
0.192501736955782	0.378712407846932
-0.200222265486285	0.39456522327671
-0.491970999288607	1.28267409026698
-0.430315392806722	0.921609223846736
0.374097857383905	0.869283841372361
0.055909722682228	0.107614063230505
-0.0759390143661228	0.137816306404501
0.0166297417381154	0.0248733240386272
-0.1197655840004	0.152580366809902
0.500189600246994	0.814461096300116
-0.304800072227819	0.325657365244892
-0.65484540116849	0.912465247990485
-0.695349991248023	1.00670836958359
-0.372183288392332	0.564515308828872
-0.0884786619093534	0.136190303938454
0.22111177317584	0.401884329145336
0.072525242926371	0.102664670264406
-0.442439841509055	0.82300100840108
-0.0692108672288777	0.0873314404763717
0.069046029119822	0.0812582189906183
0.291903324687907	0.403457742417673
0.365826962891903	0.522227255721329
-0.0183901222555894	0.016905584073976
0.194003315429399	0.192452512605259
0.387781638055314	0.252868028594529
-0.60568716276095	0.585233005848614
-2.91649668095713	0.624445621228737
0.188348809717917	0.206236437507762
0.00815724531562544	0.00721738304479435
-0.239285144233123	0.214202287635213
-0.426073004098183	0.476042471845417
0.369827533652629	0.384645588117066
-0.398041836126178	0.397292636926771
0.164772719069757	0.168827103790926
-0.20440464436046	0.22868145854711
0.284164899753307	0.333024203958451
-0.560634627472952	0.618334966754183
1.41012495348473	2.6445278324111
0.0195492443146322	0.0166504585110967
-0.176380377465901	0.170096210257828
0.146392963880541	0.179335042170085
0.0787985376447209	0.0906319057479323
0.388216887631878	0.253243267906647
0.073187319961252	0.154110839579165
0.365931865853996	0.980035113896005
-0.394648127233767	0.820986433088302
-0.363835559037629	0.750585680812755
0.240597161231389	0.441601549575137
-0.425882635965604	0.985634367331292
0.0233997078346409	0.0388888503239708
0.00861916790447858	0.0115848847465686
0.0266651148059352	0.0460021888163481
0.393600062675919	1.73914174777241
0.0876931837293255	0.156404957683351
0.0946121023714323	0.124796130776883
-0.0813627403602755	0.0826269333484077
0.113894229068872	0.12804010983113
0.238586862053321	0.3036518864247
-0.172008624946121	0.175320924322602
-0.654300028273978	0.911411775054679
-0.512439556768973	0.889502815810393
0.0768300784186993	0.105705299877114
-0.284416840300082	0.572492799855401
0.0598169376708916	0.0718721169077144
0.0744793998820449	0.0973385208943821
0.217340055478603	0.362005066988417
0.0593606139411781	0.0712800530488854
-0.317471756217306	0.505582517135209
-0.363548061493697	0.600391773178816
0.261686996722319	0.360243417320143
0.12491790239059	0.144628210310055
-0.804022706082067	0.647318962385229
-0.236461123181037	0.177620377233841
-0.268215091446917	0.0994413062420072
0.498048339590258	0.773899391366863
0.453018590399877	0.684955463595889
-0.0187274478436445	0.01522320588038
-0.675979596992103	0.736223207311987
-0.298321341014794	0.350081588001767
0.0860625007502349	0.0850220804254715
0.750637152254419	1.12586975390311
0.0187355024156216	0.0159462380960052
0.130701492856486	0.133771669595412
0.503360693263214	0.616614094642552
-0.238890428629289	0.213796622472926
-0.238598031424023	0.196790124996281
0.126539316955427	0.100454030075002
0.148282447088938	0.181799910983489
-0.0772697015270691	0.0881966136647892
-0.483272255063431	0.340601906883926
0.132134317771128	0.263207369243082
-0.0343204278991414	0.0575253500256441
0.279917336580855	0.698846658755597
0.146852620887595	0.29173122704504
0.0379727569867726	0.0614416201976313
-0.205077856260122	0.398320783050853
-0.145154141088616	0.244827769098309
0.10481114997173	0.162812745164088
-0.442639336602814	0.929135207843567
-0.309400185698489	0.663593715266347
-0.00932665035770783	0.0139507159189695
-0.240296752851762	0.429265061459778
0.463991440560957	0.978173150411737
-0.337639221712148	0.539789645377214
0.100940378171948	0.116500867844068
-0.0777076934349741	0.0887579970860143
-0.025466908810069	0.0297509622652323
0.0581596099097746	0.066636644775768
0.0956101144517604	0.132863425472806
0.288844822474895	0.50274409673995
-0.20279141920078	0.289261327513367
0.0941029726582178	0.124066256100737
0.360913630849641	0.502163768387642
0.355881351434847	0.569070582146462
-0.337197608652007	0.538981206199925
-0.394198972108691	0.581201532934517
0.261716892020871	0.360332894749557
-0.548296352780669	0.902527260089566
0.104008407136591	0.0607241908275355
-1.08112431569308	1.05586159868265
-0.267026644252409	0.0989834180696781
0.496536854420437	0.661095759349886
0.0994651857388537	0.101596392366337
-0.730122772062592	0.883200174649327
1.03869420596418	1.6178610255848
0.252891774008153	0.304347960411889
0.565441729822837	1.20590387315708
0.226672154995857	0.210405895137135
0.544178072539107	0.889063874958815
0.15257020258661	0.151044782032232
0.0165555395487922	0.0114796559490764
0.0191230917869938	0.0162802474011595
-0.270251188119351	0.316868969520672
-0.150871728302098	0.145890884216465
-0.0581744097725127	0.0534853315672833
-0.48654457604686	0.700655421000873
0.520528145330722	0.400679715628477
-0.190299224229933	0.40348082754675
-0.330745402764589	0.903343741704093
0.121644805846593	0.235062511483637
0.383152950025793	1.12952093016903
0.184039815969108	0.377794961383601
0.235590579068369	0.497399450125128
0.0772665164623651	0.121637620214586
0.152621222590748	0.228778005019107
0.27160535537205	0.484068733980742
-0.0783189048599744	0.117314633444543
-0.176486511331564	0.320215527639142
0.136832592367585	0.183388192148543
-0.0360152097113801	0.0493057558758637
-0.19766876894443	0.264550593156571
-0.00916841083595674	0.0103112973501033
-0.342115121531923	0.500759508314298
0.765381852547062	1.73685195974962
-0.120875650291851	0.15936979214223
-0.323804818506275	0.530782566668485
-0.157509124727323	0.235746589307588
0.259000768337424	0.389126661861546
-0.0693465318315774	0.0875427351087523
0.298532745364777	0.371160259203542
0.466572576862707	0.838973284242539
-0.19368270307652	0.22544434408005
-0.157385915847273	0.175336527422477
-0.0771534045146541	0.0911915923279069
-0.279778354519181	0.341437517593805
0.389803949527236	0.237952550078499
-0.908236515356658	1.19635783982071
-0.163188467956555	0.0669296624307987
0.259971666610345	0.277004039965003
-0.413475624603551	0.437621898391996
-0.337679580715155	0.246503377339606
-0.239740488171908	0.197904082014038
-0.308758473910504	0.378027023798367
0.807289844977175	1.87011998469302
-0.744187243089713	0.803251690268453
-0.548282829803186	0.902697950485391
0.131036950523502	0.134146482339353
0.00182093071267857	0.00137731321790494
0.283490317520183	0.332064639725701
0.139681594727531	0.133488702472147
0.896721532461282	1.77126047865056
0.087340433023791	0.0803334478888533
0.139738028822888	0.133542788535666
0.382741095190491	0.309074232806333
-0.026616987191919	0.0498623218252113
0.168307899004695	0.266238297771776
0.111556821388317	0.139219897378843
-0.608063563057411	1.06746531326368
0.0288022001521826	0.0373914458928185
0.0141103937183368	0.0181740170947288
0.381485904166371	0.782730533565561
0.544974697863931	1.68912624071499
0.292542699217591	0.665433078014078
-0.0777697644128655	0.155814836726007
-0.328494765808052	0.614925876713045
0.0761573695096602	0.08279062056367
0.1654504646846	0.169627089847546
0.0832640606083796	0.0684145525942547
0.19545725697279	0.155957386067538
0.0838928310519345	0.0583983807618221
-0.834930606653151	0.610519918785788
-1.09498018950054	1.55804454869312
-0.282023127614915	0.383626569189368
-0.0569237705241869	0.071555084350237
0.178979192267699	0.275925391207779
0.101763401024084	0.137096828901957
0.247367134860749	0.391512600871917
0.136991343714354	0.16336868709654
-0.337323273136644	0.539229538938541
0.325427630134454	0.517209459765717
-0.3468724126937	0.523437903135012
0.26214289797873	0.361148657425228
-0.0745777932077385	0.0328212616705726
-0.238867284005982	0.197102269526736
-0.426452941648483	0.237440560245189
0.281965806571777	0.417503067223967
-0.400815856921658	0.628958380647916
0.44261875816772	0.478323846474813
-0.616892135301422	0.75301440148643
-0.242838870863638	0.259770482404761
-0.397362205345019	0.467100049171898
-0.204759673835383	0.229151679731012
-0.06189922120147	0.0679677528257896
0.101785794347848	0.0969961622886574
0.37031307181094	0.385340496120941
0.49997522691172	0.629558186938388
0.161377518397244	0.143789269763366
0.203690426742934	0.169216152578205
-0.00597006549665939	0.005752229027539
0.278148231519287	0.364909174625222
-0.236888987041998	0.177984204759518
0.131487664755589	0.344442512420044
0.554801306824552	1.48561292645987
0.190077983386129	0.246430281341589
-0.122110883310202	0.150758171372649
0.126042544725464	0.183455202359745
-0.0528808306772271	0.0686829283901385
-0.543315733403373	1.36685402456491
0.19148042110698	0.376203186963297
0.0959229125435545	0.171778813277503
0.0956042131432472	0.23727191679449
-0.492820778920734	1.28707789960899
0.199062070246576	0.224938876934466
0.0700855476659797	0.0667989841779354
0.284300844354252	0.237982525606946
-0.676196173035111	0.691506895954701
0.672440130697247	0.694148143472905
0.859772452396569	0.861753053151429
1.18053319955369	1.8476178751986
0.390339650235971	0.640489305848027
-0.223563200342533	0.339733633577312
0.214041499860016	0.323543447847021
-0.0466178634832072	0.0528373700927542
-0.223290041146423	0.378380779266699
0.119701411505723	0.152955006549674
-0.314386190881729	0.586874895189913
0.00306912117397258	0.00346383877424755
-0.258613369322906	0.418974281999403
0.163096928152352	0.23765834343996
-0.283108727304972	0.209807229916506
0.218823875236277	0.195917552625175
-0.26649195620451	0.098732550565133
-0.512344822764611	1.01208845497498
0.141146932295166	0.203686401409052
-0.567968219895092	0.728452947560642
0.204639549302373	0.21010586021288
-0.445007016648866	0.570655200965506
0.301147639201996	0.301428304066758
-0.351665331974647	0.394475826396822
0.267881409824138	0.294717135107362
-0.0615390300840728	0.0595950812065498
0.164769452597449	0.168823417686842
-1.34084431643275	2.11805613432736
-0.434524289224704	0.51020143653157
0.22578794049925	0.247826074827045
0.31590416764576	0.555914196879733
0.366174569253028	0.522952112248523
-0.822594417884193	0.880034605417211
-0.0225076380798192	0.0415579068755626
-0.0474392920264557	0.0860955609630518
-0.372052819384614	0.945799929403484
0.322446851103456	0.794492484436933
-0.0275011637990821	0.0438764346254897
-0.0472345170102289	0.0725478916925907
-0.0832242763841117	0.149653371585273
0.176857734055281	0.365744830829114
-0.105295033419785	0.195611401164998
0.279666175760338	0.899879796809328
0.135446726111947	0.245377178776379
-0.0625322221178741	0.0813746731261003
-0.229932479607443	0.279466878828219
-0.179752539536038	0.200586157927289
0.244544039911931	0.285755722021222
-0.485390645207126	0.648425185245818
-0.0522529871857275	0.045285155593819
-0.942129437963461	1.62660303918606
-0.27278990760433	0.442848943675804
0.166540439592636	0.262845605980839
0.0228753476491617	0.0271313425310921
-0.0977186498915285	0.132212759260806
-0.0507233432434436	0.0596284934166409
0.185883083405952	0.273361072857079
0.311363132916985	0.530057483201326
0.0626462251005815	0.0659970465210043
0.125070261604928	0.144823024414718
-0.0921238839221644	0.109227007157917
0.791118084639974	0.700249979577794
0.382213827807729	0.464130311507699
1.66808217168373	0.865779069185349
0.245577550392986	0.32060789967774
0.0982033390157466	0.124634891024841
-0.233798384332173	0.224146963052852
0.446839501797516	0.467940272720994
0.305550867849785	0.316100782757927
0.0260210400967182	0.026499599022645
-0.517935579077354	0.605230299283465
-0.103085213110233	0.0998353833440009
0.0577704566304652	0.057003078362983
-0.198108044769778	0.201775729290548
-0.126142603739271	0.122089603859699
0.305734296282717	0.316305746722048
0.0875494182821523	0.0805343872915309
0.126717994118397	0.138298224738307
0.572698999355679	1.16609088107207
1.07604546539769	1.3656315884464
-0.191929649528932	0.456086807654803
0.292178169360673	0.702498675149959
0.460898946671172	1.15809727262354
0.123027985596368	0.201547100193342
0.0294625996254239	0.0473987374762221
0.178463635112281	0.309171417951325
-0.326569887880403	0.766200846424635
0.545038739032014	1.70662638353291
0.266783741359075	0.606372269317866
0.274617140046216	0.675371258886936
0.595787994496182	1.74390884194691
0.370374785678589	0.662505210507346
-0.536842630255566	1.01200385971994
0.234753140466807	0.265811891507569
0.518757171299023	0.581477783058316
0.052570923569459	0.0398261112363968
0.112993429426138	0.100375755604866
0.0765138492615568	0.0832112462682546
0.090537380634385	0.10711002453891
0.17323102627214	0.244335382640847
0.078812759917982	0.0906506385926197
0.434045682467942	0.803207371949401
-0.246945100360992	0.366268851762258
0.151058578809931	0.199060403571904
0.215050215373423	0.300644279997946
0.619640500111165	1.20212737765247
-0.0870172539577449	0.11744897079461
0.268784970504148	0.379458740327547
0.164440885663282	0.114693969583047
-0.809454534603349	0.92064148699697
0.0949360915037404	0.0358894067913074
-0.228247294333536	0.297688100840327
-0.448576594133873	0.598850723585006
0.601207593852109	0.699836307276941
-0.480021663545608	0.589893335893134
0.439540610594663	0.551723899300816
0.164429481595298	0.168392578274001
0.519004237398817	0.582026737032996
0.313493364882303	0.412680736017
0.0193133232457503	0.016448932143597
-0.197335398925772	0.150185573123745
0.259792022485835	0.276790034068744
0.140259534264255	0.134109634123496
-0.617812742387696	0.716490401982965
-0.083639398536217	0.0665644913046857
-0.339284701653182	0.416220350565705
0.871238034513517	1.00192368680719
-0.00561315426512159	0.00994542774109727
0.0686264471297527	0.113476387010338
-0.0329097463983187	0.046161155378423
0.0774381516268428	0.115033016107849
0.233582581428966	0.468579012019829
-0.0811188799840505	0.132144838830165
0.136013869324825	0.239998095979023
-0.120238784760157	0.211581739624181
0.00755079521815188	0.0106034942586174
0.455652754342183	1.38324271180976
-0.0437225435610486	0.0599809917800716
0.315606298849586	0.480141431288721
-0.430999910191619	0.719148439038559
-0.351362290857002	0.394022939962485
0.653035003522062	1.04895015235312
0.00054283198195434	0.000450036503413416
-0.440620987252521	0.541467664414683
-0.0819710110916588	0.0794225719129858
0.292290543040746	0.451963517160898
0.403130108079207	0.740399969257532
-0.0629332600508694	0.0819399162550877
0.0577637394008106	0.0721887215502784
-0.122414483422902	0.151180217009588
-0.317416527992076	0.505535950825788
0.172945898744882	0.261471726661368
-0.0949475213236193	0.10886095575514
0.216939559733408	0.282419343772022
0.150794483079242	0.175056466265916
0.669358495838261	0.54044084791128
0.71996788575942	0.972366812357545
0.839357909248299	0.355494181112551
-0.273196129689278	0.358867727953432
-0.358361805742068	0.492698867376447
-0.00365484766925909	0.00243107177759345
0.177747615704033	0.13014136189674
0.0369733816692803	0.0327199339421131
-0.61772751965262	0.716636070922318
0.305869859254299	0.316531121308151
-0.25456939444452	0.258124652061417
0.0574164469531077	0.0566364837692063
-0.0865980951741064	0.0621469632251333
-0.135610769025365	0.150637738867047
-0.176156585042032	0.148238153990136
-0.134932744007044	0.105260180960142
-0.0521134421813907	0.0451625195549545
-0.0309388065135139	0.0268780900764198
0.903835775838564	0.870820985407928
-0.162093447922821	0.327560579759959
0.314370933342983	0.963119133138587
0.10902526922825	0.177232439577136
0.226024567724133	0.480670253819135
0.0854799741901018	0.148409180815875
0.625892265316203	2.06524397235701
0.183680495256679	0.323622808406906
0.346617036276001	0.635757432008168
-0.297773816952621	0.577556142251694
-0.451359662312674	1.01121922008452
-0.162615036301089	0.282074752409799
-0.125070503749121	0.149247009691851
0.133602264126837	0.167546359530104
0.243099104846229	0.242075082898384
0.496211808860368	0.697423139321722
0.178454286765051	0.207514573872878
0.446653894993332	0.625946263295241
0.188523516613624	0.206463733318057
0.221147396286755	0.316086298396994
0.0309353397125667	0.0360360496587283
-0.3680020108647	0.540968665878528
-0.0813998909300822	0.0826468227913291
-0.0922397761518974	0.109383972510693
0.16100456601552	0.19230573054752
-0.236796487322645	0.31944377107081
0.0104502575192281	0.0102886682277271
0.135987281003642	0.162037070498876
0.449831933400778	0.662946399692721
0.387188310440642	0.268341258583347
-0.238904714437653	0.197149384080951
0.513443582822609	0.140100976903003
0.617669317868786	0.874176782480199
0.0850229979866344	0.0839282102132171
-0.594041082781804	0.493855406890748
0.458301483522971	0.449961210312762
-0.521587072046783	0.639750003678528
-0.524416325382925	0.701748798775646
-0.134920688645733	0.105234532396298
0.376401020581508	0.430208508435625
-0.485733763116746	0.649526087082583
0.114479484595674	0.0872077195563934
-0.102778232105138	0.0941924861701786
0.369689092108477	0.360017462543947
0.0390742333857127	0.0320403249630912
-0.959408495591091	1.31740201919111
0.286126702431118	0.248700097075682
0.177371271415461	0.0865299357218919
0.0807897823630578	0.116801025666666
-0.0369978131261509	0.0463358504365161
-0.711793926238782	1.29626868849818
0.0999255531897059	0.108812549688184
-0.00445196267694697	0.00517986839455744
-0.254082833065747	0.365724448081818
0.0695619640812371	0.0819293339429252
0.209146381888717	0.30995170061402
0.603319592805714	1.48783649058855
0.761807559998882	1.52544518244176
0.852455930222223	1.6140817783185
0.340068188589651	0.4241144381871
-0.320633050276188	0.323126520982241
-1.3064234009383	1.66429316384188
-1.14019935816514	0.877256707754294
0.576886799181567	0.370898986143729
1.02129410159871	0.900106658188079
0.582604679370924	0.557371209431388
0.199054957967323	0.224917285944589
0.251581620352948	0.259191682036865
0.113501250675556	0.119900946127956
0.496214233382357	0.69661160073077
-0.304545870996853	0.325349843130593
0.165275730176131	0.16942182460034
-0.0414296226612519	0.0400619272574923
-0.611559777171174	0.817888737380876
0.376040670895019	0.430027698173951
-0.452080790779953	0.385315579778484
1.33951428259949	0.784241038163387
-0.516797055563071	0.4353578886626
0.0657427943130726	0.0212192905615849
-0.309704864061275	0.272628701937441
0.369358730945596	0.371902322807268
-1.15386613301575	1.04226316862794
0.582511944767716	0.557353926414827
0.0175175800606386	0.0121511746411636
0.388584151706609	0.253452711349919
0.582744497174134	0.557642510192981
-0.190230971492854	0.130493436536868
-0.54381429247409	0.530206731254975
1.65902041342204	1.49270315854752
-0.808770469841764	0.919512022666135
0.0175547153869659	0.0121777353746174
-0.901557560856523	0.77739325391556
-0.751489655446671	0.760852694006145
0.78726934917827	0.845506393969863
-0.431819108026318	0.139683933117468
-0.197058307235594	0.480136707536101
0.138874542378189	0.311855387746886
0.649381640129326	2.73434042450977
0.0623277334533234	0.107856650881755
-0.00986323559192507	0.0159724966387745
0.0313821076273774	0.0524766217871851
0.220548650700167	0.461463342827474
-0.19343677065979	0.404911304367931
0.270785675046836	0.59539665245109
0.383474165813202	0.948508411168348
-0.196680460982777	0.338366733093466
0.733001219407529	1.7870332349813
0.0599302499963798	0.0720259031503437
-0.0409213762422278	0.0395476853353022
-0.41805122621176	0.578089009471091
-0.573180177613819	1.0015803063664
-0.0182339544450674	0.0167628494904823
-0.196181047970396	0.245834794932248
-0.290173439979024	0.473256202007469
0.0678004257755361	0.086832760349848
-0.066913911416422	0.0898891977658343
-0.266728069287151	0.44455359759568
-0.0924713651867499	0.109688175711309
0.190806300868772	0.247640655518091
-0.355150249481156	0.618103656759441
0.221556526249924	0.316834216840229
0.0137900341083517	0.0148585211757999
-0.101556043698224	0.103240060336021
-0.29711983413448	0.196597696502064
-0.43442213224994	0.51008019081819
-1.89366726017897	0.851749409980545
-0.206192604060725	0.249781940721847
-0.564604722461611	0.786589970411062
-0.560799481285482	0.618424651521689
0.138249855866522	0.11417899457148
0.253046860630309	0.304590074799882
-0.602988179250303	0.872919670305159
-0.234657959371938	0.225021964150259
0.251744742171301	0.259449500630537
-0.473897380990199	0.554960650192599
-0.489581925188203	0.481681432020599
-0.151494203381795	0.137913926705215
-1.04238616642883	1.42408956086331
-0.502628089340847	0.526290423254658
-0.208066688899083	0.187526595322615
0.116604249119431	0.115256758353687
1.34644572302919	0.993658681951701
-0.270131247941609	0.824871253824033
-0.0418609783832046	0.0717133458660925
0.290765516578633	0.50723380136466
0.528438883787525	1.45246776462428
-0.0638410126530893	0.104602814790149
-0.245520100625717	0.520368924827178
0.339052764996762	0.89742408466965
0.117877918823122	0.208695906901621
0.224166098407592	0.453657332167186
0.260781486654531	0.550247843582601
-0.182198915834769	0.282694096592609
-0.224406528203311	0.341342743048111
0.0165653722117527	0.0157676051908391
-0.32408345883331	0.428381472849129
0.397046737558204	0.539588887088171
0.397256478828498	0.539988406817623
-0.0581636357399301	0.0534471374737004
0.498137839527465	0.645505693854948
0.128011613883354	0.167472506398972
-0.113798667302418	0.164107191283252
0.138792142412653	0.15623162976838
-0.184989213401418	0.223455024229662
-0.397442988677854	0.604795954148286
0.500798353327949	0.98864466764981
0.207897027238129	0.263379197405061
0.0907886009942306	0.112657244656101
-0.00510345239539012	0.00491557155287519
0.238599630381085	0.303714969452486
-0.956172391235253	0.538460179188053
0.369679246936748	0.384494718829193
0.837984948073137	0.354660733567109
0.0390951291669181	0.0320578735498744
0.215569166808377	0.229004848058402
0.787536899724439	0.845759476703674
0.871760505530764	1.00274209687108
-0.204128283775189	0.196392815792953
0.116266290210878	0.114875739768128
0.588744149117349	0.704770996144156
1.09782240130741	1.79607849371693
-0.108402668452132	0.0854562175232756
0.0656275278949389	0.043456549354034
0.438154257069828	0.518716005424849
0.289826834894587	0.261424361587172
-0.0839570771960138	0.0668314779533559
0.243878019581461	0.243063310862605
1.11730773089112	1.66285331868564
0.139672318668036	0.0606609321279644
-0.120947671771421	0.255424615432511
0.252698403423953	0.61534163390503
0.330900163591773	0.89133918068509
-0.117411962771362	0.209579436327196
-0.023347568402126	0.0393494771429174
0.389634139314369	1.00949734070921
-0.00209344437956389	0.00294674334753404
-0.253703592694697	0.475085947689163
-0.0260425822414927	0.0401576997874308
0.37977679187012	0.767477632678383
0.46393283112279	0.977978450621154
-0.602741964989295	1.38454721360944
-0.245851412595312	0.364420461856793
-0.593212713018144	1.12651311848464
-0.454276102070469	0.674721663013584
0.069864842481445	0.0860931601860368
-0.187670642893085	0.242809551580465
0.00880073134250416	0.00972633769060871
0.0697359222628137	0.0821527459403857
0.532597286450046	1.0922982325342
0.183256841948149	0.287388215722072
-0.136384649113294	0.174687338699585
-0.0306530685629072	0.0334297365532884
-0.45409107048027	0.674563375796428
-0.0339897340009911	0.0384509838501213
0.229011910632763	0.283194744236083
0.0167225381989023	0.0159130308604826
-0.102571053704766	0.104333535174415
1.14352978132051	1.09785280089741
0.0720963770818121	0.0638945106735944
0.513965058596701	0.140263455477391
0.244519347634283	0.28573359480635
-0.234118799133396	0.224511788260436
-0.676196173035111	0.691506895954701
0.219700951511748	0.196857277013372
-0.671569914839352	0.817049340769743
-0.370387485514858	0.454888634805171
-0.502547182799157	0.526251518553491
-0.66017914803711	0.881280331272544
-0.61189420282099	0.818405440730109
0.262687607932859	0.182980166312867
-0.273130859847264	0.29218236263902
-0.666588364286724	0.851111786130659
-0.0604314101839728	0.0484786301772471
0.286335720096367	0.248924355544093
0.442547889975429	0.47827482135504
-0.880636354387962	0.574697785371755
0.528510060445488	1.9483670555785
0.181230756649602	0.401667420095358
-0.45319150928643	1.34555938875348
0.334509541131211	1.0077587069168
0.0604594169176028	0.109540396742137
-0.365218361051839	0.81427516179171
0.3628866642694	0.951209942172839
0.167138390798528	0.324332206765587
0.161008916036564	0.307134681627305
0.139366541287824	0.210941605507466
-0.420498675067317	0.935906886321404
-0.469446305079136	0.921908180452658
0.335017582446527	0.563793375760841
-0.0167161851908428	0.0181723975294493
0.0665587567415377	0.0743490989573351
0.626257139963508	1.17083551811472
-0.189837437587756	0.203089251822148
-0.273545046481221	0.359406639325027
0.226673214429537	0.361723560362181
-0.0101722756407296	0.0126668336391987
0.133146197801494	0.166892715643189
0.434937124927749	0.857796980487422
0.113076218192794	0.127076989372705
0.625753499144027	1.16951311688975
0.430312056257979	0.753988077058009
0.0424997811527282	0.0405003998580964
-0.116263733309099	0.128902230285458
-0.188833342457486	0.201813193516498
-0.780392311734643	0.683935500508526
-0.121532160947733	0.10379618253031
-0.334663073571257	0.0728613922734098
0.291331895429027	0.351767782883806
0.565423109520961	0.735953144562605
-0.0277492178270393	0.0181527274238826
0.0522603906423932	0.0395860560206122
-0.337669914536151	0.359765806886994
-0.320717698976865	0.32321892966109
1.02698217054533	1.33765145449872
0.259668741364171	0.276615924886425
0.360756096533929	0.501769533419067
-0.335847265409322	0.31629966182823
-0.0186508933538012	0.0151632647103264
-0.377265307984336	0.353013060471803
0.885902377538558	1.27238120067746
0.37139610752322	0.398982908450012
-0.0189078306180537	0.0153708923842721
0.139226935203626	0.0604631939599452
-0.103791748667312	0.220489413544893
-0.057398175392562	0.116066654737785
0.115857862111306	0.250833818575604
0.306845580088698	0.978982564312562
-0.0762365231217497	0.147502749716341
0.301272540200978	0.671310745140189
-0.00757700840298928	0.0111192170999399
0.0146248553734117	0.019436097747899
-0.048556156036089	0.0685456112037078
-0.374149045848653	0.653650099137034
-0.717910926938251	1.55891460541636
-0.0776335354266249	0.104638971875069
0.00523193191086195	0.00638092315797911
-0.135410963011727	0.173281696687227
-0.24391439685985	0.394074218624983
-0.379735868811936	0.610902637855797
0.523884963351539	1.15473668992526
0.0268734625447371	0.02981778917813
0.0704575665220814	0.102682253708015
-0.108275327349374	0.128824746938563
-0.146503179859646	0.200272060742788
0.0496946249766106	0.0582201444994767
0.221666927926763	0.317042507310508
0.176913079054502	0.18748511874701
-0.280156261221963	0.442724671999162
-0.273247068594285	0.292314711531862
-0.246846618397963	0.344589837667611
0.126060787412627	0.100038238706024
0.239598849575432	0.147943900388557
-1.13426161260373	1.53742800180978
-1.48931196232091	0.865396017643466
0.30521844432966	0.315579948916348
0.219383103261463	0.196538104538448
1.00789900230411	1.04975638612462
0.1771429653633	0.129702638896017
-0.712115450309406	1.14803017516006
0.545863847242943	0.851058999782476
0.376853589982264	0.330187253141146
-0.0968083675315561	0.0831628067374049
0.149927598890648	0.128708234969498
0.0423914388333115	0.0265612721753363
-0.150714628774916	0.145713321169311
-0.108442086654261	0.0854898861357675
-0.299588824402082	0.284281244833158
0.837691570230539	0.99137695924334
0.600233414644027	0.553274146579952
-0.246406175944135	0.145767215256726
-0.137742493710684	0.284982165774164
0.0462571940019922	0.0975581901894169
0.235255683597725	0.735539659531304
0.348284464496216	1.31694197213987
-0.308406591578327	0.914082540251257
-0.101321608583997	0.192943339149906
0.340244983012751	0.854687208892733
0.022244528666412	0.0283230377633583
-0.163908498726931	0.301058883004783
-0.0340848889328355	0.0385570104832924
0.272781678423428	0.535855738592723
0.149385976924658	0.234176967634421
0.187546970052469	0.349452773422002
-0.194624875725141	0.30269229133246
-0.0648749772159097	0.0920659568453545
-0.0302748786086465	0.0402168432410559
-0.694265164911568	1.8904639784832
-0.288861393655889	0.470407862351076
-0.411185832868194	0.858866800512555
0.434949787309519	0.896159214378031
0.172197379265064	0.211727747489698
-0.0803924914492132	0.101660136658946
0.626257139963508	1.17083551811472
-0.242800892454606	0.284005214224953
-0.0611241058294136	0.0670392675384713
-0.290138176785057	0.368604480274999
-0.307743791516502	0.376384796025439
0.466824764528135	0.443204503463501
0.224155020706678	0.129229194330155
-0.265026172358953	0.25265919524925
0.0662152355763195	0.0213746653107393
0.3735678218452	0.41427299675886
-0.362438121310597	0.426221999245788
1.57408573708393	1.81293309774151
0.534686692181786	0.389495856562383
-0.640471478576476	0.962249149878826
0.129692755742442	0.132585023929303
0.0421851808683871	0.0264279947996848
0.438026326932688	0.518511962652262
0.149773189843704	0.128558634416277
0.164234989553369	0.114535547387736
0.116940814188537	0.115627420752815
-0.0519894588284406	0.0450468762159763
-0.236763462249611	0.177860565514915
0.30068126504855	0.300758989796737
0.496526674732229	0.420066127052517
-0.73270341821695	0.436542599396683
-0.00750774786305993	0.0138874167969998
0.285393162471645	1.00435060558087
0.0270137371688239	0.0541524837578111
0.0188666012489832	0.0354189592530974
0.240489295255376	0.696235599369028
0.175687424898107	0.392087786328462
0.316940709979633	0.847125659936785
0.141036602389132	0.282334175384061
-0.206578377374116	0.442184123376471
0.0496705529868531	0.0725754370185415
-0.0718672998148147	0.116296746222804
0.328744920464885	0.7224204158905
0.379156302378312	0.745849613292131
-0.267071162886995	0.374181867864618
0.122073899147237	0.165820157649067
0.200406370395948	0.311708404599792
0.355126890417539	0.567502598634239
-0.00274412097742662	0.00341034635389531
0.287234533660783	0.492568730817122
0.0709334237982522	0.106602464974131
0.268876746592058	0.471894998188041
-0.146876207960465	0.200874189070461
0.269039640649813	0.379947027669365
-0.317856512915399	0.405035291826734
0.221194380895958	0.316149486817033
-0.195429795255863	0.244762058153289
0.0254414479383419	0.0233752954579756
-0.0803279851935546	0.0814687108171111
-0.324530631306473	0.186866796781563
0.287059350186093	0.249652430560685
1.11327607611415	0.561415715357882
0.0473831242609277	0.0482725458481878
0.0390064342685286	0.0319829973112422
-0.604996309166809	0.584295765435778
-0.114854093956353	0.0812236262450115
0.0212522690497834	0.0167267999318735
0.0726502250888457	0.0741633962629085
0.911443544202557	1.01713272171609
-0.269537750864822	0.315794414790711
0.373704678453381	0.414393762424888
0.701356432313259	0.537262252840041
-0.370386530621007	0.454926869325903
-0.617009443676365	0.715211618791234
-0.017362409115943	0.012925697063554
0.564950947910138	0.734933765642703
-1.09355743545231	1.55477969664162
0.388276752279867	0.253283802116027
-0.125177901448663	0.404431208631538
0.340997513316635	1.29007157132298
-0.130956186809138	0.275877968263489
0.259940901712046	0.602085861946083
-0.24183060976665	0.602876696866963
-0.156843092432453	0.31109719434541
0.10425313346029	0.214771301561785
0.306164808630893	0.884673024260804
0.313455264890147	0.959329478959933
-0.147862014152164	0.391342394684042
0.00901558642287138	0.0139493444224636
0.303472127012851	0.497431480059009
0.000666036017006065	0.000702337511644908
-0.376891009731456	0.482039073813608
0.211152276831694	0.182191105543124
-0.119813816667639	0.127527284843755
0.251952668797257	0.259698692249259
-0.150255647537271	0.173893311597714
-0.134427340307565	0.194598405199369
0.363082241016089	0.879999182339446
0.216785413142196	0.387713995629343
-0.306374842756057	0.529243050011959
0.323941355890057	0.606823654073187
-0.270993537398794	0.476735563336481
-0.00810832632082394	0.0103964268301152
0.257959839131617	0.430148072667004
0.143530020847027	0.196507606887325
0.172249346509878	0.2601670932024
-0.239208236624394	0.197441412722321
0.440519540475109	0.491102932430508
0.177750084619085	0.0867241074087623
-0.217780893631487	0.350179025608021
-0.449074521857659	0.599644345222337
-0.273090866768117	0.242574397015283
0.442407419446907	0.478043513580002
0.8226156138952	1.26950793938893
-0.0117672886596331	0.0102500362508117
-0.14652153971221	0.124167947484982
-0.00563879333335249	0.00543548744644548
-0.10191854727419	0.103650891342673
-0.337532056677855	0.359524118451413
0.397387487358932	0.540237903029432
-0.126229656954336	0.115334232142637
-0.178242847485628	0.161409807857942
0.0409243231630574	0.0488738798948842
-0.592832824969671	0.920155824122047
0.0749436002810703	0.0407239676465624
0.270565164346612	1.50566072838866
0.010752631212799	0.023150479631453
0.181907688720038	0.441572344316065
-0.342612076012557	1.02929232436936
0.305626106536197	1.03596889776601
-0.252675974554793	0.685231591392627
0.132295792739271	0.326466875862546
0.27684758407977	0.828423713214822
0.240374860614186	0.753388350559409
0.0179543349700607	0.044450347579453
-0.200082645674041	0.467441051902044
0.322765713148613	0.682269897390063
0.498416912374678	0.792689590022343
-0.583210763902822	0.963520129931915
-0.172003822550846	0.175314026845874
-0.486901250284984	0.701312204228091
0.25186121626654	0.25952963619235
-0.329441898808201	0.387157361714294
-0.023019403797362	0.0305384066127944
0.257236501317305	0.535458506469984
0.509978879361783	1.25631280647471
-0.136717762303386	0.219883654409006
0.595564000848277	1.74280043275257
-0.0804425475784491	0.11167607269789
-0.224423186030913	0.380845214665423
0.0433886204881108	0.060453228541978
0.0204822597282042	0.0232546992784233
-0.272089309326108	0.417368389384913
-0.472593089780148	0.434057650046201
-0.177269918628897	0.171141662317762
-1.29584977821647	0.670950029807498
-0.0907937364083403	0.126468270302914
-0.0340985680800353	0.038577182573929
-0.175924184176975	0.148082522137458
-0.080848230335239	0.082059142008398
-0.000478364490624205	0.000441808949183864
0.178639916165682	0.207799312356725
0.0986161746801431	0.0843046065301108
0.140079894848461	0.133917515624794
0.150872501860215	0.129532302654272
0.113053512426884	0.100440452002102
-0.298828108546586	0.350853790968067
-0.265587651018756	0.253371917914573
0.659568679172144	1.03497260474591
0.0793411896692786	0.095841822925544
-0.17049014577292	0.197659268410229
-0.0866447552336423	0.0621656877671873
0.0662903354947575	0.245120220473937
0.164970568588043	0.841481545041578
0.00833459545616006	0.0236352744503143
-0.0962135544917536	0.356091082259725
0.153851731196469	0.620638428304265
0.0185618473480296	0.0457762679356207
0.31317376940055	1.18573548685954
0.17407660014695	0.412304811184555
0.22262151267594	0.681998164112977
0.227917824827988	0.633003741391519
-0.0131117996432103	0.0246676892921843
-0.164684375697294	0.352211189462191
0.128181879088556	0.263310561120591
-0.287170258162889	0.64209914759347
0.33906880744962	0.711509554051971
-0.0201064340510296	0.0273519159268957
-0.107442990148955	0.141204565010131
0.0386169951625925	0.0601456411371615
0.0465182405020454	0.0824132923735684
0.0522680461448176	0.0788167952780299
0.381174900116041	0.930785126991487
-0.227308612516835	0.430688201634546
-0.125540116263495	0.181756088643147
0.0905616134227293	0.13957507161737
-0.773587604179252	1.88719733170016
-0.265976393175525	0.442745066662205
0.215800151243398	0.301899310089056
-0.171871370785643	0.199619514154403
-0.583424716781791	0.402603771985773
0.267968267688179	0.294848468288338
0.856876012169715	0.537570021900891
0.438183516974011	0.534140232091263
-0.0796850064235274	0.0731706976235566
-0.483719964371382	0.341084556825101
0.0838928310519345	0.0583983807618221
-0.456981150650404	0.765569768149442
0.238599630381085	0.303714969452486
0.243929827265446	0.243127044954917
0.298032168412583	0.370288479705368
-0.523728925222834	0.672053627817934
-0.320514916372379	0.322957047893584
-0.390423794658052	0.556814327198373
-0.151231660834205	0.146282714220036
1.08711996863433	1.94420014435142
-0.102221551975067	0.0936708884654276
0.666047089613359	1.02001514127125
0.508431869940239	0.411242249882543
0.295999526769683	1.85654685836403
0.163736796686656	0.817732723771736
0.0940335489142332	0.351359998259699
0.423955092557713	3.27902150911001
0.0509331995440499	0.154491188949321
-0.0361670911092816	0.0926658394041575
-0.063521638772513	0.146315556182095
-0.206338954722018	0.522898386414166
0.426191085464932	1.73525079973748
0.0820080051049381	0.17986493005186
-0.0123503845623806	0.0229859913341167
-0.267766414772198	0.703850161074893
0.762731937352862	3.48583077376076
-0.52425888943195	1.40339593757232
-0.509143196216042	1.33627015552157
0.187925424190631	0.350330551205529
-0.225633042290755	0.426712677132932
0.438512940667144	1.06842116371609
0.092243956914069	0.166914147270297
-0.260447048911211	0.565174785148588
0.191770860117154	0.348178019382209
0.0301882173370042	0.039253308434867
0.0803158768872502	0.0971358582399701
0.0224499739041188	0.02661416043101
-0.171177829916186	0.257602105688296
0.395211542861214	0.674743293151672
-0.122464159931523	0.171801702640045
0.371153950348458	0.543610387322907
0.0381666967743096	0.0191497818632931
-0.0313918088915361	0.0272787853108545
-0.261238127410024	0.130471040348873
0.205272471863636	0.210909376467938
-0.445682322588965	0.571924649248155
0.204267705386525	0.169753023794261
-0.398700785255479	0.343956315470859
0.3209397645596	0.499274801997324
-0.33096331238605	0.453341659792497
0.301020066098752	0.301302948637818
0.673856698429974	1.00701821016208
0.0256182082887601	0.0235366679367077
1.09751009317297	1.79525736209009
0.339896420311979	0.423864236570152
-0.058846705291678	0.0541199314086886
-0.561906561017349	0.620006783026935
0.140231475825919	0.134075649497979
0.0361006276582156	0.0319029462549263
-1.36122236968539	1.20117853308397
0.0199532448176389	0.0747751480966875
0.0727525397583096	0.305071446104362
0.0440779553728974	0.132639402638135
0.105117315468369	0.370544248226319
0.0285217884352557	0.0776579100643216
0.0570398945210894	0.159626333645228
-0.0455763070927017	0.110057712175458
-0.151522929715418	0.402149141907787
0.321869101923143	1.31499247115569
0.140895257053319	0.421091671811704
0.0475524675482056	0.0996455840682505
0.0968337769527041	0.188349574595549
-0.0887980802901752	0.150678598351581
-0.426319101730395	0.98709571378938
-0.147839476150166	0.238976191861856
-0.0521659645935977	0.0771448759361802
-0.120160300523707	0.153214239626293
0.00590996773035467	0.00745429690863987
-0.0951838035137075	0.167749994225069
0.336149831308088	0.879926833969631
-0.0885618987982692	0.133430383261767
0.459893855912203	1.11486296017741
0.436450680868094	1.04907642649334
0.0948907883667	0.131734230560006
0.122344221858668	0.166247848718841
-0.0747164218073249	0.097615457050736
0.208261881057324	0.308355985871044
-0.136054608374649	0.174225935698322
-0.245971506256114	0.145492288869508
0.173690754346543	0.16067877804609
-0.0745777932077385	0.0328212616705726
-0.542479138805789	0.945465432565214
-0.130158584423136	0.150098088651493
-0.915399451107213	0.969183930735169
0.579957546466123	0.714310901834142
0.829669825036336	1.43909698917529
0.31583031750004	0.480586147565821
-0.918211169151961	1.63561835040413
-0.520768040910145	0.777798398078085
0.153473379058254	0.152030442469551
-0.20815776924092	0.187623730514488
0.165109781023881	0.169234634574137
-0.0793543054260816	0.072844237049276
0.75823293053039	1.31146658216726
0.0700872999887284	0.0667826137285987
-0.119135357451552	0.126699250510939
-0.28243588961921	0.209268765072462
0.114648844068367	0.881145130659701
0.0266503810501058	0.110287692725212
0.13160289459817	0.559059840717069
0.117248481105739	0.464067057411663
0.162754924337634	0.759691332256526
0.16394972743747	0.641802263726756
0.139853554010133	0.482843876541408
0.207792693788949	0.753634496121869
0.297041706209348	1.35018820526597
0.219870284111619	1.04452956151375
0.140516864091908	0.385737594760506
0.107199920301078	0.193443079738412
0.229528322834429	0.40194128880592
0.000968670493512401	0.00127698996641197
-0.133550615685683	0.182142515063651
0.56265416348202	1.21711603515927
0.202858986216382	0.294370205004828
-0.302594211350799	0.453317123577136
0.129501160666423	0.23701154429239
0.168245748737736	0.338181598843251
-0.493475922088746	1.28980409754603
0.268483665749051	0.554181914565966
-0.159115658576998	0.296087601483343
-0.158639439923688	0.244595684455778
0.00793842497364075	0.0111495341540971
-0.417498054154118	0.833323081198889
-0.159199249039752	0.225063608888981
0.234170807417266	0.349874331429841
-0.420689144245442	0.389650635031554
-0.12149616324855	0.103755239303955
1.36278634045704	0.382900995538424
0.315498277026723	0.479892484357063
-0.229302659647597	0.338798839127657
0.0988354697276145	0.0845054750720146
0.369045224595353	0.371485569561707
-0.280656178829387	0.342901307079603
0.0402759832984458	0.0423381208752892
-0.171494078014016	0.174697222932054
-1.07877223525301	2.10218005107771
-0.0232040670001809	0.0224053365383952
-0.489937362512548	0.4820326933958
0.0331894460141331	0.0327290750763031
0.306066618494232	0.316789072009462
0.55984786594903	0.748453293119826
0.541141096603184	0.962843597322174
-0.243166994173825	0.284545484986182
-0.132893098417516	0.0823205283086435
0.105423039787136	0.981245024572473
0.171439986029622	1.33811105907985
0.100400065721858	0.420767163500366
0.240792194774914	1.37702679291579
-0.0359460991133587	0.122697135705813
0.086856824051303	0.277138925000038
0.146216209938362	0.511552168968618
-0.0683496152629429	0.191423424468545
0.226458396600171	0.953318239987666
0.156807371973863	0.628850738910902
-0.149791786573108	0.41049842832753
0.231263780597762	0.556600871795103
0.159450069240211	0.281486002584174
-0.00116896298923218	0.00149655387642854
0.501154464939258	1.00622502505273
-0.0945369491791658	0.135711585141107
0.181801579483082	0.229812337763325
0.627466211394515	1.61683111516518
0.23709840892097	0.52496633488864
0.17026603338511	0.354871584663018
0.030648897540818	0.0436508242482239
0.113784931865233	0.174934371764522
0.0225489218785144	0.0314656759897703
0.0925304758605212	0.138648769678787
-0.220528482105491	0.382670749602933
0.241856536421316	0.340085750368883
-0.120033088658443	0.158120721925094
0.430499325481528	0.754592086603197
0.148458891324985	0.0981355583717373
-0.616279990402962	0.676089240795366
-0.0265792695928024	0.00701290039496226
0.539701509553324	1.01846063074526
-0.111809907601738	0.12856766326184
0.779537558681533	0.973863011290002
0.0723630157061673	0.0641331229234403
-0.677108930343846	1.05439162473041
-0.126981631203785	0.122998563956896
-0.240002870266136	0.302811504593688
-0.243230392412889	0.260319778964395
-0.000100968690854785	0.0000918267406220333
-0.176736510643033	0.17052657451854
-0.142334591688059	0.151877484172211
0.205243566216741	0.21087188093004
0.227627660831387	0.211499769037866
-0.730045693378212	1.40493918589409
-0.108976896752928	0.129762268953957
0.0144998879915161	0.00855446879519342
0.116918139816828	1.19040946396306
0.176214284679179	1.6173195559885
0.194897705635077	1.13586428991332
0.0980208668573629	0.420261457128997
0.0570648752516403	0.2227089255941
0.122701981333282	0.464956832716403
0.0654018129006334	0.197141562264046
-0.0513376568541	0.139821237826731
0.00900124544307127	0.0229558004726908
0.0941869711005379	0.34262583961197
-0.0561380891154577	0.133313977559007
-0.0158726255760602	0.0271982537050022
-0.0543908923312152	0.0838370990257337
0.192431629918131	0.349753921037508
0.435433062922733	0.84643044097424
-0.0571944687856466	0.0766132236383966
-0.187258505706077	0.266245074897293
0.36968902468058	0.650878631314208
0.185443479588771	0.416483855412036
-0.000996885307084545	0.00158169432798767
0.0953661782265069	0.158107861640586
-0.368095889630629	0.775933394133003
0.122723978267321	0.200977855777727
-0.107389419649528	0.162992718395097
0.022262844681776	0.0283501147038651
0.0566802918605938	0.0735002195929418
0.370865110518776	0.663657912201164
0.165739914129708	0.214131423303986
0.224490298712279	0.129441484654001
-0.0842664659422525	0.0670873015157282
-0.380397274173531	0.17962556370942
-0.198092352989492	0.265110822596661
0.502598745374516	0.908575391267765
0.379383917040052	0.3193464863318
-0.286660979698716	0.290057066449521
-0.0807921604078406	0.0781865174421155
0.199243143229358	0.225199423566368
-0.485510403805843	0.746828311946283
0.590448112074787	0.989587237319929
-0.0799455224688649	0.0846808240371625
-0.351287664264784	0.393846381806749
0.22038021475654	0.264891906081735
-0.0849794026086926	0.0676610017155103
-0.205828794555398	0.171653388629139
0.166339578740435	0.215027910272313
-0.304455952395466	0.415114342334436
-0.239208236624394	0.197441412722321
0.145858855232629	1.65533002361346
0.177171821008322	1.93614327334773
0.0836796870864536	0.58787393643594
0.110464362862664	0.729289850174936
0.161032697720133	0.942775596855657
0.0736076484311637	0.268764928404724
0.121544932012333	0.402270353877026
-0.187847351653586	0.770539811060887
0.109847538576506	0.342007849926562
0.0517500182915299	0.145984615469645
0.0733836818787147	0.190630591475312
0.124982334802027	0.352785226253632
0.150874893793433	0.370282161015441
-0.123671279967147	0.293549724444964
0.132148300489282	0.31111704593704
0.303318975021426	0.866985820295358
0.326244558335775	0.980700455078954
0.450347614024491	1.75584570058775
0.137550188485847	0.265460695450561
0.13159473695124	0.22879860993154
0.163403829839349	0.292770119920522
0.0272508415063179	0.0302481623482513
0.259680399677651	0.390530594309496
0.0400353651035709	0.0496811567858401
-0.226506552689574	0.314731632070207
-0.0266406513281386	0.0268879053387709
0.602422050846726	0.919370162685988
-0.583364637899786	0.402563731571343
0.243501276635577	0.242520019170407
-0.775671632266485	0.30036551364768
-0.561330321081388	0.811524784438993
0.375611558139202	0.429286225543475
0.52081284551872	0.400988918066668
0.757021929464121	0.838591385820646
0.639237291013655	1.09930641477705
-0.466744272383328	0.893891195380675
-0.82390129030635	0.882185976909736
-0.205308482169461	0.248403314112326
-0.193874664725818	0.225735136971755
0.507661228552875	0.604140566984304
0.00543006915086843	0.00551624907685442
0.113648121753916	0.0865491020180963
-0.0468802547306722	0.0531500951670817
-0.120687265044986	0.103029524911124
0.340235452385443	0.424366580853921
-0.902484549809967	0.778562600590699
0.159586768588928	1.93977523016851
0.128125055155225	1.16322213737825
0.0800695379037714	0.445080182486819
0.0905054634380738	0.419454943160295
0.118712558517573	0.462219480747328
0.0463384199457581	0.113484905926918
0.198295223201716	0.813118699429799
-0.0941467293328383	0.236709761141315
0.270989213068127	1.18129608226123
0.293707600012977	1.25761721026297
0.257759720127616	0.999285730204393
-0.0945431282619551	0.233804398953724
-0.217474931347539	0.714435524937095
0.00678908414727639	0.0126859897492049
-0.00161673206342952	0.00293770960955405
0.098017926282329	0.228815295391281
0.0360664482258845	0.0735952268812557
-0.0716259005102855	0.115872842856562
-0.0894753277435914	0.140805938851692
0.293663233677708	0.589159276440131
-0.149576677163021	0.1729501897267
-0.519416963200048	0.801934484758352
-0.000434565018240987	0.000395011858037327
0.198772130505327	0.245023004131586
-0.0938940858342976	0.107558194093787
-0.560992877020129	0.810741299313585
-0.583484777042542	0.402598007620774
0.631681079298288	0.693750987477167
-0.775064591321264	0.300105942381159
0.160779489847923	0.143174061081085
0.19442586223657	0.192965000860013
-0.594620453874831	0.494138713879065
0.0654784254362318	0.0433560799549275
-0.682025671682835	1.2047541619516
-0.692644647402288	1.32924201218251
0.239491193883545	0.147874741209224
-0.457730882013528	0.767326157473201
-0.230172925329569	0.257908988382036
-0.272991888654096	0.242461443278293
-0.0788223395252177	0.0868198407062646
0.0415939317501812	0.0396112500590811
-0.141145141024018	0.150441198156868
-0.0174398929999648	0.0129821208572851
-0.677148597442897	0.646444698229284
-0.88080788513696	0.574927657006385
0.120697394978175	1.26494174316251
0.154012853333751	1.54390404581396
0.165564952589859	1.21859525429422
0.146324630054117	0.785866933439932
0.0881158090939023	0.268963142541846
0.0931698186279987	0.337998623289345
0.169996065382555	0.59121185550891
0.0503014631609018	0.150674791201534
0.226334384643539	0.940442862630836
-0.0779906352644316	0.233584438026491
0.174513129301466	0.526626532345601
-0.0425149648612088	0.0983897289130397
0.228247742014169	0.793726434434516
0.0546436454977373	0.122640295626026
0.16157232964901	0.441837364296219
0.10584756316914	0.261069092817372
-0.0955504470552992	0.178604344620609
-0.0894232054382091	0.143594605767674
-0.0440041407576949	0.0647938889533406
-0.135615111894146	0.173585165919538
0.0405804505576493	0.042679022439851
0.402360139512368	0.738665641459055
0.502903180525776	0.944055944500355
-0.187179872335098	0.242056064273958
-0.522477266826567	0.753897063849987
-0.00886042722884397	0.00409117945922056
-0.120889511304411	0.10322493072215
0.0950165946904723	0.0359124858240917
0.458510803695819	0.450250739651404
-0.0844295688602486	0.0672247092696342
0.755248859477577	0.698283571689755
0.672672397933643	0.694468579057604
-0.0285916470081484	0.0300342677961217
-0.0620188328154466	0.0705890606804779
0.498261231558141	0.645726053276701
-0.0376296482979955	0.0346037996170491
-0.523816221640573	0.728698237151701
-0.374050225308275	0.397190137796019
0.313493364882303	0.412680736017
0.11364758029774	0.120093287170072
0.386257180885578	0.483130488564184
0.756629713705261	0.970448132168293
-0.784802126287843	0.994482617534982
-1.80783805954569	1.27446149041566
0.182276073672193	2.50710538503817
0.183052350321767	1.86201074028283
0.0400368696926061	0.180790399751008
-0.00778018618080502	0.0249884507262146
-0.0859720608313279	0.425610614596022
0.203001566022652	1.04113208134874
0.222224567296612	1.17990908070384
0.10579262666605	0.354798053040922
0.0515483227523428	0.127685878648015
0.0176007033773726	0.0360571312543341
0.108446606191092	0.262802899284614
0.535875247771495	2.48011490025577
0.430381272247486	1.44337585373197
-0.035440350589659	0.0669473852180456
-0.0459661759936764	0.0961459584179887
0.263426192347257	0.750401810438501
0.258968056459961	0.645706645612417
0.0750422559301452	0.126226233291463
-0.125289880332195	0.186234661650564
-0.148903268086615	0.235166756971121
-0.277113749858786	0.476082025368039
0.120203989362727	0.153695879715704
-0.0282388641906799	0.0296544838732863
0.544822355585691	0.869729071474954
-2.80802828233886	2.09988420411498
-0.704645163864885	0.980247765242144
0.139254406100774	0.0604735652875547
0.404984154035747	0.580307116229441
-0.404933449880946	0.497757455634012
0.600801686775604	0.553809275051655
-0.336872255839232	0.317652413490113
0.539556622593016	1.01778965763455
0.191128255906748	0.248090542685146
0.259479129260359	0.276217433726315
-0.242930325910947	0.259905359517815
0.25168655813608	0.25938943188328
0.44286632006212	0.478674710571448
-0.620453729784541	1.02826208355797
0.496477307212566	0.66101927820388
-0.126010572259518	0.11510979744737
0.252102737763269	0.259783525690354
-0.148024559032041	0.125615244281679
0.668944288905659	0.539972741380772
0.123249554309956	1.28219024285531
0.127646377978953	1.17715134680158
0.217774122484073	1.87332404469883
0.22646619218131	2.33741688561278
0.0710146047455516	0.310550930801778
0.0335881827261204	0.118085858379938
0.0949766638239821	0.348952476793754
0.127738957010595	0.404246358390038
0.391718779469847	1.51414427452455
0.249911745206168	0.892651085282122
0.223655669964003	0.652717736469396
-0.35933825760044	1.17847543240927
0.0500513840327244	0.103010463185163
0.176654306905956	0.518986280637692
0.149984949412693	0.348927579957291
0.31424412779308	0.864747520714622
0.122550840879633	0.242504905682159
-0.955689866359873	2.96741965070764
-0.127068150341682	0.19894391433003
-0.579560405739077	1.38315914433996
-0.290162012623303	0.499026933130046
-0.0882889374801819	0.135854962985264
-0.175463018565378	0.241254705871655
1.2701847100306	1.47087149503768
0.0839266846655344	0.0689846020859213
-1.29621877488002	0.671275778988152
-0.057669818470828	0.052990793757087
-0.405279559174227	0.498417806044727
2.01312064083303	2.68215405938215
-0.759994852025551	1.05557818966087
-0.272649089747607	0.291577189248569
-0.136337385683702	0.174621470108607
-0.617491418792584	0.716270790202119
0.382394049449814	0.46439555746884
-0.942127873196314	1.62633745654132
-0.25562306847489	0.259474139257936
0.269191707434458	0.342895484614359
-0.19848987520983	0.151194246763941
0.371176950996405	0.398639856374508
0.235509438574539	0.226632298624788
0.199613039564278	0.225697902180746
-1.80783805954569	1.27446149041566
0.137813963430159	1.55248441082496
0.0498101193494865	0.327758902803894
0.128512851760865	1.2142105196059
0.132406604215875	0.834785754390762
0.083767288956411	0.359987150442066
0.138368666330693	0.550222849025115
0.189449089469457	0.563692716244372
0.0838956288968705	0.182776681601399
-0.0590557316803468	0.109698269754986
-0.0520715865783581	0.0960142653581791
0.121665982239903	0.229606317438444
0.0123982382353306	0.018717550184929
-0.0616840325439263	0.135469413669799
-0.128178737896216	0.287640675355818
0.46640524248872	1.55947965540462
0.234329444811667	0.57055790256217
0.263480900469292	0.618253302001422
0.217566780948382	0.44952561925468
-0.230329979070973	0.444006074908951
0.433856462667021	0.954316612888127
-0.208492930244645	0.325608291834982
0.120203989362727	0.153695879715704
0.148471678864039	0.0981366475509457
-0.317511265911848	0.404555849986428
0.39197784561048	0.221571162990167
0.425255403396257	0.701892492727567
0.155780439353289	0.170291403418001
-0.489056613234087	0.480952902657641
0.438508507060197	0.519101996868022
0.155420571288049	0.169829322606199
0.496792517901555	0.735074530848191
-0.265927068383168	0.253839687701559
0.00714381550091897	0.00632102896487094
-0.151858608667024	0.146876102638669
-0.673735415009882	0.77673418564742
-0.123440773451567	0.125626907359968
0.161100687759187	0.143536417383526
-0.0797742247462825	0.07325272723393
0.643769412686777	0.841889176462952
-0.12695103623019	0.12296239992935
-0.190285409788063	0.130533179871215
0.143282662382989	1.67213171986963
0.123690155732654	1.21382541015727
0.0415169103103877	0.168038968332415
0.308710546422896	1.8735425089538
0.0890307526084096	0.25845874338849
-0.0901322371300399	0.188612759229862
0.138455215400661	0.273936657811714
0.234654829918675	0.387797983803033
-0.105977676056974	0.156778181640824
-0.147244224422472	0.232089919258464
-0.0532514125227822	0.0788659381729944
0.207163874699064	0.511359421355181
-0.191409659223091	0.454531491780322
-0.0679612894607876	0.124183839522035
-0.420093199124095	1.07082143097815
0.094752877572947	0.161153964940765
0.236441653391362	0.523109617208275
-0.232086059858245	0.448765849353818
-0.0309013239414172	0.0410868241864168
-0.159974184915703	0.24700734303786
0.0458206528411266	0.0600562620517034
0.100487477301957	0.0732951488696719
0.056137583965546	0.0478923086378143
-0.766861737689918	0.383121343249645
0.115728451534057	0.1624548738362
-0.376991632091476	0.482253791145514
-0.321148359983933	0.323788972569803
-0.524025114152484	0.672573917400711
-0.178690082266587	0.161884972783625
-0.0310318993277253	0.0269634549719945
-0.254626383101318	0.310379284701011
-0.345730573650364	0.441284945628528
0.0186509388138112	0.0158737466656431
-0.396311350966106	0.465454731033731
-0.557596140520162	0.834550857304359
-0.304094803996484	0.32471812453652
0.446776017766984	0.468013903571354
0.0209964724118257	0.0165296627907213
-0.318522175609179	0.357551461336651
0.12887082915033	0.0803325775358216
0.135176729378795	1.46805186382884
0.11336195828235	0.81529806819943
0.127939014659135	0.681218178766623
-0.0587863327799934	0.172406894793848
0.245229783988283	0.7820406956364
0.434902930271985	1.49848691473938
-0.255014320531982	0.497910861473537
-0.049300521766463	0.0812821713057681
0.131016929004101	0.212335549394723
0.0994236824371229	0.151821043545013
-0.308840169505288	0.916032236320445
-0.0524124485917518	0.104310011375955
0.145349545251919	0.301768215383416
0.0279364811053442	0.0455026184420718
0.307233980113187	0.70311877687415
0.314828914387302	0.69711519904648
-0.0423509614020507	0.0694715289497209
0.0300711800664777	0.0390950126863993
0.03181343100402	0.0370905625848835
-0.0632499298807414	0.0745350845044415
0.382527532470341	0.308885845406029
-0.0809560105933658	0.0783622114083621
0.139700080334836	0.0606778494082792
-0.0804866802115403	0.0853052278171302
-0.101867511301498	0.103558003787824
0.631857162089695	0.693794159259486
-0.565415924976268	0.658548990712883
0.373499426247602	0.414193218495391
0.259640545748265	0.276592406226014
-0.0435539467932997	0.0440490721817471
0.216069620507381	0.229579963443789
-0.568038012646503	0.728567427738063
0.862281070477027	1.26876084595688
0.822370077120225	1.26859656030548
-0.0391927307633833	0.0288689492401387
0.371961884215567	0.350359221094023
0.496796043447788	0.716751077194826
0.102471586484918	0.097771014289473
0.476147527538811	0.43628869224941
0.213547301240937	3.26761579597352
0.0714743232044464	0.466308438361046
0.141106364024673	0.71663221473447
-0.0340909112485553	0.082083965351359
0.0715158332919392	0.161809324586917
-0.00798533729053072	0.0127173712756037
-0.0418393856663409	0.0696275805915581
0.356030918820202	0.821697763190645
-0.1631429145067	0.314970965911842
-0.0767916267100435	0.183952220722944
0.230158268865015	0.792569214887652
0.152238768550633	0.402172450899298
0.0566117611780856	0.099916199683272
0.0714885895622482	0.131778086508986
-0.260521947833357	0.63453192407761
0.0497625263139991	0.078124390730675
-0.275766736596718	0.583987676971505
0.204509726342871	0.348652142824027
0.20543382006167	0.325480349253761
0.280003743259069	0.224939624171635
-0.397031241030094	0.466661971163448
0.391074482081185	0.201812694190512
-0.40853975574308	0.775610694399612
0.207556879597334	0.283329269411016
0.130027528234301	0.13299478518284
-0.269546068361584	0.315812983035543
-0.0185743097335862	0.0170799657709211
-0.30860628151038	0.377849938492631
-0.242614300620234	0.283693486129708
0.237381984260652	0.301764930745114
-0.812449394920512	1.31281910377535
-0.0843479611669319	0.0671578793195804
-0.28725984688148	0.290781461435392
-0.0997510761989403	0.105982583080163
-0.523636126693205	0.671878877853366
0.280976348162178	0.465574573324663
0.173134477020912	0.244164887245328
0.035165030095458	0.0255182703863239
0.135352489110562	1.45754363343926
0.0497383021818181	0.328111456735
0.0394558064650114	0.166745987574932
0.15337029941275	0.770583848966467
0.0485113881532635	0.151938284932862
0.133530733343674	0.446645500617471
0.07959612551183	0.209442770198084
0.209825164295848	0.808074322920133
0.0822175691793146	0.283458138754782
-0.0792185123900331	0.218415753309598
0.00161859257704438	0.00337977173950409
-0.026169941048102	0.048473819753785
0.294635161690372	0.779751121898194
0.0637101488929614	0.096677425758722
0.148261338501357	0.253089146215302
-0.0562019825131127	0.0751567448519444
-0.0776331877870519	0.113673264840143
0.125459009752469	0.145285621130238
0.496988571256333	0.420579064433682
-0.891486727312316	1.0052207174838
0.0953113330282808	0.036023880282653
-0.0823861147048738	0.0836979545224698
0.262015669427148	0.324932067734491
0.0169411338279497	0.0117509364032104
0.290280774383591	0.261898614769809
0.165961161920019	0.170182762540349
-0.043732897762474	0.0442394607661369
-0.198319424254178	0.201993822771468
0.457310968580743	0.724972771613276
0.0910033094577672	0.107724937136456
0.292351655101721	0.27312791945834
0.806375626745598	1.86652342745596
0.270136450638941	0.344500806140501
0.566190382800176	0.737120328247741
0.208247891213393	0.26396629876031
-0.397776571222029	0.605521913899339
0.164440885663282	0.114693969583047
0.147065565847107	1.67909818895076
0.017212787401807	0.0823576291892619
0.17334442206419	1.19100613710914
-0.0624277206798293	0.242915206680974
0.0590104279991545	0.200816266245311
0.243191478855809	1.22424172138917
0.211231975507605	1.03171685442079
0.192234910137696	0.962871981784798
0.0525488175393893	0.131317067133455
0.0335405219618358	0.0753764019586106
-0.0226350689843599	0.0435064983983329
0.433213473564077	0.952911055332457
0.0583282455045289	0.0820113641354399
-0.0730171347643534	0.0952516970206364
-0.414351684394307	0.807692539433252
-0.173188389064929	0.245620430437296
0.0894673168388562	0.100319286184425
-1.60752298335698	0.624781750761417
0.289077339043315	0.260628569969199
-0.0266174972999866	0.00702719711458675
-0.164306755958266	0.175350477978939
0.138017832568182	0.113964922579039
-0.595104879736482	0.49473805369379
-0.421107324372958	0.390245019554998
-0.338107966109889	0.414503719994959
-0.943490146336141	2.32894407884698
-0.109175526638227	0.086124221138481
-0.233594997887414	0.223900986895193
0.267338383948926	0.294021874297846
-0.567729077372444	0.695248860972515
0.0720518482965826	0.0638378097224434
-0.0609837993612043	0.0489523860763548
-0.772350484515555	1.02608132297641
0.631535973338842	0.693542876267011
-0.0607724919177663	0.0487759619003802
-0.0605026044967085	0.0333309514585613
0.152070160585873	1.82200748277994
0.133630036090527	1.21674151750425
0.11009958450985	0.676186615962446
0.121679440007548	0.680051022479706
0.234225662722031	1.55079333012488
0.0750237029720687	0.316351953916484
0.147736516966891	0.7596413428224
0.205212578411974	0.822557401871801
-0.053700579087548	0.118908262363783
-0.102747540125786	0.210798117242976
-0.279710234532168	0.52893245145089
-0.794929864269977	2.14967584934543
0.292039241707922	0.451441243226854
0.218426740450457	0.284754115759785
0.685335064338018	1.49124815504362
0.860031741635753	1.4275403658769
0.956107385209281	0.723689415378761
0.650890308843113	0.693519187281783
-1.89496166204119	0.85246168636212
0.125962822557319	0.0999585871395431
-0.398007822715457	0.34327150781989
-1.27039465722847	0.873101451732691
0.0178950567844817	0.0124132344140005
0.101871439221921	0.0971400975040082
0.0669973397908413	0.0748894208954565
0.475753314013964	0.435756537367312
0.0860625007502349	0.0850220804254715
-0.143679473534547	0.172167112246159
0.149773189843704	0.128558634416277
0.0791837659033747	0.0956258256165518
0.316732824455407	0.349717789025307
-0.230669199816312	0.258547557827643
0.125962822557319	0.0999585871395431
-0.474576480548086	0.556149572813503
-0.687349315899601	0.562928819012763
0.114063907771182	1.08621328389294
0.119985550234293	0.947277637717058
0.159168560705042	1.11582835036957
0.118134439491196	0.61496756253812
0.228181428153372	1.67427956431089
0.209702454603946	1.47243847402387
-0.0754020413584369	0.210573229746444
-0.0450095923079554	0.0968625354423827
0.147188143736501	0.345057691264115
-0.124463296346996	0.179985624787942
0.132732907875005	0.166288147708352
0.593094883658741	1.3298705866361
-0.228902605698659	0.338118707355056
-0.691989503023473	1.3276095356322
-0.255692335780166	0.259541658579011
-0.0749575655168449	0.0329899023623161
0.956150457870079	1.03227199577543
1.39904879856402	0.614493255209378
0.280129935286166	0.225018651462568
-0.0863685572396984	0.0619738503403907
-0.183127468658925	0.110944153112042
0.521013705094517	0.401090188665664
0.394031002752519	0.521453841006247
0.0759894094062224	0.0825929297961454
0.600695053224536	0.553870966859403
0.130365093834041	0.133387878466539
-0.0381331531872708	0.0350825148200307
0.566242154051358	0.561009240313023
-0.180693595561321	0.241162783395023
0.070761070116027	0.0674616213249435
-0.523996104844745	0.672555636692448
0.486282375082116	0.42887346940591
-0.238867284005982	0.197102269526736
-0.174866913729243	0.0904534357794372
0.137001205183389	1.51579901061584
0.0953401774528801	0.709336465256334
0.0318073123075617	0.146651369994306
0.0626841851050138	0.314017535995151
0.0517241161602466	0.22321767253847
-0.157876786817405	0.505368301991215
0.0705994766810869	0.145674564653102
-0.0169352217259547	0.0287229390160027
-0.147131213836455	0.213900223786722
-0.216280286254489	0.231559174150519
0.233648157209087	0.32042496159075
-0.561506855568198	0.811782211905051
-0.423599981600982	0.627232060010566
-0.0860287624289134	0.0617146798856188
0.838601034652569	0.355106353471167
0.279714221140477	0.224510145413654
2.25062821053487	0.990333711175524
-0.148832166095334	0.103682302963693
0.276272100203542	0.212553236202905
-0.059779394090411	0.0329186726912115
0.0750112850328068	0.0407593493354262
0.633680220770962	0.851395884708319
0.298794858183793	0.423634041674074
-0.0183066515578451	0.0103464554206888
0.0364037555662278	0.0264245497776676
-0.215776736675163	0.23092928948842
1.42551017392711	2.19253351605868
0.598344467308573	0.935163016143331
0.140051838385053	0.133880718530801
0.19456862256108	0.193159715588546
-0.678119931044878	0.648297485562429
-0.457004564948418	0.481517852839665
-0.162589593041714	0.0666885295531258
0.135587000807224	1.47814896096592
0.0138734797547766	0.0712262635728035
0.0376334510600695	0.190042186284512
-0.0470311144191728	0.217677964423618
0.0387976777165038	0.0986237515320469
0.0339991698852307	0.0720401527985402
-0.00588080130003972	0.0104223286652614
-0.541334419351034	1.30915756104971
-0.132690114054461	0.175051685464011
0.0587016685391027	0.0672890399026904
0.653212411725307	1.34375125504379
0.584730469615344	1.04539117156168
0.164490532061383	0.114726616160087
-0.765623605559745	0.382242531268321
-0.238430864427338	0.160779231922576
-3.84380170020758	1.13706777307065
-0.594478247868104	0.494296277561773
0.0841245387469173	0.0585683739720562
-0.183092471208295	0.110945180925812
-0.24590421321833	0.145437117619585
0.173020501216703	0.160038972951328
0.453373659156544	0.685616756732586
-0.0910793654002632	0.057526726228967
0.501247488307899	0.631423423700426
-0.298825528854367	0.350850929650648
-0.357955706951496	0.359271444209445
-0.423436314350823	0.626844100206983
0.327694121093649	0.384879872411383
-0.33655525924211	0.317277920776337
0.0358399940491089	0.0260180611629289
0.289028485831466	0.260599720680511
0.605415167929309	0.362511721749396
0.0571562524434162	0.42708404133902
0.148001778907569	1.38858188380103
0.161443827849991	1.12601840896183
0.00251634921470804	0.00593147652342089
0.177852367382654	0.487938196501641
-0.0423476849914067	0.0798156422834005
0.192450889849206	0.312500621711979
0.00319338822992369	0.00360384419363322
-0.298354613781045	0.47326739273639
0.088990506260133	0.0997281722674017
-0.434237591946512	0.509686904770699
-0.397650775137279	0.396803728834314
1.20710536491022	0.954704636107817
-0.517312553103125	0.435893971050825
-1.05432469201584	0.476131056842047
0.458783630392439	0.450522165932649
0.252456549920588	0.166077687997827
-0.766555130518356	0.382929542385474
0.177375002468104	0.129890329085495
0.0848510151110269	0.0837410263269617
0.254787980796085	0.375187717836345
-0.915582557601968	0.969581969223748
0.386935385049944	0.484056677811649
0.0873114258504101	0.0803068991001106
0.290035068529346	0.261616666119119
-0.179898624727006	0.200825218560297
1.06363780360329	1.77799098967192
-0.485503804706318	0.746839947956225
0.669153153596726	0.540259833886107
0.211233628718755	0.182262247127689
0.577326517321321	0.371305033070797
0.135832824964574	1.49129014997671
0.121548061180319	0.96444066306098
-0.0113156632649602	0.0316431945178289
-0.0880689190753903	0.242387779096621
0.102930314635572	0.259035548673257
0.0368941820122146	0.0534733804869329
0.23383995358988	0.349266503514544
0.127843334820446	0.177037250231028
-0.297967993559236	0.472604849983909
-0.0642846096846242	0.0782477921520644
-0.0734438078480914	0.0633808672150991
0.577462760331769	0.371386006977265
0.374139671203021	0.340062790407099
-0.774595298754681	0.299780097586329
-0.198294533368106	0.151037562970848
-0.297535133363235	0.196913194626816
1.65919315522376	1.4923086567749
0.0149972536795934	0.00884548173517716
0.179035460821472	0.208297207693098
-0.735379028463159	1.6754219499319
0.12747036905313	0.101216100025372
-0.227150586819977	0.315810713474059
-0.330813973795771	0.453104068525726
0.243749598817095	0.242908735121023
0.0989557740948993	0.12571814633584
0.0330011963076777	0.0325358915768385
0.055694536277544	0.0474900366687443
0.20404550994018	0.169575211581613
0.113984692828015	0.0868148824172553
0.535725811144318	0.390603023969025
0.128593584125968	1.36758458369885
0.00840021248399804	0.0410661733768868
0.0840709866163817	0.450979654184951
0.110067589097155	0.513938117205288
-0.23260695609755	0.959964857832666
-0.0476417964382926	0.112048077135398
-0.223093116034693	0.672726363493774
0.16923725346921	0.410376097953192
0.140868642944634	0.288430059333162
0.463352454124502	1.23327540616632
-0.459501492997913	0.290893318383857
0.0619468690067924	0.0651971407499661
0.577518419364698	0.371436289578095
-0.187938423517706	0.243294972094084
-0.420672623959512	0.602196652512872
0.0513043386643863	0.0388225179103496
-0.371930076951031	0.564014250573369
-0.739549649571388	1.83740221801386
-0.254937516086187	0.424593691464252
0.000990945319441267	0.00103755253673756
0.268617053198937	0.471339019642448
0.0220471551535193	0.027120419634849
-0.126224007984214	0.150844582347204
0.164099513104873	0.27063781868347
0.0345300081216168	0.0373847143357397
-0.436301823463873	0.769447813066076
-0.216731390821096	0.291247051918603
-0.0456874404046433	0.0499844363427118
0.617148154560295	0.872769897654737
0.129107710794634	1.39751722430522
0.0438150274234084	0.281379105893111
0.00788643501862533	0.0330995819224835
-0.0116865345861677	0.0412167185010622
-0.0516565539137209	0.184931428122931
0.19705554120059	0.882984213920743
0.264654197277534	1.14517222344636
0.525003900191115	2.44479356156312
0.404682021899573	1.34022000362868
0.225621117405303	0.247649409178784
0.238848058634867	0.364026945514854
-0.0567184200472317	0.0364816523438983
0.191660826759028	0.376608773487187
-0.0678295278301329	0.0965567904950701
-0.0047419747992818	0.00456355673451284
-0.239577137071873	0.365508389993212
0.0109737929382876	0.0152136439132343
0.24951324178468	0.504482546582249
-0.157857757850363	0.229671728650116
0.386553199806888	0.848027553677828
0.0190163947010386	0.0269006107111797
-0.21730417064385	0.29218800854834
0.253245586572143	0.519452820115109
0.0573213645175164	0.0743595595031893
-0.217786840150609	0.274005629938483
0.238253036989568	0.362844337523365
0.876126258977736	2.48986734649428
-0.23913029206473	0.21405604686884
0.143858372096431	1.61258058638908
0.137128759509012	1.20894123883047
0.273997669074264	2.32900543102711
0.22665145083746	1.53914736002384
0.13017553885884	0.590337495492359
0.219735731506017	1.08182630098968
0.0129913931130701	0.0303505143028153
-0.016764827358747	0.0301072477890632
-0.20440464436046	0.22868145854711
-0.279320316342407	0.504778149561562
0.187931376942181	0.143988771617485
-0.176442684954273	0.385451774759813
0.210187146961795	0.40622473679824
0.160976462032248	0.192254840398972
0.535909533328772	1.08388895538528
-0.28480575746283	0.502631933686877
-0.254823816788917	0.497416494976578
-0.00939215413541855	0.00944853022035713
-0.317209193432858	0.632664568571149
0.466610476377749	0.883659580679356
-0.164680938102765	0.175874929775652
0.120635219401418	0.189016920240469
-0.668069845521995	1.61391352676363
0.355619700797296	0.56857213089242
-0.106726557329737	0.135772697922404
0.0088632021797749	0.00979393105901878
0.211969715585939	0.183000824429846
0.168883056016477	2.18342514855053
0.118365149514757	0.932806524353511
0.033330210613062	0.160761519180159
0.154692660182132	0.975763180933104
0.0606684111199873	0.243697832382283
0.00973080320965918	0.0281228853390303
0.452872808761198	2.55982651548539
-0.20481161196117	0.32825538414187
0.1962137589991	0.419809093279445
-0.730436381128904	0.883919055103316
0.0783419043713616	0.169840986646843
0.408227056998314	1.19414341046445
-0.246010616385833	0.364707575034597
0.233551028283807	0.320209344654949
-0.416768528555734	0.907923339141971
0.613849870369823	1.86104754128856
0.00250269130187705	0.0028258528432845
-0.00726677012795431	0.010045006851763
-0.26273979284056	0.449811588059149
-0.302327826313671	0.452750746861236
-0.207856023120935	0.382514579923865
0.0412142529345509	0.0492385987251223
0.157496604488663	0.240308047571826
-0.336854322014761	0.477390270908236
0.0803944109928372	0.0972352208370956
-0.955733655657721	1.13164673320804
0.124539025712297	1.30377748176512
0.131250295703472	1.31117590621105
0.130529395400481	0.956143636847066
0.107430703252136	0.628490666652985
-0.0426845773990702	0.152388992524428
0.163104397100295	0.722109214460331
-0.0141475262841203	0.0208462365332208
-0.306346120987932	0.843991044359768
0.588875052084094	0.704838726420387
0.17660891398553	0.579482829181744
0.120939854327458	0.279369833866935
0.0517240203250503	0.0779430259063634
0.0860331489424846	0.126486494802661
-0.126428405861979	0.211310797167985
-0.109182411036474	0.197344629704618
-0.226109994392351	0.427927960279138
0.391994374660731	1.0283004915084
0.110688419611528	0.174985180464639
0.761669055933808	1.91637865606476
0.338425826967441	0.701598206907063
-0.512359271857906	1.01244360025931
0.0321681468469995	0.0316894591438656
-0.331208358570723	0.513939322703119
0.535224180687267	1.08197093331347
-0.552522158001182	0.573797459372138
0.152536996359269	1.79055688433629
0.0656412762324761	0.484574318662826
-0.0736850795082218	0.461108381767296
-0.0167237927230291	0.0618026296549027
-0.0308087693213512	0.105028994771095
0.26621041092773	0.632143913476038
-0.088877236967521	0.197246203025057
-1.45032567539658	2.71214312367664
0.115664711201384	0.354463815267382
0.173193005759397	0.459647493374773
0.217529179858436	0.411256200286898
0.121764664729542	0.224280719390533
-0.180945210293845	0.323019062123723
0.10119570783135	0.175185596193056
0.440328360209663	1.11153071759573
-0.22978836339129	0.426274509218475
0.32926221480242	0.778943374000021
0.0700479657172577	0.094496314258301
0.271307835962995	0.483463148219234
0.270226986535976	0.423611779010266
-0.30477617601086	0.415709236305973
0.0747081243486723	0.0976678262193672
0.000735099315143555	0.000772864807145394
0.176945816560587	0.129535494378514
0.15978028614238	1.98375960891641
0.127825035655878	1.25083692599421
0.161712003012289	1.18095348988038
0.0472466377263795	0.196107369390902
0.0222104575645626	0.0398521784619057
0.165467048707749	0.521739733336965
0.0715864162338583	0.0729810900227558
0.0941423684525221	0.309674467148069
0.06318037950134	0.145937165943105
0.0153683251292825	0.0241912591914039
-0.00407488243476725	0.0061770134480396
0.0613832432747171	0.115066854446295
-0.34150122863104	0.938950255481645
0.166319975078744	0.342088489248907
-0.0571076215037	0.0916117653951057
-0.0359882902849612	0.0492675325925019
-0.437311873615861	0.771792019923323
-0.513653811800383	1.04017418833032
-0.664212718162653	1.40275734888031
-0.0415779498177121	0.0402018657495101
-0.446530356550268	0.959149649568551
-0.0783387153330479	0.0958023762360407
0.196376314733941	0.156815932720092
0.18085100843133	2.35839510130717
0.188206846691633	2.02546214404814
0.0951356608450116	0.605786345724975
0.330484356399398	1.27595315281702
0.0942359747690417	0.294064374681988
0.732048810159395	1.78297429759662
-0.128915128023512	0.560494551311602
0.110288772446477	0.334205884588928
-0.177167027639189	0.367273382131646
-0.0144630516855171	0.0228363155641459
0.0184561282812791	0.0342848589502667
0.420811550132665	1.42882316631904
0.113578323824035	0.187471946928518
0.0454988968978455	0.0778170845339245
0.36474088569557	0.885729550794483
0.512841349089997	1.21821486047413
-0.169541169981493	0.276269394249013
-0.122299495965688	0.151024160092248
0.427378321559591	0.720297506382461
-0.111941245802232	0.156762757697991
-0.0726149767056269	0.0946740856206509
-0.00369057161022731	0.00245399165334835
0.105553940344144	1.04713082199424
0.086902480226141	0.653148924633359
0.148855499532656	0.517221861053799
0.0940088665197947	0.330509249055897
0.287814665223106	0.560819914084213
0.0352499580810363	0.131514905093047
0.295253120774688	1.56624798336826
0.164670268280832	0.415460615336327
0.0407553385291326	0.0710713829158933
0.302705058072927	1.01090700161572
0.305244047361921	1.0674235207196
0.180951914175634	0.409874338849511
0.100861849535192	0.205439904283693
0.115145533265633	0.236670153338818
0.38776678484074	0.85152875061629
0.0808277015651648	0.141616322283061
0.0926124378773295	0.138775485210273
-0.562176461791795	1.0906031821621
-0.0158425353282352	0.0203474995292746
-0.159102953556178	0.224907843273183
-0.823440755896258	0.881558542442442
0.136068124761099	1.42211207841187
0.146335675062264	0.928145762144152
0.152893307195019	0.796228565858266
0.0280810121213015	0.0473158503150037
0.045970968808355	0.226496333731312
0.0325257051114046	0.113403184941177
-0.0299583599176081	0.0717662034232214
0.143218275749956	0.398321789457555
0.14029279005254	0.379890443227256
0.0311626043130502	0.0627094549415632
0.291486791259715	0.900364621024452
-0.323695318290529	0.900178321710966
0.311693743076421	0.848294040538668
0.112537086015958	0.190790792017077
0.221044437984092	0.462898080529107
-0.0664394442658576	0.0944815199152589
-0.025060140629583	0.0322993481304512
-0.137892764767343	0.245147525371907
-0.206303680128502	0.321489576914622
0.634972201241512	0.853222701028159
0.0574661369966412	0.240437705655142
0.122355173174552	0.540196752067441
0.238480480242908	0.400860062181395
0.0472318499737289	0.16619487739828
0.301937192307604	1.07772283241785
-0.0792871035596047	0.118941231546878
0.101415995401899	0.136532483685994
-0.107800834393323	0.141679932217973
-0.122785270389176	0.172324778206682
0.547303979099161	0.832910915999911
-0.0623383205780119	0.0631935921221788
0.150422353141526	0.174544700546327
-0.101563378128152	0.103250064945603
-0.410309583706631	0.525625170408214
0.227325051852326	0.211171154765218
-0.205878005158924	0.171699662522905
0.296001263957984	0.286259041299304
0.038134174058658	0.0312408779045363
-1.27069289698257	0.873193044209611
0.124330351629641	1.09760918449621
-0.18411880397241	0.545000796093178
0.0282658768782023	0.129940164698003
0.326472878099158	1.87880995689396
-0.0596031507090722	0.117132976243995
-0.00674147091985756	0.0105664304056184
0.206313017096787	0.532058013057053
0.434047218478106	1.61132882242518
0.417122083130599	1.01905584166312
0.574404200033154	1.6165275640601
0.144598212857196	0.253140263136121
-0.535913436203461	1.06233121342736
0.173785057579113	0.296269771695519
-0.206692781819172	0.268423517612958
-0.0447537112836864	0.0471457400015794
-0.0415715826554715	0.0401916781339643
-0.299164194054608	0.351314557482266
0.3744429133338	0.34036767066467
0.0972746947765506	0.274961553728602
-0.0256934373535554	0.0789996817264723
0.290943100275182	0.621362637490584
0.215152608344705	0.228367426386434
-0.784485511873908	0.993830465066869
-0.868054733471106	1.40214557416988
0.862255633216039	1.26888504130227
0.195687211301963	0.156179695251169
-0.0387753269172201	0.028559025330553
0.528036389188383	0.574844404067295
-0.78051897347056	0.683948707496777
0.262439011291678	0.182775261541816
0.239732272368892	0.148020649985444
-0.00920504170680857	0.00424705183651369
-0.698424388460954	0.521887148996033
0.606094118987741	0.362981473081884
2.64561032217101	0.589361907449672
0.139501430440622	1.55326990648272
0.12140103875437	0.974678490634334
0.0504733867938234	0.205451337681352
-0.136441672223155	0.567552310208197
0.192221684748705	0.787740094240801
0.220554489519762	0.800189709490499
0.173917972172607	0.582582047349256
0.112314260739954	0.291405198167639
0.123653951834604	0.315128245408645
0.226840056511292	0.521698062250659
0.0371502028505741	0.0660459146682192
-0.148697177110707	0.293466840117859
-0.147495870864692	0.226691464050789
-0.0492355322971809	0.0811807066565137
-0.331278618191504	0.703874989933921
0.56015180444413	0.749051492837601
0.125886418248339	1.36340219702903
0.0722520273489982	0.445865562347933
0.0240976144428974	0.0938347940973358
0.208005743746464	1.20718194280185
-0.0861644334183998	0.314610143826313
0.0944871544966486	0.300706716128768
0.219560605215299	0.886619427875226
-0.0504436556698066	0.119023615140813
0.192224602271128	0.512090549287569
0.249941644894631	0.791040922164504
0.113381456842115	0.218142458087058
0.0233761682584226	0.0369911802071385
0.162925091395701	0.386818250082194
0.349535927632436	0.919880180754948
0.219371915274074	0.263417662100115
0.0694095187579103	0.448818047503083
0.0625357743901691	0.264788466577667
0.137596844346723	0.532456162266719
-0.023236672452128	0.0543513216417866
0.350942608835507	1.53832542671212
0.236761700112079	0.730759981326064
-0.0939864668186114	0.177886042775323
-0.23669052051446	0.483524700114428
0.0654983849793199	0.102406656499068
0.523590675783812	1.15283353014228
0.280451942848051	0.414453252295023
0.0742121401901036	0.124736947601582
-0.121588862479579	0.170347349671705
0.369762222712296	0.36009582903385
0.181399312613548	1.94721447224738
0.0159548759530917	0.0730365768856873
-0.0333859446919136	0.133528861900683
-0.00173751567764246	0.00533367292839964
0.000789250577807403	0.00215744260488528
0.125301334186845	0.405722322861058
-0.0861531558353737	0.216269257029444
0.0940780001657702	0.241330896245332
-0.0265276236797365	0.0516848219323767
0.369018291396148	1.0718423441329
-0.171960674307214	0.405885070963737
0.170899049888929	0.392388219294611
0.179349229966937	0.208755856689408
0.0591976036488601	0.419766018213639
0.179587300060533	1.96678134595802
0.137291765029635	0.861960569794877
0.06652528631084	0.294196768202655
0.0405889522122893	0.139168246650304
0.154774757798567	0.575591190882768
0.133350471802172	0.528693102061079
0.120882096366185	0.368577322881564
-0.0842132459396554	0.191621626382265
0.0112965912221589	0.0227481683757767
0.0411999083942729	0.0768605128845438
-0.0943828674197554	0.108161665727801
0.175146662999567	2.21627298114693
0.110380305743941	0.741118121018311
0.0892705217254948	0.477863807570171
0.0799617328558273	0.339252583759737
0.0637777523639035	0.199141146009046
0.102700831810628	0.417472051990344
0.0533846133834687	0.15575920244845
0.22766607720334	0.79082009141004
-0.0195405717788741	0.041050942439693
0.232872837568038	0.725213266910596
0.435683205070206	0.847082163646004
0.145289729294929	1.45593055107826
0.0902672405891039	0.656706691200687
-0.0480812643137421	0.199066737686547
0.303239727944658	2.11243257314995
0.277971451581525	1.46975856318395
0.246148353010274	1.09409318166791
0.366499640432982	1.34332606830584
-0.00314918564769811	0.0067794193476847
0.252914505406706	0.714324781117802
0.0383282997123527	0.043698393973982
0.163295659384044	1.95617038546393
0.08371647971349	0.585878203538694
0.0566629936004185	0.26878793118299
-0.0477364048668261	0.197031336149916
-0.0236059604068299	0.0814496334099371
0.0659983495843141	0.194229701589781
0.101247135100604	0.319354737620628
0.00894157715288998	0.0189804830030158
0.218120875571218	0.412602231507915
0.138461163340909	1.44338840110785
0.128266562570727	0.985235322794097
-0.0185510587574085	0.0771132033369098
0.129414135743416	0.739012205223814
0.0174241715382508	0.049971393743573
0.091325568464717	0.288626348948907
0.0353136986919844	0.0854128958613131
0.0511594114356972	0.0705367816792198
0.0700827595447847	0.471607350008798
0.0759504877418746	0.475492715241624
0.19372325506084	1.54249555670562
0.332355548449383	1.78184197023918
0.492257255487427	3.27049740805513
-0.0495281528625234	0.115749366362423
-0.169705842513961	0.269569720408305
0.220663963723627	3.20253996710486
0.140143235443448	1.13360369319915
0.0964497638698718	0.41284786860518
0.200172980726972	1.04017346821895
0.0743359514873622	0.222105092904709
-0.0796484131271591	0.138788306906239
0.0930937700311134	0.728661048138456
-0.0195833435107947	0.0844976865128013
0.0736877758173642	0.327163608055045
-0.0881458806593979	0.310567614137113
0.222594025958814	0.521307193918769
0.177839090856923	1.96478206739971
0.166039953799717	1.41992302286385
0.0908107866367733	0.425582499262361
-0.112684147021419	0.304475902153108
0.149981273663434	1.7260461176489
0.151075523390164	1.43468268469408
0.204734674016741	1.26216592880099
0.156983549201669	1.84336273747709
-0.0325849931435544	0.160482325673496
0.119696374503486	0.751999002628524
