x	y	clickSelects
0.077591025492218	0.915249475296526	4
-0.115417083510933	0.341333825988343	4
-0.038287902964303	0.182754171125927	12
-0.054966115848705	0.536116420779803	12
-0.107039703137862	0.34259056191743	12
-0.087869944531852	0.144572038223361	12
0.01204661580319	0.182450038638925	12
0.00221386789387701	0.165909133071322	12
-0.07217678284895	0.0867561978946156	4
-0.110272208022678	0.0606883327272923	4
-0.026121185358804	0.129045936566318	4
-0.110299919665164	0.0606778494082792	4
-0.010576893435138	0.147831131143534	4
0.00183705297189002	0.165594551744182	4
-0.045433993549586	0.108855911374085	29
0.015515942512138	0.458401028439616	4
0.025967258438017	0.212251357097023	12
-0.040762823689977	0.507269337708207	4
0.00267299473044702	0.407613071452523	4
0.026428374581941	0.212691521296887	4
-0.110244546473617	0.0606924359285289	4
-0.072396066972784	0.0866372868557021	12
-0.110244546473617	0.0606924359285289	12
0.056998387219351	0.51276894826001	12
0.022971243416079	0.536330190523079	12
0.00182043804445497	0.165554222975475	19
0.119592639064409	0.650661781145596	12
0.118454019100262	0.823288486257848	12
-0.10342099660967	0.17960971165292	12
-0.003430596179572	1.33347710793884	12
0.114985732150328	0.619462593013662	12
0.060223519283337	0.461270327279703	12
-0.110563997017902	0.0605561268469736	40
-0.045545406660026	0.108804683257295	4
-0.019685331667312	0.790330893096545	12
-0.100226810156296	0.128558634416277	12
-0.110327681331964	0.0606609321279644	4
-0.110327681331964	0.0606609321279644	4
-0.025314526059617	0.129542189258845	4
-0.026261335925325	0.12897454338201	4
-0.046257775362488	0.108310434578411	4
-0.026010748842331	0.129146354499917	4
-0.026206114502118	0.129019176788728	4
-0.085864272903182	0.114455416539824	4
-0.06288367468833	0.143272356422858	4
-0.04505052966694	0.109066882411581	4
-0.10093557678528	0.127838251714852	60
-0.053468138570674	0.156941216577575	60
0.00252361749379998	0.166110386615268	60
0.119843816195454	0.360214690666183	4
-0.045737258436987	0.108688827457182	4
0.066339911381395	0.556791813861081	12
0.042347111958161	0.273112134176212	12
0.046201084112326	0.286473181897911	11
-0.014913143410448	0.266310020992674	11
-0.013942468909057	0.227249864127509	11
-0.031176124763723	0.195917552625175	4
-0.062350337452385	0.143696394663625	4
-0.053468138570674	0.156941216577575	4
-0.062299749826749	0.143798355918871	4
0.03710795976843	0.249692710277234	4
-0.045106272917304	0.109045200552024	4
-0.072475805255278	0.0866105044479288	60
-0.072716831647288	0.129770474166563	60
0.119916848848417	0.360219298968945	60
-0.072323010072299	0.0866848186473785	10
-0.045545406660026	0.108804683257295	3
-0.062798001790733	0.143366849285591	4
-0.045465047540205	0.108829190567108	4
0.036544624167587	0.249140141189639	11
0.042433323111476	0.27321151811588	4
0.017697232536282	0.294448016605015	4
0.066635307116129	0.349600349566499	4
0.025250807571483	0.312418242526068	4
0.121125707296878	0.349355924860263	4
-0.065900132863231	0.176498761688578	4
0.041157146601239	0.351502016952556	4
-0.093517732386291	0.171147585207614	4
-0.053623685266059	0.156815932720092	4
-0.026261335925325	0.12897454338201	4
0.03955712321485	0.261204927463958	4
-0.101410430159982	0.0982299716694942	4
-0.110536355491152	0.0605729772356124	60
0.046556051422169	0.286918599713535	60
-0.073124265107677	0.129479828539988	60
-0.11003592524052	0.0607876032520393	10
-0.085062892197693	0.169022173611861	4
-0.118791450244747	0.134312890113755	4
-0.07240270774521	0.0866497883873694	11
0.124598676301042	0.340523115821959	11
0.043064559201453	0.273921352802853	4
-0.045297939655916	0.108943349083558	4
-0.072519612671411	0.129950108322635	4
0.026576947089475	0.212810049583142	4
-0.111037448561657	0.0603311720585601	4
-0.038379311863824	0.182657667828706	60
-0.110536355491152	0.0605729772356124	60
-0.07278178026504	0.086443142545245	4
-0.022914854124342	0.210893891300851	11
-0.061780907096591	0.14402397955827	11
0.061400359018366	0.333056755884267	4
0.123946716272136	0.339851471387898	4
-0.063345123558849	0.142848202781696	4
-0.062798001790733	0.143366849285591	4
-0.100505942560528	0.128261788816181	4
-0.015592475897922	0.26523917624673	4
-0.07274920672132	0.187895643153301	4
-0.072256399054507	0.0867057798405746	4
0.030966559333294	0.225859508173906	60
-0.110272208022678	0.0606883327272923	3
-0.072170342830386	0.0867514615120249	3
-0.109772013708039	0.060879485737228	3
-0.026095625662117	0.129082916852377	3
-0.07232957236158	0.0866818800627989	4
-0.00874336426936301	0.339114533745166	4
-0.084551347768666	0.169626751399047	4
0.018988900011115	0.379834947609608	4
-0.03067425355387	0.263362844976678	4
0.014021608509115	0.404976853671834	4
0.055330595025372	0.443715532722519	4
-0.067986662433164	0.246909795093047	4
-0.123005782818402	0.117088575349932	4
0.012864863131751	0.18310880162369	4
-0.085765010446631	0.114535547387736	4
0.012864863131751	0.18310880162369	4
0.025595758741643	0.312996293863223	60
-0.023986385967469	0.302273266796403	60
-0.058391595002369	0.287400883238932	60
-0.025704943002399	0.129329927189072	10
-0.072927298350479	0.129636035818054	3
0.061125152689911	0.332635522193213	4
-0.031010149132108	0.262856386633071	4
0.042269872841237	0.273026500177672	11
-0.111904818381535	0.114039899427769	11
-0.022694028392113	0.21115788429268	4
0.119847902940802	0.360204325073115	4
-0.08571542894672	0.114568141338741	4
-0.101410430159982	0.0982299716694942	4
0.035305537507265	0.247637417121533	4
0.06113476188984	0.332695802793566	4
0.056177992222164	0.316812084957421	4
0.119522691001029	0.372126249458106	4
-0.102096830198938	0.0977231598381558	4
-0.045545406660026	0.108804683257295	4
-0.110244546473617	0.0606924359285289	4
0.00214679796162298	0.16585865787208	60
-0.120953843335473	0.0804455973068895	60
-0.045107281182457	0.170303049107317	60
-0.121020851174158	0.0804011714354173	60
-0.072628728584539	0.0865299357218919	60
-0.045217721238247	0.10897813602081	3
-0.110773064796374	0.0604631939599452	4
-0.072482490086336	0.0866013025413624	11
0.014101470917546	0.405157975501772	4
0.075573101835832	0.451868561330581	4
-0.119973771773639	0.132994537375843	4
-0.024378882594697	0.247649409178784	4
0.020776418087941	0.345622172059153	4
-0.12120619379223	0.178627609696682	4
-0.094573211892169	0.169838094774645	4
-0.072051283165213	0.206820348505248	4
-0.084886660755087	0.115149412293944	4
-0.045710979271166	0.169708433323463	4
-0.045093440010911	0.210427576032618	4
-0.072249915380915	0.0867241074087623	10
0.00179547379204298	0.165581088300905	3
-0.025815449621463	0.129266153897973	3
0.12033199897448	0.385398928420657	4
-0.045794429196376	0.169730531550776	4
-0.062495278935984	0.143632565376893	4
0.084769202641014	0.756470508957005	4
0.105357785720224	0.567976154306818	4
-0.084202578158084	0.228595464085643	4
-0.077625173780571	0.242816177980773	4
-0.092929947012133	0.239515800968666	4
0.025260287632914	0.498766780435821	4
-0.040111287755421	0.244732494632365	4
-0.097490844881332	0.150948586284811	4
0.072371601300334	0.367317633796596	4
-0.071168395946023	0.208073729914583	4
0.025331252809106	0.398154599294084	4
-0.094412060498401	0.170042906431457	60
-0.122750821341878	0.117341104264119	60
-0.010275242552216	0.148008167580029	10
-0.010545665280384	0.147816504125615	10
-0.061614385724021	0.206265151222598	3
-0.124586502383282	0.145260665165366	4
-0.045353655003889	0.108913779288695	4
0.00985446406135498	0.480732781811292	4
-0.036591451877197	0.376058342348774	4
0.071478478960523	0.592782988768511	4
0.121076675154508	0.66441848674263	4
0.046542360651997	0.467994997807319	4
0.109394986058292	0.58678098690946	4
0.078997155043298	0.635524380224562	4
0.083527665216016	0.671750611603421	4
-0.003806324499953	0.427589729246572	4
0.027788661929621	0.36430706875077	4
-0.105858040542847	0.152594366731189	4
-0.033208455386269	0.282163532398593	4
-0.029753677775996	0.197373371860723	4
-0.065605324774383	0.176799051502352	4
0.121388043289596	0.398956657711842	4
-0.120824960022303	0.169218851407991	4
0.010018555354383	0.481359784779677	4
-0.025955507654511	0.129182303922047	10
-0.110563997017902	0.0605561268469736	10
-0.085708252310972	0.114565490170971	3
-0.045601094094865	0.108767240792549	16
0.020390464295882	0.198392383846232	3
-0.072708677216393	0.0864824068528869	3
-0.07291805516709	0.187694429044967	3
0.038992815415044	0.260557881764786	4
0.00175354761369301	0.165521636180363	11
-0.025734389448491	0.129220319786337	11
-0.045514441713947	0.108743473149733	11
0.070656852040859	0.729336072722725	4
-0.096366751923363	0.244779758000579	4
-0.085532401599772	0.271357803471226	4
-0.021564162203586	0.399566261082909	4
-0.041023965621098	0.383047241494891	4
-0.035833708334363	0.323775393354019	4
0.106540351438245	0.724640352006317	4
-0.044398023630949	0.350975425421579	4
-0.065529121568005	0.270836937393164	4
-0.115760470737124	0.199537099328444	4
-0.08714222761814	0.253030712596063	4
-0.026092585827055	0.384990490780295	4
-0.011918107315289	0.302920045634005	4
-0.072412344763622	0.188309034740764	4
-0.059795823277533	0.228104602307974	4
-0.015245494964661	0.265798013497746	4
-0.00345149593458699	0.322378134374901	4
0.098813273920031	0.658817125342831	4
0.090513347891231	0.594403957093303	4
-0.123155525773764	0.116940208630477	4
-0.101730792697297	0.0979975506836298	10
0.119789622465052	0.384675006139987	10
-0.062032862195241	0.144018658404663	3
-0.041561106820205	0.264252661569615	3
-0.07278178026504	0.086443142545245	4
0.042103682894764	0.702376637542141	4
-0.028634116970412	0.46378869221835	4
-0.055067972899236	0.340360320498059	4
-0.108870006315072	0.226577638389807	4
-0.0927793786728	0.239753583334653	4
0.055240486311317	0.583873298674275	4
-0.072224796519643	0.320902586815696	4
-0.02188602441467	0.36468327339209	4
-0.062089151354555	0.299938947174815	4
-0.101608999867603	0.23233398203993	4
-0.05045915484524	0.265738780410607	4
0.051447630164063	0.485638292995799	4
-0.053275011353738	0.324863149405411	4
-0.077422235042741	0.306416444706064	4
-0.062932929450091	0.298210932151966	4
0.063937327970805	0.635447154994909	4
-0.124482004442792	0.191442665869834	4
-0.024041570694069	0.248070560620994	4
-0.123828528794418	0.100141546435555	4
0.010190438953376	0.277273248517578	4
-0.111672818945116	0.114243198389985	10
-0.00625873509167699	0.242919338701122	10
-0.05543137743892	0.193159715588546	3
0.042269872841237	0.273026500177672	16
0.023680377960491	0.437159173575412	4
0.011965794256662	0.360855961294829	4
-0.113545982714603	0.215536133009753	4
-0.078404047741686	0.358259057508867	4
-0.057298622458467	0.350387057293488	4
0.104529214743292	0.709935046152221	4
0.022802400545081	0.571733784527231	4
0.103735638710271	0.698817933513047	4
0.012889005590869	0.446735720860113	4
0.016304012449396	0.507928085652972	4
-0.124753381312571	0.190944551031284	4
0.024904329695179	0.49795476013029	4
0.041497757925612	0.577071165385204	4
-0.060792248213837	0.394510185602566	4
-0.12248677165013	0.250401328921406	4
0.00597492783998199	0.499320066925136	4
-0.061520826132368	0.301007772894186	4
-0.00411509570504301	0.427217875720522	4
0.122711885986514	0.678626719238775	4
-0.118660289444447	0.212955564822741	4
-0.075866388258028	0.263636914384386	4
0.080797791063462	0.470684495139131	4
-0.00547244239172501	0.285746681344101	10
0.072429474090989	0.367375452331469	10
0.012564169240045	0.32572189586393	16
-0.00568747018594401	0.285366099598657	16
-0.109772013708039	0.060879485737228	4
-0.025704943002399	0.129329927189072	6
-0.048254838421289	0.378271771911894	4
-0.107540470096123	0.255915786642785	4
-0.053535797417188	0.324310311831032	4
0.00963641983533903	0.48042849502418	4
-0.118434492710488	0.204366260289079	4
0.087743497306492	0.699684319852387	4
-0.077137420185642	0.278152126942118	4
-0.005641758037983	0.455473726276813	4
-0.102995701324961	0.216262833369634	4
-0.018146121729605	0.377167225481243	4
-0.077156710278843	0.261294558934752	4
-0.00122850196795099	0.438836269332642	4
-0.116670173388366	0.198087144610469	4
0.116140208752493	0.806847359786588	4
0.00647266367653199	0.611709613431347	4
-0.075427900401916	0.231320988329319	4
0.106486531419149	0.715256443991452	4
0.11260374380886	0.603889654357972	4
-0.112891390006747	0.216737214380475	4
0.060921307816214	0.529135198925458	4
-0.076916855084255	0.261746795421575	4
-0.107378355333681	0.150739739221954	4
0.074694850510268	0.450219341397799	4
-0.066343305536116	0.176024799502905	4
0.055944455620858	0.31663674308985	10
0.095004175588524	0.442427073876007	10
0.051011263582735	0.301275705939275	10
-0.106580061354357	0.151717819787402	16
0.083840099193724	0.404096879639658	16
0.120130201140054	0.385133266689843	16
-0.022142009883196	0.211705091479555	16
-0.038692940313777	0.182354957070016	4
-0.073426578011899	0.129204949233631	4
-0.110773064796374	0.0604631939599452	4
0.00669582277407299	0.533959259063106	4
-0.051797169853447	0.366492478416281	4
-0.096922709064613	0.229564021681316	4
0.06916774112212	0.579227976737092	4
-0.117230097865769	0.197096955361521	4
0.098391980618602	0.649155296477827	4
0.04845520335255	0.60875885849912	4
-0.059633675127885	0.246853294589657	4
-0.032362783921415	0.449773323311238	4
-0.005913365428489	0.554753979541846	4
-0.032826509557905	0.410329549690004	4
-0.09296611659748	0.197779471960524	4
-0.028601005226391	0.316527579212254	4
-0.067263500194215	0.335196076574144	4
-0.121235353915803	0.16861267784966	4
-0.111334113396491	0.209764484019946	4
0.009609232992214	0.480375638796318	4
0.078402991988484	0.532087549651905	4
-0.050902072245242	0.22498198915645	4
-0.122878303474992	0.117216330873011	10
0.017667406797703	0.294440004322385	10
-0.05389008842496	0.156573739177269	10
-0.038297912743247	0.182748092290553	3
0.111082338749127	0.502506130826472	3
-0.00331123021274801	0.322566799277207	4
0.054825308286169	0.442862647834015	4
0.089562101395111	0.423339688555633	4
-0.061659689534622	0.206220165193904	4
0.077813611324211	0.38507245323274	4
-0.07217678284895	0.0867561978946156	4
-0.110718173342209	0.0604775804626355	6
-0.036717187759899	0.375566112781962	4
-0.013908491186834	0.42624370325509	4
-0.036664095625474	0.349684497415381	4
0.012955995270905	0.52821356528671	4
-0.054509119220628	0.341600247729231	4
0.060334716762513	0.527858038840819	4
0.092058837098361	0.511174927868701	4
-0.120883309765629	0.169141535780695	4
-0.090132526893083	0.259422635631716	4
0.0000527157336279727	0.441883865189522	4
-0.091148272026793	0.291244025824858	4
-0.00811483748677999	0.499734640256075	4
-0.075297652981852	0.231484689319333	4
0.111279524578945	0.50282971358626	4
0.098817345823228	0.850444704187638	4
0.031363597089565	0.416378182792164	4
-0.024532808407116	0.301300586802968	4
-0.076985441193991	0.26161252945726	4
0.098686179215876	0.658717453198532	4
0.105388709912001	0.568060702170097	4
-0.093167739061862	0.197504218959065	4
-0.114495297608523	0.161359111615855	4
0.026527455300844	0.212779659866453	3
0.083328017877014	0.403334343254609	10
0.046165474532902	0.286454933075528	10
0.12233046431884	0.350731416345718	10
0.095352679108992	0.443029059778151	16
-0.034369908429353	0.229067631238126	16
-0.021162026176572	0.282923802473093	16
-0.055914784463439	0.192586205648496	4
0.033827596080923	0.332558976886651	4
-0.073321525791357	0.129313316642965	4
-0.073333703678151	0.288788900447172	4
-0.01666989042404	0.415196735740493	4
-0.0543303656722	0.341971088233985	4
0.060307185879863	0.611145997730606	4
-0.022150271025966	0.333045114404511	4
-0.054448968178886	0.298567608580257	4
0.082241457972776	0.549092359724284	4
-0.112118122780239	0.208357833058469	4
0.072187995924522	0.837721943398976	4
0.04902145194604	0.554146492439972	4
0.123450696384306	0.690368103651449	4
-0.072729645812329	0.290051674988993	4
-0.091019002373995	0.214446061549448	4
-0.007665806296527	0.500932249849946	4
0.113928781323981	0.791086330879346	4
-0.000231829343028012	0.441240931187624	4
-0.058766404506366	0.286750250929858	4
-0.084890218976119	0.169234634574137	3
-0.099436598321556	0.129279932177759	16
0.027784756956403	0.364286918664925	16
-0.034911398407189	0.228403768661957	16
0.00170905591610099	0.25936209265044	4
0.012864863131751	0.18310880162369	4
-0.045545406660026	0.108804683257295	4
-0.072628728584539	0.0865299357218919	4
-0.010275242552216	0.148008167580029	6
0.020464042163896	0.198423386770752	6
-0.07232957236158	0.0866818800627989	6
-0.110327681331964	0.0606609321279644	6
-0.101599945942974	0.0980959400103136	6
-0.09388069362346	0.311395055787001	4
-0.044228010053154	0.391686933820275	4
-0.041390750751627	0.418386091864747	4
0.019212691038511	0.556214937405165	4
0.023989988134965	0.610482606020839	4
-0.025691924973725	0.454110751493342	4
-0.119105318633863	0.203092215202987	4
-0.050996881894051	0.352879946046003	4
0.078263916059512	0.531756583687835	4
-0.109037173642351	0.203334746216522	4
-0.08252297993317	0.292553420422217	4
-0.087337581677716	0.279608406610057	4
0.067347142330157	0.711822003903651	4
0.00426786981052002	0.374239467586055	4
-0.040808855761957	0.31009550853561	4
0.093176772863553	0.609642593881231	4
0.102900375085342	0.687704922454784	4
-0.00287263218359901	0.390905487097002	4
0.084979867350419	0.683649578686503	4
-0.070837026550031	0.208501748233816	4
0.017548325550568	0.294332622330715	4
-0.038220492595337	0.182815120578621	3
0.009640545748265	0.276592406226014	10
0.042819759778449	0.273640686323759	10
-0.014237692981993	0.267200561565651	10
0.077663607012444	0.38484684894911	16
0.077663607012444	0.38484684894911	16
-0.092847947334428	0.197932939728249	16
-0.094052143439879	0.170503979881044	3
0.062262929024713	0.410693547999144	4
-0.103417950571013	0.179596805651436	4
0.030397040259235	0.225307164238898	4
-0.072323010072299	0.0866848186473785	6
-0.004076337805237	0.540492700483831	4
-0.05268965907035	0.379406189607127	4
-0.081152077130415	0.283085319633832	4
-0.00666908917701201	0.378090318811159	4
0.016568390022182	0.577467436139441	4
-0.107335901169798	0.239411807411441	4
0.018908472230706	0.520104109082952	4
0.091032366418516	0.595608894376916	4
-0.000314762538635993	0.441055513141697	4
-0.002821678877414	0.430101710570037	4
0.104529214743292	0.709935046152221	4
-0.081653406448053	0.249968564795165	4
0.009677516746109	0.480541280753147	4
-0.035181649120361	0.324895625468971	4
-0.03642917359856	0.322642847291113	4
-0.042607380128774	0.282965528044987	4
0.025706301904923	0.398816555566322	4
0.00389245162454499	0.373600006079768	4
0.124286620005844	0.692702366256196	4
0.00989935386666002	0.390902360840381	4
-0.095764943296611	0.245892460565303	4
0.088146491196007	0.58009838345865	4
-0.107433468639759	0.183355850745096	4
-0.117005751754016	0.166669552703715	4
-0.062299749826749	0.143798355918871	4
-0.066412101237507	0.175938727371104	4
0.095210989008247	0.442876507532374	3
-0.123313339588487	0.100578888013393	3
-0.013840971935684	0.227349824805843	10
-0.034730898416585	0.228635575720795	3
0.042836284246001	0.273496736566084	3
0.105801999308918	0.482163673205127	16
-0.109835783232036	0.134011135187732	16
-0.05557413776343	0.192965000860013	16
0.106327081554201	0.483146975874086	16
-0.11946672579441	0.133581196094597	4
-0.0456258756653	0.108740034595688	4
-0.110536355491152	0.0605729772356124	6
-0.01064497502143	0.147778998336063	6
0.055217622652769	0.583876664192403	4
0.060239247891032	0.611130247984139	4
-0.112722133004756	0.242676491348451	4
-0.111525980294391	0.238208033457793	4
0.024726608744539	0.497550590960559	4
-0.075949361894769	0.376239553534652	4
-0.053303820715909	0.279387619769196	4
-0.081448350976088	0.250363947971898	4
-0.0206204831987	0.283781493701257	4
-0.050971558220356	0.441602709427068	4
-0.123120844751081	0.138474077674179	4
-0.107685368249142	0.182976750313011	4
0.096673773237585	0.635744820792869	4
-0.060835194037594	0.226682425899151	4
-0.088478292079485	0.193033975893785	4
-0.083722707083397	0.21492832512382	4
-0.056218770335936	0.192201559964515	10
-0.102756434801504	0.180508150228112	10
0.083498145342467	0.403649091898765	3
0.025421536719315	0.312703061392035	3
-0.078655832033843	0.210503874367755	3
-0.111831797152665	0.11409440138432	16
0.033827202113659	0.332555151426101	16
-0.119132494626767	0.133961696834484	3
0.00999651360375198	0.391069929913555	16
0.033657640656184	0.332173430423112	16
-0.005115183816741	0.286247103172828	3
0.064853678157047	0.478430290305307	4
0.036432711861726	0.249031462570956	4
-0.11174198338296	0.114174084047913	4
0.00203819995632998	0.165774327552601	4
-0.026316542051145	0.128918818428117	6
-0.085665880626142	0.114595643818765	6
-0.100075875845095	0.284461322349902	4
-0.113846714042325	0.214952332076461	4
0.071403599671607	0.731654546846461	4
0.092603822263773	0.805393351447089	4
-0.072057570991485	0.334141901829399	4
-0.085810179833775	0.294483125536432	4
0.033304168327226	0.476880860244522	4
0.031351284864392	0.466358813966666	4
-0.019254646802041	0.374806073358499	4
-0.062080604674103	0.299851401037265	4
-0.106596584972714	0.240853561787354	4
-0.100157675427449	0.315412218186501	4
0.092977423503689	0.806549900829034	4
0.079725135465107	0.725545806827569	4
-0.002513078646662	0.430728208127773	4
0.082364422151268	0.660616602438848	4
-0.117355666445065	0.196916743449725	4
0.063250874884347	0.54211554236868	4
0.11669144114205	0.808495669748176	4
0.00356223267355099	0.372972471091971	4
-0.022132490123212	0.21168450130768	4
-0.077096248891493	0.159892270114955	3
-0.099382368257089	0.174829770032706	3
-0.044936369682595	0.210646327634635	16
-0.088054586149319	0.144408104555927	16
-0.065684074368922	0.176755256889839	16
0.077482140681349	0.384546562604577	16
0.03366048321148	0.332191122324764	16
-0.034519909381955	0.228885778474431	3
0.119477472778945	0.384205664420828	4
-0.11003592524052	0.0607876032520393	4
-0.026150877756185	0.12905511245889	4
-0.069425533906749	0.365999049997897	4
-0.122989533068234	0.243496502206537	4
-0.01661389592393	0.50972016824745	4
-0.112255796593069	0.265907478938176	4
0.00291101872594002	0.570729808284476	4
-0.103782778282021	0.303948669397467	4
-0.057233101921154	0.36500393376584	4
-0.034978032592059	0.422198194805787	4
-0.1015903929889	0.253398797193916	4
0.113169062355342	0.952216461274405	4
0.079500087819182	0.724881214975964	4
0.117996368541925	0.914938952595759	4
0.111493401938734	0.945916251422233	4
-0.054142765419326	0.40474774443406	4
0.081882136858778	0.659159661207527	4
-0.055863864521748	0.353493002429124	4
0.028048282318589	0.511602850858193	4
-0.014591533130743	0.389442888506826	4
-0.124700454074431	0.191058850560455	4
-0.121079915506452	0.235798361689306	4
-0.076939913099456	0.261682933105	4
-0.099426724913512	0.210643517381489	4
0.071736236637956	0.500883265971362	4
-0.014153573567248	0.227033109816481	4
-0.110801361157076	0.115000173559814	3
0.031322861637886	0.22612019343083	3
-0.087768763320055	0.144655267603029	16
-0.014405982862818	0.266984238907984	16
0.033887975034139	0.237519943326216	16
0.028156262683447	0.364888790801566	4
-0.110327681331964	0.0606609321279644	6
0.071013326222833	0.833185601696463	4
0.041626946323773	0.662508138355503	4
-0.120055717713823	0.237916071760852	4
-0.071402799605075	0.309481506410192	4
-0.106181624295231	0.251485925672653	4
-0.091384460398457	0.27978319608155	4
-0.097813226011598	0.227979992210268	4
-0.097062736239502	0.25443829996914	4
-0.045184101047788	0.36962596511989	4
-0.119092923102175	0.227355739984175	4
-0.11586170017122	0.242684499448666	4
-0.099973910527879	0.284687748635282	4
-0.058414164339703	0.362257997902921	4
-0.099617088328923	0.323720289572315	4
-0.045354587384317	0.36928481681133	4
-0.017393609250597	0.413542277823952	4
-0.106491593835499	0.220853714577831	4
-0.1142378933743	0.192187742300566	4
-0.024680121013208	0.415948075583284	4
-0.077682151728113	0.277113181179868	4
-0.046173072981999	0.296074403947662	4
-0.104525187906378	0.213524389965726	4
-0.116896550351292	0.166804317828017	4
-0.085971027886231	0.114372815291137	4
-0.05373440201613	0.156692084603865	4
-0.010335831606691	0.147985574689372	4
-0.072786879059329	0.129747865870056	3
0.036496063905553	0.249072508804618	3
-0.00637881828949299	0.242747361907044	3
-0.012429654569741	0.30204390475154	4
-0.066018544539735	0.176396228337887	4
0.012628457672196	0.182918682583394	4
0.020842599790614	0.198711323906837	4
-0.071950953838612	0.0868467216309598	4
-0.110481222949863	0.0605874638633897	6
0.018432310135193	0.779519666517885	4
0.070609119821822	0.781253439298959	4
-0.036842882439063	0.46619195007323	4
-0.015924610478332	0.469871319026956	4
0.08809593202025	0.83914941668942	4
-0.122908935282457	0.243684435226751	4
-0.099521740836082	0.267948602792892	4
0.064412036109092	0.636763709445815	4
0.110560775527206	0.853894485276713	4
0.095799208733508	0.756020420063352	4
-0.009224706284611	0.441989521458677	4
-0.063653006950482	0.360297071172748	4
0.073369896804311	0.745251624187806	4
0.089079297490315	0.785607925702862	4
-0.062272027683546	0.349853907836193	4
0.03078447106364	0.465139628863953	4
-0.112924083184077	0.226150535308162	4
0.103310453796131	0.882598159102776	4
0.088367531302391	0.840257745354888	4
-0.022150271025966	0.333045114404511	4
-0.04215197289148	0.307584096311377	4
-0.085398219704344	0.168617047219847	4
-0.100149601832752	0.128635371334458	4
0.121446663202007	0.349772144339995	4
-0.02247321305193	0.211396006444436	4
-0.055045383413226	0.193574160709101	3
-0.014880207204956	0.226171260384689	3
-0.097398060750916	0.151066583813453	3
-0.001798735050312	0.35725074379903	4
-0.118795717008734	0.134328279025572	4
0.060701912532387	0.462244384991256	4
-0.010508806116455	0.147874741209224	4
-0.010854919320636	0.147629474252719	6
-0.103797315041884	0.342169570250473	4
-0.048779158495484	0.531097149724084	4
-0.043133568605944	0.5103671657922	4
-0.00779035487822599	0.657440980453004	4
-0.029395482195859	0.478705504762697	4
0.00318534597967401	0.545638453235133	4
-0.103634274861379	0.266623510936999	4
-0.124792426968814	0.244882129690157	4
-0.119038636549596	0.212236808964815	4
0.119807577921691	1.01235444890567	4
-0.067783772829999	0.333915770972113	4
-0.060298288109672	0.340044351226276	4
-0.113781479098924	0.240443846361619	4
0.029727463793089	0.602970617386674	4
-0.091901302362135	0.297825942125206	4
-0.065484337582772	0.325254881455683	4
-0.022480614656388	0.397416239570607	4
-0.086899983728458	0.323031999893246	4
0.042625403266517	0.626486121277422	4
-0.011927389322099	0.30289783162633	4
0.074436887234956	0.515105361680224	4
-0.045360450697627	0.21010586021288	4
0.119763462078222	0.372378048581816	3
-0.010508806116455	0.147874741209224	3
-0.123411556461237	0.100498961796824	3
-0.00464997495529801	0.286760121565523	4
-0.093326208243507	0.19717020691487	4
-0.112962814345113	0.355846386911328	4
-0.123550583656492	0.291682990529709	4
-0.021065460249594	0.594189637034746	4
0.090774295967509	1.04971235214408	4
0.053721454136721	0.894046633931688	4
-0.103777355265305	0.348234341152858	4
-0.084552412884867	0.38176808285429	4
0.095953370305993	0.947700264334918	4
0.123571766462305	1.04501646765757	4
0.086602760240215	0.688295843152314	4
0.079317731493587	0.832959568468781	4
0.033027642425607	0.68562513190693	4
-0.079541449587334	0.323245370055429	4
0.046872930789165	0.468653145600529	4
0.103975644017835	0.806435643106179	4
-0.070199011320877	0.351400263948837	4
0.06070038505625	0.528649834381708	4
0.075224059908752	0.451293336604955	4
-0.044814175373392	0.210783000316898	4
-0.088476957611188	0.143987612289786	4
0.035434299599798	0.247861017620896	4
0.046006308014796	0.286263346809807	4
0.036272036867347	0.248847150738837	4
-0.111351035818214	0.114538901321361	3
0.04353683492752	0.274376709291438	3
-0.100072401109352	0.128708234969498	3
0.042592212175772	0.273390594228639	3
0.049062404151935	0.371984501956281	3
-0.00601970975834801	0.284903362837334	3
-0.110063756927473	0.0607770653698245	4
-0.021897235432354	0.633733848366598	4
-0.079293618955808	0.439673815464269	4
-0.028498557095756	0.54599284588296	4
0.025508952671133	0.678600070732618	4
-0.07232332556133	0.36802021655753	4
-0.034259471522953	0.493091722918113	4
-0.066500553699318	0.363597342044251	4
-0.075367760087024	0.348132316392857	4
-0.114062623516493	0.223881919780791	4
-0.01435947575889	0.425087657428158	4
0.042670553276678	0.626602901918305	4
0.010710102204976	0.550180286858284	4
-0.093084790452801	0.265064361944173	4
0.021425859953204	0.483709077842685	4
-0.041830249821629	0.334954871533055	4
0.00271531489769999	0.407916532250255	4
-0.042037045029398	0.334528848513916	4
0.000190919899143993	0.532158299671201	4
-0.071158029077567	0.275664909099205	4
0.093533643083241	0.619057188659032	4
-0.026531575890604	0.350750959241506	4
-0.112053485263618	0.155136427542409	4
0.120970486510313	0.664080230886087	4
0.042192625760573	0.272931931963467	4
0.051561204114742	0.30194176112409	3
0.039360990730884	0.260923559479791	3
-0.072412712786478	0.188296237316273	3
-0.050399621489162	0.246265150282938	3
-0.061837627279908	0.144173473389662	4
0.00186245524921203	0.165631471646805	4
-0.045545406660026	0.108804683257295	4
0.00642307291774702	0.877019170494557	4
0.086301965439578	1.33872445514005	4
-0.050670253959173	0.533784984765001	4
-0.065594001125814	0.52903441739691	4
0.102809765993432	1.2507918066139	4
-0.081764625682144	0.502015346992855	4
-0.018821344617136	0.648823330703572	4
0.073546858210951	0.927824283414317	4
0.099446243907393	0.977092966492448	4
-0.06820945000921	0.381747440588877	4
0.019851499043335	0.649215756487052	4
0.098111167824671	0.906785333638406	4
0.065205350241276	0.834126001699342	4
-0.067648394839632	0.320640043495171	4
-0.077303655596379	0.319140022163079	4
-0.031425968771602	0.452211025408411	4
0.032817092088976	0.580343648092725	4
-0.036740106580555	0.396986749092578	4
-0.018899855647037	0.375584345628773	4
0.038675742806613	0.563239310043616	4
-0.044340823958565	0.407174525298749	4
0.075769613291192	0.760290104302331	4
-0.114876314722414	0.244850695099108	4
0.041236457038779	0.449873276783164	4
0.035282834859414	0.593244243225451	4
0.077983446356467	0.385318229889637	4
0.00988729782499897	0.276913438761055	4
-0.014685385944351	0.226431973607695	3
-0.061889725543136	0.144080824835951	3
-0.07689291603487	0.16013634567239	4
-0.029410568246693	0.265165096595917	3
0.00390873795874802	0.305871383234056	3
-0.062495278935984	0.143632565376893	3
-0.071662946505143	0.207334667643176	3
0.111771146697373	0.601953856002281	3
-0.016273906802204	0.349026377140042	3
-0.030380669326547	0.196786024631091	4
-0.045465047540205	0.108829190567108	4
-0.078236741675731	0.468944507422035	4
-0.050558322701411	0.534198134825283	4
-0.112339163930158	0.308430920339768	4
-0.08609713057243	0.325067879820905	4
-0.02605891027163	0.525697635482514	4
-0.030102886269758	0.493234677218043	4
0.103157103734398	0.804111599067534	4
-0.041423260296793	0.38210100439535	4
-0.092971111391145	0.265219690953988	4
0.10455508122283	0.887006440354993	4
-0.010340554123063	0.536904956441787	4
0.00999859120636898	0.773663834467432	4
-0.046265380581921	0.367194359646758	4
-0.076996795428515	0.261599610818108	4
-0.108097929770624	0.237891762801707	4
-0.011661922312546	0.400526354744587	4
0.046678195420205	0.793149351623802	4
-0.0119351961182	0.460557308281983	3
0.003456062916328	0.455019734682473	4
0.012364076581118	0.526804697160886	4
0.07101758795666	0.499466742059015	4
-0.111432410176806	0.114467341720805	3
0.035084959733292	0.38399873718976	3
0.116704308470498	0.523930199301711	3
0.060140565016168	0.46112650063233	3
0.121664739729876	0.54457536811292	3
0.060546612343993	0.528354715554731	3
-0.118165743654178	0.195475947338364	3
0.00477973774422902	0.342141160530289	3
0.027945537499029	0.452519167049588	4
-0.051489448885443	0.263987337155017	4
-0.100972704050077	0.0985249135019959	4
0.020027620517538	0.198064739335141	6
-0.101528321135961	0.0981366475509457	2
-0.085738074089275	0.507025989653748	4
0.121804877560255	1.32627261433245	4
0.06284647125882	1.10480601009068	4
-0.123439967733105	0.278677368408617	4
0.10208348446272	0.937424955486803	4
0.05079869447861	0.710546612386623	4
-0.00337047303837701	0.772621307740434	4
-0.094588946885813	0.366951488421529	4
0.085826215799888	0.878856244185015	4
0.053065514480883	0.571328539750644	4
0.117876198540535	0.914492415451138	4
-0.04562293758601	0.488533088830349	4
-0.077941532656664	0.38731231618396	4
-0.024294644164426	0.439666901140815	3
-0.053551020775854	0.391949478854418	4
0.089192049074583	0.711908192329451	4
0.047932811234441	0.544700779251267	4
-0.022458803640136	0.363506928913893	4
-0.108315927898589	0.204576394320139	4
0.05570148953906	0.391101989110006	4
-0.030861691520329	0.263032603618835	4
-0.107292241190868	0.150796295515494	4
0.075227113207634	0.451298343963498	4
-0.010885764797915	0.304437450871383	4
-0.021940248839108	0.211906593216547	4
0.051864820784566	0.302260736131151	4
-0.099757005169571	0.174266912741239	3
0.061312019416085	0.463354152403062	3
0.033491297101066	0.332014705827814	3
0.00442775096011999	0.34157973804108	3
-0.05867048639381	0.286911329719148	3
-0.113436938278604	0.16275657761151	3
0.078257964225338	0.531528885194278	3
0.120643347694781	0.542536155453023	4
-0.087672664193889	0.194126308741677	4
-0.099990589626156	0.128783819725906	4
0.02077087635527	0.198700589918635	2
-0.026206114502118	0.129019176788728	2
-0.011577832811631	0.756371236932819	4
-0.036639891122266	0.612692343379398	4
-0.009079433372669	0.635456016760127	4
-0.068608577049765	0.448300424075543	4
0.035695448713446	0.730167285121814	4
-0.078095520553995	0.387134941910032	4
0.0885402526008	0.995113883089067	4
-0.064541687660144	0.512625280271948	4
-0.078900018015021	0.336681276680508	4
0.00155352823914401	0.51458624972262	4
-0.091291183598312	0.242453424147051	4
-0.10584885520435	0.252188685558642	3
0.02796638173409	0.364615152733463	4
0.071738680809307	0.36636015176073	4
0.055901702327242	0.391454411558767	3
-0.071354341990715	0.207814952353616	3
-0.070976324537722	0.208312317790352	3
-0.022684487542745	0.211170532121605	3
-0.084383680002506	0.169813187268019	3
-0.023534375521099	0.302956925062821	3
0.034188029277903	0.382061384454415	3
0.069057186229987	0.431260190866916	4
-0.021899266042038	0.333514289594794	4
-0.041420614858017	0.308927489066451	4
-0.123283035697262	0.116812469019577	4
-0.072628728584539	0.0865299357218919	4
-0.010576893435138	0.147831131143534	2
-0.072854845423938	0.0863956609736824	2
0.034447075817246	1.58447178599339	4
-0.049079431127817	0.835197794361899	4
0.072797535957333	1.76687642255577	4
-0.042337463387289	0.82015473865584	4
-0.059242459994308	0.711315312798581	4
-0.123634266148611	0.397436905194116	4
-0.114488743771672	0.402328538427378	4
-0.119795250513167	0.369730925749951	4
-0.034611526956315	0.724089380699762	4
0.020971574984352	0.991339622968969	4
-0.059301582029311	0.682826541657757	4
0.042163841619207	1.2435632364601	4
-0.088157719588747	0.451138463278273	4
0.040991430008342	0.870711622239439	4
-0.021384219394892	0.697078545921679	4
-0.042987387214144	0.645787881886451	4
0.015568541692029	0.920947388040093	4
0.045187111997137	0.718749614990795	4
-0.106255121620985	0.221299184317885	4
-0.110172843070771	0.325716726684001	4
-0.124440297837	0.265790163238268	4
0.025592509263554	0.585327216588351	4
-0.082344646926223	0.345423792030208	4
-0.044690833164235	0.421813261387157	4
0.036713718753294	0.597095365639543	4
-0.090840268547313	0.3291804801511	3
0.087415883630827	0.77272050771317	4
-0.077845067344824	0.211733611115011	4
0.073062400230339	0.368151381892952	4
0.042832432530754	0.273608326157051	3
-0.099995207990101	0.128777265240877	3
-0.085403084039911	0.114810328208587	3
0.030467710670768	0.225400471570259	3
0.072545504875172	0.36736709105037	3
0.121961884215567	0.350359221094023	3
0.121446663202007	0.349772144339995	3
-0.121406790627896	0.168366513243246	3
-0.085403084039911	0.114810328208587	3
0.065534302277652	0.479983356542151	3
-0.014316410860273	0.390024367654687	4
-0.052632508703734	0.157640778015269	4
-0.072765889233968	0.129731534216548	4
-0.110773064796374	0.0604631939599452	6
-0.043809401729932	1.30747749899178	4
-0.093831899922011	0.76056860209405	4
-0.091756250945629	0.779818020459967	4
-0.035733958505331	1.13225691521076	4
-0.000390087899838992	1.2208481995644	4
-0.012325994894298	0.98815243682268	4
-0.051686324030608	0.71232838978332	4
-0.00938877190493301	1.09757081482409	4
-0.068768393611737	0.62434139892491	4
0.025160438597853	0.845897623291961	4
0.097765742916883	1.31374552747602	4
0.077055303696544	1.2387558863469	4
0.107316561825305	1.35314126264545	4
0.002651276455999	0.517769089050105	4
0.07107019921725	1.05565811668686	4
0.079371285736923	0.724503746162395	4
-0.00380497912344999	0.516207853590338	4
0.05566767702505	0.584948850071176	4
-0.049304706637046	0.406304777994475	4
0.019222600802606	0.619147074961436	4
0.072960442689869	0.743921757440924	4
-0.102710380869406	0.216756786663815	3
-0.096918867960152	0.151611010353332	3
-0.085403084039911	0.114810328208587	3
-0.046309573257066	0.169216152578205	4
0.121237649824085	0.349515131909155	3
-0.123828528794418	0.100141546435555	3
-0.071702902449309	0.207326170686288	4
-0.102810488427713	0.927416797522389	4
-0.076925461953401	1.0906653471699	4
-0.082296489195257	0.909050811394289	4
-0.0477044629737	0.801100300900476	4
0.025250361716683	1.17484967085092	4
-0.07507421981183	0.510171992523452	4
-0.100233411388639	0.352415476265843	4
-0.077007833102437	0.458837063332115	4
-0.056474196528407	0.530291747960803	4
-0.079918704111169	0.536807011353694	4
0.081675662887202	0.848735859958916	4
-0.000933989097686993	0.50328088580224	3
0.065609471205077	0.699398685571242	3
0.067483987618085	0.712266008979964	4
-0.087564800199523	0.236524682586707	4
0.032557057470681	0.579671012764398	4
-0.077151632721425	0.307049780716357	4
-0.087279967922083	0.291284192506981	4
0.106034240147198	0.723145026532847	4
0.068245176832556	0.569333692062229	4
0.041525251029099	0.352057332608191	4
-0.053660569470193	0.156780692001472	3
-0.088265773992926	0.144201681177237	3
0.00943272702625802	0.276320315906107	3
-0.074483246694309	0.232777968050335	4
-0.085353339610142	0.114847977516096	4
-0.045929210367755	0.108565755692302	6
-0.110299919665164	0.0606778494082792	2
-0.051708410096605	2.18506545091594	4
-0.117772531217275	0.95474935158731	4
-0.046477298438559	1.39874497098916	4
-0.00206184020382799	1.85668621943244	4
-0.105116529689843	0.741175795012727	4
-0.109258026139959	0.71105173352603	4
-0.056568111506928	1.11544631615731	4
-0.056994690024964	0.764900582223338	4
0.11375707232615	1.70656150145361	4
0.060948737915034	1.35627207386302	4
0.121553107665625	1.7881237440524	4
-0.045584722574522	0.704967142461465	4
-0.122820880836341	0.40973116782649	4
0.104743529821718	1.45607596878286	4
0.107999325064196	1.50965444706775	4
-0.070312252310554	0.459013194927328	4
-0.116734931547935	0.309112666328047	4
-0.081168440035129	0.447304769655776	4
-0.027759002810455	0.590368516125116	4
-0.080110927867779	0.469071122551974	4
0.064129275459676	0.788310206247674	4
-0.045734039051335	0.368432473896559	3
-0.121647989976139	0.177903291703975	4
0.069241065191256	0.43158137789447	4
-0.062123167602218	0.299872702733589	4
-0.091564940552455	0.256651413117634	4
0.027080118409303	0.450657602054125	4
-0.045217618132313	0.170247853361528	4
0.030235794251593	0.225174308374084	3
0.039090713732531	0.260697493728954	3
-0.071674418285209	0.207350047339173	3
0.07555878287839	0.451809505334628	4
-0.052915451824377	0.280043190675804	4
0.109394986058292	0.58678098690946	4
0.00524852456358399	0.342888163812992	4
-0.045489706485044	0.108834239450039	2
-0.015486689393259	0.834330178813246	4
-0.035176816501436	0.745505011624087	4
-0.051834760938569	0.611579042447298	4
0.120580853221373	1.53095361091501	4
-0.043377129122066	0.672638178269949	4
-0.046522900683466	0.506340177153461	4
-0.037247653814979	0.465077585129262	4
0.083871159964529	0.998629094325646	4
0.008782669392988	0.432032514695048	4
-0.077008293073692	0.261569266367188	4
0.049759779813617	0.6188664641538	4
-0.019732326032053	0.553296131327728	4
-0.083151130820236	0.263472647214261	4
-0.062314760484787	0.299492845550353	4
-0.082617370646515	0.264523790283567	4
-0.120665818442532	0.169456545621335	4
-0.05963382459053	0.285168953955967	4
-0.106424729532386	0.241145627059613	3
0.011517211549167	0.524478148624086	4
-0.058766404506366	0.286750250929858	4
-0.076977545355073	0.243979184486415	4
-0.04092916267197	0.265229277733572	4
-0.073421767736263	0.186994369999898	4
0.026370989914103	0.212623022391738	4
-0.038287902964303	0.182754171125927	3
0.121655565807267	0.350016716415252	3
0.031465090398636	0.226270666109194	3
-0.030380669326547	0.196786024631091	3
-0.022444620817065	0.211359182153643	3
0.051746050297803	0.302107781826713	3
-0.065802177840302	0.176601061999603	3
0.028840202592148	0.36598698187311	4
0.120823934250359	0.542934499253744	4
-0.118070400127824	1.40813723861958	4
-0.040292101909141	2.45490875512478	4
-0.092385809050153	0.96848157083256	4
-0.084974206833946	0.911751930150871	4
-0.020928455137554	0.862641601008036	4
0.041435003646161	1.2579610478464	4
-0.119158880741647	0.393111452784857	4
-0.015700067996939	0.816121298115207	4
0.010563697769118	0.798297405122616	4
-0.024115946945546	0.591682315995295	4
-0.005246544090699	0.670804377971867	4
0.000938525913663002	0.720288123040577	4
0.092734844216028	0.60858659614879	4
0.059925489335879	0.610328108363984	3
0.072680127108112	0.681245214910608	3
-0.00670335815712	0.452925713530188	3
0.033025874351356	0.580902634738781	3
-0.05444215285208	0.341734126742627	4
0.037022159119257	0.434413194417044	4
-0.113706123438752	0.162436288224723	4
0.109221294941381	0.586385528695236	4
-0.100067496992426	0.173855205627278	4
-0.121406790627896	0.168366513243246	4
0.012439011291678	0.182775261541816	4
-0.063006260769042	0.143080601104808	4
0.026222606768964	0.212504684633127	3
-0.11056909528822	0.115156574221103	3
0.049435717974293	0.424821360811925	4
-0.11120031374358	0.114648840429439	4
-0.11003592524052	0.0607876032520393	27
-0.045656768809762	0.10872014889594	17
-0.101605778381335	1.67760387742746	4
-0.039498131660026	0.767617231723018	4
0.057415695689392	1.33961816667807	4
0.046479673047868	1.34250426316187	4
0.018002709945771	1.13401675546362	4
-0.061037370260828	0.489513407792266	4
-0.109479444083054	0.293890060945348	4
-0.011690586596905	0.587550453996963	4
-0.040721257369126	0.555720061220002	4
-0.00763571857597001	0.568415640257252	4
-0.003876973464085	0.427732552885463	4
-0.016176546952809	0.445400185716989	3
0.038068999081569	0.494355885972823	3
-0.063482202359478	0.315483784033531	3
0.035812889832202	0.594767881406555	4
-0.045847884280395	0.368172707521653	4
-0.035033279350138	0.300508509637813	4
-0.074179263016872	0.233224841299233	4
-0.010817982439638	0.14766022196135	3
0.026938889785406	0.213126985872086	3
-0.124761533816195	0.0993000692275589	3
0.051451221805844	0.301826616236597	3
0.012995331720783	0.183209203223581	3
0.033322080647284	0.331796824321183	4
0.123696221137024	0.414464529639797	4
-0.106373041300323	0.152004304790979	4
-0.011927389322099	0.30289783162633	4
-0.011577191207569	0.303447656348216	4
-0.103451142368504	1.64188108714697	4
-0.104135288856132	1.35200590380774	4
-0.036574709156623	1.99689151287506	4
-0.072239596023506	1.21422671534772	4
-0.091537665776845	0.957551143634744	4
0.02542279393699	1.32069632643499	4
-0.11082743285875	0.444909554765276	4
-0.079978231700346	0.55931571153273	4
0.00642605238688898	1.08285273885809	4
-0.094307664796811	0.407609053637342	4
0.012030190739664	0.804665069976444	4
0.01997565218566	0.790400034525149	4
-0.093783561848266	0.36917831723877	4
-0.013239608466349	0.524040763168676	4
-0.110824598570771	0.210639942641174	4
-0.115925934393189	0.189420854836432	4
-0.107809443901831	0.304356714789469	4
-0.040983901916524	0.450899090089363	4
-0.091177619134947	0.214204345257823	4
-0.049582049516656	0.311721731198959	4
-0.016857446275555	0.31951778770485	3
0.106692790499499	0.483739037206793	3
0.090897807211404	0.595366306313779	3
0.041138369503564	0.576019297399567	4
-0.032372898186288	0.283568246574997	4
-0.110649528182428	0.133110717292249	4
-0.012271244007595	0.302349990393069	4
-0.121371494607159	0.0801717326490231	3
-0.063294911593213	0.142911554264727	3
-0.121722435268461	0.0799286134586304	3
-0.038061732218329	0.18296706471885	3
-0.037772701607854	0.183235323235298	3
0.00462349146281999	0.30685726595623	4
-0.087751063637594	0.144695240336726	4
-0.123388203840447	0.116687243554407	4
-0.065039410653954	0.271733216246892	4
-0.010583531984753	0.147771270221789	4
-0.075399353131966	2.19483983345518	4
-0.068789164131854	1.95820603894262	4
-0.088615261094471	1.23447409577925	4
-0.106649158227936	0.472644097516269	4
-0.058068346024038	0.690982678809736	4
-0.06401538735381	0.644017471363187	4
-0.06881073856266	0.474474227522457	4
0.046216644291843	0.964413350690959	4
-0.021227384399177	0.577661254796686	4
-0.054959322932894	0.524648318842437	4
-0.028742288649306	0.586679918036726	4
-0.082239258119911	0.265225011819335	4
-0.040701402427044	0.466916228888404	4
-0.097549310249252	0.228466983097706	3
0.041581601000647	0.450595490077608	3
-0.077721826909936	0.159227997330468	3
-0.123114112117004	0.138492607602403	3
0.04869301143195	0.546491010532217	3
0.113632384191722	0.881994311254555	4
-0.026346314204105	0.128920552621841	3
0.056294630131613	0.317018519759443	3
0.116874333360221	0.524262759507852	4
-0.071191546308901	0.208018054632951	4
-0.093826754289648	0.170680237032481	4
0.009866941623975	0.390787527942596	4
-0.115292086096169	1.46168297371809	4
-0.115720213437411	0.459255934135566	4
-0.119987019970393	0.441885780901499	4
0.03091485441102	1.20967094946056	4
0.04649833663256	1.46369061245137	4
0.119997257845304	1.52753111102891	4
0.011478514975835	0.82812146973044	4
-0.037844583432867	0.595411991802949	4
-0.041536964831542	0.562701152138135	4
-0.111240330170197	0.32279394475155	4
-0.058142308843776	0.311303101380124	4
-0.073749758615443	0.373295253563654	4
-0.086296188060986	0.269832916476907	3
0.086994058702845	0.69743427693267	3
0.022008608593194	0.485107502949353	3
0.100331591674773	0.671933589100818	3
0.019927410013309	0.344311206344997	3
-0.085407956191269	0.306936493518946	4
0.00309784013981301	0.518969751829536	4
-0.023029443948919	0.362372150321418	4
-0.060942750999715	0.20713206745663	3
0.020287860984289	0.344876173869782	3
-0.010401150424568	0.147943900388557	3
0.026123522832317	0.212377867246509	3
-0.123681473701214	0.100256202286746	3
0.1244429133338	0.34036767066467	4
-0.055887429330232	0.192622007497553	4
0.00252361749379998	0.166110386615268	4
0.060923547163777	0.462626468430271	4
0.020440128989269	0.198434395899922	4
-0.099915107223795	1.67659648919338	4
-0.09424161515877	1.13262109917289	4
-0.047698031046328	0.907174790428647	4
-0.119838880404452	0.42056485718565	4
0.018585176016557	1.22199621689383	4
-0.092381494922122	0.540405549374791	4
-0.082346263984052	0.579868093194182	4
-0.100763392349354	0.507920353590109	4
-0.072340642675605	0.543556335169741	4
-0.099776011873981	0.330093284054218	4
-0.05192979911818	0.50771427885024	4
0.028641620506029	0.365582520863269	3
0.075237986739723	0.516845777634735	3
-0.071094286102511	0.336424497137543	4
-0.015672470848617	0.321549875513595	3
-0.038216629719379	0.182826971703572	4
-0.085197495641581	0.114959554443936	4
-0.084720803758518	0.169432626009889	4
-0.110481888989173	0.157179366904083	4
-0.099741832243473	0.174347038194344	4
-0.110244546473617	0.0606924359285289	4
-0.072701791023607	0.086482432366602	17
-0.081162713485955	2.05679200342531	4
-0.02396482818363	1.88959330450411	4
0.029596462205323	1.42687306260497	4
-0.097713964556059	0.541225144888628	4
-0.03706940269917	0.846782350940523	4
-0.05500959311892	0.828391653661897	4
-0.091739385542625	0.370732615208093	4
-0.031520603327943	0.59864360567901	4
-0.046445754711536	0.542292743711462	4
-0.123609476316111	0.201589317349537	3
-0.032679494529669	0.410750046635283	3
-0.086802983773731	0.268626165290952	3
-0.046173072981999	0.296074403947662	3
-0.064837246225639	0.272104186629805	3
-0.02168123459941	0.333911157334668	3
-0.055376732145015	0.193218115729352	3
-0.025760203958059	0.129302114667689	3
0.00186245524921203	0.165631471646805	4
0.040280774383591	0.261898614769809	4
0.123559469722929	0.414292886786947	4
0.012379890334949	0.182702585362543	4
-0.054491583942875	0.194127956798007	4
-0.093305878617868	0.19728718264984	4
-0.028128631741601	0.317393810620963	4
-0.110272208022678	0.0606883327272923	4
-0.121880488506626	1.35972782476733	4
-0.041787704308347	0.74213335758809	4
-0.107201314174355	0.436339649411905	4
0.027815907153405	0.811971003110776	4
-0.073452531135594	0.463891106021341	4
-0.076480837162095	0.374853561516721	4
0.012138432972571	0.526196825242463	4
0.06596807445058	0.911659816545138	4
-0.053904382015573	0.376319973037289	4
-0.00863641765661899	0.473609750321343	3
-0.044998575939758	0.405586848502144	3
0.030668065614379	0.524193921944764	3
-0.017906314491981	0.377659360732075	3
0.013878147310359	0.564455670255631	3
0.119232550653798	0.834473478252475	3
0.053053218685513	0.57130922688652	3
-0.099385521821603	0.174830791366953	3
-0.100149601832752	0.128635371334458	3
-0.077354313428275	0.159646493439429	3
-0.088045736384056	0.144404184591851	4
0.040825994571964	0.350977485496452	4
0.04274248836781	0.273572780099909	4
-0.124739054504707	0.145066472635307	4
-0.026316542051145	0.128918818428117	25
-0.06491852465075	1.16148174309566	4
-0.039707288226299	1.2329367157029	4
0.032684809746297	1.80242190798138	4
-0.115344245617908	0.560986527254672	4
-0.041324830591717	1.1524718536935	4
-0.104157429088812	0.532309604122073	4
0.112061107252926	1.69421556501532	4
-0.102713372313026	0.48000954730531	4
0.094334506617733	1.3807758726511	4
-0.047179671040022	0.587791338886054	4
0.075876064080011	0.979175861643706	4
-0.044918139164375	0.370244970848351	4
-0.010800143000111	0.572541807986526	4
-0.051662935737798	0.496360835425571	4
-0.106231082097719	0.221344491492188	3
0.016005125260506	0.604019055148798	3
0.075285360017063	0.516962406083539	3
-0.117829215694961	0.251042948732926	3
0.095793845804867	0.633666270739779	3
0.078878089810866	0.533145267573831	3
-0.060129469555234	0.284201565312599	3
-0.07291859442098	0.1876966753213	3
0.123946716272136	0.339851471387898	4
0.120139667004483	0.385102137202181	4
0.123983432820137	0.339878651555792	4
0.048337301576393	0.370787609923893	4
-0.016591783594566	0.348418232606825	4
0.048692339721779	0.371389529961765	4
-0.072788710991293	0.0864201155743479	17
-0.088765253632758	1.9152066737405	4
-0.044580677910425	2.04523971533858	4
-0.12160062850125	0.730470816521731	4
-0.075542554272699	0.9560651547838	4
0.047868914148227	1.90692992339918	4
-0.108632600378159	0.779164668654485	4
0.00322273234422599	1.16793281945708	4
-0.018660992696779	0.954149399878405	4
0.108374873675455	1.43623222536907	4
0.015963058266503	0.507070193417795	3
-0.082433618449094	0.189060463026215	3
0.025794540532713	0.549324270850678	3
-0.077018189195302	0.353123496519658	3
-0.041066111547656	0.265028509014209	3
-0.010943281584272	0.364359468794799	3
-0.121330133629908	0.0801864396030104	3
-0.00678076460954899	0.242266142879433	4
-0.010817982439638	0.14766022196135	4
0.046160533655565	0.286459179566659	4
-0.02235328098456	0.21149915092601	4
-0.050075322525707	0.226085250589972	4
-0.12321375061325	0.11688528012692	4
-0.073255467440704	0.187268517046092	4
0.053886108935166	0.498361312277233	4
-0.110830398867248	0.156747449149629	4
-0.098111254419441	0.926991550747003	4
-0.122422494308734	0.68568914063348	4
0.017930386710743	1.46625660327704	4
-0.02787143116563	0.987054509591185	4
-0.117738306942066	0.471155631221544	4
-0.111207563532399	0.434284592886748	4
-0.090201230641412	0.48531236970785	4
0.115716330571512	2.00302703089994	4
-0.015909851845615	0.815151972014987	4
0.102945093198946	0.998551022394992	4
-0.085113730173846	0.387550004657036	4
0.059556894689862	0.609304853387344	3
0.056279624698336	0.651034918937588	3
-0.028262814825999	0.40331994401968	3
-0.115640825933012	0.18990952748751	3
-0.025479974977004	0.352751963777066	3
-0.026507223198841	0.507649866653315	3
-0.00318868644975401	0.542993875371457	3
0.087201069520239	0.698012597367853	3
-0.100313495350417	0.12847012270089	3
-0.01437280296473	0.226792703960203	3
-0.100159225262006	0.128596243024416	3
0.033417040089798	0.237095702876113	4
0.04703771507357	0.287378007535026	4
0.119363592847679	0.371924650596576	4
0.12129459482471	0.398832074318273	4
-0.1012926668871	0.0983047396813015	4
-0.122681476377826	0.117403564341784	4
-0.11120031374358	0.114648840429439	4
0.004076098900545	0.306080493926877	4
0.095543417116635	0.443407742309833	4
-0.11997115195054	0.132992572993799	4
-0.032224368130554	0.283797787072234	4
-0.032382278283854	0.283552642922265	4
-0.006772470390155	0.242259083785131	4
-0.025454420561069	0.129460556783297	4
-0.045162003434381	0.109015619091094	25
-0.082258832916889	2.01228875279775	4
-0.10537590619756	1.3818720769845	4
-0.087553617267062	1.30253912157107	4
-0.096037338738315	0.912518278963763	4
-0.104522749241612	0.883921356796021	4
-0.101315801751255	0.866345661906837	4
0.071990147797176	1.31571739219994	4
0.065666429986615	1.32773598220114	4
0.077568418522267	1.15537616769163	4
-0.080902745507043	0.360259437781485	4
0.00229679817706902	0.54301638946756	4
0.047545642590865	0.827180617083811	4
0.01567590466796	0.5410549669545	3
0.04299454370378	0.519272055157063	3
0.119121899778498	0.649461507685749	3
-0.121385022290465	0.2351426966388	3
-0.076327786417824	0.321390071073666	3
0.027839136929768	0.452288901326649	3
0.119758953615882	0.372417335544141	3
-0.082936843024079	0.188380245601401	3
-0.101351532547428	0.0982696394389163	4
-0.077164118463054	0.159829238254935	4
-0.112063724230714	0.113891216818732	4
-0.062761783949356	0.143402667771291	4
0.025595127918119	0.211806815320072	4
0.061272420674555	0.332888881990007	4
0.040390779804604	0.261993269412257	4
-0.071965096107921	0.130391588518894	4
-0.00619862802103799	0.242985845561956	4
0.095559920684807	0.443459047367287	4
0.020450783462297	0.345158233275961	4
0.089725745426871	0.423555362622229	4
-0.085898914348917	1.98458506036313	4
-0.10626213033237	1.14323161328037	4
-0.098506496250892	0.930885901808108	4
-0.101925430744056	0.926688234249414	4
-0.01454517170695	1.24669273400617	4
0.024512762039905	1.07159992286242	4
-0.118229695721236	0.381175852804929	4
-0.080549525467448	0.527641115149434	4
0.079603377799953	1.40827998456583	4
-0.017527162414494	0.803972744514201	4
-0.014934554560593	0.701472997193632	4
-0.020169459807381	0.454480857293081	4
0.113667482239022	0.882070614172515	4
0.00296604290769298	0.518633122368507	3
-0.086558646087967	0.281165394405823	3
0.119989580591024	0.837227295809624	3
0.00863830831886597	0.511702920637595	3
-0.048318805548552	0.338875009247873	3
-0.00904779469318301	0.338583070002301	3
-0.033375442208529	0.281865724225267	3
0.096180946629777	0.757225189078529	3
0.070644224914226	0.729121896250692	3
0.062073298439754	0.731877444512488	3
-0.106279282906774	0.221240616831104	3
0.000470167146188028	0.480431281577879	3
-0.010653719914366	0.364942226784936	3
0.12136515489408	0.665064893392258	3
-0.040295202873732	0.244447851208681	3
0.071396001700774	0.500143663596885	3
0.051442435004514	0.301817966630163	3
-0.014364674344029	0.226803704397833	3
-0.046581686621633	0.168941924980436	4
-0.100972704050077	0.0985249135019959	4
-0.038220492595337	0.182815120578621	4
0.049229250763554	0.372225590459512	4
0.02663402452664	0.212869688524288	4
-0.051103623391461	0.264674098841652	4
-0.081450948310977	2.064041931267	4
-0.0537126754958	2.26093447422119	4
-0.022674964039666	2.18290280216955	4
-0.062980797382117	1.37192263018021	4
-0.070151162007957	1.10319452659302	4
-0.004628477134901	0.821156099372135	4
-0.062364384802619	0.62330005044009	4
-0.048539586469022	0.544241093290209	4
-0.087110443970863	0.28008756656847	4
-0.029006084198811	0.596939426977983	4
-0.091651675136268	0.316985114182991	4
-0.059148478163428	0.328039190847511	3
0.00963967394762999	0.433873732611321	3
-0.059108966548364	0.247768323082278	3
0.089897551609255	0.423873370692476	3
-0.08463696527051	0.115339204095563	4
0.039299465092245	0.260927502717928	4
0.121286289970799	0.349576506848212	4
-0.110082308599368	0.133733409067691	4
-0.072412487897239	0.188308445334176	4
0.00274041095549199	0.16626191491356	4
0.036014385239164	0.248574223876956	4
0.027804365442639	0.364319615760579	4
0.110924885213263	0.502154296050137	4
-0.045601094094865	0.108767240792549	17
-0.102749946329397	1.67640150910861	4
-0.084139432202584	1.2328245920508	4
-0.111741384017853	0.783498343868937	4
0.057924393338993	1.84984590122884	4
-0.11039876747298	0.549145440271502	4
-0.067293073051792	0.578238431966934	4
-0.092103169479124	0.48355968569345	4
0.069479094872436	1.29464508030759	4
0.080694383273885	1.05424124887034	4
-0.088226249983116	0.390322127174675	4
-0.10322511793143	0.349942652878979	4
-0.113180312861102	0.216102839514362	4
-0.047415900095608	0.395723531009985	4
0.022185681554734	0.485521027290574	3
0.070460689234014	0.668207441155142	3
0.063010305808	0.735018683735813	3
-0.103029158771292	0.267965890161006	3
0.013186190134606	0.494593125386388	3
-0.031455409410036	0.336549922738124	3
-0.120485730762478	0.179772541471001	3
0.0267332314969	0.212957959207501	4
0.009640545748265	0.276592406226014	4
-0.121572396706691	0.0800105835325392	4
0.020783742779455	0.198629951037565	4
-0.072765889233968	0.129731534216548	4
-0.07355397961788	0.129111547283526	4
-0.02403994537807	0.248081653704673	4
0.100514489769862	0.462268650634234	4
0.011485735439673	0.359934872602543	4
0.011294162288133	0.323681213687094	4
-0.110272208022678	0.0606883327272923	17
-0.045792930681652	0.108651410235421	25
-0.035866568890526	2.47667750331516	4
-0.077949909100185	0.810152853989939	4
-0.080866188675489	0.587172274411374	4
-0.021354304065623	0.748698033264777	4
-0.036020852422655	0.674768665100988	4
-0.022391148049686	0.631680119847257	4
-0.053839959909595	0.405623680844227	4
-0.034009906564658	0.561535715919037	4
0.056405275488325	0.70035478253951	4
0.062932306955072	0.73484799363581	4
0.016153118476495	0.507562618459697	3
-0.087945281918456	0.278310491183964	3
-0.062810334002959	0.298436890759	3
0.022029887241874	0.569517352756973	3
-0.014855791519676	0.555592993700912	3
0.035913624640586	0.385395339234781	3
-0.08346308041077	0.215324309499358	3
-0.066018544539735	0.176396228337887	3
0.119689092108477	0.360017462543947	4
0.039237470967282	0.260838318254284	4
-0.12357091600735	0.10036325372151	4
0.042583444778767	0.273385070477323	4
-0.02403994537807	0.248081653704673	4
-0.038611523115757	0.182438792383572	4
0.011621766525738	0.360244853772014	4
0.119921166025061	0.360295093960573	8
-0.078085625771045	2.0484681286494	4
-0.111459991266695	1.23560788485047	4
-0.066774054725615	0.785864773129811	4
-0.107038211119898	0.448030800191745	4
-0.029852891176816	0.739698369495869	4
-0.104986329740101	0.440140522559696	4
0.00989013149724499	0.954630754234206	4
0.016067261466573	0.927701056215677	4
0.00644717758757801	0.94527306470437	4
-0.0219966251455	0.507998910237977	4
0.039575743616995	0.565565370653034	4
0.04308385444591	0.705627590318205	4
-0.045382817700139	0.348947471339581	4
-0.120102964587874	0.231666064627796	4
0.05370947805082	0.636802319859271	4
0.056969696360357	0.512684418890774	3
0.121917565534569	0.852859922788042	3
0.10513607148828	0.81899576500596	3
0.019896507240234	0.592684666649572	3
0.023682830398501	0.494953229134383	3
0.086227948418424	0.490258592840245	3
0.035613553242283	0.384829599990932	4
0.018867411285023	0.471899912719366	4
0.039237470967282	0.260838318254284	3
-0.111664578171326	0.114253028046352	3
-0.05389008842496	0.156573739177269	4
0.012308480365119	0.182684696571723	4
0.018150456440007	0.295120769475601	4
0.121753006069837	0.350127342905452	4
0.123256712356624	0.339020827201527	4
-0.044640669210802	0.210993540210899	4
0.119909471882791	0.384858719564509	8
-0.110008143523494	0.0607917514994408	25
-0.050751681966121	1.00285928433653	4
-0.095968014887694	0.632060922401441	4
0.081203524690055	1.43041826095045	4
-0.008905505157879	0.902376657814853	4
-0.070149991616212	0.598042440048019	4
0.066505224129719	0.649852656774448	4
0.05084533858916	0.622098981586436	4
-0.016677528625511	0.629471395331077	4
-0.090378205329628	0.345771991707193	4
-0.035173703894132	0.379033453627006	4
-0.103115458239247	0.180044482909519	3
0.085914459746196	0.566152591473881	3
-0.062344654086055	0.390362793234619	3
0.017548325550568	0.294332622330715	4
0.075254494562483	0.617505803462619	4
-0.122900498107705	0.11718669662102	3
-0.04568157343835	0.108718368244558	4
0.121975374551494	0.350304217566253	4
-0.086020577668124	0.114335346171363	4
0.030165247685251	0.225081173457465	4
0.054620166159582	0.442421159570434	4
0.037160772823077	0.434623939540963	4
-0.024888009633148	0.246897261839052	4
-0.052403458490473	0.157814925868567	8
0.02077087635527	0.198700589918635	8
-0.083734381160048	2.07107929911871	4
-0.11152376241064	1.19118350693899	4
-0.022992219768103	0.94665754694114	4
-0.097058701774515	0.545841372091895	4
0.072088053166988	0.880283837466869	4
-0.100416595958045	0.283646820578023	4
-0.1087901955443	0.2531505004734	4
-0.121187310480518	0.304840863163977	4
0.07056172520141	0.781021648076085	4
-0.023258138443273	0.361882022556895	3
-0.037720502533332	0.447876953847367	4
-0.011209273677908	0.553080009431471	3
-0.08399011243211	0.310123351355602	3
0.019899050385662	0.344213978025513	4
0.091350252483004	0.509786099418647	4
0.104974880633787	0.567153570712379	4
0.119477472778945	0.384205664420828	3
0.051468783861596	0.301790500140944	3
-0.062335475808646	0.143762929174064	4
-0.025955507654511	0.129182303922047	4
0.030271028415799	0.225206773094062	4
0.057536760055317	0.513975632916857	4
-0.002050628490952	0.356789136600477	4
0.120762857898502	0.397961506988484	8
0.00203819995632998	0.165774327552601	8
-0.113778521329769	1.46193070130726	4
-0.11262660802543	1.17013033899893	4
-0.069061668671972	1.33458748676572	4
-0.075995849983084	1.04565822031098	4
-0.102321695609789	0.657631560480374	4
0.050010351181352	1.79382241902107	4
0.061155599155673	1.86380065719286	4
-0.026217364123224	1.16970815276621	4
-0.056464447375697	0.422873377296287	4
0.093133353629221	0.807047507010152	4
0.035629583887178	0.941896753312838	4
-0.001995271747432	0.687248788829595	4
0.021699838166706	0.484403726178894	4
-0.045431065986537	0.369013615616234	3
-0.053761040006366	0.323843114761539	3
-0.102656861754163	0.180673840520974	3
0.054145104487886	0.727926275365128	4
0.055375636498991	0.690369878808336	4
0.095804427482916	0.890199412559094	3
-0.117213501433935	0.19716414883051	3
0.017639463425633	0.29444541740034	4
-0.111192338152655	0.114674917561344	3
-0.072519612671411	0.129950108322635	3
0.00161969658842098	0.165429646165734	4
-0.053201912477821	0.157178567754636	4
-0.010954106580938	0.1475245564589	4
0.012183072464584	0.325189493231498	4
-0.106381280286268	0.15198906467561	4
0.025653900909887	0.211940572146045	4
0.122335620461905	0.667334428576827	4
0.106182409894284	0.482765469918847	4
-0.038139176902493	0.182900006417569	8
-0.123316671539283	1.29145093706775	4
-0.101668341920585	1.33463404908462	4
-0.109444798829217	0.920571445013545	4
-0.112203243798061	0.844483737645263	4
-0.07051571928801	0.975677492226966	4
-0.100774788320391	0.651774440991063	4
0.063040092485749	2.01145966282783	4
-0.071870085728855	0.82103072080083	4
-0.052119044019294	0.740136822077691	4
-0.104724795835669	0.301572214402673	4
-0.114427712548388	0.32792161809063	4
-0.121577619324028	0.246639362303211	3
-0.018054812728205	0.377358626205569	3
0.00381314929999199	0.520955502779176	3
-0.093444361563951	0.223504408093868	3
-0.008106637894332	0.58570666265822	4
-0.028818157618207	0.424253941945882	3
-0.027877074073214	0.317814910643366	3
-0.00512349924900701	0.286239620234595	4
0.026115549430219	0.212397233740123	4
-0.045601094094865	0.108767240792549	4
0.123606729859653	0.339428855298359	4
-0.077225334861844	0.159781323015592	4
-0.045217721238247	0.10897813602081	4
0.00373504829287902	0.305623118520318	4
0.069226456028856	0.431542750990138	4
-0.078919057040589	1.69484869730859	4
-0.098988385725674	1.10264919085335	4
0.048709974215758	2.28200894380625	4
-0.061117462468918	1.09882094828909	4
-0.08405126946294	0.819094892647852	4
-0.123829478873121	0.438655588578982	4
-0.018103332940716	0.575556007136555	4
0.0450644822428	1.02191303528758	4
-0.093399680820623	0.412809867484349	4
0.031083876176861	0.708408462303433	4
-0.049277869842081	0.460321012836628	4
-0.070879380282666	0.362192042762435	3
0.02550864780154	0.585076234035736	3
0.03295178061771	0.618275534079814	3
-0.000691277465134005	0.503944136191162	3
0.099688856885686	1.02600691096109	4
0.02474757111952	0.725995286757052	4
0.041405188053866	0.844496286614151	3
-0.011111761251718	0.364070561930746	4
-0.111509791563433	0.114399501869041	4
-0.00633523515635401	0.242804759820633	4
0.089898701046383	0.423872898592562	4
0.061213353045946	0.332795117516614	4
0.121599139406193	0.399249138198328	4
-0.024887957215765	0.300676011249128	4
-0.110800585964496	0.0604464128243613	4
-0.098608905025284	1.43757741460121	4
0.028679572595494	2.17174202525349	4
-0.054438369798574	1.02531153851249	4
-0.064734435122123	0.737831367691338	4
-0.119935330776224	0.232024309653043	4
-0.119811897725526	0.329481429558976	4
0.040428066849767	0.690809098765652	4
0.00723142703941199	0.588698797243153	4
0.033058891939804	0.536194677369425	3
0.098853841976251	0.773797589965921	3
-0.049370058594432	0.406042358069013	3
-0.041380167528125	0.434296626293466	4
-0.122412479998943	0.261838674339058	4
0.034341961995195	0.854101108117389	3
-0.092361261134893	0.240567167097026	3
0.120413982526428	0.385428023652289	4
0.020274606037144	0.198265589309632	4
-0.101162064333221	0.0983995839081656	4
0.121404165914701	0.398985406590325	4
0.026269983246778	0.31388296805984	4
0.072011731715455	0.366784962248715	4
-0.034989157304994	0.325252184114796	4
-0.032564625591376	1.95729461296282	4
-0.113140759432286	0.820227604455225	4
-0.069759141986456	0.498860148025484	4
0.04898981631483	0.807788721136253	4
-0.044047450890711	0.703768462487199	4
0.036311328134557	0.732329026642618	4
0.066264891591879	0.837662722872543	4
-0.056919591768564	0.408039720642917	3
-0.089966090698427	0.339288701335882	3
-0.05852983171359	0.449487363206413	4
-0.106770851879733	0.325811706435965	4
0.038452652031086	0.854709818584523	4
-0.014442981890406	0.389762237927504	4
-0.020630303022393	0.28376101175534	4
-0.038611523115757	0.182438792383572	4
0.123716841425741	0.339587329698517	4
-0.045328290534427	0.170160742805397	4
-0.085814625105571	0.114498016677835	4
0.026988507872087	0.213157483093576	4
-0.124148053286129	0.0998523908114795	4
0.014888392008584	0.40677219845657	4
0.002306069284712	0.165878963407993	4
-0.072660179905934	0.129859730605038	4
-0.047660315907945	0.319026060111116	4
0.051314852228403	0.301594537005778	4
-0.110070733597475	1.57217651070854	4
-0.063239845112363	1.57997005601543	4
-0.065670818335272	1.21557949294253	4
-0.04497073199968	1.16839185197741	4
0.014289439403492	0.777043458163056	4
0.017345794637532	0.964111095575266	4
-0.020844740539809	0.652615476080213	4
-0.010152066765658	0.644797996877673	4
-0.095495354303981	0.343864483480774	3
-0.045038878376475	0.514400509364311	3
-0.082998260508525	0.2637038886984	4
-0.081460382672952	0.250340216902183	4
-0.073086261060181	0.187475509191008	4
-0.110025763118516	0.133769291769634	4
0.041638006538844	0.272186910863392	4
-0.065644131042951	0.176750192553964	4
-0.005805057181754	0.243417968570451	4
0.054858688248986	0.442927676421916	4
0.088406884064583	0.580619201382817	4
-0.055376732145015	0.193218115729352	4
-0.072548864941573	0.086562984345132	4
-0.025509701287721	0.129441484654001	17
-0.097079846381359	1.70068962422688	4
-0.118267261722967	0.901896021511207	4
0.010507683142221	1.95112536587007	4
-0.052139749214338	0.653564090082879	4
-0.044589183726251	0.406628978177849	4
-0.012500149011406	0.459119946958588	4
-0.094344150148828	0.318015803839535	3
0.010005267900452	0.434637135735256	3
0.00870975043080602	0.664983720588419	4
-0.071629105060966	0.347933975206841	3
-0.08213178488267	0.265458143601976	3
-0.071603428564212	0.274831835181497	4
0.066565422935486	0.349442566402721	4
-0.045905762684335	0.169614585765905	4
0.121420263840989	0.398919571706038	4
-0.101776649350544	0.0979479946985374	4
-0.099565311842106	0.174591010261665	4
-0.088182327618512	0.144280722509312	4
0.118572970929319	0.637891787935155	4
-0.014408278670999	0.266995466512751	4
-0.014409398503253	0.266992766368973	4
0.020795186143112	0.198676862659229	4
-0.072628728584539	0.0865299357218919	17
-0.042765650805163	1.43214017754563	4
0.00444104877332802	1.95679900160722	4
-0.083804059719022	0.822133632469675	4
0.048482865234964	0.979880723069316	4
0.00575543481046398	0.55800900683209	4
-0.062475507972131	0.363248744205395	4
0.022022311296801	0.533820036981998	4
-0.03736768412284	0.464719943684043	4
0.090209825626291	0.910105668629523	4
-0.00787339803595399	0.706628508601902	4
-0.080660122633264	0.360945307894843	4
-0.047986824036594	0.524193661643248	4
-0.00193670722348999	0.721804637203941	4
0.09122303008791	1.13752562581198	4
-0.041115728891306	0.382787489506894	4
-0.044942534818127	0.210621602349716	4
0.031091608857956	0.225932177886444	4
-0.073426578011899	0.129204949233631	4
0.046523215467511	0.286807090011882	4
-0.11120031374358	0.114648840429439	4
-0.073786572125821	0.128904618524784	4
-0.02961978524346	0.264891906081735	4
-0.030990607831434	0.262879347700587	4
0.025860085032663	0.212153816321576	4
-0.119640935176918	0.133374944690497	4
-0.124540990247531	0.145285621130238	4
-0.110453732073693	0.0605795650328935	4
-0.024628540384667	1.8483485463843	4
-0.059421616000997	1.07805389890249	4
-0.051928822842929	0.66483427864852	4
0.00268165484648197	1.00066008026034	4
-0.022899604693979	0.584153992814656	4
0.057365821040272	0.785841088636504	4
0.020412907451915	0.72637577184728	4
-0.085711169199237	0.40734257314603	4
-0.012638114771607	0.648219602847546	4
-0.053224141168027	0.279520487841253	4
0.026855946806738	0.400664888726184	4
0.056263385057565	0.317029402589072	4
0.026173080972458	0.212446584866811	4
0.00179547379204298	0.165581088300905	4
-0.024718093440607	0.247175801191708	4
0.042356011917307	0.273097620107571	4
-0.077157536082166	0.159859987322416	4
0.056059996043271	0.316730494096402	4
-0.111896817597344	0.114002749627772	4
-0.12357091600735	0.10036325372151	4
0.049314992185532	0.424494313002212	4
-0.066215326138716	0.176171882998222	4
0.106860325307918	0.48403600103983	4
0.059835816166782	0.460470647786901	4
-0.074598263628259	0.232593378096471	4
-0.123399428212883	0.116691144773339	4
-0.045217721238247	0.10897813602081	4
-0.097402267954839	1.14781856764526	4
-0.093745575879317	1.08008256879764	4
-0.014565826222721	1.50348113437545	4
-0.071620769887801	0.600178829470656	4
-0.027493014319113	0.549230636044143	4
-0.117008959995575	0.246644205498395	4
-0.021257737913503	0.605517283631868	4
-0.040880937984718	0.531516397028921	4
-0.092193550779906	0.266883955113416	4
-0.045847884280395	0.368172707521653	3
-0.04759237696656	0.502939031707667	4
-0.016211770649645	0.615159748586978	4
0.032886643258686	0.821192189853177	4
-0.030076953861194	0.593033811467271	4
-0.045706420495321	0.434225996000849	4
0.118127442353128	0.915242621412214	4
-0.06240761284797	0.349576785092947	3
0.112303651513955	0.60326080347861	4
0.030306236498841	0.225230218377985	4
0.012118750030559	0.182524474742875	4
0.027792575478145	0.364320317306409	4
0.081978637564828	0.54843492857186	4
-0.076763959144076	0.160262371683616	4
0.034227587487149	0.237912197225446	4
-0.110536355491152	0.0605729772356124	4
-0.072788710991293	0.0864201155743479	8
-0.09249727858174	1.93688766245127	4
-0.086898394289943	1.71966490801721	4
-0.089300826875941	1.39354705096833	4
-0.066408374296924	0.595544138281722	4
-0.023277509533291	1.05340995135506	4
-0.094772532022166	0.359723544841567	4
0.073902383187027	1.03714006869229	4
0.054442654286964	1.02471280998816	4
-0.053880484230737	0.562622897485266	4
0.077722040818858	1.24237766998572	4
0.041890468303491	0.902222688156593	4
-0.035610970773268	0.63303976422393	4
-0.094767345132103	0.414214365133633	4
0.045802911485743	0.844117043033996	4
-0.02049470140451	0.494622150641244	4
-0.053283546864588	0.157089257100326	4
-0.022391401986771	0.211450586160787	4
-0.045843225051834	0.169679403963637	4
-0.12112917084967	0.0803325775358216	4
-0.00999625096097201	0.336777653796359	4
-0.111324762488693	0.209746063350432	4
0.055538785720237	0.390862426630739	4
-0.122820147368635	0.117275920367394	4
-0.072323010072299	0.0866848186473785	8
-0.094737156645465	1.8282099172992	4
-0.075217981019974	1.89854603080702	4
-0.103004947984073	0.921848790862677	4
0.000127354087886	1.23072261695082	4
0.098691986383637	1.98699875341036	4
-0.032375731423646	0.791651866307681	4
0.022526387821311	0.800712890687848	4
0.050290660790604	0.965906531294672	4
-0.019604324487472	0.58309352924627	4
0.111798979658331	0.766703231899304	4
-0.082125259409288	0.413623413730936	4
-0.112330478666498	0.351289723441196	4
0.101652341859107	1.36229162563784	4
-0.00782809487275299	0.726453923747128	4
-0.103425586105973	0.355281462407245	3
-0.073416470902251	0.288601145385436	4
-0.065684074368922	0.176755256889839	4
-0.101103138315619	0.0984347259085228	4
-0.054239416754236	0.156232811625153	4
-0.014709819611526	0.226336971545265	4
-0.072892152978406	0.129672105477483	4
0.026066151485078	0.212357847795175	4
0.034070997363457	0.237768712418073	4
0.020594575132314	0.198491004221993	4
-0.111051777391082	1.1870313169966	4
-0.051980035025172	1.18717193904306	4
-0.084715051249023	0.59207973149794	4
-0.082522395798418	0.75805222304764	4
-0.067083897894907	0.530993405422887	4
0.014473130022255	0.593938568619438	4
-0.122774120509863	0.280443295517314	4
-0.068551196414699	0.522986911445529	4
0.055357457323959	1.10568950784848	4
0.00189551067128801	0.762362950721712	4
-0.073203369441315	0.395191790422871	4
-0.068978724934292	0.379670053643986	4
-0.028231568269372	0.376013262551091	4
-0.055626115391197	0.296233675000378	4
-0.085658506543457	0.114613710937439	4
-0.077415469584122	0.159585899365247	4
-0.034250342837129	0.229215128327138	4
-0.037589425032292	0.183368465085378	4
-0.110127801570376	0.13367966260708	4
0.042274375958574	0.27302401181909	4
0.043060401280069	0.27392266061437	4
-0.014453825921681	0.389753836594225	4
-0.070499279322062	0.258551318740879	4
-0.072548864941573	0.086562984345132	17
-0.091632367263206	1.94525239263442	4
-0.094870511754336	1.44129340887941	4
-0.110213365515743	0.723928112690339	4
0.022845729373586	1.05799174708732	4
-0.077633822254645	0.498277312908841	4
0.00298941644728901	1.07350016259114	4
-0.101189434208799	0.521890074299086	4
0.00142038665718403	1.02046216980678	4
0.010415545472224	1.02183612403102	4
0.108875228469155	1.37580675988355	4
-0.016689928912376	0.629453109523964	4
-0.124470221506659	0.289156095131931	4
-0.052121116329679	0.462262852190448	4
-0.063451264578814	0.450095229726267	4
-0.041427032895194	0.418302103926205	4
-0.058024096719942	0.311562563283045	4
0.07522325104671	0.516795419802298	4
-0.122932679928652	0.138716474488608	4
0.00203819995632998	0.165774327552601	4
-0.124586502383282	0.145260665165366	4
0.111459859136801	0.50313086028576	4
-0.109081596654248	0.203297742843225	4
-0.07132257115135	0.292694913909451	4
0.087664948362728	0.578869589463949	4
-0.022366719112615	0.363748856530283	4
-0.072861854732841	0.086388031687618	17
-0.010440713055695	0.14790981101624	17
-0.105177167490938	1.68215224609054	4
-0.065587199237485	1.92410106223613	4
-0.077615824910163	1.50148486927056	4
-0.00687287203831	2.16017435048119	4
-0.087017375633334	1.12343003814759	4
-0.102162308386486	0.428794078687149	4
-0.078550148476945	0.656722532885222	4
-0.039784797432859	0.743476498280389	4
-0.05561325044924	0.906174265195536	4
0.0302794506634	1.42469046750116	4
0.00375609272657201	0.943059927020275	4
0.077147492214811	1.23910009705532	4
-0.123517785383818	0.301291758960779	4
-0.07554390452838	0.413517422762905	4
0.080488738160911	1.01237440252457	4
-0.048923469892021	0.498507690115044	4
-0.08828204786459	0.390179629531694	4
-0.013248820197692	0.745597606690152	4
0.094165393335181	0.98805796884798	4
-0.086791036794369	0.323314060525216	4
0.080748490174423	0.791439434181144	4
0.062318386953764	0.623864214843649	4
0.094083025131562	0.620456527914677	4
-0.041233753911778	0.2647743082773	4
-0.109948161614947	0.133880718530801	4
-0.08254605089993	0.264562455594654	4
-0.00226741456333801	0.392290337388278	4
-0.08829434976434	0.25083198885495	4
-0.042899283553202	0.282551968646197	4
-0.098171289991597	0.200181004192435	4
-0.028269770037637	0.317095001356802	4
-0.075724237119557	0.230817706783013	4
0.100359381537653	0.462004123031378	4
-0.077190525283404	0.159821526264043	4
0.009612375965738	0.276562090474309	4
0.123687890644904	0.41447262879752	4
0.00203819995632998	0.165774327552601	5
-0.071152697225141	2.28202705552602	4
-0.075640702523805	1.5054165342133	4
-0.003411196153569	1.35569216939461	4
0.057667678874169	1.31520722578028	4
0.010175831084433	0.992737420241384	4
0.019580631835151	1.33341855249089	4
-0.04631092139337	0.77837670409261	4
-0.102621165002903	0.541245208587236	4
-0.124303204116753	0.475277956675817	4
-0.099651478034223	0.580002124393856	4
-0.077449959997299	0.534151526353972	4
-0.000785229623561007	0.709109017996302	4
0.089087542945092	0.71156298936509	4
-0.084680415755785	0.347548334259354	4
0.015140900335071	0.650344330632168	4
0.086271125718662	0.880247169403369	4
-0.041029860822978	0.309701602605898	4
-0.068061788895122	0.230010203109378	4
-0.011015289718318	0.364236411446941	4
-0.093627024702068	0.223192615220709	4
0.106136888027251	0.482801013968175	4
0.123379469894533	0.413920303894884	4
0.02913853725628	0.520263279678003	4
-0.060933385825908	0.207141432631364	4
-0.088499041023085	0.193019050488685	4
0.020805824039019	0.345687822530992	4
-0.01477873063803	0.226307493999189	4
-0.061837627279908	0.144173473389662	17
-0.085559114336718	0.114693969583047	17
-0.100442676697075	1.81192342104442	4
0.02783295885953	1.20315178004816	4
-0.00883842107621	1.03897439992523	4
-0.112147313723832	0.487709250585622	4
0.01746744523121	1.36598964910988	4
-0.012416091677621	0.665201092952669	4
-0.036316614757759	0.564122259613142	4
-0.00916840592651499	0.405731308843311	4
-0.075477993100103	0.264294361406013	4
0.010330947767991	0.277388706183082	4
-0.106672366231239	0.151617977577807	4
0.00442775096011999	0.34157973804108	4
-0.088505964128784	0.193007943931213	4
0.111487868212305	0.601318160304986	4
0.068897507683495	0.430960317455525	4
0.041903324687907	0.403457742417673	4
0.089391356157844	0.423049247296179	4
-0.094225875118428	0.170285527661331	4
-0.107086186071264	1.45566313633615	4
-0.108120033696334	1.13944751504719	4
0.00709320682310199	1.52523450428419	4
0.018658040838382	1.56864544938365	4
-0.000903250748891998	1.07425417141313	4
-0.064658119999664	0.666137241424754	4
-0.124652169853483	0.311587018058859	4
-0.121202806815143	0.31431561121637	4
0.024180271891153	0.81254340120735	4
-0.044443697503824	0.452661058735863	4
-0.02011309776984	0.431286884340576	4
0.056331227193379	0.317111754588203	4
-0.029444973599812	0.265124086198186	4
-0.003444558477217	0.322384326934015	4
-0.008671700886524	0.339234085258074	4
-0.113485188011303	0.182901995356376	4
-0.011332900077633	0.36364790773067	4
0.063430233127231	0.542560853555094	4
0.030074061793435	0.224995403843486	5
-0.072468640007378	1.89575396395859	4
0.045897369641928	1.84838433563684	4
-0.080891854633192	0.840990947913803	4
0.0262935287674	1.78005068082934	4
0.00395137589863898	0.904959789216269	4
-0.073782902211555	0.712794848773292	4
-0.061270956043139	0.623092807295948	4
-0.091427068794842	0.385206335159325	4
-0.115345373819216	0.243809811475921	4
-0.011231577576473	0.303893857736446	4
-0.077089714150578	0.159934841178985	4
0.061351149113613	0.332933769642754	4
-0.055540338985141	0.192990317317185	4
0.048432275064051	0.422993804223659	4
0.082731485160139	0.550146634607847	4
-0.023514407923323	0.303055148222713	4
-0.053452858467285	0.324471146055767	13
0.020283501231187	0.198286728976662	4
0.00203819995632998	0.165774327552601	4
-0.073089210760145	0.129510295590144	4
-0.07240270774521	0.0866497883873694	5
-0.10152913403261	1.66013255877543	4
-0.120954882279695	0.699516801122124	4
-0.039842581425493	0.849589712075208	4
-0.018814544297955	0.978600765223286	4
-0.074994608361794	0.423148346054217	4
-0.03539002422589	0.516631756622172	4
0.074885928652376	1.04765940513044	4
-0.074661669008381	0.399528562573515	4
0.101033880454727	1.03953219584421	4
0.051247153487336	0.671373564970203	4
0.080958585747624	0.471005171295335	4
-0.072581530557827	0.188096426019767	4
-0.039753639473767	0.245228474638223	4
-0.055404068688317	0.193191120571618	4
0.095526996889629	0.44331496498449	4
-0.030621460172051	0.196534546452158	4
-0.052826022151335	0.280125606879911	4
-0.050306770714589	0.265978692883263	13
-0.085872027864675	0.11443281273097	4
-0.069742395474234	2.29351606715857	4
-0.058993703631247	1.61641621308946	4
-0.111642001830973	0.480268069168729	4
0.123919627172544	1.87078645557303	4
-0.093680703646938	0.482831274342543	4
-0.100153144545369	0.329042784242474	4
0.120741780642345	1.08756324898018	4
-0.00223055896705801	0.632445516873695	4
-0.016594755398928	0.468081673148935	4
-0.032353958083867	0.389727560224076	4
-0.027535318054005	0.404921771825839	4
0.111282596365714	0.773622159088798	4
0.070591194889979	0.49862691954115	4
0.026618790645422	0.314299958770613	4
0.048902877241936	0.371724805774546	4
0.119517933819802	0.372115991185283	4
-0.094033029351188	0.170512753981729	4
0.048504052978539	0.3710287406569	4
0.012071652694497	0.361016346032297	4
0.02044814244364	0.424007540754523	4
0.033490033253402	0.332066248004789	13
-0.055376732145015	0.193218115729352	13
-0.072554713910792	0.129935661426284	4
-0.093551750885568	1.87450816034242	4
-0.093827232430986	1.44099380813668	4
-0.1024591895466	0.963533851070726	4
-0.080499017232112	1.05957490920001	4
-0.091051758652314	0.515621807634042	4
-0.123140068471868	0.383615147997738	4
-0.030678922884361	0.707202449562772	4
0.069253110208052	1.0033940509443	4
-0.022519954857829	0.466716553551933	4
-0.110318405272469	0.133488702472147	4
0.066206714687111	0.348987700893721	4
-0.045378267833308	0.108867943260049	4
0.06678734346804	0.349794338902249	4
-0.039726133395952	0.245202721010764	4
-0.065487256006962	0.176953475688436	4
0.056338073123871	0.317100070791176	4
0.055738994215632	0.391142856672735	13
-0.01650433077485	0.320161287036275	13
0.066510639985413	0.349421888144217	13
-0.03801966356857	0.182948208194271	13
0.030573520605556	0.225470782268273	4
0.00148575216720598	0.16530056206572	13
-0.110299919665164	0.0606778494082792	17
-0.067469626757001	1.27618568609898	4
-0.017358100507428	1.6292365637626	4
0.036290792078308	2.44326566849105	4
0.084159581424908	1.35847577352486	4
0.00419135728595899	0.968390908357961	4
-0.066377191354055	0.323478472658896	4
0.071586313674919	0.678828160862288	4
0.00925307564357802	0.276064607179306	4
-0.038337213536835	0.182697252622988	4
-0.044849585932761	0.210758830904576	4
0.119981940300073	0.384837601672476	4
-0.00651560993585901	0.242603381991103	4
0.010066933234534	0.277133816914926	4
-0.110800585964496	0.0604464128243613	13
-0.082645207847758	2.06801586163984	4
-0.120689257088627	1.16049824789709	4
-0.040786325266451	1.64299951665702	4
-0.054022692076735	1.56122258597286	4
-0.082209419090369	1.09355659242283	4
0.052965110146955	2.24139270685453	4
-0.000957157167913003	0.948094465065302	4
-0.102555562321582	0.447629251242739	4
0.094040844250547	1.43074623107987	4
0.0177176672309	0.732128653351279	4
-0.096179516797085	0.295817272484661	4
0.058353296263163	0.515677123923808	4
-0.110677727341783	0.133076672999814	4
0.018148485957165	0.295049622727551	4
-0.088366936417772	0.14409508974592	4
0.039237470967282	0.260838318254284	4
0.033490622749706	0.332055661532109	4
-0.034270345866283	0.229194044650726	4
-0.111173843069588	0.156306819251934	4
-0.100789946702331	0.172814280726286	4
-0.045465047540205	0.108829190567108	13
-0.07278178026504	0.086443142545245	13
-0.045297939655916	0.108943349083558	13
-0.110982697773021	0.060358195261946	17
-0.060634377166172	1.76659570480967	4
-0.059798421664644	1.55302595840358	4
-0.090792844685398	0.971553384882865	4
-0.122278130735352	0.433387881822669	4
0.00762474843743199	0.990898272040628	4
-0.02676016140548	0.523457782503504	4
0.04531155747192	0.640673025563573	4
0.092279628219194	0.729011089450353	4
-0.049216674106616	0.312417127244004	4
0.083461953282475	0.551664539556396	4
-0.111376936895682	0.156024371864307	4
0.123362699734954	0.41399769682601	4
0.042206310339001	0.352975936746307	4
0.072493749681109	0.367479830891905	4
-0.123005782818402	0.117088575349932	4
0.053571074634978	0.440115861839621	4
-0.00646370486849801	0.242656879480035	4
0.055397309143117	0.390524363099381	4
0.036126702431118	0.248700097075682	4
-0.101848378495669	0.0979138738900368	4
-0.07278178026504	0.086443142545245	5
-0.065027207768914	1.35880356563661	4
-0.06999333451298	1.29540807982345	4
-0.063238538669686	0.666244709799739	4
-0.124593111557047	0.377915362848026	4
-0.073271132726618	0.564553014886982	4
-0.079211614179648	0.356233296854346	4
-0.014751782449999	0.266445272959184	4
-0.083293863575929	0.187885002457639	4
-0.014795003744428	0.226295315194362	4
-0.02302527083674	0.210751302101715	4
-0.065231352703902	0.177204882117499	4
0.048053688280945	0.370233443646661	4
0.121286289970799	0.349576506848212	4
0.020901425616528	0.198780606946769	4
-0.025870680017767	0.129221477231641	13
-0.110563997017902	0.0605561268469736	13
-0.110008143523494	0.0607917514994408	17
0.028475895564329	0.365394613923091	4
-0.087484321071083	0.194374545617765	4
-0.045180501322703	0.210343190484903	4
0.072493749681109	0.367479830891905	4
-0.034339416106669	0.22909122457759	4
-0.010922984834612	0.147585894509007	4
-0.110563997017902	0.0605561268469736	13
-0.045570165097364	0.108752072930351	5
-0.071371531263714	0.20775668496359	4
-0.00514832104316401	0.286182421740769	4
0.031322861637886	0.22612019343083	4
-0.073159346478443	0.12944383445929	4
-0.062495278935984	0.143632565376893	13
-0.096798071928204	0.151746611811331	4
0.009284839591299	0.389726127001964	4
-0.111672818945116	0.114243198389985	4
-0.029949031307818	0.264449566330982	4
-0.121498485047316	0.168228124150341	4
-0.022463680489002	0.211396022264164	4
-0.12112917084967	0.0803325775358216	13
-0.110773064796374	0.0604631939599452	13
-0.02629106648927	0.128948351346103	17
0.09573445205203	0.443735316632108	4
-0.02614198160208	0.351515440834966	4
-0.122368032342732	0.176691420665704	4
-0.014490561425461	0.226632298624788	13
0.051213652540916	0.30149766136629	13
0.00294187910702998	0.166358784529675	13
-0.010304509669091	0.147948243905996	13
-0.018538361108934	0.481706039824768	4
-0.030829119616676	0.263144897578324	4
0.104341288328877	0.700568622628831	4
-0.082433618449094	0.189060463026215	4
0.013184741653245	0.18333237988239	13
0.119143392434739	0.359075290303974	17
-0.113375599572102	0.182999541127178	4
0.00615531278157899	0.420742450979579	4
0.065413222860986	0.554808605755671	4
0.004771091810849	0.375143757058654	4
-0.050283369275641	0.265978456637481	4
0.029358379575664	0.366707453363901	4
-0.054046208902337	0.156426276779816	4
-0.062032862195241	0.144018658404663	13
-0.090972767464307	0.214529926291699	4
-0.121247533153202	0.168608261123513	4
-0.051427022562325	0.244668837506307	4
0.109425254247234	0.586791591978764	4
-0.071984629684472	0.291489168024576	4
0.123413564310103	0.339218292053206	4
-0.12077859017733	0.08055478544796	17
-0.0456258756653	0.108740034595688	17
-0.059341927796872	0.285698359702665	4
-0.037400130931517	0.348138599036084	4
-0.031147336756761	0.337186290268269	4
-0.055361009433434	0.193208740630396	4
0.072162767505318	0.367008725579192	4
-0.093065755411454	0.265103532870663	4
0.032847236196142	0.236498653398268	4
-0.010372614243141	0.147935320693088	4
-0.044970451916154	0.109108187932229	17
0.04506252751074	0.530978288715971	4
-0.066338243326022	0.323579467346627	4
0.040982442564091	0.351228257169241	4
-0.00431641714018999	0.426772478733263	4
-0.040886059686335	0.336854434272755	4
-0.118656482714272	0.228285258713385	4
-0.046003230059421	0.169530034408892	4
-0.110244546473617	0.0606924359285289	13
-0.110536355491152	0.0605729772356124	17
0.089224356066807	0.422766907152552	4
-0.076655581540236	0.30812244433871	4
0.056860111135052	0.652688349282617	4
-0.101803247622966	0.0979206728195002	4
-0.045656768809762	0.10872014889594	13
-0.072555628288737	0.0865692115063574	17
0.030572196704355	0.523974701684446	4
-0.021702592956828	0.399280798081836	4
0.056073375492984	0.316804111328799	4
0.052745111672581	0.570575662460436	4
-0.026941107349337	0.450842700436844	4
0.118208912410361	0.822588011591058	4
0.119525919723985	0.359804145086749	4
-0.010461963318234	0.147896848943475	17
0.110899039855083	0.935183735654168	4
-0.073916453807006	0.393242374535267	4
-0.00179317348892299	0.526579381327529	4
0.046919111547789	0.468728224642595	4
-0.024411333282232	0.30156555312988	4
0.034530560708276	0.238186404008828	4
-0.118077970675948	0.204989706314357	4
0.068302770259032	0.714806598835354	4
-0.00494385026423799	0.60032219511555	4
-0.018031448776246	0.505729331781608	4
-0.077150817767846	0.159871031233259	4
-0.045489706485044	0.108834239450039	4
-0.111010047970275	0.0603478813032989	4
-0.072548864941573	0.086562984345132	4
-0.054622564206687	0.403516540625545	4
-0.024036426234902	0.248041224615582	4
0.038265105160762	0.607713996262449	4
0.028247956369934	0.628901928619967	4
0.082407621469315	0.904394262764608	4
0.095073151917834	0.821602433165338	4
-0.114275589128367	0.246126389710182	4
-0.068270227517553	0.302272514419935	4
-0.076382437715624	0.366204028857727	4
-0.11399401209789	0.162062540323158	4
-0.025704943002399	0.129329927189072	4
-0.110536355491152	0.0605729772356124	4
0.01957720027466	0.557152473855844	4
-0.033173504583056	0.464172333462614	4
0.030907607904875	0.415450657854506	4
-0.109959092384266	0.133875360081277	4
-0.085559114336718	0.114693969583047	4
0.034034437326016	0.237738124623022	4
0.07801197234464	0.774959851235754	4
-0.079779070961277	0.354699825827594	4
0.059253727940508	0.666536269291965	4
-0.081849485760404	0.24963364655915	4
-0.103146202649716	0.291762028319052	4
-0.041356988250463	0.465048702587599	4
-0.036626351377918	0.450835641218247	4
-0.053693812448537	0.391424911860185	4
0.071571625374008	0.678672223414563	4
-0.113746599152961	0.240495180479884	4
-0.040447284143059	0.244258749572482	4
-0.014356551297862	0.226802246654758	4
-0.123177367019421	0.116869953042458	4
-0.030148892083327	0.197005328478996	4
-0.10165881516246	0.0980517725850974	4
0.123909978388259	0.339811627538185	4
0.057281489155827	0.88974722953674	4
0.036361061641057	0.634101352000999	4
0.093462386027892	0.740693157549274	4
-0.034841656195138	0.300867716001046	4
-0.093386776869193	0.223574540213737	4
-0.075064521065244	0.231890195954803	4
-0.021123596592427	0.282964544774766	4
-0.119296109926111	0.133759180686316	4
0.089730382244221	0.423611209980674	4
0.017780608519653	0.552075968866413	4
-0.011327910618782	0.552737354912842	4
-0.015875648181146	0.534414962330184	4
-0.020388481141991	0.534041565147258	4
0.020869918082171	0.595651116931635	4
-0.032611641148577	0.410903425487535	4
-0.084888489583869	0.16923488186706	4
-0.097279311873991	0.15121813396882	4
0.03311397402529	0.236795395840323	4
-0.121196135727311	0.0802882057920332	4
-0.120711562089752	0.0805952653328122	4
-0.038847723168306	0.182191105543124	4
-0.064444293307042	0.272758960272347	4
-0.120381191315831	0.169862046017914	4
-0.114750442138658	0.191388642555086	4
-0.072313454880119	0.397737324068613	4
0.051527249065767	0.752754492442276	4
0.009640545748265	0.276592406226014	4
0.033610911947444	0.237314297215752	4
0.03736529726011	0.249911630767696	4
0.064722999846324	0.832298590604388	4
0.00472145008741398	0.601740343521232	4
-0.017986534663036	0.505889863286888	4
-0.121775808277302	0.213539333886325	4
0.003823945786116	0.643130539785019	4
-0.037470413925521	0.479973304474392	4
-0.00805231115733901	0.499979067605501	4
0.098855714985223	0.659233158616646	4
-0.011927389322099	0.30289783162633	4
-0.117217194256417	0.224545841469998	4
-0.039585620051673	0.245449692133413	4
0.012616178573616	0.182931310234702	4
-0.030148892083327	0.197005328478996	4
-0.066402457821029	0.175954762923589	4
0.020440128989269	0.198434395899922	4
0.121818292864855	0.399544166914893	4
-0.085559114336718	0.114693969583047	4
-0.086877318820917	0.292178973039339	4
-0.057498263044218	0.378712407846932	4
0.124097857383905	0.869283841372361	4
-0.02888822682416	0.401884329145336	4
0.041903324687907	0.403457742417673	4
0.115826962891903	0.522227255721329	4
-0.055996684570601	0.192452512605259	4
-0.061651190282083	0.206236437507762	4
0.119827533652629	0.384645588117066	4
-0.085227280930243	0.168827103790926	4
0.034164899753307	0.333024203958451	4
-0.103607036119459	0.179335042170085	4
0.115931865853996	0.980035113896005	4
-0.00940283876861101	0.441601549575137	4
-0.011413137946679	0.3036518864247	4
-0.032659944521397	0.362005066988417	4
0.011686996722319	0.360243417320143	4
-0.119298507143514	0.133771669595412	4
-0.123460683044573	0.100454030075002	4
-0.101717552911062	0.181799910983489	4
-0.117865682228872	0.263207369243082	4
0.029917336580855	0.698846658755597	4
-0.103147379112405	0.29173122704504	4
0.038844822474895	0.50274409673995	4
0.110913630849641	0.502163768387642	4
0.105881351434847	0.569070582146462	4
0.011716892020871	0.360332894749557	4
0.00289177400815299	0.304347960411889	4
-0.023327845004143	0.210405895137135	4
-0.09742979741339	0.151044782032232	4
-0.065960184030892	0.377794961383601	4
-0.014409420931631	0.497399450125128	4
-0.097378777409252	0.228778005019107	4
0.02160535537205	0.484068733980742	4
-0.113167407632415	0.183388192148543	4
0.00900076833742403	0.389126661861546	4
0.048532745364777	0.371160259203542	4
0.00997166661034499	0.277004039965003	4
-0.118963049476498	0.134146482339353	4
0.033490317520183	0.332064639725701	4
-0.110318405272469	0.133488702472147	4
-0.110261971177112	0.133542788535666	4
-0.081692100995305	0.266238297771776	4
0.042542699217591	0.665433078014078	4
-0.0845495353154	0.169627089847546	4
-0.05454274302721	0.155957386067538	4
-0.071020807732301	0.275925391207779	4
-0.00263286513925101	0.391512600871917	4
-0.113008656285646	0.16336868709654	4
0.075427630134454	0.517209459765717	4
0.01214289797873	0.361148657425228	4
0.031965806571777	0.417503067223967	4
0.12031307181094	0.385340496120941	4
-0.088622481602756	0.143789269763366	4
-0.046309573257066	0.169216152578205	4
0.028148231519287	0.364909174625222	4
-0.118512335244411	0.344442512420044	4
-0.059922016613871	0.246430281341589	4
-0.123957455274536	0.183455202359745	4
-0.05851957889302	0.376203186963297	4
-0.050937929753424	0.224938876934466	4
0.034300844354252	0.237982525606946	4
-0.035958500139984	0.323543447847021	4
-0.086903071847648	0.23765834343996	4
-0.031176124763723	0.195917552625175	4
-0.108853067704834	0.203686401409052	4
-0.045360450697627	0.21010586021288	4
0.051147639201996	0.301428304066758	4
0.017881409824138	0.294717135107362	4
-0.085230547402551	0.168823417686842	4
-0.02421205950075	0.247826074827045	4
0.06590416764576	0.555914196879733	4
0.116174569253028	0.522952112248523	4
0.072446851103456	0.794492484436933	4
-0.073142265944719	0.365744830829114	4
0.029666175760338	0.899879796809328	4
-0.114553273888053	0.245377178776379	4
-0.00545596008806901	0.285755722021222	4
-0.083459560407364	0.262845605980839	4
-0.064116916594048	0.273361072857079	4
0.061363132916985	0.530057483201326	4
-0.124929738395072	0.144823024414718	4
-0.00442244960701399	0.32060789967774	4
0.055550867849785	0.316100782757927	4
0.055734296282717	0.316305746722048	4
-0.123282005881603	0.138298224738307	4
0.042178169360673	0.702498675149959	4
-0.071536364887719	0.309171417951325	4
0.016783741359075	0.606372269317866	4
0.024617140046216	0.675371258886936	4
0.120374785678589	0.662505210507346	4
-0.015246859533193	0.265811891507569	4
-0.07676897372786	0.244335382640847	4
-0.098941421190069	0.199060403571904	4
-0.034949784626577	0.300644279997946	4
0.018784970504148	0.379458740327547	4
-0.085559114336718	0.114693969583047	4
-0.085570518404702	0.168392578274001	4
0.063493364882303	0.412680736017	4
0.00979202248583499	0.276790034068744	4
-0.109740465735745	0.134109634123496	4
-0.016417418571034	0.468579012019829	4
-0.113986130675175	0.239998095979023	4
0.065606298849586	0.480141431288721	4
0.042290543040746	0.451963517160898	4
-0.077054101255118	0.261471726661368	4
-0.033060440266592	0.282419343772022	4
-0.099205516920758	0.175056466265916	4
-0.072252384295967	0.13014136189674	4
0.055869859254299	0.316531121308151	4
0.064370933342983	0.963119133138587	4
-0.023975432275867	0.480670253819135	4
-0.066319504743321	0.323622808406906	4
0.096617036276001	0.635757432008168	4
-0.116397735873163	0.167546359530104	4
-0.00690089515377099	0.242075082898384	4
-0.071545713234949	0.207514573872878	4
-0.061476483386376	0.206463733318057	4
-0.028852603713245	0.316086298396994	4
-0.08899543398448	0.19230573054752	4
-0.114012718996358	0.162037070498876	4
0.119689092108477	0.360017462543947	4
0.036126702431118	0.248700097075682	4
-0.072628728584539	0.0865299357218919	4
-0.040853618111283	0.30995170061402	4
0.090068188589651	0.4241144381871	4
-0.050945042032677	0.224917285944589	4
0.00158162035294801	0.259191682036865	4
-0.084724269823869	0.16942182460034	4
0.119358730945596	0.371902322807268	4
-0.111125457621811	0.311855387746886	4
-0.029451349299833	0.461463342827474	4
0.020785675046836	0.59539665245109	4
-0.059193699131228	0.247640655518091	4
-0.028443473750076	0.316834216840229	4
-0.111750144133478	0.11417899457148	4
0.00304686063030901	0.304590074799882	4
0.00174474217130099	0.259449500630537	4
0.040765516578633	0.50723380136466	4
0.089052764996762	0.89742408466965	4
-0.025833901592408	0.453657332167186	4
0.010781486654531	0.550247843582601	4
-0.121988386116646	0.167472506398972	4
-0.111207857587347	0.15623162976838	4
-0.042102972761871	0.263379197405061	4
-0.011400369618915	0.303714969452486	4
0.119679246936748	0.384494718829193	4
-0.034430833191623	0.229004848058402	4
0.039826834894587	0.261424361587172	4
-0.00612198041853901	0.243063310862605	4
-0.110327681331964	0.0606609321279644	4
0.002698403423953	0.61534163390503	4
0.080900163591773	0.89133918068509	4
-0.066743158051851	0.287388215722072	4
-0.020988089367237	0.283194744236083	4
-0.00548065236571699	0.28573359480635	4
-0.030299048488252	0.196857277013372	4
0.012687607932859	0.182980166312867	4
0.036335720096367	0.248924355544093	4
-0.068769243350398	0.401667420095358	4
0.084509541131211	1.0077587069168	4
0.1128866642694	0.951209942172839	4
-0.082861609201472	0.324332206765587	4
-0.088991083963436	0.307134681627305	4
-0.110633458712176	0.210941605507466	4
0.085017582446527	0.563793375760841	4
-0.023326785570463	0.361723560362181	4
-0.116853802198506	0.166892715643189	4
0.041331895429027	0.351767782883806	4
0.00966874136417101	0.276615924886425	4
0.110756096533929	0.501769533419067	4
0.12139610752322	0.398982908450012	4
-0.110773064796374	0.0604631939599452	4
0.056845580088698	0.978982564312562	4
0.051272540200978	0.671310745140189	4
-0.028333072073237	0.317042507310508	4
-0.073086920945498	0.18748511874701	4
-0.123939212587373	0.100038238706024	4
-0.010401150424568	0.147943900388557	4
0.05521844432966	0.315579948916348	4
-0.030616896738537	0.196538104538448	4
-0.0728570346367	0.129702638896017	4
-0.100072401109352	0.128708234969498	4
-0.014744316402275	0.735539659531304	4
0.098284464496216	1.31694197213987	4
0.090244983012751	0.854687208892733	4
0.022781678423428	0.535855738592723	4
-0.100614023075342	0.234176967634421	4
-0.062453029947531	0.349452773422002	4
-0.077802620734936	0.211727747489698	4
-0.025844979293322	0.129229194330155	4
0.1235678218452	0.41427299675886	4
-0.120307244257558	0.132585023929303	4
-0.100226810156296	0.128558634416277	4
-0.085765010446631	0.114535547387736	4
0.05068126504855	0.300758989796737	4
0.035393162471645	1.00435060558087	4
-0.00951070474462401	0.696235599369028	4
-0.074312575101893	0.392087786328462	4
0.066940709979633	0.847125659936785	4
-0.108963397610868	0.282334175384061	4
0.078744920464885	0.7224204158905	4
-0.049593629604052	0.311708404599792	4
0.105126890417539	0.567502598634239	4
0.037234533660783	0.492568730817122	4
0.018876746592058	0.471894998188041	4
0.019039640649813	0.379947027669365	4
-0.028805619104042	0.316149486817033	4
0.037059350186093	0.249652430560685	4
0.123704678453381	0.414393762424888	4
0.090997513316635	1.29007157132298	4
0.00994090171204598	0.602085861946083	4
0.056164808630893	0.884673024260804	4
0.063455264890147	0.959329478959933	4
0.053472127012851	0.497431480059009	4
-0.038847723168306	0.182191105543124	4
0.00195266879725697	0.259698692249259	4
0.113082241016089	0.879999182339446	4
-0.033214586857804	0.387713995629343	4
0.073941355890057	0.606823654073187	4
0.00795983913161702	0.430148072667004	4
-0.106469979152973	0.196507606887325	4
-0.077750653490122	0.2601670932024	4
-0.072249915380915	0.0867241074087623	4
0.020565164346612	1.50566072838866	4
-0.068092311279962	0.441572344316065	4
0.055626106536197	1.03596889776601	4
-0.117704207260729	0.326466875862546	4
0.02684758407977	0.828423713214822	4
-0.009625139385814	0.753388350559409	4
0.072765713148613	0.682269897390063	4
0.00186121626654001	0.25952963619235	4
0.00723650131730502	0.535458506469984	4
-0.071360083834318	0.207799312356725	4
-0.109920105151539	0.133917515624794	4
-0.099127498139785	0.129532302654272	4
-0.085029431411957	0.841481545041578	4
-0.096148268803531	0.620638428304265	4
0.06317376940055	1.18573548685954	4
-0.07592339985305	0.412304811184555	4
-0.02737848732406	0.681998164112977	4
-0.022082175172012	0.633003741391519	4
-0.121818120911444	0.263310561120591	4
0.08906880744962	0.711509554051971	4
-0.034199848756602	0.301899310089056	4
0.017968267688179	0.294848468288338	4
-0.011400369618915	0.303714969452486	4
-0.00607017273455401	0.243127044954917	4
0.048032168412583	0.370288479705368	4
0.045999526769683	1.85654685836403	4
-0.086263203313344	0.817732723771736	4
-0.062074575809369	0.350330551205529	4
-0.058229139882846	0.348178019382209	4
0.121153950348458	0.543610387322907	4
-0.044727528136364	0.210909376467938	4
-0.045732294613475	0.169753023794261	4
0.0709397645596	0.499274801997324	4
0.051020066098752	0.301302948637818	4
0.089896420311979	0.423864236570152	4
-0.109768524174081	0.134075649497979	4
0.071869101923143	1.31499247115569	4
-0.109104742946681	0.421091671811704	4
0.086149831308088	0.879926833969631	4
-0.041738118942676	0.308355985871044	4
-0.076309245653457	0.16067877804609	4
0.06583031750004	0.480586147565821	4
-0.096526620941746	0.152030442469551	4
-0.084890218976119	0.169234634574137	4
-0.11839710540183	0.559059840717069	4
-0.087245075662366	0.759691332256526	4
-0.08605027256253	0.641802263726756	4
-0.110146445989867	0.482843876541408	4
-0.042207306211051	0.753634496121869	4
0.047041706209348	1.35018820526597	4
-0.030129715888381	1.04452956151375	4
-0.109483135908092	0.385737594760506	4
-0.020471677165571	0.40194128880592	4
-0.047141013783618	0.294370205004828	4
-0.120498839333577	0.23701154429239	4
-0.081754251262264	0.338181598843251	4
0.018483665749051	0.554181914565966	4
-0.015829192582734	0.349874331429841	4
0.065498277026723	0.479892484357063	4
0.119045224595353	0.371485569561707	4
0.056066618494232	0.316789072009462	4
-0.078560013970378	1.33811105907985	4
-0.00920780522508599	1.37702679291579	4
-0.103783790061638	0.511552168968618	4
-0.023541603399829	0.953318239987666	4
-0.093192628026137	0.628850738910902	4
-0.018736219402238	0.556600871795103	4
-0.090549930759789	0.281486002584174	4
-0.068198420516918	0.229812337763325	4
-0.01290159107903	0.52496633488864	4
-0.07973396661489	0.354871584663018	4
-0.00814346357868401	0.340085750368883	4
-0.101541108675015	0.0981355583717373	4
-0.044756433783259	0.21087188093004	4
-0.022372339168613	0.211499769037866	4
-0.073785715320821	1.6173195559885	4
-0.055102294364923	1.13586428991332	4
-0.057568370081869	0.349753921037508	4
0.11968902468058	0.650878631314208	4
-0.064556520411229	0.416483855412036	4
0.120865110518776	0.663657912201164	4
-0.084260085870292	0.214131423303986	4
-0.025509701287721	0.129441484654001	4
-0.050756856770642	0.225199423566368	4
-0.02961978524346	0.264891906081735	4
-0.083660421259565	0.215027910272313	4
-0.104141144767371	1.65533002361346	4
-0.072828178991678	1.93614327334773	4
-0.088967302279867	0.942775596855657	4
-0.099125106206567	0.370282161015441	4
-0.117851699510718	0.31111704593704	4
0.053318975021426	0.866985820295358	4
0.076244558335775	0.980700455078954	4
-0.112449811514153	0.265460695450561	4
-0.11840526304876	0.22879860993154	4
-0.086596170160651	0.292770119920522	4
0.009680399677651	0.390530594309496	4
-0.006498723364423	0.242520019170407	4
0.090235452385443	0.424366580853921	4
-0.090413231411072	1.93977523016851	4
-0.121874944844775	1.16322213737825	4
-0.051704776798284	0.813118699429799	4
0.020989213068127	1.18129608226123	4
0.043707600012977	1.25761721026297	4
0.007759720127616	0.999285730204393	4
0.043663233677708	0.589159276440131	4
-0.051227869494673	0.245023004131586	4
-0.089220510152077	0.143174061081085	4
-0.05557413776343	0.192965000860013	4
-0.010508806116455	0.147874741209224	4
-0.095987146666249	1.54390404581396	4
-0.084435047410141	1.21859525429422	4
-0.103675369945883	0.785866933439932	4
-0.080003934617445	0.59121185550891	4
-0.023665615356461	0.940442862630836	4
-0.075486870698534	0.526626532345601	4
-0.021752257985831	0.793726434434516	4
-0.08842767035099	0.441837364296219	4
0.063493364882303	0.412680736017	4
-0.066947649678233	1.86201074028283	4
-0.046998433977348	1.04113208134874	4
-0.027775432703388	1.17990908070384	4
0.013426192347257	0.750401810438501	4
0.00896805645996102	0.645706645612417	4
-0.110745593899226	0.0604735652875547	4
-0.058871744093252	0.248090542685146	4
0.00947912926035899	0.276217433726315	4
0.00168655813607999	0.25938943188328	4
0.00210273776326902	0.259783525690354	4
-0.122353622021047	1.17715134680158	4
-0.032225877515927	1.87332404469883	4
-0.02353380781869	2.33741688561278	4
-0.122261042989405	0.404246358390038	4
-0.00008825479383201	0.892651085282122	4
-0.026344330035997	0.652717736469396	4
-0.073345693094044	0.518986280637692	4
-0.100015050587307	0.348927579957291	4
0.06424412779308	0.864747520714622	4
0.019191707434458	0.342895484614359	4
0.121176950996405	0.398639856374508	4
-0.014490561425461	0.226632298624788	4
-0.050386960435722	0.225697902180746	4
-0.112186036569841	1.55248441082496	4
-0.121487148239135	1.2142105196059	4
-0.117593395784125	0.834785754390762	4
-0.111631333669307	0.550222849025115	4
-0.060550910530543	0.563692716244372	4
-0.015670555188333	0.57055790256217	4
0.013480900469292	0.618253302001422	4
-0.032433219051618	0.44952561925468	4
-0.101528321135961	0.0981366475509457	4
-0.094219560646711	0.170291403418001	4
-0.094579428711951	0.169829322606199	4
-0.088899312240813	0.143536417383526	4
-0.106717337617011	1.67213171986963	4
0.058710546422896	1.8735425089538	4
-0.111544784599339	0.273936657811714	4
-0.015345170081325	0.387797983803033	4
-0.042836125300936	0.511359421355181	4
-0.013558346608638	0.523109617208275	4
-0.12112917084967	0.0803325775358216	4
-0.114823270621205	1.46805186382884	4
-0.122060985340865	0.681218178766623	4
-0.00477021601171701	0.7820406956364	4
-0.118983070995899	0.212335549394723	4
-0.104650454748081	0.301768215383416	4
0.057233980113187	0.70311877687415	4
0.064828914387302	0.69711519904648	4
-0.110299919665164	0.0606778494082792	4
0.123499426247602	0.414193218495391	4
0.009640545748265	0.276592406226014	4
-0.033930379492619	0.229579963443789	4
0.121961884215567	0.350359221094023	4
-0.108893635975327	0.71663221473447	4
0.106030918820202	0.821697763190645	4
-0.019841731134985	0.792569214887652	4
-0.097761231449367	0.402172450899298	4
-0.045490273657129	0.348652142824027	4
-0.04456617993833	0.325480349253761	4
0.030003743259069	0.224939624171635	4
-0.042443120402666	0.283329269411016	4
-0.119972471765699	0.13299478518284	4
-0.012618015739348	0.301764930745114	4
0.030976348162178	0.465574573324663	4
-0.076865522979088	0.244164887245328	4
-0.114647510889438	1.45754363343926	4
-0.09662970058725	0.770583848966467	4
-0.116469266656326	0.446645500617471	4
-0.040174835704152	0.808074322920133	4
0.044635161690372	0.779751121898194	4
-0.101738661498643	0.253089146215302	4
-0.124540990247531	0.145285621130238	4
0.012015669427148	0.324932067734491	4
0.040280774383591	0.261898614769809	4
-0.084038838079981	0.170182762540349	4
0.042351655101721	0.27312791945834	4
0.020136450638941	0.344500806140501	4
-0.041752108786607	0.26396629876031	4
-0.085559114336718	0.114693969583047	4
-0.102934434152893	1.67909818895076	4
-0.07665557793581	1.19100613710914	4
-0.00680852114419101	1.22424172138917	4
-0.038768024492395	1.03171685442079	4
-0.057765089862304	0.962871981784798	4
0.039077339043315	0.260628569969199	4
-0.111982167431818	0.113964922579039	4
0.017338383948926	0.294021874297846	4
-0.097929839414127	1.82200748277994	4
-0.116369963909473	1.21674151750425	4
-0.015774337277969	1.55079333012488	4
-0.102263483033109	0.7596413428224	4
-0.044787421588026	0.822557401871801	4
0.042039241707922	0.451441243226854	4
-0.031573259549543	0.284754115759785	4
-0.124037177442681	0.0999585871395431	4
-0.100226810156296	0.128558634416277	4
0.066732824455407	0.349717789025307	4
-0.124037177442681	0.0999585871395431	4
-0.090831439294958	1.11582835036957	4
-0.021818571846628	1.67427956431089	4
-0.040297545396054	1.47243847402387	4
-0.102811856263499	0.345057691264115	4
-0.117267092124995	0.166288147708352	4
0.030129935286166	0.225018651462568	4
-0.119634906165959	0.133387878466539	4
-0.112998794816611	1.51579901061584	4
-0.016351842790913	0.32042496159075	4
0.029714221140477	0.224510145413654	4
0.026272100203542	0.212553236202905	4
0.048794858183793	0.423634041674074	4
-0.109948161614947	0.133880718530801	4
-0.05543137743892	0.193159715588546	4
-0.114412999192776	1.47814896096592	4
-0.085509467938617	0.114726616160087	4
-0.076979498783297	0.160038972951328	4
0.077694121093649	0.384879872411383	4
0.039028485831466	0.260599720680511	4
-0.101998221092431	1.38858188380103	4
-0.088556172150009	1.12601840896183	4
-0.072147632617346	0.487938196501641	4
-0.057549110150794	0.312500621711979	4
0.00245654992058803	0.166077687997827	4
-0.072624997531896	0.129890329085495	4
0.004787980796085	0.375187717836345	4
0.040035068529346	0.261616666119119	4
-0.038766371281245	0.182262247127689	4
-0.114167175035426	1.49129014997671	4
-0.01616004641012	0.349266503514544	4
-0.122156665179554	0.177037250231028	4
0.124139671203021	0.340062790407099	4
-0.070964539178528	0.208297207693098	4
-0.12252963094687	0.101216100025372	4
-0.00625040118290501	0.242908735121023	4
-0.04595449005982	0.169575211581613	4
-0.121406415874032	1.36758458369885	4
-0.08076274653079	0.410376097953192	4
-0.109131357055366	0.288430059333162	4
0.018617053198937	0.471339019642448	4
-0.085900486895127	0.27063781868347	4
-0.120892289205366	1.39751722430522	4
-0.05294445879941	0.882984213920743	4
0.014654197277534	1.14517222344636	4
-0.024378882594697	0.247649409178784	4
-0.011151941365133	0.364026945514854	4
-0.058339173240972	0.376608773487187	4
-0.000486758215319988	0.504482546582249	4
0.00324558657214302	0.519452820115109	4
-0.011746963010432	0.362844337523365	4
-0.106141627903569	1.61258058638908	4
-0.112871240490988	1.20894123883047	4
0.023997669074264	2.32900543102711	4
-0.02334854916254	1.53914736002384	4
-0.11982446114116	0.590337495492359	4
-0.030264268493983	1.08182630098968	4
-0.062068623057819	0.143988771617485	4
-0.039812853038205	0.40622473679824	4
-0.089023537967752	0.192254840398972	4
0.105619700797296	0.56857213089242	4
-0.038030284414061	0.183000824429846	4
-0.081116943983523	2.18342514855053	4
-0.095307339817868	0.975763180933104	4
-0.0537862410009	0.419809093279445	4
-0.016448971716193	0.320209344654949	4
-0.092503395511337	0.240308047571826	4
-0.118749704296528	1.31117590621105	4
-0.119470604599519	0.956143636847066	4
-0.086895602899705	0.722109214460331	4
-0.07339108601447	0.579482829181744	4
0.088425826967441	0.701598206907063	4
-0.097463003640731	1.79055688433629	4
0.01621041092773	0.632143913476038	4
-0.076806994240603	0.459647493374773	4
-0.032470820141564	0.411256200286898	4
0.07926221480242	0.778943374000021	4
0.021307835962995	0.483463148219234	4
0.020226986535976	0.423611779010266	4
-0.073054183439413	0.129535494378514	4
-0.09021971385762	1.98375960891641	4
-0.122174964344122	1.25083692599421	4
-0.088287996987711	1.18095348988038	4
-0.084532951292251	0.521739733336965	4
-0.083680024921256	0.342088489248907	4
-0.053623685266059	0.156815932720092	4
-0.06914899156867	2.35839510130717	4
-0.061793153308367	2.02546214404814	4
0.080484356399398	1.27595315281702	4
0.11474088569557	0.885729550794483	4
-0.101144500467344	0.517221861053799	4
0.037814665223106	0.560819914084213	4
0.045253120774688	1.56624798336826	4
-0.085329731719168	0.415460615336327	4
0.052705058072927	1.01090700161572	4
0.055244047361921	1.0674235207196	4
-0.069048085824366	0.409874338849511	4
-0.113931875238901	1.42211207841187	4
-0.103664324937736	0.928145762144152	4
-0.097106692804981	0.796228565858266	4
-0.106781724250044	0.398321789457555	4
-0.10970720994746	0.379890443227256	4
0.041486791259715	0.900364621024452	4
0.061693743076421	0.848294040538668	4
-0.028955562015908	0.462898080529107	4
-0.011519519757092	0.400860062181395	4
0.051937192307604	1.07772283241785	4
-0.099577646858474	0.174544700546327	4
-0.022674948147674	0.211171154765218	4
0.046001263957984	0.286259041299304	4
0.076472878099158	1.87880995689396	4
-0.043686982903213	0.532058013057053	4
-0.105401787142804	0.253140263136121	4
-0.076214942420887	0.296269771695519	4
0.1244429133338	0.34036767066467	4
0.040943100275182	0.621362637490584	4
-0.034847391655295	0.228367426386434	4
-0.054312788698037	0.156179695251169	4
0.012439011291678	0.182775261541816	4
-0.010267727631108	0.148020649985444	4
-0.110498569559378	1.55326990648272	4
-0.057778315251295	0.787740094240801	4
-0.029445510480238	0.800189709490499	4
-0.076082027827393	0.582582047349256	4
-0.023159943488708	0.521698062250659	4
-0.124113581751661	1.36340219702903	4
-0.041994256253536	1.20718194280185	4
-0.030439394784701	0.886619427875226	4
-0.057775397728872	0.512090549287569	4
-0.0000583551053690012	0.791040922164504	4
-0.087074908604299	0.386818250082194	4
0.099535927632436	0.919880180754948	4
-0.030628084725926	0.263417662100115	4
-0.112403155653277	0.532456162266719	4
0.100942608835507	1.53832542671212	4
-0.013238299887921	0.730759981326064	4
0.030451942848051	0.414453252295023	4
0.119762222712296	0.36009582903385	4
-0.068600687386452	1.94721447224738	4
-0.124698665813155	0.405722322861058	4
0.119018291396148	1.0718423441329	4
-0.079100950111071	0.392388219294611	4
-0.070650770033063	0.208755856689408	4
-0.070412699939467	1.96678134595802	4
-0.112708234970365	0.861960569794877	4
-0.095225242201433	0.575591190882768	4
-0.116649528197828	0.528693102061079	4
-0.074853337000433	2.21627298114693	4
-0.02233392279666	0.79082009141004	4
-0.017127162431962	0.725213266910596	4
-0.104710270705071	1.45593055107826	4
0.053239727944658	2.11243257314995	4
0.027971451581525	1.46975856318395	4
-0.00385164698972601	1.09409318166791	4
0.116499640432982	1.34332606830584	4
0.00291450540670601	0.714324781117802	4
-0.086704340615956	1.95617038546393	4
-0.031879124428782	0.412602231507915	4
-0.111538836659091	1.44338840110785	4
-0.121733437429273	0.985235322794097	4
-0.120585864256584	0.739012205223814	4
-0.05627674493916	1.54249555670562	4
0.082355548449383	1.78184197023918	4
-0.109856764556552	1.13360369319915	4
-0.049827019273028	1.04017346821895	4
-0.027405974041186	0.521307193918769	4
-0.072160909143077	1.96478206739971	4
-0.083960046200283	1.41992302286385	4
-0.100018726336566	1.7260461176489	4
-0.098924476609836	1.43468268469408	4
-0.045265325983259	1.26216592880099	4
-0.093016450798331	1.84336273747709	4
