group	x	y
1	-0.95	-0.5
1	-0.5	-0.05
1	-0.05	-0.5
1	-0.5	-0.95
1	-0.95	-0.5
2	-0.95	0.5
2	-0.5	0.95
2	-0.05	0.5
2	-0.5	0.05
2	-0.95	0.5
3	-0.95	1.5
3	-0.5	1.95
3	-0.05	1.5
3	-0.5	1.05
3	-0.95	1.5
4	-0.95	10.5
4	-0.5	10.95
4	-0.05	10.5
4	-0.5	10.05
4	-0.95	10.5
5	-0.95	11.5
5	-0.5	11.95
5	-0.05	11.5
5	-0.5	11.05
5	-0.95	11.5
6	-0.95	12.5
6	-0.5	12.95
6	-0.05	12.5
6	-0.5	12.05
6	-0.95	12.5
7	-0.95	13.5
7	-0.5	13.95
7	-0.05	13.5
7	-0.5	13.05
7	-0.95	13.5
8	-0.95	14.5
8	-0.5	14.95
8	-0.05	14.5
8	-0.5	14.05
8	-0.95	14.5
9	-0.95	15.5
9	-0.5	15.95
9	-0.05	15.5
9	-0.5	15.05
9	-0.95	15.5
10	-0.95	16.5
10	-0.5	16.95
10	-0.05	16.5
10	-0.5	16.05
10	-0.95	16.5
11	-0.95	17.5
11	-0.5	17.95
11	-0.05	17.5
11	-0.5	17.05
11	-0.95	17.5
12	-0.95	18.5
12	-0.5	18.95
12	-0.05	18.5
12	-0.5	18.05
12	-0.95	18.5
13	-0.95	19.5
13	-0.5	19.95
13	-0.05	19.5
13	-0.5	19.05
13	-0.95	19.5
14	-0.95	2.5
14	-0.5	2.95
14	-0.05	2.5
14	-0.5	2.05
14	-0.95	2.5
15	-0.95	20.5
15	-0.5	20.95
15	-0.05	20.5
15	-0.5	20.05
15	-0.95	20.5
16	-0.95	21.5
16	-0.5	21.95
16	-0.05	21.5
16	-0.5	21.05
16	-0.95	21.5
17	-0.95	22.5
17	-0.5	22.95
17	-0.05	22.5
17	-0.5	22.05
17	-0.95	22.5
18	-0.95	23.5
18	-0.5	23.95
18	-0.05	23.5
18	-0.5	23.05
18	-0.95	23.5
19	-0.95	24.5
19	-0.5	24.95
19	-0.05	24.5
19	-0.5	24.05
19	-0.95	24.5
20	-0.95	25.5
20	-0.5	25.95
20	-0.05	25.5
20	-0.5	25.05
20	-0.95	25.5
21	-0.95	26.5
21	-0.5	26.95
21	-0.05	26.5
21	-0.5	26.05
21	-0.95	26.5
22	-0.95	27.5
22	-0.5	27.95
22	-0.05	27.5
22	-0.5	27.05
22	-0.95	27.5
23	-0.95	28.5
23	-0.5	28.95
23	-0.05	28.5
23	-0.5	28.05
23	-0.95	28.5
24	-0.95	29.5
24	-0.5	29.95
24	-0.05	29.5
24	-0.5	29.05
24	-0.95	29.5
25	-0.95	3.5
25	-0.5	3.95
25	-0.05	3.5
25	-0.5	3.05
25	-0.95	3.5
26	-0.95	30.5
26	-0.5	30.95
26	-0.05	30.5
26	-0.5	30.05
26	-0.95	30.5
27	-0.95	31.5
27	-0.5	31.95
27	-0.05	31.5
27	-0.5	31.05
27	-0.95	31.5
28	-0.95	32.5
28	-0.5	32.95
28	-0.05	32.5
28	-0.5	32.05
28	-0.95	32.5
29	-0.95	33.5
29	-0.5	33.95
29	-0.05	33.5
29	-0.5	33.05
29	-0.95	33.5
30	-0.95	34.5
30	-0.5	34.95
30	-0.05	34.5
30	-0.5	34.05
30	-0.95	34.5
31	-0.95	35.5
31	-0.5	35.95
31	-0.05	35.5
31	-0.5	35.05
31	-0.95	35.5
32	-0.95	36.5
32	-0.5	36.95
32	-0.05	36.5
32	-0.5	36.05
32	-0.95	36.5
33	-0.95	37.5
33	-0.5	37.95
33	-0.05	37.5
33	-0.5	37.05
33	-0.95	37.5
34	-0.95	38.5
34	-0.5	38.95
34	-0.05	38.5
34	-0.5	38.05
34	-0.95	38.5
35	-0.95	39.5
35	-0.5	39.95
35	-0.05	39.5
35	-0.5	39.05
35	-0.95	39.5
36	-0.95	4.5
36	-0.5	4.95
36	-0.05	4.5
36	-0.5	4.05
36	-0.95	4.5
37	-0.95	40.5
37	-0.5	40.95
37	-0.05	40.5
37	-0.5	40.05
37	-0.95	40.5
38	-0.95	41.5
38	-0.5	41.95
38	-0.05	41.5
38	-0.5	41.05
38	-0.95	41.5
39	-0.95	42.5
39	-0.5	42.95
39	-0.05	42.5
39	-0.5	42.05
39	-0.95	42.5
40	-0.95	43.5
40	-0.5	43.95
40	-0.05	43.5
40	-0.5	43.05
40	-0.95	43.5
41	-0.95	44.5
41	-0.5	44.95
41	-0.05	44.5
41	-0.5	44.05
41	-0.95	44.5
42	-0.95	45.5
42	-0.5	45.95
42	-0.05	45.5
42	-0.5	45.05
42	-0.95	45.5
43	-0.95	46.5
43	-0.5	46.95
43	-0.05	46.5
43	-0.5	46.05
43	-0.95	46.5
44	-0.95	47.5
44	-0.5	47.95
44	-0.05	47.5
44	-0.5	47.05
44	-0.95	47.5
45	-0.95	48.5
45	-0.5	48.95
45	-0.05	48.5
45	-0.5	48.05
45	-0.95	48.5
46	-0.95	5.5
46	-0.5	5.95
46	-0.05	5.5
46	-0.5	5.05
46	-0.95	5.5
47	-0.95	6.5
47	-0.5	6.95
47	-0.05	6.5
47	-0.5	6.05
47	-0.95	6.5
48	-0.95	7.5
48	-0.5	7.95
48	-0.05	7.5
48	-0.5	7.05
48	-0.95	7.5
49	-0.95	8.5
49	-0.5	8.95
49	-0.05	8.5
49	-0.5	8.05
49	-0.95	8.5
50	-0.95	9.5
50	-0.5	9.95
50	-0.05	9.5
50	-0.5	9.05
50	-0.95	9.5
51	-1.45	0
51	-1	0.45
51	-0.55	0
51	-1	-0.45
51	-1.45	0
52	-1.45	1
52	-1	1.45
52	-0.55	1
52	-1	0.55
52	-1.45	1
53	-1.45	10
53	-1	10.45
53	-0.55	10
53	-1	9.55
53	-1.45	10
54	-1.45	11
54	-1	11.45
54	-0.55	11
54	-1	10.55
54	-1.45	11
55	-1.45	12
55	-1	12.45
55	-0.55	12
55	-1	11.55
55	-1.45	12
56	-1.45	13
56	-1	13.45
56	-0.55	13
56	-1	12.55
56	-1.45	13
57	-1.45	14
57	-1	14.45
57	-0.55	14
57	-1	13.55
57	-1.45	14
58	-1.45	15
58	-1	15.45
58	-0.55	15
58	-1	14.55
58	-1.45	15
59	-1.45	16
59	-1	16.45
59	-0.55	16
59	-1	15.55
59	-1.45	16
60	-1.45	17
60	-1	17.45
60	-0.55	17
60	-1	16.55
60	-1.45	17
61	-1.45	18
61	-1	18.45
61	-0.55	18
61	-1	17.55
61	-1.45	18
62	-1.45	19
62	-1	19.45
62	-0.55	19
62	-1	18.55
62	-1.45	19
63	-1.45	2
63	-1	2.45
63	-0.55	2
63	-1	1.55
63	-1.45	2
64	-1.45	20
64	-1	20.45
64	-0.55	20
64	-1	19.55
64	-1.45	20
65	-1.45	21
65	-1	21.45
65	-0.55	21
65	-1	20.55
65	-1.45	21
66	-1.45	22
66	-1	22.45
66	-0.55	22
66	-1	21.55
66	-1.45	22
67	-1.45	23
67	-1	23.45
67	-0.55	23
67	-1	22.55
67	-1.45	23
68	-1.45	24
68	-1	24.45
68	-0.55	24
68	-1	23.55
68	-1.45	24
69	-1.45	25
69	-1	25.45
69	-0.55	25
69	-1	24.55
69	-1.45	25
70	-1.45	26
70	-1	26.45
70	-0.55	26
70	-1	25.55
70	-1.45	26
71	-1.45	27
71	-1	27.45
71	-0.55	27
71	-1	26.55
71	-1.45	27
72	-1.45	28
72	-1	28.45
72	-0.55	28
72	-1	27.55
72	-1.45	28
73	-1.45	29
73	-1	29.45
73	-0.55	29
73	-1	28.55
73	-1.45	29
74	-1.45	3
74	-1	3.45
74	-0.55	3
74	-1	2.55
74	-1.45	3
75	-1.45	30
75	-1	30.45
75	-0.55	30
75	-1	29.55
75	-1.45	30
76	-1.45	31
76	-1	31.45
76	-0.55	31
76	-1	30.55
76	-1.45	31
77	-1.45	32
77	-1	32.45
77	-0.55	32
77	-1	31.55
77	-1.45	32
78	-1.45	33
78	-1	33.45
78	-0.55	33
78	-1	32.55
78	-1.45	33
79	-1.45	34
79	-1	34.45
79	-0.55	34
79	-1	33.55
79	-1.45	34
80	-1.45	35
80	-1	35.45
80	-0.55	35
80	-1	34.55
80	-1.45	35
81	-1.45	36
81	-1	36.45
81	-0.55	36
81	-1	35.55
81	-1.45	36
82	-1.45	37
82	-1	37.45
82	-0.55	37
82	-1	36.55
82	-1.45	37
83	-1.45	38
83	-1	38.45
83	-0.55	38
83	-1	37.55
83	-1.45	38
84	-1.45	39
84	-1	39.45
84	-0.55	39
84	-1	38.55
84	-1.45	39
85	-1.45	4
85	-1	4.45
85	-0.55	4
85	-1	3.55
85	-1.45	4
86	-1.45	40
86	-1	40.45
86	-0.55	40
86	-1	39.55
86	-1.45	40
87	-1.45	41
87	-1	41.45
87	-0.55	41
87	-1	40.55
87	-1.45	41
88	-1.45	42
88	-1	42.45
88	-0.55	42
88	-1	41.55
88	-1.45	42
89	-1.45	43
89	-1	43.45
89	-0.55	43
89	-1	42.55
89	-1.45	43
90	-1.45	44
90	-1	44.45
90	-0.55	44
90	-1	43.55
90	-1.45	44
91	-1.45	45
91	-1	45.45
91	-0.55	45
91	-1	44.55
91	-1.45	45
92	-1.45	46
92	-1	46.45
92	-0.55	46
92	-1	45.55
92	-1.45	46
93	-1.45	47
93	-1	47.45
93	-0.55	47
93	-1	46.55
93	-1.45	47
94	-1.45	48
94	-1	48.45
94	-0.55	48
94	-1	47.55
94	-1.45	48
95	-1.45	49
95	-1	49.45
95	-0.55	49
95	-1	48.55
95	-1.45	49
96	-1.45	5
96	-1	5.45
96	-0.55	5
96	-1	4.55
96	-1.45	5
97	-1.45	6
97	-1	6.45
97	-0.55	6
97	-1	5.55
97	-1.45	6
98	-1.45	7
98	-1	7.45
98	-0.55	7
98	-1	6.55
98	-1.45	7
99	-1.45	8
99	-1	8.45
99	-0.55	8
99	-1	7.55
99	-1.45	8
100	-1.45	9
100	-1	9.45
100	-0.55	9
100	-1	8.55
100	-1.45	9
101	-1.95	-0.5
101	-1.5	-0.05
101	-1.05	-0.5
101	-1.5	-0.95
101	-1.95	-0.5
102	-1.95	0.5
102	-1.5	0.95
102	-1.05	0.5
102	-1.5	0.05
102	-1.95	0.5
103	-1.95	1.5
103	-1.5	1.95
103	-1.05	1.5
103	-1.5	1.05
103	-1.95	1.5
104	-1.95	10.5
104	-1.5	10.95
104	-1.05	10.5
104	-1.5	10.05
104	-1.95	10.5
105	-1.95	11.5
105	-1.5	11.95
105	-1.05	11.5
105	-1.5	11.05
105	-1.95	11.5
106	-1.95	12.5
106	-1.5	12.95
106	-1.05	12.5
106	-1.5	12.05
106	-1.95	12.5
107	-1.95	13.5
107	-1.5	13.95
107	-1.05	13.5
107	-1.5	13.05
107	-1.95	13.5
108	-1.95	14.5
108	-1.5	14.95
108	-1.05	14.5
108	-1.5	14.05
108	-1.95	14.5
109	-1.95	15.5
109	-1.5	15.95
109	-1.05	15.5
109	-1.5	15.05
109	-1.95	15.5
110	-1.95	16.5
110	-1.5	16.95
110	-1.05	16.5
110	-1.5	16.05
110	-1.95	16.5
111	-1.95	17.5
111	-1.5	17.95
111	-1.05	17.5
111	-1.5	17.05
111	-1.95	17.5
112	-1.95	18.5
112	-1.5	18.95
112	-1.05	18.5
112	-1.5	18.05
112	-1.95	18.5
113	-1.95	19.5
113	-1.5	19.95
113	-1.05	19.5
113	-1.5	19.05
113	-1.95	19.5
114	-1.95	2.5
114	-1.5	2.95
114	-1.05	2.5
114	-1.5	2.05
114	-1.95	2.5
115	-1.95	20.5
115	-1.5	20.95
115	-1.05	20.5
115	-1.5	20.05
115	-1.95	20.5
116	-1.95	21.5
116	-1.5	21.95
116	-1.05	21.5
116	-1.5	21.05
116	-1.95	21.5
117	-1.95	22.5
117	-1.5	22.95
117	-1.05	22.5
117	-1.5	22.05
117	-1.95	22.5
118	-1.95	23.5
118	-1.5	23.95
118	-1.05	23.5
118	-1.5	23.05
118	-1.95	23.5
119	-1.95	24.5
119	-1.5	24.95
119	-1.05	24.5
119	-1.5	24.05
119	-1.95	24.5
120	-1.95	25.5
120	-1.5	25.95
120	-1.05	25.5
120	-1.5	25.05
120	-1.95	25.5
121	-1.95	26.5
121	-1.5	26.95
121	-1.05	26.5
121	-1.5	26.05
121	-1.95	26.5
122	-1.95	27.5
122	-1.5	27.95
122	-1.05	27.5
122	-1.5	27.05
122	-1.95	27.5
123	-1.95	28.5
123	-1.5	28.95
123	-1.05	28.5
123	-1.5	28.05
123	-1.95	28.5
124	-1.95	29.5
124	-1.5	29.95
124	-1.05	29.5
124	-1.5	29.05
124	-1.95	29.5
125	-1.95	3.5
125	-1.5	3.95
125	-1.05	3.5
125	-1.5	3.05
125	-1.95	3.5
126	-1.95	30.5
126	-1.5	30.95
126	-1.05	30.5
126	-1.5	30.05
126	-1.95	30.5
127	-1.95	31.5
127	-1.5	31.95
127	-1.05	31.5
127	-1.5	31.05
127	-1.95	31.5
128	-1.95	32.5
128	-1.5	32.95
128	-1.05	32.5
128	-1.5	32.05
128	-1.95	32.5
129	-1.95	33.5
129	-1.5	33.95
129	-1.05	33.5
129	-1.5	33.05
129	-1.95	33.5
130	-1.95	34.5
130	-1.5	34.95
130	-1.05	34.5
130	-1.5	34.05
130	-1.95	34.5
131	-1.95	35.5
131	-1.5	35.95
131	-1.05	35.5
131	-1.5	35.05
131	-1.95	35.5
132	-1.95	36.5
132	-1.5	36.95
132	-1.05	36.5
132	-1.5	36.05
132	-1.95	36.5
133	-1.95	37.5
133	-1.5	37.95
133	-1.05	37.5
133	-1.5	37.05
133	-1.95	37.5
134	-1.95	38.5
134	-1.5	38.95
134	-1.05	38.5
134	-1.5	38.05
134	-1.95	38.5
135	-1.95	39.5
135	-1.5	39.95
135	-1.05	39.5
135	-1.5	39.05
135	-1.95	39.5
136	-1.95	4.5
136	-1.5	4.95
136	-1.05	4.5
136	-1.5	4.05
136	-1.95	4.5
137	-1.95	40.5
137	-1.5	40.95
137	-1.05	40.5
137	-1.5	40.05
137	-1.95	40.5
138	-1.95	41.5
138	-1.5	41.95
138	-1.05	41.5
138	-1.5	41.05
138	-1.95	41.5
139	-1.95	42.5
139	-1.5	42.95
139	-1.05	42.5
139	-1.5	42.05
139	-1.95	42.5
140	-1.95	43.5
140	-1.5	43.95
140	-1.05	43.5
140	-1.5	43.05
140	-1.95	43.5
141	-1.95	44.5
141	-1.5	44.95
141	-1.05	44.5
141	-1.5	44.05
141	-1.95	44.5
142	-1.95	45.5
142	-1.5	45.95
142	-1.05	45.5
142	-1.5	45.05
142	-1.95	45.5
143	-1.95	46.5
143	-1.5	46.95
143	-1.05	46.5
143	-1.5	46.05
143	-1.95	46.5
144	-1.95	47.5
144	-1.5	47.95
144	-1.05	47.5
144	-1.5	47.05
144	-1.95	47.5
145	-1.95	48.5
145	-1.5	48.95
145	-1.05	48.5
145	-1.5	48.05
145	-1.95	48.5
146	-1.95	5.5
146	-1.5	5.95
146	-1.05	5.5
146	-1.5	5.05
146	-1.95	5.5
147	-1.95	6.5
147	-1.5	6.95
147	-1.05	6.5
147	-1.5	6.05
147	-1.95	6.5
148	-1.95	7.5
148	-1.5	7.95
148	-1.05	7.5
148	-1.5	7.05
148	-1.95	7.5
149	-1.95	8.5
149	-1.5	8.95
149	-1.05	8.5
149	-1.5	8.05
149	-1.95	8.5
150	-1.95	9.5
150	-1.5	9.95
150	-1.05	9.5
150	-1.5	9.05
150	-1.95	9.5
151	-10.45	0
151	-10	0.45
151	-9.55	0
151	-10	-0.45
151	-10.45	0
152	-10.45	1
152	-10	1.45
152	-9.55	1
152	-10	0.55
152	-10.45	1
153	-10.45	10
153	-10	10.45
153	-9.55	10
153	-10	9.55
153	-10.45	10
154	-10.45	11
154	-10	11.45
154	-9.55	11
154	-10	10.55
154	-10.45	11
155	-10.45	12
155	-10	12.45
155	-9.55	12
155	-10	11.55
155	-10.45	12
156	-10.45	13
156	-10	13.45
156	-9.55	13
156	-10	12.55
156	-10.45	13
157	-10.45	14
157	-10	14.45
157	-9.55	14
157	-10	13.55
157	-10.45	14
158	-10.45	15
158	-10	15.45
158	-9.55	15
158	-10	14.55
158	-10.45	15
159	-10.45	16
159	-10	16.45
159	-9.55	16
159	-10	15.55
159	-10.45	16
160	-10.45	17
160	-10	17.45
160	-9.55	17
160	-10	16.55
160	-10.45	17
161	-10.45	18
161	-10	18.45
161	-9.55	18
161	-10	17.55
161	-10.45	18
162	-10.45	19
162	-10	19.45
162	-9.55	19
162	-10	18.55
162	-10.45	19
163	-10.45	2
163	-10	2.45
163	-9.55	2
163	-10	1.55
163	-10.45	2
164	-10.45	20
164	-10	20.45
164	-9.55	20
164	-10	19.55
164	-10.45	20
165	-10.45	21
165	-10	21.45
165	-9.55	21
165	-10	20.55
165	-10.45	21
166	-10.45	22
166	-10	22.45
166	-9.55	22
166	-10	21.55
166	-10.45	22
167	-10.45	23
167	-10	23.45
167	-9.55	23
167	-10	22.55
167	-10.45	23
168	-10.45	24
168	-10	24.45
168	-9.55	24
168	-10	23.55
168	-10.45	24
169	-10.45	25
169	-10	25.45
169	-9.55	25
169	-10	24.55
169	-10.45	25
170	-10.45	26
170	-10	26.45
170	-9.55	26
170	-10	25.55
170	-10.45	26
171	-10.45	27
171	-10	27.45
171	-9.55	27
171	-10	26.55
171	-10.45	27
172	-10.45	28
172	-10	28.45
172	-9.55	28
172	-10	27.55
172	-10.45	28
173	-10.45	29
173	-10	29.45
173	-9.55	29
173	-10	28.55
173	-10.45	29
174	-10.45	3
174	-10	3.45
174	-9.55	3
174	-10	2.55
174	-10.45	3
175	-10.45	30
175	-10	30.45
175	-9.55	30
175	-10	29.55
175	-10.45	30
176	-10.45	31
176	-10	31.45
176	-9.55	31
176	-10	30.55
176	-10.45	31
177	-10.45	32
177	-10	32.45
177	-9.55	32
177	-10	31.55
177	-10.45	32
178	-10.45	33
178	-10	33.45
178	-9.55	33
178	-10	32.55
178	-10.45	33
179	-10.45	34
179	-10	34.45
179	-9.55	34
179	-10	33.55
179	-10.45	34
180	-10.45	35
180	-10	35.45
180	-9.55	35
180	-10	34.55
180	-10.45	35
181	-10.45	36
181	-10	36.45
181	-9.55	36
181	-10	35.55
181	-10.45	36
182	-10.45	37
182	-10	37.45
182	-9.55	37
182	-10	36.55
182	-10.45	37
183	-10.45	38
183	-10	38.45
183	-9.55	38
183	-10	37.55
183	-10.45	38
184	-10.45	39
184	-10	39.45
184	-9.55	39
184	-10	38.55
184	-10.45	39
185	-10.45	4
185	-10	4.45
185	-9.55	4
185	-10	3.55
185	-10.45	4
186	-10.45	40
186	-10	40.45
186	-9.55	40
186	-10	39.55
186	-10.45	40
187	-10.45	41
187	-10	41.45
187	-9.55	41
187	-10	40.55
187	-10.45	41
188	-10.45	42
188	-10	42.45
188	-9.55	42
188	-10	41.55
188	-10.45	42
189	-10.45	43
189	-10	43.45
189	-9.55	43
189	-10	42.55
189	-10.45	43
190	-10.45	44
190	-10	44.45
190	-9.55	44
190	-10	43.55
190	-10.45	44
191	-10.45	45
191	-10	45.45
191	-9.55	45
191	-10	44.55
191	-10.45	45
192	-10.45	46
192	-10	46.45
192	-9.55	46
192	-10	45.55
192	-10.45	46
193	-10.45	47
193	-10	47.45
193	-9.55	47
193	-10	46.55
193	-10.45	47
194	-10.45	48
194	-10	48.45
194	-9.55	48
194	-10	47.55
194	-10.45	48
195	-10.45	49
195	-10	49.45
195	-9.55	49
195	-10	48.55
195	-10.45	49
196	-10.45	5
196	-10	5.45
196	-9.55	5
196	-10	4.55
196	-10.45	5
197	-10.45	6
197	-10	6.45
197	-9.55	6
197	-10	5.55
197	-10.45	6
198	-10.45	7
198	-10	7.45
198	-9.55	7
198	-10	6.55
198	-10.45	7
199	-10.45	8
199	-10	8.45
199	-9.55	8
199	-10	7.55
199	-10.45	8
200	-10.45	9
200	-10	9.45
200	-9.55	9
200	-10	8.55
200	-10.45	9
201	-10.95	-0.5
201	-10.5	-0.05
201	-10.05	-0.5
201	-10.5	-0.95
201	-10.95	-0.5
202	-10.95	0.5
202	-10.5	0.95
202	-10.05	0.5
202	-10.5	0.05
202	-10.95	0.5
203	-10.95	1.5
203	-10.5	1.95
203	-10.05	1.5
203	-10.5	1.05
203	-10.95	1.5
204	-10.95	10.5
204	-10.5	10.95
204	-10.05	10.5
204	-10.5	10.05
204	-10.95	10.5
205	-10.95	11.5
205	-10.5	11.95
205	-10.05	11.5
205	-10.5	11.05
205	-10.95	11.5
206	-10.95	12.5
206	-10.5	12.95
206	-10.05	12.5
206	-10.5	12.05
206	-10.95	12.5
207	-10.95	13.5
207	-10.5	13.95
207	-10.05	13.5
207	-10.5	13.05
207	-10.95	13.5
208	-10.95	14.5
208	-10.5	14.95
208	-10.05	14.5
208	-10.5	14.05
208	-10.95	14.5
209	-10.95	15.5
209	-10.5	15.95
209	-10.05	15.5
209	-10.5	15.05
209	-10.95	15.5
210	-10.95	16.5
210	-10.5	16.95
210	-10.05	16.5
210	-10.5	16.05
210	-10.95	16.5
211	-10.95	17.5
211	-10.5	17.95
211	-10.05	17.5
211	-10.5	17.05
211	-10.95	17.5
212	-10.95	18.5
212	-10.5	18.95
212	-10.05	18.5
212	-10.5	18.05
212	-10.95	18.5
213	-10.95	19.5
213	-10.5	19.95
213	-10.05	19.5
213	-10.5	19.05
213	-10.95	19.5
214	-10.95	2.5
214	-10.5	2.95
214	-10.05	2.5
214	-10.5	2.05
214	-10.95	2.5
215	-10.95	20.5
215	-10.5	20.95
215	-10.05	20.5
215	-10.5	20.05
215	-10.95	20.5
216	-10.95	21.5
216	-10.5	21.95
216	-10.05	21.5
216	-10.5	21.05
216	-10.95	21.5
217	-10.95	22.5
217	-10.5	22.95
217	-10.05	22.5
217	-10.5	22.05
217	-10.95	22.5
218	-10.95	23.5
218	-10.5	23.95
218	-10.05	23.5
218	-10.5	23.05
218	-10.95	23.5
219	-10.95	24.5
219	-10.5	24.95
219	-10.05	24.5
219	-10.5	24.05
219	-10.95	24.5
220	-10.95	25.5
220	-10.5	25.95
220	-10.05	25.5
220	-10.5	25.05
220	-10.95	25.5
221	-10.95	26.5
221	-10.5	26.95
221	-10.05	26.5
221	-10.5	26.05
221	-10.95	26.5
222	-10.95	27.5
222	-10.5	27.95
222	-10.05	27.5
222	-10.5	27.05
222	-10.95	27.5
223	-10.95	28.5
223	-10.5	28.95
223	-10.05	28.5
223	-10.5	28.05
223	-10.95	28.5
224	-10.95	29.5
224	-10.5	29.95
224	-10.05	29.5
224	-10.5	29.05
224	-10.95	29.5
225	-10.95	3.5
225	-10.5	3.95
225	-10.05	3.5
225	-10.5	3.05
225	-10.95	3.5
226	-10.95	30.5
226	-10.5	30.95
226	-10.05	30.5
226	-10.5	30.05
226	-10.95	30.5
227	-10.95	31.5
227	-10.5	31.95
227	-10.05	31.5
227	-10.5	31.05
227	-10.95	31.5
228	-10.95	32.5
228	-10.5	32.95
228	-10.05	32.5
228	-10.5	32.05
228	-10.95	32.5
229	-10.95	33.5
229	-10.5	33.95
229	-10.05	33.5
229	-10.5	33.05
229	-10.95	33.5
230	-10.95	34.5
230	-10.5	34.95
230	-10.05	34.5
230	-10.5	34.05
230	-10.95	34.5
231	-10.95	35.5
231	-10.5	35.95
231	-10.05	35.5
231	-10.5	35.05
231	-10.95	35.5
232	-10.95	36.5
232	-10.5	36.95
232	-10.05	36.5
232	-10.5	36.05
232	-10.95	36.5
233	-10.95	37.5
233	-10.5	37.95
233	-10.05	37.5
233	-10.5	37.05
233	-10.95	37.5
234	-10.95	38.5
234	-10.5	38.95
234	-10.05	38.5
234	-10.5	38.05
234	-10.95	38.5
235	-10.95	39.5
235	-10.5	39.95
235	-10.05	39.5
235	-10.5	39.05
235	-10.95	39.5
236	-10.95	4.5
236	-10.5	4.95
236	-10.05	4.5
236	-10.5	4.05
236	-10.95	4.5
237	-10.95	40.5
237	-10.5	40.95
237	-10.05	40.5
237	-10.5	40.05
237	-10.95	40.5
238	-10.95	41.5
238	-10.5	41.95
238	-10.05	41.5
238	-10.5	41.05
238	-10.95	41.5
239	-10.95	42.5
239	-10.5	42.95
239	-10.05	42.5
239	-10.5	42.05
239	-10.95	42.5
240	-10.95	43.5
240	-10.5	43.95
240	-10.05	43.5
240	-10.5	43.05
240	-10.95	43.5
241	-10.95	44.5
241	-10.5	44.95
241	-10.05	44.5
241	-10.5	44.05
241	-10.95	44.5
242	-10.95	45.5
242	-10.5	45.95
242	-10.05	45.5
242	-10.5	45.05
242	-10.95	45.5
243	-10.95	46.5
243	-10.5	46.95
243	-10.05	46.5
243	-10.5	46.05
243	-10.95	46.5
244	-10.95	47.5
244	-10.5	47.95
244	-10.05	47.5
244	-10.5	47.05
244	-10.95	47.5
245	-10.95	48.5
245	-10.5	48.95
245	-10.05	48.5
245	-10.5	48.05
245	-10.95	48.5
246	-10.95	5.5
246	-10.5	5.95
246	-10.05	5.5
246	-10.5	5.05
246	-10.95	5.5
247	-10.95	6.5
247	-10.5	6.95
247	-10.05	6.5
247	-10.5	6.05
247	-10.95	6.5
248	-10.95	7.5
248	-10.5	7.95
248	-10.05	7.5
248	-10.5	7.05
248	-10.95	7.5
249	-10.95	8.5
249	-10.5	8.95
249	-10.05	8.5
249	-10.5	8.05
249	-10.95	8.5
250	-10.95	9.5
250	-10.5	9.95
250	-10.05	9.5
250	-10.5	9.05
250	-10.95	9.5
251	-11.45	0
251	-11	0.45
251	-10.55	0
251	-11	-0.45
251	-11.45	0
252	-11.45	1
252	-11	1.45
252	-10.55	1
252	-11	0.55
252	-11.45	1
253	-11.45	10
253	-11	10.45
253	-10.55	10
253	-11	9.55
253	-11.45	10
254	-11.45	11
254	-11	11.45
254	-10.55	11
254	-11	10.55
254	-11.45	11
255	-11.45	12
255	-11	12.45
255	-10.55	12
255	-11	11.55
255	-11.45	12
256	-11.45	13
256	-11	13.45
256	-10.55	13
256	-11	12.55
256	-11.45	13
257	-11.45	14
257	-11	14.45
257	-10.55	14
257	-11	13.55
257	-11.45	14
258	-11.45	15
258	-11	15.45
258	-10.55	15
258	-11	14.55
258	-11.45	15
259	-11.45	16
259	-11	16.45
259	-10.55	16
259	-11	15.55
259	-11.45	16
260	-11.45	17
260	-11	17.45
260	-10.55	17
260	-11	16.55
260	-11.45	17
261	-11.45	18
261	-11	18.45
261	-10.55	18
261	-11	17.55
261	-11.45	18
262	-11.45	19
262	-11	19.45
262	-10.55	19
262	-11	18.55
262	-11.45	19
263	-11.45	2
263	-11	2.45
263	-10.55	2
263	-11	1.55
263	-11.45	2
264	-11.45	20
264	-11	20.45
264	-10.55	20
264	-11	19.55
264	-11.45	20
265	-11.45	21
265	-11	21.45
265	-10.55	21
265	-11	20.55
265	-11.45	21
266	-11.45	22
266	-11	22.45
266	-10.55	22
266	-11	21.55
266	-11.45	22
267	-11.45	23
267	-11	23.45
267	-10.55	23
267	-11	22.55
267	-11.45	23
268	-11.45	24
268	-11	24.45
268	-10.55	24
268	-11	23.55
268	-11.45	24
269	-11.45	25
269	-11	25.45
269	-10.55	25
269	-11	24.55
269	-11.45	25
270	-11.45	26
270	-11	26.45
270	-10.55	26
270	-11	25.55
270	-11.45	26
271	-11.45	27
271	-11	27.45
271	-10.55	27
271	-11	26.55
271	-11.45	27
272	-11.45	28
272	-11	28.45
272	-10.55	28
272	-11	27.55
272	-11.45	28
273	-11.45	29
273	-11	29.45
273	-10.55	29
273	-11	28.55
273	-11.45	29
274	-11.45	3
274	-11	3.45
274	-10.55	3
274	-11	2.55
274	-11.45	3
275	-11.45	30
275	-11	30.45
275	-10.55	30
275	-11	29.55
275	-11.45	30
276	-11.45	31
276	-11	31.45
276	-10.55	31
276	-11	30.55
276	-11.45	31
277	-11.45	32
277	-11	32.45
277	-10.55	32
277	-11	31.55
277	-11.45	32
278	-11.45	33
278	-11	33.45
278	-10.55	33
278	-11	32.55
278	-11.45	33
279	-11.45	34
279	-11	34.45
279	-10.55	34
279	-11	33.55
279	-11.45	34
280	-11.45	35
280	-11	35.45
280	-10.55	35
280	-11	34.55
280	-11.45	35
281	-11.45	36
281	-11	36.45
281	-10.55	36
281	-11	35.55
281	-11.45	36
282	-11.45	37
282	-11	37.45
282	-10.55	37
282	-11	36.55
282	-11.45	37
283	-11.45	38
283	-11	38.45
283	-10.55	38
283	-11	37.55
283	-11.45	38
284	-11.45	39
284	-11	39.45
284	-10.55	39
284	-11	38.55
284	-11.45	39
285	-11.45	4
285	-11	4.45
285	-10.55	4
285	-11	3.55
285	-11.45	4
286	-11.45	40
286	-11	40.45
286	-10.55	40
286	-11	39.55
286	-11.45	40
287	-11.45	41
287	-11	41.45
287	-10.55	41
287	-11	40.55
287	-11.45	41
288	-11.45	42
288	-11	42.45
288	-10.55	42
288	-11	41.55
288	-11.45	42
289	-11.45	43
289	-11	43.45
289	-10.55	43
289	-11	42.55
289	-11.45	43
290	-11.45	44
290	-11	44.45
290	-10.55	44
290	-11	43.55
290	-11.45	44
291	-11.45	45
291	-11	45.45
291	-10.55	45
291	-11	44.55
291	-11.45	45
292	-11.45	46
292	-11	46.45
292	-10.55	46
292	-11	45.55
292	-11.45	46
293	-11.45	47
293	-11	47.45
293	-10.55	47
293	-11	46.55
293	-11.45	47
294	-11.45	48
294	-11	48.45
294	-10.55	48
294	-11	47.55
294	-11.45	48
295	-11.45	49
295	-11	49.45
295	-10.55	49
295	-11	48.55
295	-11.45	49
296	-11.45	5
296	-11	5.45
296	-10.55	5
296	-11	4.55
296	-11.45	5
297	-11.45	6
297	-11	6.45
297	-10.55	6
297	-11	5.55
297	-11.45	6
298	-11.45	7
298	-11	7.45
298	-10.55	7
298	-11	6.55
298	-11.45	7
299	-11.45	8
299	-11	8.45
299	-10.55	8
299	-11	7.55
299	-11.45	8
300	-11.45	9
300	-11	9.45
300	-10.55	9
300	-11	8.55
300	-11.45	9
301	-11.95	-0.5
301	-11.5	-0.05
301	-11.05	-0.5
301	-11.5	-0.95
301	-11.95	-0.5
302	-11.95	0.5
302	-11.5	0.95
302	-11.05	0.5
302	-11.5	0.05
302	-11.95	0.5
303	-11.95	1.5
303	-11.5	1.95
303	-11.05	1.5
303	-11.5	1.05
303	-11.95	1.5
304	-11.95	10.5
304	-11.5	10.95
304	-11.05	10.5
304	-11.5	10.05
304	-11.95	10.5
305	-11.95	11.5
305	-11.5	11.95
305	-11.05	11.5
305	-11.5	11.05
305	-11.95	11.5
306	-11.95	12.5
306	-11.5	12.95
306	-11.05	12.5
306	-11.5	12.05
306	-11.95	12.5
307	-11.95	13.5
307	-11.5	13.95
307	-11.05	13.5
307	-11.5	13.05
307	-11.95	13.5
308	-11.95	14.5
308	-11.5	14.95
308	-11.05	14.5
308	-11.5	14.05
308	-11.95	14.5
309	-11.95	15.5
309	-11.5	15.95
309	-11.05	15.5
309	-11.5	15.05
309	-11.95	15.5
310	-11.95	16.5
310	-11.5	16.95
310	-11.05	16.5
310	-11.5	16.05
310	-11.95	16.5
311	-11.95	17.5
311	-11.5	17.95
311	-11.05	17.5
311	-11.5	17.05
311	-11.95	17.5
312	-11.95	18.5
312	-11.5	18.95
312	-11.05	18.5
312	-11.5	18.05
312	-11.95	18.5
313	-11.95	19.5
313	-11.5	19.95
313	-11.05	19.5
313	-11.5	19.05
313	-11.95	19.5
314	-11.95	2.5
314	-11.5	2.95
314	-11.05	2.5
314	-11.5	2.05
314	-11.95	2.5
315	-11.95	20.5
315	-11.5	20.95
315	-11.05	20.5
315	-11.5	20.05
315	-11.95	20.5
316	-11.95	21.5
316	-11.5	21.95
316	-11.05	21.5
316	-11.5	21.05
316	-11.95	21.5
317	-11.95	22.5
317	-11.5	22.95
317	-11.05	22.5
317	-11.5	22.05
317	-11.95	22.5
318	-11.95	23.5
318	-11.5	23.95
318	-11.05	23.5
318	-11.5	23.05
318	-11.95	23.5
319	-11.95	24.5
319	-11.5	24.95
319	-11.05	24.5
319	-11.5	24.05
319	-11.95	24.5
320	-11.95	25.5
320	-11.5	25.95
320	-11.05	25.5
320	-11.5	25.05
320	-11.95	25.5
321	-11.95	26.5
321	-11.5	26.95
321	-11.05	26.5
321	-11.5	26.05
321	-11.95	26.5
322	-11.95	27.5
322	-11.5	27.95
322	-11.05	27.5
322	-11.5	27.05
322	-11.95	27.5
323	-11.95	28.5
323	-11.5	28.95
323	-11.05	28.5
323	-11.5	28.05
323	-11.95	28.5
324	-11.95	29.5
324	-11.5	29.95
324	-11.05	29.5
324	-11.5	29.05
324	-11.95	29.5
325	-11.95	3.5
325	-11.5	3.95
325	-11.05	3.5
325	-11.5	3.05
325	-11.95	3.5
326	-11.95	30.5
326	-11.5	30.95
326	-11.05	30.5
326	-11.5	30.05
326	-11.95	30.5
327	-11.95	31.5
327	-11.5	31.95
327	-11.05	31.5
327	-11.5	31.05
327	-11.95	31.5
328	-11.95	32.5
328	-11.5	32.95
328	-11.05	32.5
328	-11.5	32.05
328	-11.95	32.5
329	-11.95	33.5
329	-11.5	33.95
329	-11.05	33.5
329	-11.5	33.05
329	-11.95	33.5
330	-11.95	34.5
330	-11.5	34.95
330	-11.05	34.5
330	-11.5	34.05
330	-11.95	34.5
331	-11.95	35.5
331	-11.5	35.95
331	-11.05	35.5
331	-11.5	35.05
331	-11.95	35.5
332	-11.95	36.5
332	-11.5	36.95
332	-11.05	36.5
332	-11.5	36.05
332	-11.95	36.5
333	-11.95	37.5
333	-11.5	37.95
333	-11.05	37.5
333	-11.5	37.05
333	-11.95	37.5
334	-11.95	38.5
334	-11.5	38.95
334	-11.05	38.5
334	-11.5	38.05
334	-11.95	38.5
335	-11.95	39.5
335	-11.5	39.95
335	-11.05	39.5
335	-11.5	39.05
335	-11.95	39.5
336	-11.95	4.5
336	-11.5	4.95
336	-11.05	4.5
336	-11.5	4.05
336	-11.95	4.5
337	-11.95	40.5
337	-11.5	40.95
337	-11.05	40.5
337	-11.5	40.05
337	-11.95	40.5
338	-11.95	41.5
338	-11.5	41.95
338	-11.05	41.5
338	-11.5	41.05
338	-11.95	41.5
339	-11.95	42.5
339	-11.5	42.95
339	-11.05	42.5
339	-11.5	42.05
339	-11.95	42.5
340	-11.95	43.5
340	-11.5	43.95
340	-11.05	43.5
340	-11.5	43.05
340	-11.95	43.5
341	-11.95	44.5
341	-11.5	44.95
341	-11.05	44.5
341	-11.5	44.05
341	-11.95	44.5
342	-11.95	45.5
342	-11.5	45.95
342	-11.05	45.5
342	-11.5	45.05
342	-11.95	45.5
343	-11.95	46.5
343	-11.5	46.95
343	-11.05	46.5
343	-11.5	46.05
343	-11.95	46.5
344	-11.95	47.5
344	-11.5	47.95
344	-11.05	47.5
344	-11.5	47.05
344	-11.95	47.5
345	-11.95	48.5
345	-11.5	48.95
345	-11.05	48.5
345	-11.5	48.05
345	-11.95	48.5
346	-11.95	5.5
346	-11.5	5.95
346	-11.05	5.5
346	-11.5	5.05
346	-11.95	5.5
347	-11.95	6.5
347	-11.5	6.95
347	-11.05	6.5
347	-11.5	6.05
347	-11.95	6.5
348	-11.95	7.5
348	-11.5	7.95
348	-11.05	7.5
348	-11.5	7.05
348	-11.95	7.5
349	-11.95	8.5
349	-11.5	8.95
349	-11.05	8.5
349	-11.5	8.05
349	-11.95	8.5
350	-11.95	9.5
350	-11.5	9.95
350	-11.05	9.5
350	-11.5	9.05
350	-11.95	9.5
351	-12.45	0
351	-12	0.45
351	-11.55	0
351	-12	-0.45
351	-12.45	0
352	-12.45	1
352	-12	1.45
352	-11.55	1
352	-12	0.55
352	-12.45	1
353	-12.45	10
353	-12	10.45
353	-11.55	10
353	-12	9.55
353	-12.45	10
354	-12.45	11
354	-12	11.45
354	-11.55	11
354	-12	10.55
354	-12.45	11
355	-12.45	12
355	-12	12.45
355	-11.55	12
355	-12	11.55
355	-12.45	12
356	-12.45	13
356	-12	13.45
356	-11.55	13
356	-12	12.55
356	-12.45	13
357	-12.45	14
357	-12	14.45
357	-11.55	14
357	-12	13.55
357	-12.45	14
358	-12.45	15
358	-12	15.45
358	-11.55	15
358	-12	14.55
358	-12.45	15
359	-12.45	16
359	-12	16.45
359	-11.55	16
359	-12	15.55
359	-12.45	16
360	-12.45	17
360	-12	17.45
360	-11.55	17
360	-12	16.55
360	-12.45	17
361	-12.45	18
361	-12	18.45
361	-11.55	18
361	-12	17.55
361	-12.45	18
362	-12.45	19
362	-12	19.45
362	-11.55	19
362	-12	18.55
362	-12.45	19
363	-12.45	2
363	-12	2.45
363	-11.55	2
363	-12	1.55
363	-12.45	2
364	-12.45	20
364	-12	20.45
364	-11.55	20
364	-12	19.55
364	-12.45	20
365	-12.45	21
365	-12	21.45
365	-11.55	21
365	-12	20.55
365	-12.45	21
366	-12.45	22
366	-12	22.45
366	-11.55	22
366	-12	21.55
366	-12.45	22
367	-12.45	23
367	-12	23.45
367	-11.55	23
367	-12	22.55
367	-12.45	23
368	-12.45	24
368	-12	24.45
368	-11.55	24
368	-12	23.55
368	-12.45	24
369	-12.45	25
369	-12	25.45
369	-11.55	25
369	-12	24.55
369	-12.45	25
370	-12.45	26
370	-12	26.45
370	-11.55	26
370	-12	25.55
370	-12.45	26
371	-12.45	27
371	-12	27.45
371	-11.55	27
371	-12	26.55
371	-12.45	27
372	-12.45	28
372	-12	28.45
372	-11.55	28
372	-12	27.55
372	-12.45	28
373	-12.45	29
373	-12	29.45
373	-11.55	29
373	-12	28.55
373	-12.45	29
374	-12.45	3
374	-12	3.45
374	-11.55	3
374	-12	2.55
374	-12.45	3
375	-12.45	30
375	-12	30.45
375	-11.55	30
375	-12	29.55
375	-12.45	30
376	-12.45	31
376	-12	31.45
376	-11.55	31
376	-12	30.55
376	-12.45	31
377	-12.45	32
377	-12	32.45
377	-11.55	32
377	-12	31.55
377	-12.45	32
378	-12.45	33
378	-12	33.45
378	-11.55	33
378	-12	32.55
378	-12.45	33
379	-12.45	34
379	-12	34.45
379	-11.55	34
379	-12	33.55
379	-12.45	34
380	-12.45	35
380	-12	35.45
380	-11.55	35
380	-12	34.55
380	-12.45	35
381	-12.45	36
381	-12	36.45
381	-11.55	36
381	-12	35.55
381	-12.45	36
382	-12.45	37
382	-12	37.45
382	-11.55	37
382	-12	36.55
382	-12.45	37
383	-12.45	38
383	-12	38.45
383	-11.55	38
383	-12	37.55
383	-12.45	38
384	-12.45	39
384	-12	39.45
384	-11.55	39
384	-12	38.55
384	-12.45	39
385	-12.45	4
385	-12	4.45
385	-11.55	4
385	-12	3.55
385	-12.45	4
386	-12.45	40
386	-12	40.45
386	-11.55	40
386	-12	39.55
386	-12.45	40
387	-12.45	41
387	-12	41.45
387	-11.55	41
387	-12	40.55
387	-12.45	41
388	-12.45	42
388	-12	42.45
388	-11.55	42
388	-12	41.55
388	-12.45	42
389	-12.45	43
389	-12	43.45
389	-11.55	43
389	-12	42.55
389	-12.45	43
390	-12.45	44
390	-12	44.45
390	-11.55	44
390	-12	43.55
390	-12.45	44
391	-12.45	45
391	-12	45.45
391	-11.55	45
391	-12	44.55
391	-12.45	45
392	-12.45	46
392	-12	46.45
392	-11.55	46
392	-12	45.55
392	-12.45	46
393	-12.45	47
393	-12	47.45
393	-11.55	47
393	-12	46.55
393	-12.45	47
394	-12.45	48
394	-12	48.45
394	-11.55	48
394	-12	47.55
394	-12.45	48
395	-12.45	49
395	-12	49.45
395	-11.55	49
395	-12	48.55
395	-12.45	49
396	-12.45	5
396	-12	5.45
396	-11.55	5
396	-12	4.55
396	-12.45	5
397	-12.45	6
397	-12	6.45
397	-11.55	6
397	-12	5.55
397	-12.45	6
398	-12.45	7
398	-12	7.45
398	-11.55	7
398	-12	6.55
398	-12.45	7
399	-12.45	8
399	-12	8.45
399	-11.55	8
399	-12	7.55
399	-12.45	8
400	-12.45	9
400	-12	9.45
400	-11.55	9
400	-12	8.55
400	-12.45	9
401	-12.95	-0.5
401	-12.5	-0.05
401	-12.05	-0.5
401	-12.5	-0.95
401	-12.95	-0.5
402	-12.95	0.5
402	-12.5	0.95
402	-12.05	0.5
402	-12.5	0.05
402	-12.95	0.5
403	-12.95	1.5
403	-12.5	1.95
403	-12.05	1.5
403	-12.5	1.05
403	-12.95	1.5
404	-12.95	10.5
404	-12.5	10.95
404	-12.05	10.5
404	-12.5	10.05
404	-12.95	10.5
405	-12.95	11.5
405	-12.5	11.95
405	-12.05	11.5
405	-12.5	11.05
405	-12.95	11.5
406	-12.95	12.5
406	-12.5	12.95
406	-12.05	12.5
406	-12.5	12.05
406	-12.95	12.5
407	-12.95	13.5
407	-12.5	13.95
407	-12.05	13.5
407	-12.5	13.05
407	-12.95	13.5
408	-12.95	14.5
408	-12.5	14.95
408	-12.05	14.5
408	-12.5	14.05
408	-12.95	14.5
409	-12.95	15.5
409	-12.5	15.95
409	-12.05	15.5
409	-12.5	15.05
409	-12.95	15.5
410	-12.95	16.5
410	-12.5	16.95
410	-12.05	16.5
410	-12.5	16.05
410	-12.95	16.5
411	-12.95	17.5
411	-12.5	17.95
411	-12.05	17.5
411	-12.5	17.05
411	-12.95	17.5
412	-12.95	18.5
412	-12.5	18.95
412	-12.05	18.5
412	-12.5	18.05
412	-12.95	18.5
413	-12.95	19.5
413	-12.5	19.95
413	-12.05	19.5
413	-12.5	19.05
413	-12.95	19.5
414	-12.95	2.5
414	-12.5	2.95
414	-12.05	2.5
414	-12.5	2.05
414	-12.95	2.5
415	-12.95	20.5
415	-12.5	20.95
415	-12.05	20.5
415	-12.5	20.05
415	-12.95	20.5
416	-12.95	21.5
416	-12.5	21.95
416	-12.05	21.5
416	-12.5	21.05
416	-12.95	21.5
417	-12.95	22.5
417	-12.5	22.95
417	-12.05	22.5
417	-12.5	22.05
417	-12.95	22.5
418	-12.95	23.5
418	-12.5	23.95
418	-12.05	23.5
418	-12.5	23.05
418	-12.95	23.5
419	-12.95	24.5
419	-12.5	24.95
419	-12.05	24.5
419	-12.5	24.05
419	-12.95	24.5
420	-12.95	25.5
420	-12.5	25.95
420	-12.05	25.5
420	-12.5	25.05
420	-12.95	25.5
421	-12.95	26.5
421	-12.5	26.95
421	-12.05	26.5
421	-12.5	26.05
421	-12.95	26.5
422	-12.95	27.5
422	-12.5	27.95
422	-12.05	27.5
422	-12.5	27.05
422	-12.95	27.5
423	-12.95	28.5
423	-12.5	28.95
423	-12.05	28.5
423	-12.5	28.05
423	-12.95	28.5
424	-12.95	29.5
424	-12.5	29.95
424	-12.05	29.5
424	-12.5	29.05
424	-12.95	29.5
425	-12.95	3.5
425	-12.5	3.95
425	-12.05	3.5
425	-12.5	3.05
425	-12.95	3.5
426	-12.95	30.5
426	-12.5	30.95
426	-12.05	30.5
426	-12.5	30.05
426	-12.95	30.5
427	-12.95	31.5
427	-12.5	31.95
427	-12.05	31.5
427	-12.5	31.05
427	-12.95	31.5
428	-12.95	32.5
428	-12.5	32.95
428	-12.05	32.5
428	-12.5	32.05
428	-12.95	32.5
429	-12.95	33.5
429	-12.5	33.95
429	-12.05	33.5
429	-12.5	33.05
429	-12.95	33.5
430	-12.95	34.5
430	-12.5	34.95
430	-12.05	34.5
430	-12.5	34.05
430	-12.95	34.5
431	-12.95	35.5
431	-12.5	35.95
431	-12.05	35.5
431	-12.5	35.05
431	-12.95	35.5
432	-12.95	36.5
432	-12.5	36.95
432	-12.05	36.5
432	-12.5	36.05
432	-12.95	36.5
433	-12.95	37.5
433	-12.5	37.95
433	-12.05	37.5
433	-12.5	37.05
433	-12.95	37.5
434	-12.95	38.5
434	-12.5	38.95
434	-12.05	38.5
434	-12.5	38.05
434	-12.95	38.5
435	-12.95	39.5
435	-12.5	39.95
435	-12.05	39.5
435	-12.5	39.05
435	-12.95	39.5
436	-12.95	4.5
436	-12.5	4.95
436	-12.05	4.5
436	-12.5	4.05
436	-12.95	4.5
437	-12.95	40.5
437	-12.5	40.95
437	-12.05	40.5
437	-12.5	40.05
437	-12.95	40.5
438	-12.95	41.5
438	-12.5	41.95
438	-12.05	41.5
438	-12.5	41.05
438	-12.95	41.5
439	-12.95	42.5
439	-12.5	42.95
439	-12.05	42.5
439	-12.5	42.05
439	-12.95	42.5
440	-12.95	43.5
440	-12.5	43.95
440	-12.05	43.5
440	-12.5	43.05
440	-12.95	43.5
441	-12.95	44.5
441	-12.5	44.95
441	-12.05	44.5
441	-12.5	44.05
441	-12.95	44.5
442	-12.95	45.5
442	-12.5	45.95
442	-12.05	45.5
442	-12.5	45.05
442	-12.95	45.5
443	-12.95	46.5
443	-12.5	46.95
443	-12.05	46.5
443	-12.5	46.05
443	-12.95	46.5
444	-12.95	47.5
444	-12.5	47.95
444	-12.05	47.5
444	-12.5	47.05
444	-12.95	47.5
445	-12.95	48.5
445	-12.5	48.95
445	-12.05	48.5
445	-12.5	48.05
445	-12.95	48.5
446	-12.95	5.5
446	-12.5	5.95
446	-12.05	5.5
446	-12.5	5.05
446	-12.95	5.5
447	-12.95	6.5
447	-12.5	6.95
447	-12.05	6.5
447	-12.5	6.05
447	-12.95	6.5
448	-12.95	7.5
448	-12.5	7.95
448	-12.05	7.5
448	-12.5	7.05
448	-12.95	7.5
449	-12.95	8.5
449	-12.5	8.95
449	-12.05	8.5
449	-12.5	8.05
449	-12.95	8.5
450	-12.95	9.5
450	-12.5	9.95
450	-12.05	9.5
450	-12.5	9.05
450	-12.95	9.5
451	-13.45	0
451	-13	0.45
451	-12.55	0
451	-13	-0.45
451	-13.45	0
452	-13.45	1
452	-13	1.45
452	-12.55	1
452	-13	0.55
452	-13.45	1
453	-13.45	10
453	-13	10.45
453	-12.55	10
453	-13	9.55
453	-13.45	10
454	-13.45	11
454	-13	11.45
454	-12.55	11
454	-13	10.55
454	-13.45	11
455	-13.45	12
455	-13	12.45
455	-12.55	12
455	-13	11.55
455	-13.45	12
456	-13.45	13
456	-13	13.45
456	-12.55	13
456	-13	12.55
456	-13.45	13
457	-13.45	14
457	-13	14.45
457	-12.55	14
457	-13	13.55
457	-13.45	14
458	-13.45	15
458	-13	15.45
458	-12.55	15
458	-13	14.55
458	-13.45	15
459	-13.45	16
459	-13	16.45
459	-12.55	16
459	-13	15.55
459	-13.45	16
460	-13.45	17
460	-13	17.45
460	-12.55	17
460	-13	16.55
460	-13.45	17
461	-13.45	18
461	-13	18.45
461	-12.55	18
461	-13	17.55
461	-13.45	18
462	-13.45	19
462	-13	19.45
462	-12.55	19
462	-13	18.55
462	-13.45	19
463	-13.45	2
463	-13	2.45
463	-12.55	2
463	-13	1.55
463	-13.45	2
464	-13.45	20
464	-13	20.45
464	-12.55	20
464	-13	19.55
464	-13.45	20
465	-13.45	21
465	-13	21.45
465	-12.55	21
465	-13	20.55
465	-13.45	21
466	-13.45	22
466	-13	22.45
466	-12.55	22
466	-13	21.55
466	-13.45	22
467	-13.45	23
467	-13	23.45
467	-12.55	23
467	-13	22.55
467	-13.45	23
468	-13.45	24
468	-13	24.45
468	-12.55	24
468	-13	23.55
468	-13.45	24
469	-13.45	25
469	-13	25.45
469	-12.55	25
469	-13	24.55
469	-13.45	25
470	-13.45	26
470	-13	26.45
470	-12.55	26
470	-13	25.55
470	-13.45	26
471	-13.45	27
471	-13	27.45
471	-12.55	27
471	-13	26.55
471	-13.45	27
472	-13.45	28
472	-13	28.45
472	-12.55	28
472	-13	27.55
472	-13.45	28
473	-13.45	29
473	-13	29.45
473	-12.55	29
473	-13	28.55
473	-13.45	29
474	-13.45	3
474	-13	3.45
474	-12.55	3
474	-13	2.55
474	-13.45	3
475	-13.45	30
475	-13	30.45
475	-12.55	30
475	-13	29.55
475	-13.45	30
476	-13.45	31
476	-13	31.45
476	-12.55	31
476	-13	30.55
476	-13.45	31
477	-13.45	32
477	-13	32.45
477	-12.55	32
477	-13	31.55
477	-13.45	32
478	-13.45	33
478	-13	33.45
478	-12.55	33
478	-13	32.55
478	-13.45	33
479	-13.45	34
479	-13	34.45
479	-12.55	34
479	-13	33.55
479	-13.45	34
480	-13.45	35
480	-13	35.45
480	-12.55	35
480	-13	34.55
480	-13.45	35
481	-13.45	36
481	-13	36.45
481	-12.55	36
481	-13	35.55
481	-13.45	36
482	-13.45	37
482	-13	37.45
482	-12.55	37
482	-13	36.55
482	-13.45	37
483	-13.45	38
483	-13	38.45
483	-12.55	38
483	-13	37.55
483	-13.45	38
484	-13.45	39
484	-13	39.45
484	-12.55	39
484	-13	38.55
484	-13.45	39
485	-13.45	4
485	-13	4.45
485	-12.55	4
485	-13	3.55
485	-13.45	4
486	-13.45	40
486	-13	40.45
486	-12.55	40
486	-13	39.55
486	-13.45	40
487	-13.45	41
487	-13	41.45
487	-12.55	41
487	-13	40.55
487	-13.45	41
488	-13.45	42
488	-13	42.45
488	-12.55	42
488	-13	41.55
488	-13.45	42
489	-13.45	43
489	-13	43.45
489	-12.55	43
489	-13	42.55
489	-13.45	43
490	-13.45	44
490	-13	44.45
490	-12.55	44
490	-13	43.55
490	-13.45	44
491	-13.45	45
491	-13	45.45
491	-12.55	45
491	-13	44.55
491	-13.45	45
492	-13.45	46
492	-13	46.45
492	-12.55	46
492	-13	45.55
492	-13.45	46
493	-13.45	47
493	-13	47.45
493	-12.55	47
493	-13	46.55
493	-13.45	47
494	-13.45	48
494	-13	48.45
494	-12.55	48
494	-13	47.55
494	-13.45	48
495	-13.45	49
495	-13	49.45
495	-12.55	49
495	-13	48.55
495	-13.45	49
496	-13.45	5
496	-13	5.45
496	-12.55	5
496	-13	4.55
496	-13.45	5
497	-13.45	6
497	-13	6.45
497	-12.55	6
497	-13	5.55
497	-13.45	6
498	-13.45	7
498	-13	7.45
498	-12.55	7
498	-13	6.55
498	-13.45	7
499	-13.45	8
499	-13	8.45
499	-12.55	8
499	-13	7.55
499	-13.45	8
500	-13.45	9
500	-13	9.45
500	-12.55	9
500	-13	8.55
500	-13.45	9
501	-13.95	-0.5
501	-13.5	-0.05
501	-13.05	-0.5
501	-13.5	-0.95
501	-13.95	-0.5
502	-13.95	0.5
502	-13.5	0.95
502	-13.05	0.5
502	-13.5	0.05
502	-13.95	0.5
503	-13.95	1.5
503	-13.5	1.95
503	-13.05	1.5
503	-13.5	1.05
503	-13.95	1.5
504	-13.95	10.5
504	-13.5	10.95
504	-13.05	10.5
504	-13.5	10.05
504	-13.95	10.5
505	-13.95	11.5
505	-13.5	11.95
505	-13.05	11.5
505	-13.5	11.05
505	-13.95	11.5
506	-13.95	12.5
506	-13.5	12.95
506	-13.05	12.5
506	-13.5	12.05
506	-13.95	12.5
507	-13.95	13.5
507	-13.5	13.95
507	-13.05	13.5
507	-13.5	13.05
507	-13.95	13.5
508	-13.95	14.5
508	-13.5	14.95
508	-13.05	14.5
508	-13.5	14.05
508	-13.95	14.5
509	-13.95	15.5
509	-13.5	15.95
509	-13.05	15.5
509	-13.5	15.05
509	-13.95	15.5
510	-13.95	16.5
510	-13.5	16.95
510	-13.05	16.5
510	-13.5	16.05
510	-13.95	16.5
511	-13.95	17.5
511	-13.5	17.95
511	-13.05	17.5
511	-13.5	17.05
511	-13.95	17.5
512	-13.95	18.5
512	-13.5	18.95
512	-13.05	18.5
512	-13.5	18.05
512	-13.95	18.5
513	-13.95	19.5
513	-13.5	19.95
513	-13.05	19.5
513	-13.5	19.05
513	-13.95	19.5
514	-13.95	2.5
514	-13.5	2.95
514	-13.05	2.5
514	-13.5	2.05
514	-13.95	2.5
515	-13.95	20.5
515	-13.5	20.95
515	-13.05	20.5
515	-13.5	20.05
515	-13.95	20.5
516	-13.95	21.5
516	-13.5	21.95
516	-13.05	21.5
516	-13.5	21.05
516	-13.95	21.5
517	-13.95	22.5
517	-13.5	22.95
517	-13.05	22.5
517	-13.5	22.05
517	-13.95	22.5
518	-13.95	23.5
518	-13.5	23.95
518	-13.05	23.5
518	-13.5	23.05
518	-13.95	23.5
519	-13.95	24.5
519	-13.5	24.95
519	-13.05	24.5
519	-13.5	24.05
519	-13.95	24.5
520	-13.95	25.5
520	-13.5	25.95
520	-13.05	25.5
520	-13.5	25.05
520	-13.95	25.5
521	-13.95	26.5
521	-13.5	26.95
521	-13.05	26.5
521	-13.5	26.05
521	-13.95	26.5
522	-13.95	27.5
522	-13.5	27.95
522	-13.05	27.5
522	-13.5	27.05
522	-13.95	27.5
523	-13.95	28.5
523	-13.5	28.95
523	-13.05	28.5
523	-13.5	28.05
523	-13.95	28.5
524	-13.95	29.5
524	-13.5	29.95
524	-13.05	29.5
524	-13.5	29.05
524	-13.95	29.5
525	-13.95	3.5
525	-13.5	3.95
525	-13.05	3.5
525	-13.5	3.05
525	-13.95	3.5
526	-13.95	30.5
526	-13.5	30.95
526	-13.05	30.5
526	-13.5	30.05
526	-13.95	30.5
527	-13.95	31.5
527	-13.5	31.95
527	-13.05	31.5
527	-13.5	31.05
527	-13.95	31.5
528	-13.95	32.5
528	-13.5	32.95
528	-13.05	32.5
528	-13.5	32.05
528	-13.95	32.5
529	-13.95	33.5
529	-13.5	33.95
529	-13.05	33.5
529	-13.5	33.05
529	-13.95	33.5
530	-13.95	34.5
530	-13.5	34.95
530	-13.05	34.5
530	-13.5	34.05
530	-13.95	34.5
531	-13.95	35.5
531	-13.5	35.95
531	-13.05	35.5
531	-13.5	35.05
531	-13.95	35.5
532	-13.95	36.5
532	-13.5	36.95
532	-13.05	36.5
532	-13.5	36.05
532	-13.95	36.5
533	-13.95	37.5
533	-13.5	37.95
533	-13.05	37.5
533	-13.5	37.05
533	-13.95	37.5
534	-13.95	38.5
534	-13.5	38.95
534	-13.05	38.5
534	-13.5	38.05
534	-13.95	38.5
535	-13.95	39.5
535	-13.5	39.95
535	-13.05	39.5
535	-13.5	39.05
535	-13.95	39.5
536	-13.95	4.5
536	-13.5	4.95
536	-13.05	4.5
536	-13.5	4.05
536	-13.95	4.5
537	-13.95	40.5
537	-13.5	40.95
537	-13.05	40.5
537	-13.5	40.05
537	-13.95	40.5
538	-13.95	41.5
538	-13.5	41.95
538	-13.05	41.5
538	-13.5	41.05
538	-13.95	41.5
539	-13.95	42.5
539	-13.5	42.95
539	-13.05	42.5
539	-13.5	42.05
539	-13.95	42.5
540	-13.95	43.5
540	-13.5	43.95
540	-13.05	43.5
540	-13.5	43.05
540	-13.95	43.5
541	-13.95	44.5
541	-13.5	44.95
541	-13.05	44.5
541	-13.5	44.05
541	-13.95	44.5
542	-13.95	45.5
542	-13.5	45.95
542	-13.05	45.5
542	-13.5	45.05
542	-13.95	45.5
543	-13.95	46.5
543	-13.5	46.95
543	-13.05	46.5
543	-13.5	46.05
543	-13.95	46.5
544	-13.95	47.5
544	-13.5	47.95
544	-13.05	47.5
544	-13.5	47.05
544	-13.95	47.5
545	-13.95	48.5
545	-13.5	48.95
545	-13.05	48.5
545	-13.5	48.05
545	-13.95	48.5
546	-13.95	5.5
546	-13.5	5.95
546	-13.05	5.5
546	-13.5	5.05
546	-13.95	5.5
547	-13.95	6.5
547	-13.5	6.95
547	-13.05	6.5
547	-13.5	6.05
547	-13.95	6.5
548	-13.95	7.5
548	-13.5	7.95
548	-13.05	7.5
548	-13.5	7.05
548	-13.95	7.5
549	-13.95	8.5
549	-13.5	8.95
549	-13.05	8.5
549	-13.5	8.05
549	-13.95	8.5
550	-13.95	9.5
550	-13.5	9.95
550	-13.05	9.5
550	-13.5	9.05
550	-13.95	9.5
551	-14.45	0
551	-14	0.45
551	-13.55	0
551	-14	-0.45
551	-14.45	0
552	-14.45	1
552	-14	1.45
552	-13.55	1
552	-14	0.55
552	-14.45	1
553	-14.45	10
553	-14	10.45
553	-13.55	10
553	-14	9.55
553	-14.45	10
554	-14.45	11
554	-14	11.45
554	-13.55	11
554	-14	10.55
554	-14.45	11
555	-14.45	12
555	-14	12.45
555	-13.55	12
555	-14	11.55
555	-14.45	12
556	-14.45	13
556	-14	13.45
556	-13.55	13
556	-14	12.55
556	-14.45	13
557	-14.45	14
557	-14	14.45
557	-13.55	14
557	-14	13.55
557	-14.45	14
558	-14.45	15
558	-14	15.45
558	-13.55	15
558	-14	14.55
558	-14.45	15
559	-14.45	16
559	-14	16.45
559	-13.55	16
559	-14	15.55
559	-14.45	16
560	-14.45	17
560	-14	17.45
560	-13.55	17
560	-14	16.55
560	-14.45	17
561	-14.45	18
561	-14	18.45
561	-13.55	18
561	-14	17.55
561	-14.45	18
562	-14.45	19
562	-14	19.45
562	-13.55	19
562	-14	18.55
562	-14.45	19
563	-14.45	2
563	-14	2.45
563	-13.55	2
563	-14	1.55
563	-14.45	2
564	-14.45	20
564	-14	20.45
564	-13.55	20
564	-14	19.55
564	-14.45	20
565	-14.45	21
565	-14	21.45
565	-13.55	21
565	-14	20.55
565	-14.45	21
566	-14.45	22
566	-14	22.45
566	-13.55	22
566	-14	21.55
566	-14.45	22
567	-14.45	23
567	-14	23.45
567	-13.55	23
567	-14	22.55
567	-14.45	23
568	-14.45	24
568	-14	24.45
568	-13.55	24
568	-14	23.55
568	-14.45	24
569	-14.45	25
569	-14	25.45
569	-13.55	25
569	-14	24.55
569	-14.45	25
570	-14.45	26
570	-14	26.45
570	-13.55	26
570	-14	25.55
570	-14.45	26
571	-14.45	27
571	-14	27.45
571	-13.55	27
571	-14	26.55
571	-14.45	27
572	-14.45	28
572	-14	28.45
572	-13.55	28
572	-14	27.55
572	-14.45	28
573	-14.45	29
573	-14	29.45
573	-13.55	29
573	-14	28.55
573	-14.45	29
574	-14.45	3
574	-14	3.45
574	-13.55	3
574	-14	2.55
574	-14.45	3
575	-14.45	30
575	-14	30.45
575	-13.55	30
575	-14	29.55
575	-14.45	30
576	-14.45	31
576	-14	31.45
576	-13.55	31
576	-14	30.55
576	-14.45	31
577	-14.45	32
577	-14	32.45
577	-13.55	32
577	-14	31.55
577	-14.45	32
578	-14.45	33
578	-14	33.45
578	-13.55	33
578	-14	32.55
578	-14.45	33
579	-14.45	34
579	-14	34.45
579	-13.55	34
579	-14	33.55
579	-14.45	34
580	-14.45	35
580	-14	35.45
580	-13.55	35
580	-14	34.55
580	-14.45	35
581	-14.45	36
581	-14	36.45
581	-13.55	36
581	-14	35.55
581	-14.45	36
582	-14.45	37
582	-14	37.45
582	-13.55	37
582	-14	36.55
582	-14.45	37
583	-14.45	38
583	-14	38.45
583	-13.55	38
583	-14	37.55
583	-14.45	38
584	-14.45	39
584	-14	39.45
584	-13.55	39
584	-14	38.55
584	-14.45	39
585	-14.45	4
585	-14	4.45
585	-13.55	4
585	-14	3.55
585	-14.45	4
586	-14.45	40
586	-14	40.45
586	-13.55	40
586	-14	39.55
586	-14.45	40
587	-14.45	41
587	-14	41.45
587	-13.55	41
587	-14	40.55
587	-14.45	41
588	-14.45	42
588	-14	42.45
588	-13.55	42
588	-14	41.55
588	-14.45	42
589	-14.45	43
589	-14	43.45
589	-13.55	43
589	-14	42.55
589	-14.45	43
590	-14.45	44
590	-14	44.45
590	-13.55	44
590	-14	43.55
590	-14.45	44
591	-14.45	45
591	-14	45.45
591	-13.55	45
591	-14	44.55
591	-14.45	45
592	-14.45	46
592	-14	46.45
592	-13.55	46
592	-14	45.55
592	-14.45	46
593	-14.45	47
593	-14	47.45
593	-13.55	47
593	-14	46.55
593	-14.45	47
594	-14.45	48
594	-14	48.45
594	-13.55	48
594	-14	47.55
594	-14.45	48
595	-14.45	49
595	-14	49.45
595	-13.55	49
595	-14	48.55
595	-14.45	49
596	-14.45	5
596	-14	5.45
596	-13.55	5
596	-14	4.55
596	-14.45	5
597	-14.45	6
597	-14	6.45
597	-13.55	6
597	-14	5.55
597	-14.45	6
598	-14.45	7
598	-14	7.45
598	-13.55	7
598	-14	6.55
598	-14.45	7
599	-14.45	8
599	-14	8.45
599	-13.55	8
599	-14	7.55
599	-14.45	8
600	-14.45	9
600	-14	9.45
600	-13.55	9
600	-14	8.55
600	-14.45	9
601	-14.95	-0.5
601	-14.5	-0.05
601	-14.05	-0.5
601	-14.5	-0.95
601	-14.95	-0.5
602	-14.95	0.5
602	-14.5	0.95
602	-14.05	0.5
602	-14.5	0.05
602	-14.95	0.5
603	-14.95	1.5
603	-14.5	1.95
603	-14.05	1.5
603	-14.5	1.05
603	-14.95	1.5
604	-14.95	10.5
604	-14.5	10.95
604	-14.05	10.5
604	-14.5	10.05
604	-14.95	10.5
605	-14.95	11.5
605	-14.5	11.95
605	-14.05	11.5
605	-14.5	11.05
605	-14.95	11.5
606	-14.95	12.5
606	-14.5	12.95
606	-14.05	12.5
606	-14.5	12.05
606	-14.95	12.5
607	-14.95	13.5
607	-14.5	13.95
607	-14.05	13.5
607	-14.5	13.05
607	-14.95	13.5
608	-14.95	14.5
608	-14.5	14.95
608	-14.05	14.5
608	-14.5	14.05
608	-14.95	14.5
609	-14.95	15.5
609	-14.5	15.95
609	-14.05	15.5
609	-14.5	15.05
609	-14.95	15.5
610	-14.95	16.5
610	-14.5	16.95
610	-14.05	16.5
610	-14.5	16.05
610	-14.95	16.5
611	-14.95	17.5
611	-14.5	17.95
611	-14.05	17.5
611	-14.5	17.05
611	-14.95	17.5
612	-14.95	18.5
612	-14.5	18.95
612	-14.05	18.5
612	-14.5	18.05
612	-14.95	18.5
613	-14.95	19.5
613	-14.5	19.95
613	-14.05	19.5
613	-14.5	19.05
613	-14.95	19.5
614	-14.95	2.5
614	-14.5	2.95
614	-14.05	2.5
614	-14.5	2.05
614	-14.95	2.5
615	-14.95	20.5
615	-14.5	20.95
615	-14.05	20.5
615	-14.5	20.05
615	-14.95	20.5
616	-14.95	21.5
616	-14.5	21.95
616	-14.05	21.5
616	-14.5	21.05
616	-14.95	21.5
617	-14.95	22.5
617	-14.5	22.95
617	-14.05	22.5
617	-14.5	22.05
617	-14.95	22.5
618	-14.95	23.5
618	-14.5	23.95
618	-14.05	23.5
618	-14.5	23.05
618	-14.95	23.5
619	-14.95	24.5
619	-14.5	24.95
619	-14.05	24.5
619	-14.5	24.05
619	-14.95	24.5
620	-14.95	25.5
620	-14.5	25.95
620	-14.05	25.5
620	-14.5	25.05
620	-14.95	25.5
621	-14.95	26.5
621	-14.5	26.95
621	-14.05	26.5
621	-14.5	26.05
621	-14.95	26.5
622	-14.95	27.5
622	-14.5	27.95
622	-14.05	27.5
622	-14.5	27.05
622	-14.95	27.5
623	-14.95	28.5
623	-14.5	28.95
623	-14.05	28.5
623	-14.5	28.05
623	-14.95	28.5
624	-14.95	29.5
624	-14.5	29.95
624	-14.05	29.5
624	-14.5	29.05
624	-14.95	29.5
625	-14.95	3.5
625	-14.5	3.95
625	-14.05	3.5
625	-14.5	3.05
625	-14.95	3.5
626	-14.95	30.5
626	-14.5	30.95
626	-14.05	30.5
626	-14.5	30.05
626	-14.95	30.5
627	-14.95	31.5
627	-14.5	31.95
627	-14.05	31.5
627	-14.5	31.05
627	-14.95	31.5
628	-14.95	32.5
628	-14.5	32.95
628	-14.05	32.5
628	-14.5	32.05
628	-14.95	32.5
629	-14.95	33.5
629	-14.5	33.95
629	-14.05	33.5
629	-14.5	33.05
629	-14.95	33.5
630	-14.95	34.5
630	-14.5	34.95
630	-14.05	34.5
630	-14.5	34.05
630	-14.95	34.5
631	-14.95	35.5
631	-14.5	35.95
631	-14.05	35.5
631	-14.5	35.05
631	-14.95	35.5
632	-14.95	36.5
632	-14.5	36.95
632	-14.05	36.5
632	-14.5	36.05
632	-14.95	36.5
633	-14.95	37.5
633	-14.5	37.95
633	-14.05	37.5
633	-14.5	37.05
633	-14.95	37.5
634	-14.95	38.5
634	-14.5	38.95
634	-14.05	38.5
634	-14.5	38.05
634	-14.95	38.5
635	-14.95	39.5
635	-14.5	39.95
635	-14.05	39.5
635	-14.5	39.05
635	-14.95	39.5
636	-14.95	4.5
636	-14.5	4.95
636	-14.05	4.5
636	-14.5	4.05
636	-14.95	4.5
637	-14.95	40.5
637	-14.5	40.95
637	-14.05	40.5
637	-14.5	40.05
637	-14.95	40.5
638	-14.95	41.5
638	-14.5	41.95
638	-14.05	41.5
638	-14.5	41.05
638	-14.95	41.5
639	-14.95	42.5
639	-14.5	42.95
639	-14.05	42.5
639	-14.5	42.05
639	-14.95	42.5
640	-14.95	43.5
640	-14.5	43.95
640	-14.05	43.5
640	-14.5	43.05
640	-14.95	43.5
641	-14.95	44.5
641	-14.5	44.95
641	-14.05	44.5
641	-14.5	44.05
641	-14.95	44.5
642	-14.95	45.5
642	-14.5	45.95
642	-14.05	45.5
642	-14.5	45.05
642	-14.95	45.5
643	-14.95	46.5
643	-14.5	46.95
643	-14.05	46.5
643	-14.5	46.05
643	-14.95	46.5
644	-14.95	47.5
644	-14.5	47.95
644	-14.05	47.5
644	-14.5	47.05
644	-14.95	47.5
645	-14.95	48.5
645	-14.5	48.95
645	-14.05	48.5
645	-14.5	48.05
645	-14.95	48.5
646	-14.95	5.5
646	-14.5	5.95
646	-14.05	5.5
646	-14.5	5.05
646	-14.95	5.5
647	-14.95	6.5
647	-14.5	6.95
647	-14.05	6.5
647	-14.5	6.05
647	-14.95	6.5
648	-14.95	7.5
648	-14.5	7.95
648	-14.05	7.5
648	-14.5	7.05
648	-14.95	7.5
649	-14.95	8.5
649	-14.5	8.95
649	-14.05	8.5
649	-14.5	8.05
649	-14.95	8.5
650	-14.95	9.5
650	-14.5	9.95
650	-14.05	9.5
650	-14.5	9.05
650	-14.95	9.5
651	-15.45	0
651	-15	0.45
651	-14.55	0
651	-15	-0.45
651	-15.45	0
652	-15.45	1
652	-15	1.45
652	-14.55	1
652	-15	0.55
652	-15.45	1
653	-15.45	10
653	-15	10.45
653	-14.55	10
653	-15	9.55
653	-15.45	10
654	-15.45	11
654	-15	11.45
654	-14.55	11
654	-15	10.55
654	-15.45	11
655	-15.45	12
655	-15	12.45
655	-14.55	12
655	-15	11.55
655	-15.45	12
656	-15.45	13
656	-15	13.45
656	-14.55	13
656	-15	12.55
656	-15.45	13
657	-15.45	14
657	-15	14.45
657	-14.55	14
657	-15	13.55
657	-15.45	14
658	-15.45	15
658	-15	15.45
658	-14.55	15
658	-15	14.55
658	-15.45	15
659	-15.45	16
659	-15	16.45
659	-14.55	16
659	-15	15.55
659	-15.45	16
660	-15.45	17
660	-15	17.45
660	-14.55	17
660	-15	16.55
660	-15.45	17
661	-15.45	18
661	-15	18.45
661	-14.55	18
661	-15	17.55
661	-15.45	18
662	-15.45	19
662	-15	19.45
662	-14.55	19
662	-15	18.55
662	-15.45	19
663	-15.45	2
663	-15	2.45
663	-14.55	2
663	-15	1.55
663	-15.45	2
664	-15.45	20
664	-15	20.45
664	-14.55	20
664	-15	19.55
664	-15.45	20
665	-15.45	21
665	-15	21.45
665	-14.55	21
665	-15	20.55
665	-15.45	21
666	-15.45	22
666	-15	22.45
666	-14.55	22
666	-15	21.55
666	-15.45	22
667	-15.45	23
667	-15	23.45
667	-14.55	23
667	-15	22.55
667	-15.45	23
668	-15.45	24
668	-15	24.45
668	-14.55	24
668	-15	23.55
668	-15.45	24
669	-15.45	25
669	-15	25.45
669	-14.55	25
669	-15	24.55
669	-15.45	25
670	-15.45	26
670	-15	26.45
670	-14.55	26
670	-15	25.55
670	-15.45	26
671	-15.45	27
671	-15	27.45
671	-14.55	27
671	-15	26.55
671	-15.45	27
672	-15.45	28
672	-15	28.45
672	-14.55	28
672	-15	27.55
672	-15.45	28
673	-15.45	29
673	-15	29.45
673	-14.55	29
673	-15	28.55
673	-15.45	29
674	-15.45	3
674	-15	3.45
674	-14.55	3
674	-15	2.55
674	-15.45	3
675	-15.45	30
675	-15	30.45
675	-14.55	30
675	-15	29.55
675	-15.45	30
676	-15.45	31
676	-15	31.45
676	-14.55	31
676	-15	30.55
676	-15.45	31
677	-15.45	32
677	-15	32.45
677	-14.55	32
677	-15	31.55
677	-15.45	32
678	-15.45	33
678	-15	33.45
678	-14.55	33
678	-15	32.55
678	-15.45	33
679	-15.45	34
679	-15	34.45
679	-14.55	34
679	-15	33.55
679	-15.45	34
680	-15.45	35
680	-15	35.45
680	-14.55	35
680	-15	34.55
680	-15.45	35
681	-15.45	36
681	-15	36.45
681	-14.55	36
681	-15	35.55
681	-15.45	36
682	-15.45	37
682	-15	37.45
682	-14.55	37
682	-15	36.55
682	-15.45	37
683	-15.45	38
683	-15	38.45
683	-14.55	38
683	-15	37.55
683	-15.45	38
684	-15.45	39
684	-15	39.45
684	-14.55	39
684	-15	38.55
684	-15.45	39
685	-15.45	4
685	-15	4.45
685	-14.55	4
685	-15	3.55
685	-15.45	4
686	-15.45	40
686	-15	40.45
686	-14.55	40
686	-15	39.55
686	-15.45	40
687	-15.45	41
687	-15	41.45
687	-14.55	41
687	-15	40.55
687	-15.45	41
688	-15.45	42
688	-15	42.45
688	-14.55	42
688	-15	41.55
688	-15.45	42
689	-15.45	43
689	-15	43.45
689	-14.55	43
689	-15	42.55
689	-15.45	43
690	-15.45	44
690	-15	44.45
690	-14.55	44
690	-15	43.55
690	-15.45	44
691	-15.45	45
691	-15	45.45
691	-14.55	45
691	-15	44.55
691	-15.45	45
692	-15.45	46
692	-15	46.45
692	-14.55	46
692	-15	45.55
692	-15.45	46
693	-15.45	47
693	-15	47.45
693	-14.55	47
693	-15	46.55
693	-15.45	47
694	-15.45	48
694	-15	48.45
694	-14.55	48
694	-15	47.55
694	-15.45	48
695	-15.45	49
695	-15	49.45
695	-14.55	49
695	-15	48.55
695	-15.45	49
696	-15.45	5
696	-15	5.45
696	-14.55	5
696	-15	4.55
696	-15.45	5
697	-15.45	6
697	-15	6.45
697	-14.55	6
697	-15	5.55
697	-15.45	6
698	-15.45	7
698	-15	7.45
698	-14.55	7
698	-15	6.55
698	-15.45	7
699	-15.45	8
699	-15	8.45
699	-14.55	8
699	-15	7.55
699	-15.45	8
700	-15.45	9
700	-15	9.45
700	-14.55	9
700	-15	8.55
700	-15.45	9
701	-15.95	-0.5
701	-15.5	-0.05
701	-15.05	-0.5
701	-15.5	-0.95
701	-15.95	-0.5
702	-15.95	0.5
702	-15.5	0.95
702	-15.05	0.5
702	-15.5	0.05
702	-15.95	0.5
703	-15.95	1.5
703	-15.5	1.95
703	-15.05	1.5
703	-15.5	1.05
703	-15.95	1.5
704	-15.95	10.5
704	-15.5	10.95
704	-15.05	10.5
704	-15.5	10.05
704	-15.95	10.5
705	-15.95	11.5
705	-15.5	11.95
705	-15.05	11.5
705	-15.5	11.05
705	-15.95	11.5
706	-15.95	12.5
706	-15.5	12.95
706	-15.05	12.5
706	-15.5	12.05
706	-15.95	12.5
707	-15.95	13.5
707	-15.5	13.95
707	-15.05	13.5
707	-15.5	13.05
707	-15.95	13.5
708	-15.95	14.5
708	-15.5	14.95
708	-15.05	14.5
708	-15.5	14.05
708	-15.95	14.5
709	-15.95	15.5
709	-15.5	15.95
709	-15.05	15.5
709	-15.5	15.05
709	-15.95	15.5
710	-15.95	16.5
710	-15.5	16.95
710	-15.05	16.5
710	-15.5	16.05
710	-15.95	16.5
711	-15.95	17.5
711	-15.5	17.95
711	-15.05	17.5
711	-15.5	17.05
711	-15.95	17.5
712	-15.95	18.5
712	-15.5	18.95
712	-15.05	18.5
712	-15.5	18.05
712	-15.95	18.5
713	-15.95	19.5
713	-15.5	19.95
713	-15.05	19.5
713	-15.5	19.05
713	-15.95	19.5
714	-15.95	2.5
714	-15.5	2.95
714	-15.05	2.5
714	-15.5	2.05
714	-15.95	2.5
715	-15.95	20.5
715	-15.5	20.95
715	-15.05	20.5
715	-15.5	20.05
715	-15.95	20.5
716	-15.95	21.5
716	-15.5	21.95
716	-15.05	21.5
716	-15.5	21.05
716	-15.95	21.5
717	-15.95	22.5
717	-15.5	22.95
717	-15.05	22.5
717	-15.5	22.05
717	-15.95	22.5
718	-15.95	23.5
718	-15.5	23.95
718	-15.05	23.5
718	-15.5	23.05
718	-15.95	23.5
719	-15.95	24.5
719	-15.5	24.95
719	-15.05	24.5
719	-15.5	24.05
719	-15.95	24.5
720	-15.95	25.5
720	-15.5	25.95
720	-15.05	25.5
720	-15.5	25.05
720	-15.95	25.5
721	-15.95	26.5
721	-15.5	26.95
721	-15.05	26.5
721	-15.5	26.05
721	-15.95	26.5
722	-15.95	27.5
722	-15.5	27.95
722	-15.05	27.5
722	-15.5	27.05
722	-15.95	27.5
723	-15.95	28.5
723	-15.5	28.95
723	-15.05	28.5
723	-15.5	28.05
723	-15.95	28.5
724	-15.95	29.5
724	-15.5	29.95
724	-15.05	29.5
724	-15.5	29.05
724	-15.95	29.5
725	-15.95	3.5
725	-15.5	3.95
725	-15.05	3.5
725	-15.5	3.05
725	-15.95	3.5
726	-15.95	30.5
726	-15.5	30.95
726	-15.05	30.5
726	-15.5	30.05
726	-15.95	30.5
727	-15.95	31.5
727	-15.5	31.95
727	-15.05	31.5
727	-15.5	31.05
727	-15.95	31.5
728	-15.95	32.5
728	-15.5	32.95
728	-15.05	32.5
728	-15.5	32.05
728	-15.95	32.5
729	-15.95	33.5
729	-15.5	33.95
729	-15.05	33.5
729	-15.5	33.05
729	-15.95	33.5
730	-15.95	34.5
730	-15.5	34.95
730	-15.05	34.5
730	-15.5	34.05
730	-15.95	34.5
731	-15.95	35.5
731	-15.5	35.95
731	-15.05	35.5
731	-15.5	35.05
731	-15.95	35.5
732	-15.95	36.5
732	-15.5	36.95
732	-15.05	36.5
732	-15.5	36.05
732	-15.95	36.5
733	-15.95	37.5
733	-15.5	37.95
733	-15.05	37.5
733	-15.5	37.05
733	-15.95	37.5
734	-15.95	38.5
734	-15.5	38.95
734	-15.05	38.5
734	-15.5	38.05
734	-15.95	38.5
735	-15.95	39.5
735	-15.5	39.95
735	-15.05	39.5
735	-15.5	39.05
735	-15.95	39.5
736	-15.95	4.5
736	-15.5	4.95
736	-15.05	4.5
736	-15.5	4.05
736	-15.95	4.5
737	-15.95	40.5
737	-15.5	40.95
737	-15.05	40.5
737	-15.5	40.05
737	-15.95	40.5
738	-15.95	41.5
738	-15.5	41.95
738	-15.05	41.5
738	-15.5	41.05
738	-15.95	41.5
739	-15.95	42.5
739	-15.5	42.95
739	-15.05	42.5
739	-15.5	42.05
739	-15.95	42.5
740	-15.95	43.5
740	-15.5	43.95
740	-15.05	43.5
740	-15.5	43.05
740	-15.95	43.5
741	-15.95	44.5
741	-15.5	44.95
741	-15.05	44.5
741	-15.5	44.05
741	-15.95	44.5
742	-15.95	45.5
742	-15.5	45.95
742	-15.05	45.5
742	-15.5	45.05
742	-15.95	45.5
743	-15.95	46.5
743	-15.5	46.95
743	-15.05	46.5
743	-15.5	46.05
743	-15.95	46.5
744	-15.95	47.5
744	-15.5	47.95
744	-15.05	47.5
744	-15.5	47.05
744	-15.95	47.5
745	-15.95	48.5
745	-15.5	48.95
745	-15.05	48.5
745	-15.5	48.05
745	-15.95	48.5
746	-15.95	5.5
746	-15.5	5.95
746	-15.05	5.5
746	-15.5	5.05
746	-15.95	5.5
747	-15.95	6.5
747	-15.5	6.95
747	-15.05	6.5
747	-15.5	6.05
747	-15.95	6.5
748	-15.95	7.5
748	-15.5	7.95
748	-15.05	7.5
748	-15.5	7.05
748	-15.95	7.5
749	-15.95	8.5
749	-15.5	8.95
749	-15.05	8.5
749	-15.5	8.05
749	-15.95	8.5
750	-15.95	9.5
750	-15.5	9.95
750	-15.05	9.5
750	-15.5	9.05
750	-15.95	9.5
751	-16.45	0
751	-16	0.45
751	-15.55	0
751	-16	-0.45
751	-16.45	0
752	-16.45	1
752	-16	1.45
752	-15.55	1
752	-16	0.55
752	-16.45	1
753	-16.45	10
753	-16	10.45
753	-15.55	10
753	-16	9.55
753	-16.45	10
754	-16.45	11
754	-16	11.45
754	-15.55	11
754	-16	10.55
754	-16.45	11
755	-16.45	12
755	-16	12.45
755	-15.55	12
755	-16	11.55
755	-16.45	12
756	-16.45	13
756	-16	13.45
756	-15.55	13
756	-16	12.55
756	-16.45	13
757	-16.45	14
757	-16	14.45
757	-15.55	14
757	-16	13.55
757	-16.45	14
758	-16.45	15
758	-16	15.45
758	-15.55	15
758	-16	14.55
758	-16.45	15
759	-16.45	16
759	-16	16.45
759	-15.55	16
759	-16	15.55
759	-16.45	16
760	-16.45	17
760	-16	17.45
760	-15.55	17
760	-16	16.55
760	-16.45	17
761	-16.45	18
761	-16	18.45
761	-15.55	18
761	-16	17.55
761	-16.45	18
762	-16.45	19
762	-16	19.45
762	-15.55	19
762	-16	18.55
762	-16.45	19
763	-16.45	2
763	-16	2.45
763	-15.55	2
763	-16	1.55
763	-16.45	2
764	-16.45	20
764	-16	20.45
764	-15.55	20
764	-16	19.55
764	-16.45	20
765	-16.45	21
765	-16	21.45
765	-15.55	21
765	-16	20.55
765	-16.45	21
766	-16.45	22
766	-16	22.45
766	-15.55	22
766	-16	21.55
766	-16.45	22
767	-16.45	23
767	-16	23.45
767	-15.55	23
767	-16	22.55
767	-16.45	23
768	-16.45	24
768	-16	24.45
768	-15.55	24
768	-16	23.55
768	-16.45	24
769	-16.45	25
769	-16	25.45
769	-15.55	25
769	-16	24.55
769	-16.45	25
770	-16.45	26
770	-16	26.45
770	-15.55	26
770	-16	25.55
770	-16.45	26
771	-16.45	27
771	-16	27.45
771	-15.55	27
771	-16	26.55
771	-16.45	27
772	-16.45	28
772	-16	28.45
772	-15.55	28
772	-16	27.55
772	-16.45	28
773	-16.45	29
773	-16	29.45
773	-15.55	29
773	-16	28.55
773	-16.45	29
774	-16.45	3
774	-16	3.45
774	-15.55	3
774	-16	2.55
774	-16.45	3
775	-16.45	30
775	-16	30.45
775	-15.55	30
775	-16	29.55
775	-16.45	30
776	-16.45	31
776	-16	31.45
776	-15.55	31
776	-16	30.55
776	-16.45	31
777	-16.45	32
777	-16	32.45
777	-15.55	32
777	-16	31.55
777	-16.45	32
778	-16.45	33
778	-16	33.45
778	-15.55	33
778	-16	32.55
778	-16.45	33
779	-16.45	34
779	-16	34.45
779	-15.55	34
779	-16	33.55
779	-16.45	34
780	-16.45	35
780	-16	35.45
780	-15.55	35
780	-16	34.55
780	-16.45	35
781	-16.45	36
781	-16	36.45
781	-15.55	36
781	-16	35.55
781	-16.45	36
782	-16.45	37
782	-16	37.45
782	-15.55	37
782	-16	36.55
782	-16.45	37
783	-16.45	38
783	-16	38.45
783	-15.55	38
783	-16	37.55
783	-16.45	38
784	-16.45	39
784	-16	39.45
784	-15.55	39
784	-16	38.55
784	-16.45	39
785	-16.45	4
785	-16	4.45
785	-15.55	4
785	-16	3.55
785	-16.45	4
786	-16.45	40
786	-16	40.45
786	-15.55	40
786	-16	39.55
786	-16.45	40
787	-16.45	41
787	-16	41.45
787	-15.55	41
787	-16	40.55
787	-16.45	41
788	-16.45	42
788	-16	42.45
788	-15.55	42
788	-16	41.55
788	-16.45	42
789	-16.45	43
789	-16	43.45
789	-15.55	43
789	-16	42.55
789	-16.45	43
790	-16.45	44
790	-16	44.45
790	-15.55	44
790	-16	43.55
790	-16.45	44
791	-16.45	45
791	-16	45.45
791	-15.55	45
791	-16	44.55
791	-16.45	45
792	-16.45	46
792	-16	46.45
792	-15.55	46
792	-16	45.55
792	-16.45	46
793	-16.45	47
793	-16	47.45
793	-15.55	47
793	-16	46.55
793	-16.45	47
794	-16.45	48
794	-16	48.45
794	-15.55	48
794	-16	47.55
794	-16.45	48
795	-16.45	49
795	-16	49.45
795	-15.55	49
795	-16	48.55
795	-16.45	49
796	-16.45	5
796	-16	5.45
796	-15.55	5
796	-16	4.55
796	-16.45	5
797	-16.45	6
797	-16	6.45
797	-15.55	6
797	-16	5.55
797	-16.45	6
798	-16.45	7
798	-16	7.45
798	-15.55	7
798	-16	6.55
798	-16.45	7
799	-16.45	8
799	-16	8.45
799	-15.55	8
799	-16	7.55
799	-16.45	8
800	-16.45	9
800	-16	9.45
800	-15.55	9
800	-16	8.55
800	-16.45	9
801	-16.95	-0.5
801	-16.5	-0.05
801	-16.05	-0.5
801	-16.5	-0.95
801	-16.95	-0.5
802	-16.95	0.5
802	-16.5	0.95
802	-16.05	0.5
802	-16.5	0.05
802	-16.95	0.5
803	-16.95	1.5
803	-16.5	1.95
803	-16.05	1.5
803	-16.5	1.05
803	-16.95	1.5
804	-16.95	10.5
804	-16.5	10.95
804	-16.05	10.5
804	-16.5	10.05
804	-16.95	10.5
805	-16.95	11.5
805	-16.5	11.95
805	-16.05	11.5
805	-16.5	11.05
805	-16.95	11.5
806	-16.95	12.5
806	-16.5	12.95
806	-16.05	12.5
806	-16.5	12.05
806	-16.95	12.5
807	-16.95	13.5
807	-16.5	13.95
807	-16.05	13.5
807	-16.5	13.05
807	-16.95	13.5
808	-16.95	14.5
808	-16.5	14.95
808	-16.05	14.5
808	-16.5	14.05
808	-16.95	14.5
809	-16.95	15.5
809	-16.5	15.95
809	-16.05	15.5
809	-16.5	15.05
809	-16.95	15.5
810	-16.95	16.5
810	-16.5	16.95
810	-16.05	16.5
810	-16.5	16.05
810	-16.95	16.5
811	-16.95	17.5
811	-16.5	17.95
811	-16.05	17.5
811	-16.5	17.05
811	-16.95	17.5
812	-16.95	18.5
812	-16.5	18.95
812	-16.05	18.5
812	-16.5	18.05
812	-16.95	18.5
813	-16.95	19.5
813	-16.5	19.95
813	-16.05	19.5
813	-16.5	19.05
813	-16.95	19.5
814	-16.95	2.5
814	-16.5	2.95
814	-16.05	2.5
814	-16.5	2.05
814	-16.95	2.5
815	-16.95	20.5
815	-16.5	20.95
815	-16.05	20.5
815	-16.5	20.05
815	-16.95	20.5
816	-16.95	21.5
816	-16.5	21.95
816	-16.05	21.5
816	-16.5	21.05
816	-16.95	21.5
817	-16.95	22.5
817	-16.5	22.95
817	-16.05	22.5
817	-16.5	22.05
817	-16.95	22.5
818	-16.95	23.5
818	-16.5	23.95
818	-16.05	23.5
818	-16.5	23.05
818	-16.95	23.5
819	-16.95	24.5
819	-16.5	24.95
819	-16.05	24.5
819	-16.5	24.05
819	-16.95	24.5
820	-16.95	25.5
820	-16.5	25.95
820	-16.05	25.5
820	-16.5	25.05
820	-16.95	25.5
821	-16.95	26.5
821	-16.5	26.95
821	-16.05	26.5
821	-16.5	26.05
821	-16.95	26.5
822	-16.95	27.5
822	-16.5	27.95
822	-16.05	27.5
822	-16.5	27.05
822	-16.95	27.5
823	-16.95	28.5
823	-16.5	28.95
823	-16.05	28.5
823	-16.5	28.05
823	-16.95	28.5
824	-16.95	29.5
824	-16.5	29.95
824	-16.05	29.5
824	-16.5	29.05
824	-16.95	29.5
825	-16.95	3.5
825	-16.5	3.95
825	-16.05	3.5
825	-16.5	3.05
825	-16.95	3.5
826	-16.95	30.5
826	-16.5	30.95
826	-16.05	30.5
826	-16.5	30.05
826	-16.95	30.5
827	-16.95	31.5
827	-16.5	31.95
827	-16.05	31.5
827	-16.5	31.05
827	-16.95	31.5
828	-16.95	32.5
828	-16.5	32.95
828	-16.05	32.5
828	-16.5	32.05
828	-16.95	32.5
829	-16.95	33.5
829	-16.5	33.95
829	-16.05	33.5
829	-16.5	33.05
829	-16.95	33.5
830	-16.95	34.5
830	-16.5	34.95
830	-16.05	34.5
830	-16.5	34.05
830	-16.95	34.5
831	-16.95	35.5
831	-16.5	35.95
831	-16.05	35.5
831	-16.5	35.05
831	-16.95	35.5
832	-16.95	36.5
832	-16.5	36.95
832	-16.05	36.5
832	-16.5	36.05
832	-16.95	36.5
833	-16.95	37.5
833	-16.5	37.95
833	-16.05	37.5
833	-16.5	37.05
833	-16.95	37.5
834	-16.95	38.5
834	-16.5	38.95
834	-16.05	38.5
834	-16.5	38.05
834	-16.95	38.5
835	-16.95	39.5
835	-16.5	39.95
835	-16.05	39.5
835	-16.5	39.05
835	-16.95	39.5
836	-16.95	4.5
836	-16.5	4.95
836	-16.05	4.5
836	-16.5	4.05
836	-16.95	4.5
837	-16.95	40.5
837	-16.5	40.95
837	-16.05	40.5
837	-16.5	40.05
837	-16.95	40.5
838	-16.95	41.5
838	-16.5	41.95
838	-16.05	41.5
838	-16.5	41.05
838	-16.95	41.5
839	-16.95	42.5
839	-16.5	42.95
839	-16.05	42.5
839	-16.5	42.05
839	-16.95	42.5
840	-16.95	43.5
840	-16.5	43.95
840	-16.05	43.5
840	-16.5	43.05
840	-16.95	43.5
841	-16.95	44.5
841	-16.5	44.95
841	-16.05	44.5
841	-16.5	44.05
841	-16.95	44.5
842	-16.95	45.5
842	-16.5	45.95
842	-16.05	45.5
842	-16.5	45.05
842	-16.95	45.5
843	-16.95	46.5
843	-16.5	46.95
843	-16.05	46.5
843	-16.5	46.05
843	-16.95	46.5
844	-16.95	47.5
844	-16.5	47.95
844	-16.05	47.5
844	-16.5	47.05
844	-16.95	47.5
845	-16.95	48.5
845	-16.5	48.95
845	-16.05	48.5
845	-16.5	48.05
845	-16.95	48.5
846	-16.95	5.5
846	-16.5	5.95
846	-16.05	5.5
846	-16.5	5.05
846	-16.95	5.5
847	-16.95	6.5
847	-16.5	6.95
847	-16.05	6.5
847	-16.5	6.05
847	-16.95	6.5
848	-16.95	7.5
848	-16.5	7.95
848	-16.05	7.5
848	-16.5	7.05
848	-16.95	7.5
849	-16.95	8.5
849	-16.5	8.95
849	-16.05	8.5
849	-16.5	8.05
849	-16.95	8.5
850	-16.95	9.5
850	-16.5	9.95
850	-16.05	9.5
850	-16.5	9.05
850	-16.95	9.5
851	-17.45	0
851	-17	0.45
851	-16.55	0
851	-17	-0.45
851	-17.45	0
852	-17.45	1
852	-17	1.45
852	-16.55	1
852	-17	0.55
852	-17.45	1
853	-17.45	10
853	-17	10.45
853	-16.55	10
853	-17	9.55
853	-17.45	10
854	-17.45	11
854	-17	11.45
854	-16.55	11
854	-17	10.55
854	-17.45	11
855	-17.45	12
855	-17	12.45
855	-16.55	12
855	-17	11.55
855	-17.45	12
856	-17.45	13
856	-17	13.45
856	-16.55	13
856	-17	12.55
856	-17.45	13
857	-17.45	14
857	-17	14.45
857	-16.55	14
857	-17	13.55
857	-17.45	14
858	-17.45	15
858	-17	15.45
858	-16.55	15
858	-17	14.55
858	-17.45	15
859	-17.45	16
859	-17	16.45
859	-16.55	16
859	-17	15.55
859	-17.45	16
860	-17.45	17
860	-17	17.45
860	-16.55	17
860	-17	16.55
860	-17.45	17
861	-17.45	18
861	-17	18.45
861	-16.55	18
861	-17	17.55
861	-17.45	18
862	-17.45	19
862	-17	19.45
862	-16.55	19
862	-17	18.55
862	-17.45	19
863	-17.45	2
863	-17	2.45
863	-16.55	2
863	-17	1.55
863	-17.45	2
864	-17.45	20
864	-17	20.45
864	-16.55	20
864	-17	19.55
864	-17.45	20
865	-17.45	21
865	-17	21.45
865	-16.55	21
865	-17	20.55
865	-17.45	21
866	-17.45	22
866	-17	22.45
866	-16.55	22
866	-17	21.55
866	-17.45	22
867	-17.45	23
867	-17	23.45
867	-16.55	23
867	-17	22.55
867	-17.45	23
868	-17.45	24
868	-17	24.45
868	-16.55	24
868	-17	23.55
868	-17.45	24
869	-17.45	25
869	-17	25.45
869	-16.55	25
869	-17	24.55
869	-17.45	25
870	-17.45	26
870	-17	26.45
870	-16.55	26
870	-17	25.55
870	-17.45	26
871	-17.45	27
871	-17	27.45
871	-16.55	27
871	-17	26.55
871	-17.45	27
872	-17.45	28
872	-17	28.45
872	-16.55	28
872	-17	27.55
872	-17.45	28
873	-17.45	29
873	-17	29.45
873	-16.55	29
873	-17	28.55
873	-17.45	29
874	-17.45	3
874	-17	3.45
874	-16.55	3
874	-17	2.55
874	-17.45	3
875	-17.45	30
875	-17	30.45
875	-16.55	30
875	-17	29.55
875	-17.45	30
876	-17.45	31
876	-17	31.45
876	-16.55	31
876	-17	30.55
876	-17.45	31
877	-17.45	32
877	-17	32.45
877	-16.55	32
877	-17	31.55
877	-17.45	32
878	-17.45	33
878	-17	33.45
878	-16.55	33
878	-17	32.55
878	-17.45	33
879	-17.45	34
879	-17	34.45
879	-16.55	34
879	-17	33.55
879	-17.45	34
880	-17.45	35
880	-17	35.45
880	-16.55	35
880	-17	34.55
880	-17.45	35
881	-17.45	36
881	-17	36.45
881	-16.55	36
881	-17	35.55
881	-17.45	36
882	-17.45	37
882	-17	37.45
882	-16.55	37
882	-17	36.55
882	-17.45	37
883	-17.45	38
883	-17	38.45
883	-16.55	38
883	-17	37.55
883	-17.45	38
884	-17.45	39
884	-17	39.45
884	-16.55	39
884	-17	38.55
884	-17.45	39
885	-17.45	4
885	-17	4.45
885	-16.55	4
885	-17	3.55
885	-17.45	4
886	-17.45	40
886	-17	40.45
886	-16.55	40
886	-17	39.55
886	-17.45	40
887	-17.45	41
887	-17	41.45
887	-16.55	41
887	-17	40.55
887	-17.45	41
888	-17.45	42
888	-17	42.45
888	-16.55	42
888	-17	41.55
888	-17.45	42
889	-17.45	43
889	-17	43.45
889	-16.55	43
889	-17	42.55
889	-17.45	43
890	-17.45	44
890	-17	44.45
890	-16.55	44
890	-17	43.55
890	-17.45	44
891	-17.45	45
891	-17	45.45
891	-16.55	45
891	-17	44.55
891	-17.45	45
892	-17.45	46
892	-17	46.45
892	-16.55	46
892	-17	45.55
892	-17.45	46
893	-17.45	47
893	-17	47.45
893	-16.55	47
893	-17	46.55
893	-17.45	47
894	-17.45	48
894	-17	48.45
894	-16.55	48
894	-17	47.55
894	-17.45	48
895	-17.45	49
895	-17	49.45
895	-16.55	49
895	-17	48.55
895	-17.45	49
896	-17.45	5
896	-17	5.45
896	-16.55	5
896	-17	4.55
896	-17.45	5
897	-17.45	6
897	-17	6.45
897	-16.55	6
897	-17	5.55
897	-17.45	6
898	-17.45	7
898	-17	7.45
898	-16.55	7
898	-17	6.55
898	-17.45	7
899	-17.45	8
899	-17	8.45
899	-16.55	8
899	-17	7.55
899	-17.45	8
900	-17.45	9
900	-17	9.45
900	-16.55	9
900	-17	8.55
900	-17.45	9
901	-17.95	-0.5
901	-17.5	-0.05
901	-17.05	-0.5
901	-17.5	-0.95
901	-17.95	-0.5
902	-17.95	0.5
902	-17.5	0.95
902	-17.05	0.5
902	-17.5	0.05
902	-17.95	0.5
903	-17.95	1.5
903	-17.5	1.95
903	-17.05	1.5
903	-17.5	1.05
903	-17.95	1.5
904	-17.95	10.5
904	-17.5	10.95
904	-17.05	10.5
904	-17.5	10.05
904	-17.95	10.5
905	-17.95	11.5
905	-17.5	11.95
905	-17.05	11.5
905	-17.5	11.05
905	-17.95	11.5
906	-17.95	12.5
906	-17.5	12.95
906	-17.05	12.5
906	-17.5	12.05
906	-17.95	12.5
907	-17.95	13.5
907	-17.5	13.95
907	-17.05	13.5
907	-17.5	13.05
907	-17.95	13.5
908	-17.95	14.5
908	-17.5	14.95
908	-17.05	14.5
908	-17.5	14.05
908	-17.95	14.5
909	-17.95	15.5
909	-17.5	15.95
909	-17.05	15.5
909	-17.5	15.05
909	-17.95	15.5
910	-17.95	16.5
910	-17.5	16.95
910	-17.05	16.5
910	-17.5	16.05
910	-17.95	16.5
911	-17.95	17.5
911	-17.5	17.95
911	-17.05	17.5
911	-17.5	17.05
911	-17.95	17.5
912	-17.95	18.5
912	-17.5	18.95
912	-17.05	18.5
912	-17.5	18.05
912	-17.95	18.5
913	-17.95	19.5
913	-17.5	19.95
913	-17.05	19.5
913	-17.5	19.05
913	-17.95	19.5
914	-17.95	2.5
914	-17.5	2.95
914	-17.05	2.5
914	-17.5	2.05
914	-17.95	2.5
915	-17.95	20.5
915	-17.5	20.95
915	-17.05	20.5
915	-17.5	20.05
915	-17.95	20.5
916	-17.95	21.5
916	-17.5	21.95
916	-17.05	21.5
916	-17.5	21.05
916	-17.95	21.5
917	-17.95	22.5
917	-17.5	22.95
917	-17.05	22.5
917	-17.5	22.05
917	-17.95	22.5
918	-17.95	23.5
918	-17.5	23.95
918	-17.05	23.5
918	-17.5	23.05
918	-17.95	23.5
919	-17.95	24.5
919	-17.5	24.95
919	-17.05	24.5
919	-17.5	24.05
919	-17.95	24.5
920	-17.95	25.5
920	-17.5	25.95
920	-17.05	25.5
920	-17.5	25.05
920	-17.95	25.5
921	-17.95	26.5
921	-17.5	26.95
921	-17.05	26.5
921	-17.5	26.05
921	-17.95	26.5
922	-17.95	27.5
922	-17.5	27.95
922	-17.05	27.5
922	-17.5	27.05
922	-17.95	27.5
923	-17.95	28.5
923	-17.5	28.95
923	-17.05	28.5
923	-17.5	28.05
923	-17.95	28.5
924	-17.95	29.5
924	-17.5	29.95
924	-17.05	29.5
924	-17.5	29.05
924	-17.95	29.5
925	-17.95	3.5
925	-17.5	3.95
925	-17.05	3.5
925	-17.5	3.05
925	-17.95	3.5
926	-17.95	30.5
926	-17.5	30.95
926	-17.05	30.5
926	-17.5	30.05
926	-17.95	30.5
927	-17.95	31.5
927	-17.5	31.95
927	-17.05	31.5
927	-17.5	31.05
927	-17.95	31.5
928	-17.95	32.5
928	-17.5	32.95
928	-17.05	32.5
928	-17.5	32.05
928	-17.95	32.5
929	-17.95	33.5
929	-17.5	33.95
929	-17.05	33.5
929	-17.5	33.05
929	-17.95	33.5
930	-17.95	34.5
930	-17.5	34.95
930	-17.05	34.5
930	-17.5	34.05
930	-17.95	34.5
931	-17.95	35.5
931	-17.5	35.95
931	-17.05	35.5
931	-17.5	35.05
931	-17.95	35.5
932	-17.95	36.5
932	-17.5	36.95
932	-17.05	36.5
932	-17.5	36.05
932	-17.95	36.5
933	-17.95	37.5
933	-17.5	37.95
933	-17.05	37.5
933	-17.5	37.05
933	-17.95	37.5
934	-17.95	38.5
934	-17.5	38.95
934	-17.05	38.5
934	-17.5	38.05
934	-17.95	38.5
935	-17.95	39.5
935	-17.5	39.95
935	-17.05	39.5
935	-17.5	39.05
935	-17.95	39.5
936	-17.95	4.5
936	-17.5	4.95
936	-17.05	4.5
936	-17.5	4.05
936	-17.95	4.5
937	-17.95	40.5
937	-17.5	40.95
937	-17.05	40.5
937	-17.5	40.05
937	-17.95	40.5
938	-17.95	41.5
938	-17.5	41.95
938	-17.05	41.5
938	-17.5	41.05
938	-17.95	41.5
939	-17.95	42.5
939	-17.5	42.95
939	-17.05	42.5
939	-17.5	42.05
939	-17.95	42.5
940	-17.95	43.5
940	-17.5	43.95
940	-17.05	43.5
940	-17.5	43.05
940	-17.95	43.5
941	-17.95	44.5
941	-17.5	44.95
941	-17.05	44.5
941	-17.5	44.05
941	-17.95	44.5
942	-17.95	45.5
942	-17.5	45.95
942	-17.05	45.5
942	-17.5	45.05
942	-17.95	45.5
943	-17.95	46.5
943	-17.5	46.95
943	-17.05	46.5
943	-17.5	46.05
943	-17.95	46.5
944	-17.95	47.5
944	-17.5	47.95
944	-17.05	47.5
944	-17.5	47.05
944	-17.95	47.5
945	-17.95	48.5
945	-17.5	48.95
945	-17.05	48.5
945	-17.5	48.05
945	-17.95	48.5
946	-17.95	5.5
946	-17.5	5.95
946	-17.05	5.5
946	-17.5	5.05
946	-17.95	5.5
947	-17.95	6.5
947	-17.5	6.95
947	-17.05	6.5
947	-17.5	6.05
947	-17.95	6.5
948	-17.95	7.5
948	-17.5	7.95
948	-17.05	7.5
948	-17.5	7.05
948	-17.95	7.5
949	-17.95	8.5
949	-17.5	8.95
949	-17.05	8.5
949	-17.5	8.05
949	-17.95	8.5
950	-17.95	9.5
950	-17.5	9.95
950	-17.05	9.5
950	-17.5	9.05
950	-17.95	9.5
951	-18.45	0
951	-18	0.45
951	-17.55	0
951	-18	-0.45
951	-18.45	0
952	-18.45	1
952	-18	1.45
952	-17.55	1
952	-18	0.55
952	-18.45	1
953	-18.45	10
953	-18	10.45
953	-17.55	10
953	-18	9.55
953	-18.45	10
954	-18.45	11
954	-18	11.45
954	-17.55	11
954	-18	10.55
954	-18.45	11
955	-18.45	12
955	-18	12.45
955	-17.55	12
955	-18	11.55
955	-18.45	12
956	-18.45	13
956	-18	13.45
956	-17.55	13
956	-18	12.55
956	-18.45	13
957	-18.45	14
957	-18	14.45
957	-17.55	14
957	-18	13.55
957	-18.45	14
958	-18.45	15
958	-18	15.45
958	-17.55	15
958	-18	14.55
958	-18.45	15
959	-18.45	16
959	-18	16.45
959	-17.55	16
959	-18	15.55
959	-18.45	16
960	-18.45	17
960	-18	17.45
960	-17.55	17
960	-18	16.55
960	-18.45	17
961	-18.45	18
961	-18	18.45
961	-17.55	18
961	-18	17.55
961	-18.45	18
962	-18.45	19
962	-18	19.45
962	-17.55	19
962	-18	18.55
962	-18.45	19
963	-18.45	2
963	-18	2.45
963	-17.55	2
963	-18	1.55
963	-18.45	2
964	-18.45	20
964	-18	20.45
964	-17.55	20
964	-18	19.55
964	-18.45	20
965	-18.45	21
965	-18	21.45
965	-17.55	21
965	-18	20.55
965	-18.45	21
966	-18.45	22
966	-18	22.45
966	-17.55	22
966	-18	21.55
966	-18.45	22
967	-18.45	23
967	-18	23.45
967	-17.55	23
967	-18	22.55
967	-18.45	23
968	-18.45	24
968	-18	24.45
968	-17.55	24
968	-18	23.55
968	-18.45	24
969	-18.45	25
969	-18	25.45
969	-17.55	25
969	-18	24.55
969	-18.45	25
970	-18.45	26
970	-18	26.45
970	-17.55	26
970	-18	25.55
970	-18.45	26
971	-18.45	27
971	-18	27.45
971	-17.55	27
971	-18	26.55
971	-18.45	27
972	-18.45	28
972	-18	28.45
972	-17.55	28
972	-18	27.55
972	-18.45	28
973	-18.45	29
973	-18	29.45
973	-17.55	29
973	-18	28.55
973	-18.45	29
974	-18.45	3
974	-18	3.45
974	-17.55	3
974	-18	2.55
974	-18.45	3
975	-18.45	30
975	-18	30.45
975	-17.55	30
975	-18	29.55
975	-18.45	30
976	-18.45	31
976	-18	31.45
976	-17.55	31
976	-18	30.55
976	-18.45	31
977	-18.45	32
977	-18	32.45
977	-17.55	32
977	-18	31.55
977	-18.45	32
978	-18.45	33
978	-18	33.45
978	-17.55	33
978	-18	32.55
978	-18.45	33
979	-18.45	34
979	-18	34.45
979	-17.55	34
979	-18	33.55
979	-18.45	34
980	-18.45	35
980	-18	35.45
980	-17.55	35
980	-18	34.55
980	-18.45	35
981	-18.45	36
981	-18	36.45
981	-17.55	36
981	-18	35.55
981	-18.45	36
982	-18.45	37
982	-18	37.45
982	-17.55	37
982	-18	36.55
982	-18.45	37
983	-18.45	38
983	-18	38.45
983	-17.55	38
983	-18	37.55
983	-18.45	38
984	-18.45	39
984	-18	39.45
984	-17.55	39
984	-18	38.55
984	-18.45	39
985	-18.45	4
985	-18	4.45
985	-17.55	4
985	-18	3.55
985	-18.45	4
986	-18.45	40
986	-18	40.45
986	-17.55	40
986	-18	39.55
986	-18.45	40
987	-18.45	41
987	-18	41.45
987	-17.55	41
987	-18	40.55
987	-18.45	41
988	-18.45	42
988	-18	42.45
988	-17.55	42
988	-18	41.55
988	-18.45	42
989	-18.45	43
989	-18	43.45
989	-17.55	43
989	-18	42.55
989	-18.45	43
990	-18.45	44
990	-18	44.45
990	-17.55	44
990	-18	43.55
990	-18.45	44
991	-18.45	45
991	-18	45.45
991	-17.55	45
991	-18	44.55
991	-18.45	45
992	-18.45	46
992	-18	46.45
992	-17.55	46
992	-18	45.55
992	-18.45	46
993	-18.45	47
993	-18	47.45
993	-17.55	47
993	-18	46.55
993	-18.45	47
994	-18.45	48
994	-18	48.45
994	-17.55	48
994	-18	47.55
994	-18.45	48
995	-18.45	49
995	-18	49.45
995	-17.55	49
995	-18	48.55
995	-18.45	49
996	-18.45	5
996	-18	5.45
996	-17.55	5
996	-18	4.55
996	-18.45	5
997	-18.45	6
997	-18	6.45
997	-17.55	6
997	-18	5.55
997	-18.45	6
998	-18.45	7
998	-18	7.45
998	-17.55	7
998	-18	6.55
998	-18.45	7
999	-18.45	8
999	-18	8.45
999	-17.55	8
999	-18	7.55
999	-18.45	8
1000	-18.45	9
1000	-18	9.45
1000	-17.55	9
1000	-18	8.55
1000	-18.45	9
1001	-18.95	-0.5
1001	-18.5	-0.05
1001	-18.05	-0.5
1001	-18.5	-0.95
1001	-18.95	-0.5
1002	-18.95	0.5
1002	-18.5	0.95
1002	-18.05	0.5
1002	-18.5	0.05
1002	-18.95	0.5
1003	-18.95	1.5
1003	-18.5	1.95
1003	-18.05	1.5
1003	-18.5	1.05
1003	-18.95	1.5
1004	-18.95	10.5
1004	-18.5	10.95
1004	-18.05	10.5
1004	-18.5	10.05
1004	-18.95	10.5
1005	-18.95	11.5
1005	-18.5	11.95
1005	-18.05	11.5
1005	-18.5	11.05
1005	-18.95	11.5
1006	-18.95	12.5
1006	-18.5	12.95
1006	-18.05	12.5
1006	-18.5	12.05
1006	-18.95	12.5
1007	-18.95	13.5
1007	-18.5	13.95
1007	-18.05	13.5
1007	-18.5	13.05
1007	-18.95	13.5
1008	-18.95	14.5
1008	-18.5	14.95
1008	-18.05	14.5
1008	-18.5	14.05
1008	-18.95	14.5
1009	-18.95	15.5
1009	-18.5	15.95
1009	-18.05	15.5
1009	-18.5	15.05
1009	-18.95	15.5
1010	-18.95	16.5
1010	-18.5	16.95
1010	-18.05	16.5
1010	-18.5	16.05
1010	-18.95	16.5
1011	-18.95	17.5
1011	-18.5	17.95
1011	-18.05	17.5
1011	-18.5	17.05
1011	-18.95	17.5
1012	-18.95	18.5
1012	-18.5	18.95
1012	-18.05	18.5
1012	-18.5	18.05
1012	-18.95	18.5
1013	-18.95	19.5
1013	-18.5	19.95
1013	-18.05	19.5
1013	-18.5	19.05
1013	-18.95	19.5
1014	-18.95	2.5
1014	-18.5	2.95
1014	-18.05	2.5
1014	-18.5	2.05
1014	-18.95	2.5
1015	-18.95	20.5
1015	-18.5	20.95
1015	-18.05	20.5
1015	-18.5	20.05
1015	-18.95	20.5
1016	-18.95	21.5
1016	-18.5	21.95
1016	-18.05	21.5
1016	-18.5	21.05
1016	-18.95	21.5
1017	-18.95	22.5
1017	-18.5	22.95
1017	-18.05	22.5
1017	-18.5	22.05
1017	-18.95	22.5
1018	-18.95	23.5
1018	-18.5	23.95
1018	-18.05	23.5
1018	-18.5	23.05
1018	-18.95	23.5
1019	-18.95	24.5
1019	-18.5	24.95
1019	-18.05	24.5
1019	-18.5	24.05
1019	-18.95	24.5
1020	-18.95	25.5
1020	-18.5	25.95
1020	-18.05	25.5
1020	-18.5	25.05
1020	-18.95	25.5
1021	-18.95	26.5
1021	-18.5	26.95
1021	-18.05	26.5
1021	-18.5	26.05
1021	-18.95	26.5
1022	-18.95	27.5
1022	-18.5	27.95
1022	-18.05	27.5
1022	-18.5	27.05
1022	-18.95	27.5
1023	-18.95	28.5
1023	-18.5	28.95
1023	-18.05	28.5
1023	-18.5	28.05
1023	-18.95	28.5
1024	-18.95	29.5
1024	-18.5	29.95
1024	-18.05	29.5
1024	-18.5	29.05
1024	-18.95	29.5
1025	-18.95	3.5
1025	-18.5	3.95
1025	-18.05	3.5
1025	-18.5	3.05
1025	-18.95	3.5
1026	-18.95	30.5
1026	-18.5	30.95
1026	-18.05	30.5
1026	-18.5	30.05
1026	-18.95	30.5
1027	-18.95	31.5
1027	-18.5	31.95
1027	-18.05	31.5
1027	-18.5	31.05
1027	-18.95	31.5
1028	-18.95	32.5
1028	-18.5	32.95
1028	-18.05	32.5
1028	-18.5	32.05
1028	-18.95	32.5
1029	-18.95	33.5
1029	-18.5	33.95
1029	-18.05	33.5
1029	-18.5	33.05
1029	-18.95	33.5
1030	-18.95	34.5
1030	-18.5	34.95
1030	-18.05	34.5
1030	-18.5	34.05
1030	-18.95	34.5
1031	-18.95	35.5
1031	-18.5	35.95
1031	-18.05	35.5
1031	-18.5	35.05
1031	-18.95	35.5
1032	-18.95	36.5
1032	-18.5	36.95
1032	-18.05	36.5
1032	-18.5	36.05
1032	-18.95	36.5
1033	-18.95	37.5
1033	-18.5	37.95
1033	-18.05	37.5
1033	-18.5	37.05
1033	-18.95	37.5
1034	-18.95	38.5
1034	-18.5	38.95
1034	-18.05	38.5
1034	-18.5	38.05
1034	-18.95	38.5
1035	-18.95	39.5
1035	-18.5	39.95
1035	-18.05	39.5
1035	-18.5	39.05
1035	-18.95	39.5
1036	-18.95	4.5
1036	-18.5	4.95
1036	-18.05	4.5
1036	-18.5	4.05
1036	-18.95	4.5
1037	-18.95	40.5
1037	-18.5	40.95
1037	-18.05	40.5
1037	-18.5	40.05
1037	-18.95	40.5
1038	-18.95	41.5
1038	-18.5	41.95
1038	-18.05	41.5
1038	-18.5	41.05
1038	-18.95	41.5
1039	-18.95	42.5
1039	-18.5	42.95
1039	-18.05	42.5
1039	-18.5	42.05
1039	-18.95	42.5
1040	-18.95	43.5
1040	-18.5	43.95
1040	-18.05	43.5
1040	-18.5	43.05
1040	-18.95	43.5
1041	-18.95	44.5
1041	-18.5	44.95
1041	-18.05	44.5
1041	-18.5	44.05
1041	-18.95	44.5
1042	-18.95	45.5
1042	-18.5	45.95
1042	-18.05	45.5
1042	-18.5	45.05
1042	-18.95	45.5
1043	-18.95	46.5
1043	-18.5	46.95
1043	-18.05	46.5
1043	-18.5	46.05
1043	-18.95	46.5
1044	-18.95	47.5
1044	-18.5	47.95
1044	-18.05	47.5
1044	-18.5	47.05
1044	-18.95	47.5
1045	-18.95	48.5
1045	-18.5	48.95
1045	-18.05	48.5
1045	-18.5	48.05
1045	-18.95	48.5
1046	-18.95	5.5
1046	-18.5	5.95
1046	-18.05	5.5
1046	-18.5	5.05
1046	-18.95	5.5
1047	-18.95	6.5
1047	-18.5	6.95
1047	-18.05	6.5
1047	-18.5	6.05
1047	-18.95	6.5
1048	-18.95	7.5
1048	-18.5	7.95
1048	-18.05	7.5
1048	-18.5	7.05
1048	-18.95	7.5
1049	-18.95	8.5
1049	-18.5	8.95
1049	-18.05	8.5
1049	-18.5	8.05
1049	-18.95	8.5
1050	-18.95	9.5
1050	-18.5	9.95
1050	-18.05	9.5
1050	-18.5	9.05
1050	-18.95	9.5
1051	-19.45	0
1051	-19	0.45
1051	-18.55	0
1051	-19	-0.45
1051	-19.45	0
1052	-19.45	1
1052	-19	1.45
1052	-18.55	1
1052	-19	0.55
1052	-19.45	1
1053	-19.45	10
1053	-19	10.45
1053	-18.55	10
1053	-19	9.55
1053	-19.45	10
1054	-19.45	11
1054	-19	11.45
1054	-18.55	11
1054	-19	10.55
1054	-19.45	11
1055	-19.45	12
1055	-19	12.45
1055	-18.55	12
1055	-19	11.55
1055	-19.45	12
1056	-19.45	13
1056	-19	13.45
1056	-18.55	13
1056	-19	12.55
1056	-19.45	13
1057	-19.45	14
1057	-19	14.45
1057	-18.55	14
1057	-19	13.55
1057	-19.45	14
1058	-19.45	15
1058	-19	15.45
1058	-18.55	15
1058	-19	14.55
1058	-19.45	15
1059	-19.45	16
1059	-19	16.45
1059	-18.55	16
1059	-19	15.55
1059	-19.45	16
1060	-19.45	17
1060	-19	17.45
1060	-18.55	17
1060	-19	16.55
1060	-19.45	17
1061	-19.45	18
1061	-19	18.45
1061	-18.55	18
1061	-19	17.55
1061	-19.45	18
1062	-19.45	19
1062	-19	19.45
1062	-18.55	19
1062	-19	18.55
1062	-19.45	19
1063	-19.45	2
1063	-19	2.45
1063	-18.55	2
1063	-19	1.55
1063	-19.45	2
1064	-19.45	20
1064	-19	20.45
1064	-18.55	20
1064	-19	19.55
1064	-19.45	20
1065	-19.45	21
1065	-19	21.45
1065	-18.55	21
1065	-19	20.55
1065	-19.45	21
1066	-19.45	22
1066	-19	22.45
1066	-18.55	22
1066	-19	21.55
1066	-19.45	22
1067	-19.45	23
1067	-19	23.45
1067	-18.55	23
1067	-19	22.55
1067	-19.45	23
1068	-19.45	24
1068	-19	24.45
1068	-18.55	24
1068	-19	23.55
1068	-19.45	24
1069	-19.45	25
1069	-19	25.45
1069	-18.55	25
1069	-19	24.55
1069	-19.45	25
1070	-19.45	26
1070	-19	26.45
1070	-18.55	26
1070	-19	25.55
1070	-19.45	26
1071	-19.45	27
1071	-19	27.45
1071	-18.55	27
1071	-19	26.55
1071	-19.45	27
1072	-19.45	28
1072	-19	28.45
1072	-18.55	28
1072	-19	27.55
1072	-19.45	28
1073	-19.45	29
1073	-19	29.45
1073	-18.55	29
1073	-19	28.55
1073	-19.45	29
1074	-19.45	3
1074	-19	3.45
1074	-18.55	3
1074	-19	2.55
1074	-19.45	3
1075	-19.45	30
1075	-19	30.45
1075	-18.55	30
1075	-19	29.55
1075	-19.45	30
1076	-19.45	31
1076	-19	31.45
1076	-18.55	31
1076	-19	30.55
1076	-19.45	31
1077	-19.45	32
1077	-19	32.45
1077	-18.55	32
1077	-19	31.55
1077	-19.45	32
1078	-19.45	33
1078	-19	33.45
1078	-18.55	33
1078	-19	32.55
1078	-19.45	33
1079	-19.45	34
1079	-19	34.45
1079	-18.55	34
1079	-19	33.55
1079	-19.45	34
1080	-19.45	35
1080	-19	35.45
1080	-18.55	35
1080	-19	34.55
1080	-19.45	35
1081	-19.45	36
1081	-19	36.45
1081	-18.55	36
1081	-19	35.55
1081	-19.45	36
1082	-19.45	37
1082	-19	37.45
1082	-18.55	37
1082	-19	36.55
1082	-19.45	37
1083	-19.45	38
1083	-19	38.45
1083	-18.55	38
1083	-19	37.55
1083	-19.45	38
1084	-19.45	39
1084	-19	39.45
1084	-18.55	39
1084	-19	38.55
1084	-19.45	39
1085	-19.45	4
1085	-19	4.45
1085	-18.55	4
1085	-19	3.55
1085	-19.45	4
1086	-19.45	40
1086	-19	40.45
1086	-18.55	40
1086	-19	39.55
1086	-19.45	40
1087	-19.45	41
1087	-19	41.45
1087	-18.55	41
1087	-19	40.55
1087	-19.45	41
1088	-19.45	42
1088	-19	42.45
1088	-18.55	42
1088	-19	41.55
1088	-19.45	42
1089	-19.45	43
1089	-19	43.45
1089	-18.55	43
1089	-19	42.55
1089	-19.45	43
1090	-19.45	44
1090	-19	44.45
1090	-18.55	44
1090	-19	43.55
1090	-19.45	44
1091	-19.45	45
1091	-19	45.45
1091	-18.55	45
1091	-19	44.55
1091	-19.45	45
1092	-19.45	46
1092	-19	46.45
1092	-18.55	46
1092	-19	45.55
1092	-19.45	46
1093	-19.45	47
1093	-19	47.45
1093	-18.55	47
1093	-19	46.55
1093	-19.45	47
1094	-19.45	48
1094	-19	48.45
1094	-18.55	48
1094	-19	47.55
1094	-19.45	48
1095	-19.45	49
1095	-19	49.45
1095	-18.55	49
1095	-19	48.55
1095	-19.45	49
1096	-19.45	5
1096	-19	5.45
1096	-18.55	5
1096	-19	4.55
1096	-19.45	5
1097	-19.45	6
1097	-19	6.45
1097	-18.55	6
1097	-19	5.55
1097	-19.45	6
1098	-19.45	7
1098	-19	7.45
1098	-18.55	7
1098	-19	6.55
1098	-19.45	7
1099	-19.45	8
1099	-19	8.45
1099	-18.55	8
1099	-19	7.55
1099	-19.45	8
1100	-19.45	9
1100	-19	9.45
1100	-18.55	9
1100	-19	8.55
1100	-19.45	9
1101	-19.95	-0.5
1101	-19.5	-0.05
1101	-19.05	-0.5
1101	-19.5	-0.95
1101	-19.95	-0.5
1102	-19.95	0.5
1102	-19.5	0.95
1102	-19.05	0.5
1102	-19.5	0.05
1102	-19.95	0.5
1103	-19.95	1.5
1103	-19.5	1.95
1103	-19.05	1.5
1103	-19.5	1.05
1103	-19.95	1.5
1104	-19.95	10.5
1104	-19.5	10.95
1104	-19.05	10.5
1104	-19.5	10.05
1104	-19.95	10.5
1105	-19.95	11.5
1105	-19.5	11.95
1105	-19.05	11.5
1105	-19.5	11.05
1105	-19.95	11.5
1106	-19.95	12.5
1106	-19.5	12.95
1106	-19.05	12.5
1106	-19.5	12.05
1106	-19.95	12.5
1107	-19.95	13.5
1107	-19.5	13.95
1107	-19.05	13.5
1107	-19.5	13.05
1107	-19.95	13.5
1108	-19.95	14.5
1108	-19.5	14.95
1108	-19.05	14.5
1108	-19.5	14.05
1108	-19.95	14.5
1109	-19.95	15.5
1109	-19.5	15.95
1109	-19.05	15.5
1109	-19.5	15.05
1109	-19.95	15.5
1110	-19.95	16.5
1110	-19.5	16.95
1110	-19.05	16.5
1110	-19.5	16.05
1110	-19.95	16.5
1111	-19.95	17.5
1111	-19.5	17.95
1111	-19.05	17.5
1111	-19.5	17.05
1111	-19.95	17.5
1112	-19.95	18.5
1112	-19.5	18.95
1112	-19.05	18.5
1112	-19.5	18.05
1112	-19.95	18.5
1113	-19.95	19.5
1113	-19.5	19.95
1113	-19.05	19.5
1113	-19.5	19.05
1113	-19.95	19.5
1114	-19.95	2.5
1114	-19.5	2.95
1114	-19.05	2.5
1114	-19.5	2.05
1114	-19.95	2.5
1115	-19.95	20.5
1115	-19.5	20.95
1115	-19.05	20.5
1115	-19.5	20.05
1115	-19.95	20.5
1116	-19.95	21.5
1116	-19.5	21.95
1116	-19.05	21.5
1116	-19.5	21.05
1116	-19.95	21.5
1117	-19.95	22.5
1117	-19.5	22.95
1117	-19.05	22.5
1117	-19.5	22.05
1117	-19.95	22.5
1118	-19.95	23.5
1118	-19.5	23.95
1118	-19.05	23.5
1118	-19.5	23.05
1118	-19.95	23.5
1119	-19.95	24.5
1119	-19.5	24.95
1119	-19.05	24.5
1119	-19.5	24.05
1119	-19.95	24.5
1120	-19.95	25.5
1120	-19.5	25.95
1120	-19.05	25.5
1120	-19.5	25.05
1120	-19.95	25.5
1121	-19.95	26.5
1121	-19.5	26.95
1121	-19.05	26.5
1121	-19.5	26.05
1121	-19.95	26.5
1122	-19.95	27.5
1122	-19.5	27.95
1122	-19.05	27.5
1122	-19.5	27.05
1122	-19.95	27.5
1123	-19.95	28.5
1123	-19.5	28.95
1123	-19.05	28.5
1123	-19.5	28.05
1123	-19.95	28.5
1124	-19.95	29.5
1124	-19.5	29.95
1124	-19.05	29.5
1124	-19.5	29.05
1124	-19.95	29.5
1125	-19.95	3.5
1125	-19.5	3.95
1125	-19.05	3.5
1125	-19.5	3.05
1125	-19.95	3.5
1126	-19.95	30.5
1126	-19.5	30.95
1126	-19.05	30.5
1126	-19.5	30.05
1126	-19.95	30.5
1127	-19.95	31.5
1127	-19.5	31.95
1127	-19.05	31.5
1127	-19.5	31.05
1127	-19.95	31.5
1128	-19.95	32.5
1128	-19.5	32.95
1128	-19.05	32.5
1128	-19.5	32.05
1128	-19.95	32.5
1129	-19.95	33.5
1129	-19.5	33.95
1129	-19.05	33.5
1129	-19.5	33.05
1129	-19.95	33.5
1130	-19.95	34.5
1130	-19.5	34.95
1130	-19.05	34.5
1130	-19.5	34.05
1130	-19.95	34.5
1131	-19.95	35.5
1131	-19.5	35.95
1131	-19.05	35.5
1131	-19.5	35.05
1131	-19.95	35.5
1132	-19.95	36.5
1132	-19.5	36.95
1132	-19.05	36.5
1132	-19.5	36.05
1132	-19.95	36.5
1133	-19.95	37.5
1133	-19.5	37.95
1133	-19.05	37.5
1133	-19.5	37.05
1133	-19.95	37.5
1134	-19.95	38.5
1134	-19.5	38.95
1134	-19.05	38.5
1134	-19.5	38.05
1134	-19.95	38.5
1135	-19.95	39.5
1135	-19.5	39.95
1135	-19.05	39.5
1135	-19.5	39.05
1135	-19.95	39.5
1136	-19.95	4.5
1136	-19.5	4.95
1136	-19.05	4.5
1136	-19.5	4.05
1136	-19.95	4.5
1137	-19.95	40.5
1137	-19.5	40.95
1137	-19.05	40.5
1137	-19.5	40.05
1137	-19.95	40.5
1138	-19.95	41.5
1138	-19.5	41.95
1138	-19.05	41.5
1138	-19.5	41.05
1138	-19.95	41.5
1139	-19.95	42.5
1139	-19.5	42.95
1139	-19.05	42.5
1139	-19.5	42.05
1139	-19.95	42.5
1140	-19.95	43.5
1140	-19.5	43.95
1140	-19.05	43.5
1140	-19.5	43.05
1140	-19.95	43.5
1141	-19.95	44.5
1141	-19.5	44.95
1141	-19.05	44.5
1141	-19.5	44.05
1141	-19.95	44.5
1142	-19.95	45.5
1142	-19.5	45.95
1142	-19.05	45.5
1142	-19.5	45.05
1142	-19.95	45.5
1143	-19.95	46.5
1143	-19.5	46.95
1143	-19.05	46.5
1143	-19.5	46.05
1143	-19.95	46.5
1144	-19.95	47.5
1144	-19.5	47.95
1144	-19.05	47.5
1144	-19.5	47.05
1144	-19.95	47.5
1145	-19.95	48.5
1145	-19.5	48.95
1145	-19.05	48.5
1145	-19.5	48.05
1145	-19.95	48.5
1146	-19.95	5.5
1146	-19.5	5.95
1146	-19.05	5.5
1146	-19.5	5.05
1146	-19.95	5.5
1147	-19.95	6.5
1147	-19.5	6.95
1147	-19.05	6.5
1147	-19.5	6.05
1147	-19.95	6.5
1148	-19.95	7.5
1148	-19.5	7.95
1148	-19.05	7.5
1148	-19.5	7.05
1148	-19.95	7.5
1149	-19.95	8.5
1149	-19.5	8.95
1149	-19.05	8.5
1149	-19.5	8.05
1149	-19.95	8.5
1150	-19.95	9.5
1150	-19.5	9.95
1150	-19.05	9.5
1150	-19.5	9.05
1150	-19.95	9.5
1151	-2.45	0
1151	-2	0.45
1151	-1.55	0
1151	-2	-0.45
1151	-2.45	0
1152	-2.45	1
1152	-2	1.45
1152	-1.55	1
1152	-2	0.55
1152	-2.45	1
1153	-2.45	10
1153	-2	10.45
1153	-1.55	10
1153	-2	9.55
1153	-2.45	10
1154	-2.45	11
1154	-2	11.45
1154	-1.55	11
1154	-2	10.55
1154	-2.45	11
1155	-2.45	12
1155	-2	12.45
1155	-1.55	12
1155	-2	11.55
1155	-2.45	12
1156	-2.45	13
1156	-2	13.45
1156	-1.55	13
1156	-2	12.55
1156	-2.45	13
1157	-2.45	14
1157	-2	14.45
1157	-1.55	14
1157	-2	13.55
1157	-2.45	14
1158	-2.45	15
1158	-2	15.45
1158	-1.55	15
1158	-2	14.55
1158	-2.45	15
1159	-2.45	16
1159	-2	16.45
1159	-1.55	16
1159	-2	15.55
1159	-2.45	16
1160	-2.45	17
1160	-2	17.45
1160	-1.55	17
1160	-2	16.55
1160	-2.45	17
1161	-2.45	18
1161	-2	18.45
1161	-1.55	18
1161	-2	17.55
1161	-2.45	18
1162	-2.45	19
1162	-2	19.45
1162	-1.55	19
1162	-2	18.55
1162	-2.45	19
1163	-2.45	2
1163	-2	2.45
1163	-1.55	2
1163	-2	1.55
1163	-2.45	2
1164	-2.45	20
1164	-2	20.45
1164	-1.55	20
1164	-2	19.55
1164	-2.45	20
1165	-2.45	21
1165	-2	21.45
1165	-1.55	21
1165	-2	20.55
1165	-2.45	21
1166	-2.45	22
1166	-2	22.45
1166	-1.55	22
1166	-2	21.55
1166	-2.45	22
1167	-2.45	23
1167	-2	23.45
1167	-1.55	23
1167	-2	22.55
1167	-2.45	23
1168	-2.45	24
1168	-2	24.45
1168	-1.55	24
1168	-2	23.55
1168	-2.45	24
1169	-2.45	25
1169	-2	25.45
1169	-1.55	25
1169	-2	24.55
1169	-2.45	25
1170	-2.45	26
1170	-2	26.45
1170	-1.55	26
1170	-2	25.55
1170	-2.45	26
1171	-2.45	27
1171	-2	27.45
1171	-1.55	27
1171	-2	26.55
1171	-2.45	27
1172	-2.45	28
1172	-2	28.45
1172	-1.55	28
1172	-2	27.55
1172	-2.45	28
1173	-2.45	29
1173	-2	29.45
1173	-1.55	29
1173	-2	28.55
1173	-2.45	29
1174	-2.45	3
1174	-2	3.45
1174	-1.55	3
1174	-2	2.55
1174	-2.45	3
1175	-2.45	30
1175	-2	30.45
1175	-1.55	30
1175	-2	29.55
1175	-2.45	30
1176	-2.45	31
1176	-2	31.45
1176	-1.55	31
1176	-2	30.55
1176	-2.45	31
1177	-2.45	32
1177	-2	32.45
1177	-1.55	32
1177	-2	31.55
1177	-2.45	32
1178	-2.45	33
1178	-2	33.45
1178	-1.55	33
1178	-2	32.55
1178	-2.45	33
1179	-2.45	34
1179	-2	34.45
1179	-1.55	34
1179	-2	33.55
1179	-2.45	34
1180	-2.45	35
1180	-2	35.45
1180	-1.55	35
1180	-2	34.55
1180	-2.45	35
1181	-2.45	36
1181	-2	36.45
1181	-1.55	36
1181	-2	35.55
1181	-2.45	36
1182	-2.45	37
1182	-2	37.45
1182	-1.55	37
1182	-2	36.55
1182	-2.45	37
1183	-2.45	38
1183	-2	38.45
1183	-1.55	38
1183	-2	37.55
1183	-2.45	38
1184	-2.45	39
1184	-2	39.45
1184	-1.55	39
1184	-2	38.55
1184	-2.45	39
1185	-2.45	4
1185	-2	4.45
1185	-1.55	4
1185	-2	3.55
1185	-2.45	4
1186	-2.45	40
1186	-2	40.45
1186	-1.55	40
1186	-2	39.55
1186	-2.45	40
1187	-2.45	41
1187	-2	41.45
1187	-1.55	41
1187	-2	40.55
1187	-2.45	41
1188	-2.45	42
1188	-2	42.45
1188	-1.55	42
1188	-2	41.55
1188	-2.45	42
1189	-2.45	43
1189	-2	43.45
1189	-1.55	43
1189	-2	42.55
1189	-2.45	43
1190	-2.45	44
1190	-2	44.45
1190	-1.55	44
1190	-2	43.55
1190	-2.45	44
1191	-2.45	45
1191	-2	45.45
1191	-1.55	45
1191	-2	44.55
1191	-2.45	45
1192	-2.45	46
1192	-2	46.45
1192	-1.55	46
1192	-2	45.55
1192	-2.45	46
1193	-2.45	47
1193	-2	47.45
1193	-1.55	47
1193	-2	46.55
1193	-2.45	47
1194	-2.45	48
1194	-2	48.45
1194	-1.55	48
1194	-2	47.55
1194	-2.45	48
1195	-2.45	49
1195	-2	49.45
1195	-1.55	49
1195	-2	48.55
1195	-2.45	49
1196	-2.45	5
1196	-2	5.45
1196	-1.55	5
1196	-2	4.55
1196	-2.45	5
1197	-2.45	6
1197	-2	6.45
1197	-1.55	6
1197	-2	5.55
1197	-2.45	6
1198	-2.45	7
1198	-2	7.45
1198	-1.55	7
1198	-2	6.55
1198	-2.45	7
1199	-2.45	8
1199	-2	8.45
1199	-1.55	8
1199	-2	7.55
1199	-2.45	8
1200	-2.45	9
1200	-2	9.45
1200	-1.55	9
1200	-2	8.55
1200	-2.45	9
1201	-2.95	-0.5
1201	-2.5	-0.05
1201	-2.05	-0.5
1201	-2.5	-0.95
1201	-2.95	-0.5
1202	-2.95	0.5
1202	-2.5	0.95
1202	-2.05	0.5
1202	-2.5	0.05
1202	-2.95	0.5
1203	-2.95	1.5
1203	-2.5	1.95
1203	-2.05	1.5
1203	-2.5	1.05
1203	-2.95	1.5
1204	-2.95	10.5
1204	-2.5	10.95
1204	-2.05	10.5
1204	-2.5	10.05
1204	-2.95	10.5
1205	-2.95	11.5
1205	-2.5	11.95
1205	-2.05	11.5
1205	-2.5	11.05
1205	-2.95	11.5
1206	-2.95	12.5
1206	-2.5	12.95
1206	-2.05	12.5
1206	-2.5	12.05
1206	-2.95	12.5
1207	-2.95	13.5
1207	-2.5	13.95
1207	-2.05	13.5
1207	-2.5	13.05
1207	-2.95	13.5
1208	-2.95	14.5
1208	-2.5	14.95
1208	-2.05	14.5
1208	-2.5	14.05
1208	-2.95	14.5
1209	-2.95	15.5
1209	-2.5	15.95
1209	-2.05	15.5
1209	-2.5	15.05
1209	-2.95	15.5
1210	-2.95	16.5
1210	-2.5	16.95
1210	-2.05	16.5
1210	-2.5	16.05
1210	-2.95	16.5
1211	-2.95	17.5
1211	-2.5	17.95
1211	-2.05	17.5
1211	-2.5	17.05
1211	-2.95	17.5
1212	-2.95	18.5
1212	-2.5	18.95
1212	-2.05	18.5
1212	-2.5	18.05
1212	-2.95	18.5
1213	-2.95	19.5
1213	-2.5	19.95
1213	-2.05	19.5
1213	-2.5	19.05
1213	-2.95	19.5
1214	-2.95	2.5
1214	-2.5	2.95
1214	-2.05	2.5
1214	-2.5	2.05
1214	-2.95	2.5
1215	-2.95	20.5
1215	-2.5	20.95
1215	-2.05	20.5
1215	-2.5	20.05
1215	-2.95	20.5
1216	-2.95	21.5
1216	-2.5	21.95
1216	-2.05	21.5
1216	-2.5	21.05
1216	-2.95	21.5
1217	-2.95	22.5
1217	-2.5	22.95
1217	-2.05	22.5
1217	-2.5	22.05
1217	-2.95	22.5
1218	-2.95	23.5
1218	-2.5	23.95
1218	-2.05	23.5
1218	-2.5	23.05
1218	-2.95	23.5
1219	-2.95	24.5
1219	-2.5	24.95
1219	-2.05	24.5
1219	-2.5	24.05
1219	-2.95	24.5
1220	-2.95	25.5
1220	-2.5	25.95
1220	-2.05	25.5
1220	-2.5	25.05
1220	-2.95	25.5
1221	-2.95	26.5
1221	-2.5	26.95
1221	-2.05	26.5
1221	-2.5	26.05
1221	-2.95	26.5
1222	-2.95	27.5
1222	-2.5	27.95
1222	-2.05	27.5
1222	-2.5	27.05
1222	-2.95	27.5
1223	-2.95	28.5
1223	-2.5	28.95
1223	-2.05	28.5
1223	-2.5	28.05
1223	-2.95	28.5
1224	-2.95	29.5
1224	-2.5	29.95
1224	-2.05	29.5
1224	-2.5	29.05
1224	-2.95	29.5
1225	-2.95	3.5
1225	-2.5	3.95
1225	-2.05	3.5
1225	-2.5	3.05
1225	-2.95	3.5
1226	-2.95	30.5
1226	-2.5	30.95
1226	-2.05	30.5
1226	-2.5	30.05
1226	-2.95	30.5
1227	-2.95	31.5
1227	-2.5	31.95
1227	-2.05	31.5
1227	-2.5	31.05
1227	-2.95	31.5
1228	-2.95	32.5
1228	-2.5	32.95
1228	-2.05	32.5
1228	-2.5	32.05
1228	-2.95	32.5
1229	-2.95	33.5
1229	-2.5	33.95
1229	-2.05	33.5
1229	-2.5	33.05
1229	-2.95	33.5
1230	-2.95	34.5
1230	-2.5	34.95
1230	-2.05	34.5
1230	-2.5	34.05
1230	-2.95	34.5
1231	-2.95	35.5
1231	-2.5	35.95
1231	-2.05	35.5
1231	-2.5	35.05
1231	-2.95	35.5
1232	-2.95	36.5
1232	-2.5	36.95
1232	-2.05	36.5
1232	-2.5	36.05
1232	-2.95	36.5
1233	-2.95	37.5
1233	-2.5	37.95
1233	-2.05	37.5
1233	-2.5	37.05
1233	-2.95	37.5
1234	-2.95	38.5
1234	-2.5	38.95
1234	-2.05	38.5
1234	-2.5	38.05
1234	-2.95	38.5
1235	-2.95	39.5
1235	-2.5	39.95
1235	-2.05	39.5
1235	-2.5	39.05
1235	-2.95	39.5
1236	-2.95	4.5
1236	-2.5	4.95
1236	-2.05	4.5
1236	-2.5	4.05
1236	-2.95	4.5
1237	-2.95	40.5
1237	-2.5	40.95
1237	-2.05	40.5
1237	-2.5	40.05
1237	-2.95	40.5
1238	-2.95	41.5
1238	-2.5	41.95
1238	-2.05	41.5
1238	-2.5	41.05
1238	-2.95	41.5
1239	-2.95	42.5
1239	-2.5	42.95
1239	-2.05	42.5
1239	-2.5	42.05
1239	-2.95	42.5
1240	-2.95	43.5
1240	-2.5	43.95
1240	-2.05	43.5
1240	-2.5	43.05
1240	-2.95	43.5
1241	-2.95	44.5
1241	-2.5	44.95
1241	-2.05	44.5
1241	-2.5	44.05
1241	-2.95	44.5
1242	-2.95	45.5
1242	-2.5	45.95
1242	-2.05	45.5
1242	-2.5	45.05
1242	-2.95	45.5
1243	-2.95	46.5
1243	-2.5	46.95
1243	-2.05	46.5
1243	-2.5	46.05
1243	-2.95	46.5
1244	-2.95	47.5
1244	-2.5	47.95
1244	-2.05	47.5
1244	-2.5	47.05
1244	-2.95	47.5
1245	-2.95	48.5
1245	-2.5	48.95
1245	-2.05	48.5
1245	-2.5	48.05
1245	-2.95	48.5
1246	-2.95	5.5
1246	-2.5	5.95
1246	-2.05	5.5
1246	-2.5	5.05
1246	-2.95	5.5
1247	-2.95	6.5
1247	-2.5	6.95
1247	-2.05	6.5
1247	-2.5	6.05
1247	-2.95	6.5
1248	-2.95	7.5
1248	-2.5	7.95
1248	-2.05	7.5
1248	-2.5	7.05
1248	-2.95	7.5
1249	-2.95	8.5
1249	-2.5	8.95
1249	-2.05	8.5
1249	-2.5	8.05
1249	-2.95	8.5
1250	-2.95	9.5
1250	-2.5	9.95
1250	-2.05	9.5
1250	-2.5	9.05
1250	-2.95	9.5
1251	-20.45	0
1251	-20	0.45
1251	-19.55	0
1251	-20	-0.45
1251	-20.45	0
1252	-20.45	1
1252	-20	1.45
1252	-19.55	1
1252	-20	0.55
1252	-20.45	1
1253	-20.45	10
1253	-20	10.45
1253	-19.55	10
1253	-20	9.55
1253	-20.45	10
1254	-20.45	11
1254	-20	11.45
1254	-19.55	11
1254	-20	10.55
1254	-20.45	11
1255	-20.45	12
1255	-20	12.45
1255	-19.55	12
1255	-20	11.55
1255	-20.45	12
1256	-20.45	13
1256	-20	13.45
1256	-19.55	13
1256	-20	12.55
1256	-20.45	13
1257	-20.45	14
1257	-20	14.45
1257	-19.55	14
1257	-20	13.55
1257	-20.45	14
1258	-20.45	15
1258	-20	15.45
1258	-19.55	15
1258	-20	14.55
1258	-20.45	15
1259	-20.45	16
1259	-20	16.45
1259	-19.55	16
1259	-20	15.55
1259	-20.45	16
1260	-20.45	17
1260	-20	17.45
1260	-19.55	17
1260	-20	16.55
1260	-20.45	17
1261	-20.45	18
1261	-20	18.45
1261	-19.55	18
1261	-20	17.55
1261	-20.45	18
1262	-20.45	19
1262	-20	19.45
1262	-19.55	19
1262	-20	18.55
1262	-20.45	19
1263	-20.45	2
1263	-20	2.45
1263	-19.55	2
1263	-20	1.55
1263	-20.45	2
1264	-20.45	20
1264	-20	20.45
1264	-19.55	20
1264	-20	19.55
1264	-20.45	20
1265	-20.45	21
1265	-20	21.45
1265	-19.55	21
1265	-20	20.55
1265	-20.45	21
1266	-20.45	22
1266	-20	22.45
1266	-19.55	22
1266	-20	21.55
1266	-20.45	22
1267	-20.45	23
1267	-20	23.45
1267	-19.55	23
1267	-20	22.55
1267	-20.45	23
1268	-20.45	24
1268	-20	24.45
1268	-19.55	24
1268	-20	23.55
1268	-20.45	24
1269	-20.45	25
1269	-20	25.45
1269	-19.55	25
1269	-20	24.55
1269	-20.45	25
1270	-20.45	26
1270	-20	26.45
1270	-19.55	26
1270	-20	25.55
1270	-20.45	26
1271	-20.45	27
1271	-20	27.45
1271	-19.55	27
1271	-20	26.55
1271	-20.45	27
1272	-20.45	28
1272	-20	28.45
1272	-19.55	28
1272	-20	27.55
1272	-20.45	28
1273	-20.45	29
1273	-20	29.45
1273	-19.55	29
1273	-20	28.55
1273	-20.45	29
1274	-20.45	3
1274	-20	3.45
1274	-19.55	3
1274	-20	2.55
1274	-20.45	3
1275	-20.45	30
1275	-20	30.45
1275	-19.55	30
1275	-20	29.55
1275	-20.45	30
1276	-20.45	31
1276	-20	31.45
1276	-19.55	31
1276	-20	30.55
1276	-20.45	31
1277	-20.45	32
1277	-20	32.45
1277	-19.55	32
1277	-20	31.55
1277	-20.45	32
1278	-20.45	33
1278	-20	33.45
1278	-19.55	33
1278	-20	32.55
1278	-20.45	33
1279	-20.45	34
1279	-20	34.45
1279	-19.55	34
1279	-20	33.55
1279	-20.45	34
1280	-20.45	35
1280	-20	35.45
1280	-19.55	35
1280	-20	34.55
1280	-20.45	35
1281	-20.45	36
1281	-20	36.45
1281	-19.55	36
1281	-20	35.55
1281	-20.45	36
1282	-20.45	37
1282	-20	37.45
1282	-19.55	37
1282	-20	36.55
1282	-20.45	37
1283	-20.45	38
1283	-20	38.45
1283	-19.55	38
1283	-20	37.55
1283	-20.45	38
1284	-20.45	39
1284	-20	39.45
1284	-19.55	39
1284	-20	38.55
1284	-20.45	39
1285	-20.45	4
1285	-20	4.45
1285	-19.55	4
1285	-20	3.55
1285	-20.45	4
1286	-20.45	40
1286	-20	40.45
1286	-19.55	40
1286	-20	39.55
1286	-20.45	40
1287	-20.45	41
1287	-20	41.45
1287	-19.55	41
1287	-20	40.55
1287	-20.45	41
1288	-20.45	42
1288	-20	42.45
1288	-19.55	42
1288	-20	41.55
1288	-20.45	42
1289	-20.45	43
1289	-20	43.45
1289	-19.55	43
1289	-20	42.55
1289	-20.45	43
1290	-20.45	44
1290	-20	44.45
1290	-19.55	44
1290	-20	43.55
1290	-20.45	44
1291	-20.45	45
1291	-20	45.45
1291	-19.55	45
1291	-20	44.55
1291	-20.45	45
1292	-20.45	46
1292	-20	46.45
1292	-19.55	46
1292	-20	45.55
1292	-20.45	46
1293	-20.45	47
1293	-20	47.45
1293	-19.55	47
1293	-20	46.55
1293	-20.45	47
1294	-20.45	48
1294	-20	48.45
1294	-19.55	48
1294	-20	47.55
1294	-20.45	48
1295	-20.45	49
1295	-20	49.45
1295	-19.55	49
1295	-20	48.55
1295	-20.45	49
1296	-20.45	5
1296	-20	5.45
1296	-19.55	5
1296	-20	4.55
1296	-20.45	5
1297	-20.45	6
1297	-20	6.45
1297	-19.55	6
1297	-20	5.55
1297	-20.45	6
1298	-20.45	7
1298	-20	7.45
1298	-19.55	7
1298	-20	6.55
1298	-20.45	7
1299	-20.45	8
1299	-20	8.45
1299	-19.55	8
1299	-20	7.55
1299	-20.45	8
1300	-20.45	9
1300	-20	9.45
1300	-19.55	9
1300	-20	8.55
1300	-20.45	9
1301	-20.95	-0.5
1301	-20.5	-0.05
1301	-20.05	-0.5
1301	-20.5	-0.95
1301	-20.95	-0.5
1302	-20.95	0.5
1302	-20.5	0.95
1302	-20.05	0.5
1302	-20.5	0.05
1302	-20.95	0.5
1303	-20.95	1.5
1303	-20.5	1.95
1303	-20.05	1.5
1303	-20.5	1.05
1303	-20.95	1.5
1304	-20.95	10.5
1304	-20.5	10.95
1304	-20.05	10.5
1304	-20.5	10.05
1304	-20.95	10.5
1305	-20.95	11.5
1305	-20.5	11.95
1305	-20.05	11.5
1305	-20.5	11.05
1305	-20.95	11.5
1306	-20.95	12.5
1306	-20.5	12.95
1306	-20.05	12.5
1306	-20.5	12.05
1306	-20.95	12.5
1307	-20.95	13.5
1307	-20.5	13.95
1307	-20.05	13.5
1307	-20.5	13.05
1307	-20.95	13.5
1308	-20.95	14.5
1308	-20.5	14.95
1308	-20.05	14.5
1308	-20.5	14.05
1308	-20.95	14.5
1309	-20.95	15.5
1309	-20.5	15.95
1309	-20.05	15.5
1309	-20.5	15.05
1309	-20.95	15.5
1310	-20.95	16.5
1310	-20.5	16.95
1310	-20.05	16.5
1310	-20.5	16.05
1310	-20.95	16.5
1311	-20.95	17.5
1311	-20.5	17.95
1311	-20.05	17.5
1311	-20.5	17.05
1311	-20.95	17.5
1312	-20.95	18.5
1312	-20.5	18.95
1312	-20.05	18.5
1312	-20.5	18.05
1312	-20.95	18.5
1313	-20.95	19.5
1313	-20.5	19.95
1313	-20.05	19.5
1313	-20.5	19.05
1313	-20.95	19.5
1314	-20.95	2.5
1314	-20.5	2.95
1314	-20.05	2.5
1314	-20.5	2.05
1314	-20.95	2.5
1315	-20.95	20.5
1315	-20.5	20.95
1315	-20.05	20.5
1315	-20.5	20.05
1315	-20.95	20.5
1316	-20.95	21.5
1316	-20.5	21.95
1316	-20.05	21.5
1316	-20.5	21.05
1316	-20.95	21.5
1317	-20.95	22.5
1317	-20.5	22.95
1317	-20.05	22.5
1317	-20.5	22.05
1317	-20.95	22.5
1318	-20.95	23.5
1318	-20.5	23.95
1318	-20.05	23.5
1318	-20.5	23.05
1318	-20.95	23.5
1319	-20.95	24.5
1319	-20.5	24.95
1319	-20.05	24.5
1319	-20.5	24.05
1319	-20.95	24.5
1320	-20.95	25.5
1320	-20.5	25.95
1320	-20.05	25.5
1320	-20.5	25.05
1320	-20.95	25.5
1321	-20.95	26.5
1321	-20.5	26.95
1321	-20.05	26.5
1321	-20.5	26.05
1321	-20.95	26.5
1322	-20.95	27.5
1322	-20.5	27.95
1322	-20.05	27.5
1322	-20.5	27.05
1322	-20.95	27.5
1323	-20.95	28.5
1323	-20.5	28.95
1323	-20.05	28.5
1323	-20.5	28.05
1323	-20.95	28.5
1324	-20.95	29.5
1324	-20.5	29.95
1324	-20.05	29.5
1324	-20.5	29.05
1324	-20.95	29.5
1325	-20.95	3.5
1325	-20.5	3.95
1325	-20.05	3.5
1325	-20.5	3.05
1325	-20.95	3.5
1326	-20.95	30.5
1326	-20.5	30.95
1326	-20.05	30.5
1326	-20.5	30.05
1326	-20.95	30.5
1327	-20.95	31.5
1327	-20.5	31.95
1327	-20.05	31.5
1327	-20.5	31.05
1327	-20.95	31.5
1328	-20.95	32.5
1328	-20.5	32.95
1328	-20.05	32.5
1328	-20.5	32.05
1328	-20.95	32.5
1329	-20.95	33.5
1329	-20.5	33.95
1329	-20.05	33.5
1329	-20.5	33.05
1329	-20.95	33.5
1330	-20.95	34.5
1330	-20.5	34.95
1330	-20.05	34.5
1330	-20.5	34.05
1330	-20.95	34.5
1331	-20.95	35.5
1331	-20.5	35.95
1331	-20.05	35.5
1331	-20.5	35.05
1331	-20.95	35.5
1332	-20.95	36.5
1332	-20.5	36.95
1332	-20.05	36.5
1332	-20.5	36.05
1332	-20.95	36.5
1333	-20.95	37.5
1333	-20.5	37.95
1333	-20.05	37.5
1333	-20.5	37.05
1333	-20.95	37.5
1334	-20.95	38.5
1334	-20.5	38.95
1334	-20.05	38.5
1334	-20.5	38.05
1334	-20.95	38.5
1335	-20.95	39.5
1335	-20.5	39.95
1335	-20.05	39.5
1335	-20.5	39.05
1335	-20.95	39.5
1336	-20.95	4.5
1336	-20.5	4.95
1336	-20.05	4.5
1336	-20.5	4.05
1336	-20.95	4.5
1337	-20.95	40.5
1337	-20.5	40.95
1337	-20.05	40.5
1337	-20.5	40.05
1337	-20.95	40.5
1338	-20.95	41.5
1338	-20.5	41.95
1338	-20.05	41.5
1338	-20.5	41.05
1338	-20.95	41.5
1339	-20.95	42.5
1339	-20.5	42.95
1339	-20.05	42.5
1339	-20.5	42.05
1339	-20.95	42.5
1340	-20.95	43.5
1340	-20.5	43.95
1340	-20.05	43.5
1340	-20.5	43.05
1340	-20.95	43.5
1341	-20.95	44.5
1341	-20.5	44.95
1341	-20.05	44.5
1341	-20.5	44.05
1341	-20.95	44.5
1342	-20.95	45.5
1342	-20.5	45.95
1342	-20.05	45.5
1342	-20.5	45.05
1342	-20.95	45.5
1343	-20.95	46.5
1343	-20.5	46.95
1343	-20.05	46.5
1343	-20.5	46.05
1343	-20.95	46.5
1344	-20.95	47.5
1344	-20.5	47.95
1344	-20.05	47.5
1344	-20.5	47.05
1344	-20.95	47.5
1345	-20.95	48.5
1345	-20.5	48.95
1345	-20.05	48.5
1345	-20.5	48.05
1345	-20.95	48.5
1346	-20.95	5.5
1346	-20.5	5.95
1346	-20.05	5.5
1346	-20.5	5.05
1346	-20.95	5.5
1347	-20.95	6.5
1347	-20.5	6.95
1347	-20.05	6.5
1347	-20.5	6.05
1347	-20.95	6.5
1348	-20.95	7.5
1348	-20.5	7.95
1348	-20.05	7.5
1348	-20.5	7.05
1348	-20.95	7.5
1349	-20.95	8.5
1349	-20.5	8.95
1349	-20.05	8.5
1349	-20.5	8.05
1349	-20.95	8.5
1350	-20.95	9.5
1350	-20.5	9.95
1350	-20.05	9.5
1350	-20.5	9.05
1350	-20.95	9.5
1351	-21.45	0
1351	-21	0.45
1351	-20.55	0
1351	-21	-0.45
1351	-21.45	0
1352	-21.45	1
1352	-21	1.45
1352	-20.55	1
1352	-21	0.55
1352	-21.45	1
1353	-21.45	10
1353	-21	10.45
1353	-20.55	10
1353	-21	9.55
1353	-21.45	10
1354	-21.45	11
1354	-21	11.45
1354	-20.55	11
1354	-21	10.55
1354	-21.45	11
1355	-21.45	12
1355	-21	12.45
1355	-20.55	12
1355	-21	11.55
1355	-21.45	12
1356	-21.45	13
1356	-21	13.45
1356	-20.55	13
1356	-21	12.55
1356	-21.45	13
1357	-21.45	14
1357	-21	14.45
1357	-20.55	14
1357	-21	13.55
1357	-21.45	14
1358	-21.45	15
1358	-21	15.45
1358	-20.55	15
1358	-21	14.55
1358	-21.45	15
1359	-21.45	16
1359	-21	16.45
1359	-20.55	16
1359	-21	15.55
1359	-21.45	16
1360	-21.45	17
1360	-21	17.45
1360	-20.55	17
1360	-21	16.55
1360	-21.45	17
1361	-21.45	18
1361	-21	18.45
1361	-20.55	18
1361	-21	17.55
1361	-21.45	18
1362	-21.45	19
1362	-21	19.45
1362	-20.55	19
1362	-21	18.55
1362	-21.45	19
1363	-21.45	2
1363	-21	2.45
1363	-20.55	2
1363	-21	1.55
1363	-21.45	2
1364	-21.45	20
1364	-21	20.45
1364	-20.55	20
1364	-21	19.55
1364	-21.45	20
1365	-21.45	21
1365	-21	21.45
1365	-20.55	21
1365	-21	20.55
1365	-21.45	21
1366	-21.45	22
1366	-21	22.45
1366	-20.55	22
1366	-21	21.55
1366	-21.45	22
1367	-21.45	23
1367	-21	23.45
1367	-20.55	23
1367	-21	22.55
1367	-21.45	23
1368	-21.45	24
1368	-21	24.45
1368	-20.55	24
1368	-21	23.55
1368	-21.45	24
1369	-21.45	25
1369	-21	25.45
1369	-20.55	25
1369	-21	24.55
1369	-21.45	25
1370	-21.45	26
1370	-21	26.45
1370	-20.55	26
1370	-21	25.55
1370	-21.45	26
1371	-21.45	27
1371	-21	27.45
1371	-20.55	27
1371	-21	26.55
1371	-21.45	27
1372	-21.45	28
1372	-21	28.45
1372	-20.55	28
1372	-21	27.55
1372	-21.45	28
1373	-21.45	29
1373	-21	29.45
1373	-20.55	29
1373	-21	28.55
1373	-21.45	29
1374	-21.45	3
1374	-21	3.45
1374	-20.55	3
1374	-21	2.55
1374	-21.45	3
1375	-21.45	30
1375	-21	30.45
1375	-20.55	30
1375	-21	29.55
1375	-21.45	30
1376	-21.45	31
1376	-21	31.45
1376	-20.55	31
1376	-21	30.55
1376	-21.45	31
1377	-21.45	32
1377	-21	32.45
1377	-20.55	32
1377	-21	31.55
1377	-21.45	32
1378	-21.45	33
1378	-21	33.45
1378	-20.55	33
1378	-21	32.55
1378	-21.45	33
1379	-21.45	34
1379	-21	34.45
1379	-20.55	34
1379	-21	33.55
1379	-21.45	34
1380	-21.45	35
1380	-21	35.45
1380	-20.55	35
1380	-21	34.55
1380	-21.45	35
1381	-21.45	36
1381	-21	36.45
1381	-20.55	36
1381	-21	35.55
1381	-21.45	36
1382	-21.45	37
1382	-21	37.45
1382	-20.55	37
1382	-21	36.55
1382	-21.45	37
1383	-21.45	38
1383	-21	38.45
1383	-20.55	38
1383	-21	37.55
1383	-21.45	38
1384	-21.45	39
1384	-21	39.45
1384	-20.55	39
1384	-21	38.55
1384	-21.45	39
1385	-21.45	4
1385	-21	4.45
1385	-20.55	4
1385	-21	3.55
1385	-21.45	4
1386	-21.45	40
1386	-21	40.45
1386	-20.55	40
1386	-21	39.55
1386	-21.45	40
1387	-21.45	41
1387	-21	41.45
1387	-20.55	41
1387	-21	40.55
1387	-21.45	41
1388	-21.45	42
1388	-21	42.45
1388	-20.55	42
1388	-21	41.55
1388	-21.45	42
1389	-21.45	43
1389	-21	43.45
1389	-20.55	43
1389	-21	42.55
1389	-21.45	43
1390	-21.45	44
1390	-21	44.45
1390	-20.55	44
1390	-21	43.55
1390	-21.45	44
1391	-21.45	45
1391	-21	45.45
1391	-20.55	45
1391	-21	44.55
1391	-21.45	45
1392	-21.45	46
1392	-21	46.45
1392	-20.55	46
1392	-21	45.55
1392	-21.45	46
1393	-21.45	47
1393	-21	47.45
1393	-20.55	47
1393	-21	46.55
1393	-21.45	47
1394	-21.45	48
1394	-21	48.45
1394	-20.55	48
1394	-21	47.55
1394	-21.45	48
1395	-21.45	49
1395	-21	49.45
1395	-20.55	49
1395	-21	48.55
1395	-21.45	49
1396	-21.45	5
1396	-21	5.45
1396	-20.55	5
1396	-21	4.55
1396	-21.45	5
1397	-21.45	6
1397	-21	6.45
1397	-20.55	6
1397	-21	5.55
1397	-21.45	6
1398	-21.45	7
1398	-21	7.45
1398	-20.55	7
1398	-21	6.55
1398	-21.45	7
1399	-21.45	8
1399	-21	8.45
1399	-20.55	8
1399	-21	7.55
1399	-21.45	8
1400	-21.45	9
1400	-21	9.45
1400	-20.55	9
1400	-21	8.55
1400	-21.45	9
1401	-21.95	-0.5
1401	-21.5	-0.05
1401	-21.05	-0.5
1401	-21.5	-0.95
1401	-21.95	-0.5
1402	-21.95	0.5
1402	-21.5	0.95
1402	-21.05	0.5
1402	-21.5	0.05
1402	-21.95	0.5
1403	-21.95	1.5
1403	-21.5	1.95
1403	-21.05	1.5
1403	-21.5	1.05
1403	-21.95	1.5
1404	-21.95	10.5
1404	-21.5	10.95
1404	-21.05	10.5
1404	-21.5	10.05
1404	-21.95	10.5
1405	-21.95	11.5
1405	-21.5	11.95
1405	-21.05	11.5
1405	-21.5	11.05
1405	-21.95	11.5
1406	-21.95	12.5
1406	-21.5	12.95
1406	-21.05	12.5
1406	-21.5	12.05
1406	-21.95	12.5
1407	-21.95	13.5
1407	-21.5	13.95
1407	-21.05	13.5
1407	-21.5	13.05
1407	-21.95	13.5
1408	-21.95	14.5
1408	-21.5	14.95
1408	-21.05	14.5
1408	-21.5	14.05
1408	-21.95	14.5
1409	-21.95	15.5
1409	-21.5	15.95
1409	-21.05	15.5
1409	-21.5	15.05
1409	-21.95	15.5
1410	-21.95	16.5
1410	-21.5	16.95
1410	-21.05	16.5
1410	-21.5	16.05
1410	-21.95	16.5
1411	-21.95	17.5
1411	-21.5	17.95
1411	-21.05	17.5
1411	-21.5	17.05
1411	-21.95	17.5
1412	-21.95	18.5
1412	-21.5	18.95
1412	-21.05	18.5
1412	-21.5	18.05
1412	-21.95	18.5
1413	-21.95	19.5
1413	-21.5	19.95
1413	-21.05	19.5
1413	-21.5	19.05
1413	-21.95	19.5
1414	-21.95	2.5
1414	-21.5	2.95
1414	-21.05	2.5
1414	-21.5	2.05
1414	-21.95	2.5
1415	-21.95	20.5
1415	-21.5	20.95
1415	-21.05	20.5
1415	-21.5	20.05
1415	-21.95	20.5
1416	-21.95	21.5
1416	-21.5	21.95
1416	-21.05	21.5
1416	-21.5	21.05
1416	-21.95	21.5
1417	-21.95	22.5
1417	-21.5	22.95
1417	-21.05	22.5
1417	-21.5	22.05
1417	-21.95	22.5
1418	-21.95	23.5
1418	-21.5	23.95
1418	-21.05	23.5
1418	-21.5	23.05
1418	-21.95	23.5
1419	-21.95	24.5
1419	-21.5	24.95
1419	-21.05	24.5
1419	-21.5	24.05
1419	-21.95	24.5
1420	-21.95	25.5
1420	-21.5	25.95
1420	-21.05	25.5
1420	-21.5	25.05
1420	-21.95	25.5
1421	-21.95	26.5
1421	-21.5	26.95
1421	-21.05	26.5
1421	-21.5	26.05
1421	-21.95	26.5
1422	-21.95	27.5
1422	-21.5	27.95
1422	-21.05	27.5
1422	-21.5	27.05
1422	-21.95	27.5
1423	-21.95	28.5
1423	-21.5	28.95
1423	-21.05	28.5
1423	-21.5	28.05
1423	-21.95	28.5
1424	-21.95	29.5
1424	-21.5	29.95
1424	-21.05	29.5
1424	-21.5	29.05
1424	-21.95	29.5
1425	-21.95	3.5
1425	-21.5	3.95
1425	-21.05	3.5
1425	-21.5	3.05
1425	-21.95	3.5
1426	-21.95	30.5
1426	-21.5	30.95
1426	-21.05	30.5
1426	-21.5	30.05
1426	-21.95	30.5
1427	-21.95	31.5
1427	-21.5	31.95
1427	-21.05	31.5
1427	-21.5	31.05
1427	-21.95	31.5
1428	-21.95	32.5
1428	-21.5	32.95
1428	-21.05	32.5
1428	-21.5	32.05
1428	-21.95	32.5
1429	-21.95	33.5
1429	-21.5	33.95
1429	-21.05	33.5
1429	-21.5	33.05
1429	-21.95	33.5
1430	-21.95	34.5
1430	-21.5	34.95
1430	-21.05	34.5
1430	-21.5	34.05
1430	-21.95	34.5
1431	-21.95	35.5
1431	-21.5	35.95
1431	-21.05	35.5
1431	-21.5	35.05
1431	-21.95	35.5
1432	-21.95	36.5
1432	-21.5	36.95
1432	-21.05	36.5
1432	-21.5	36.05
1432	-21.95	36.5
1433	-21.95	37.5
1433	-21.5	37.95
1433	-21.05	37.5
1433	-21.5	37.05
1433	-21.95	37.5
1434	-21.95	38.5
1434	-21.5	38.95
1434	-21.05	38.5
1434	-21.5	38.05
1434	-21.95	38.5
1435	-21.95	39.5
1435	-21.5	39.95
1435	-21.05	39.5
1435	-21.5	39.05
1435	-21.95	39.5
1436	-21.95	4.5
1436	-21.5	4.95
1436	-21.05	4.5
1436	-21.5	4.05
1436	-21.95	4.5
1437	-21.95	40.5
1437	-21.5	40.95
1437	-21.05	40.5
1437	-21.5	40.05
1437	-21.95	40.5
1438	-21.95	41.5
1438	-21.5	41.95
1438	-21.05	41.5
1438	-21.5	41.05
1438	-21.95	41.5
1439	-21.95	42.5
1439	-21.5	42.95
1439	-21.05	42.5
1439	-21.5	42.05
1439	-21.95	42.5
1440	-21.95	43.5
1440	-21.5	43.95
1440	-21.05	43.5
1440	-21.5	43.05
1440	-21.95	43.5
1441	-21.95	44.5
1441	-21.5	44.95
1441	-21.05	44.5
1441	-21.5	44.05
1441	-21.95	44.5
1442	-21.95	45.5
1442	-21.5	45.95
1442	-21.05	45.5
1442	-21.5	45.05
1442	-21.95	45.5
1443	-21.95	46.5
1443	-21.5	46.95
1443	-21.05	46.5
1443	-21.5	46.05
1443	-21.95	46.5
1444	-21.95	47.5
1444	-21.5	47.95
1444	-21.05	47.5
1444	-21.5	47.05
1444	-21.95	47.5
1445	-21.95	48.5
1445	-21.5	48.95
1445	-21.05	48.5
1445	-21.5	48.05
1445	-21.95	48.5
1446	-21.95	5.5
1446	-21.5	5.95
1446	-21.05	5.5
1446	-21.5	5.05
1446	-21.95	5.5
1447	-21.95	6.5
1447	-21.5	6.95
1447	-21.05	6.5
1447	-21.5	6.05
1447	-21.95	6.5
1448	-21.95	7.5
1448	-21.5	7.95
1448	-21.05	7.5
1448	-21.5	7.05
1448	-21.95	7.5
1449	-21.95	8.5
1449	-21.5	8.95
1449	-21.05	8.5
1449	-21.5	8.05
1449	-21.95	8.5
1450	-21.95	9.5
1450	-21.5	9.95
1450	-21.05	9.5
1450	-21.5	9.05
1450	-21.95	9.5
1451	-22.45	-1
1451	-22	-0.55
1451	-21.55	-1
1451	-22	-1.45
1451	-22.45	-1
1452	-22.45	0
1452	-22	0.45
1452	-21.55	0
1452	-22	-0.45
1452	-22.45	0
1453	-22.45	1
1453	-22	1.45
1453	-21.55	1
1453	-22	0.55
1453	-22.45	1
1454	-22.45	10
1454	-22	10.45
1454	-21.55	10
1454	-22	9.55
1454	-22.45	10
1455	-22.45	11
1455	-22	11.45
1455	-21.55	11
1455	-22	10.55
1455	-22.45	11
1456	-22.45	12
1456	-22	12.45
1456	-21.55	12
1456	-22	11.55
1456	-22.45	12
1457	-22.45	13
1457	-22	13.45
1457	-21.55	13
1457	-22	12.55
1457	-22.45	13
1458	-22.45	14
1458	-22	14.45
1458	-21.55	14
1458	-22	13.55
1458	-22.45	14
1459	-22.45	15
1459	-22	15.45
1459	-21.55	15
1459	-22	14.55
1459	-22.45	15
1460	-22.45	16
1460	-22	16.45
1460	-21.55	16
1460	-22	15.55
1460	-22.45	16
1461	-22.45	17
1461	-22	17.45
1461	-21.55	17
1461	-22	16.55
1461	-22.45	17
1462	-22.45	18
1462	-22	18.45
1462	-21.55	18
1462	-22	17.55
1462	-22.45	18
1463	-22.45	19
1463	-22	19.45
1463	-21.55	19
1463	-22	18.55
1463	-22.45	19
1464	-22.45	2
1464	-22	2.45
1464	-21.55	2
1464	-22	1.55
1464	-22.45	2
1465	-22.45	20
1465	-22	20.45
1465	-21.55	20
1465	-22	19.55
1465	-22.45	20
1466	-22.45	21
1466	-22	21.45
1466	-21.55	21
1466	-22	20.55
1466	-22.45	21
1467	-22.45	22
1467	-22	22.45
1467	-21.55	22
1467	-22	21.55
1467	-22.45	22
1468	-22.45	23
1468	-22	23.45
1468	-21.55	23
1468	-22	22.55
1468	-22.45	23
1469	-22.45	24
1469	-22	24.45
1469	-21.55	24
1469	-22	23.55
1469	-22.45	24
1470	-22.45	25
1470	-22	25.45
1470	-21.55	25
1470	-22	24.55
1470	-22.45	25
1471	-22.45	26
1471	-22	26.45
1471	-21.55	26
1471	-22	25.55
1471	-22.45	26
1472	-22.45	27
1472	-22	27.45
1472	-21.55	27
1472	-22	26.55
1472	-22.45	27
1473	-22.45	28
1473	-22	28.45
1473	-21.55	28
1473	-22	27.55
1473	-22.45	28
1474	-22.45	29
1474	-22	29.45
1474	-21.55	29
1474	-22	28.55
1474	-22.45	29
1475	-22.45	3
1475	-22	3.45
1475	-21.55	3
1475	-22	2.55
1475	-22.45	3
1476	-22.45	30
1476	-22	30.45
1476	-21.55	30
1476	-22	29.55
1476	-22.45	30
1477	-22.45	31
1477	-22	31.45
1477	-21.55	31
1477	-22	30.55
1477	-22.45	31
1478	-22.45	32
1478	-22	32.45
1478	-21.55	32
1478	-22	31.55
1478	-22.45	32
1479	-22.45	33
1479	-22	33.45
1479	-21.55	33
1479	-22	32.55
1479	-22.45	33
1480	-22.45	34
1480	-22	34.45
1480	-21.55	34
1480	-22	33.55
1480	-22.45	34
1481	-22.45	35
1481	-22	35.45
1481	-21.55	35
1481	-22	34.55
1481	-22.45	35
1482	-22.45	36
1482	-22	36.45
1482	-21.55	36
1482	-22	35.55
1482	-22.45	36
1483	-22.45	37
1483	-22	37.45
1483	-21.55	37
1483	-22	36.55
1483	-22.45	37
1484	-22.45	38
1484	-22	38.45
1484	-21.55	38
1484	-22	37.55
1484	-22.45	38
1485	-22.45	39
1485	-22	39.45
1485	-21.55	39
1485	-22	38.55
1485	-22.45	39
1486	-22.45	4
1486	-22	4.45
1486	-21.55	4
1486	-22	3.55
1486	-22.45	4
1487	-22.45	40
1487	-22	40.45
1487	-21.55	40
1487	-22	39.55
1487	-22.45	40
1488	-22.45	41
1488	-22	41.45
1488	-21.55	41
1488	-22	40.55
1488	-22.45	41
1489	-22.45	42
1489	-22	42.45
1489	-21.55	42
1489	-22	41.55
1489	-22.45	42
1490	-22.45	43
1490	-22	43.45
1490	-21.55	43
1490	-22	42.55
1490	-22.45	43
1491	-22.45	44
1491	-22	44.45
1491	-21.55	44
1491	-22	43.55
1491	-22.45	44
1492	-22.45	45
1492	-22	45.45
1492	-21.55	45
1492	-22	44.55
1492	-22.45	45
1493	-22.45	46
1493	-22	46.45
1493	-21.55	46
1493	-22	45.55
1493	-22.45	46
1494	-22.45	47
1494	-22	47.45
1494	-21.55	47
1494	-22	46.55
1494	-22.45	47
1495	-22.45	48
1495	-22	48.45
1495	-21.55	48
1495	-22	47.55
1495	-22.45	48
1496	-22.45	49
1496	-22	49.45
1496	-21.55	49
1496	-22	48.55
1496	-22.45	49
1497	-22.45	5
1497	-22	5.45
1497	-21.55	5
1497	-22	4.55
1497	-22.45	5
1498	-22.45	6
1498	-22	6.45
1498	-21.55	6
1498	-22	5.55
1498	-22.45	6
1499	-22.45	7
1499	-22	7.45
1499	-21.55	7
1499	-22	6.55
1499	-22.45	7
1500	-22.45	8
1500	-22	8.45
1500	-21.55	8
1500	-22	7.55
1500	-22.45	8
1501	-22.45	9
1501	-22	9.45
1501	-21.55	9
1501	-22	8.55
1501	-22.45	9
1502	-22.95	-0.5
1502	-22.5	-0.05
1502	-22.05	-0.5
1502	-22.5	-0.95
1502	-22.95	-0.5
1503	-22.95	0.5
1503	-22.5	0.95
1503	-22.05	0.5
1503	-22.5	0.05
1503	-22.95	0.5
1504	-22.95	1.5
1504	-22.5	1.95
1504	-22.05	1.5
1504	-22.5	1.05
1504	-22.95	1.5
1505	-22.95	10.5
1505	-22.5	10.95
1505	-22.05	10.5
1505	-22.5	10.05
1505	-22.95	10.5
1506	-22.95	11.5
1506	-22.5	11.95
1506	-22.05	11.5
1506	-22.5	11.05
1506	-22.95	11.5
1507	-22.95	12.5
1507	-22.5	12.95
1507	-22.05	12.5
1507	-22.5	12.05
1507	-22.95	12.5
1508	-22.95	13.5
1508	-22.5	13.95
1508	-22.05	13.5
1508	-22.5	13.05
1508	-22.95	13.5
1509	-22.95	14.5
1509	-22.5	14.95
1509	-22.05	14.5
1509	-22.5	14.05
1509	-22.95	14.5
1510	-22.95	15.5
1510	-22.5	15.95
1510	-22.05	15.5
1510	-22.5	15.05
1510	-22.95	15.5
1511	-22.95	16.5
1511	-22.5	16.95
1511	-22.05	16.5
1511	-22.5	16.05
1511	-22.95	16.5
1512	-22.95	17.5
1512	-22.5	17.95
1512	-22.05	17.5
1512	-22.5	17.05
1512	-22.95	17.5
1513	-22.95	18.5
1513	-22.5	18.95
1513	-22.05	18.5
1513	-22.5	18.05
1513	-22.95	18.5
1514	-22.95	19.5
1514	-22.5	19.95
1514	-22.05	19.5
1514	-22.5	19.05
1514	-22.95	19.5
1515	-22.95	2.5
1515	-22.5	2.95
1515	-22.05	2.5
1515	-22.5	2.05
1515	-22.95	2.5
1516	-22.95	20.5
1516	-22.5	20.95
1516	-22.05	20.5
1516	-22.5	20.05
1516	-22.95	20.5
1517	-22.95	21.5
1517	-22.5	21.95
1517	-22.05	21.5
1517	-22.5	21.05
1517	-22.95	21.5
1518	-22.95	22.5
1518	-22.5	22.95
1518	-22.05	22.5
1518	-22.5	22.05
1518	-22.95	22.5
1519	-22.95	23.5
1519	-22.5	23.95
1519	-22.05	23.5
1519	-22.5	23.05
1519	-22.95	23.5
1520	-22.95	24.5
1520	-22.5	24.95
1520	-22.05	24.5
1520	-22.5	24.05
1520	-22.95	24.5
1521	-22.95	25.5
1521	-22.5	25.95
1521	-22.05	25.5
1521	-22.5	25.05
1521	-22.95	25.5
1522	-22.95	26.5
1522	-22.5	26.95
1522	-22.05	26.5
1522	-22.5	26.05
1522	-22.95	26.5
1523	-22.95	27.5
1523	-22.5	27.95
1523	-22.05	27.5
1523	-22.5	27.05
1523	-22.95	27.5
1524	-22.95	28.5
1524	-22.5	28.95
1524	-22.05	28.5
1524	-22.5	28.05
1524	-22.95	28.5
1525	-22.95	29.5
1525	-22.5	29.95
1525	-22.05	29.5
1525	-22.5	29.05
1525	-22.95	29.5
1526	-22.95	3.5
1526	-22.5	3.95
1526	-22.05	3.5
1526	-22.5	3.05
1526	-22.95	3.5
1527	-22.95	30.5
1527	-22.5	30.95
1527	-22.05	30.5
1527	-22.5	30.05
1527	-22.95	30.5
1528	-22.95	31.5
1528	-22.5	31.95
1528	-22.05	31.5
1528	-22.5	31.05
1528	-22.95	31.5
1529	-22.95	32.5
1529	-22.5	32.95
1529	-22.05	32.5
1529	-22.5	32.05
1529	-22.95	32.5
1530	-22.95	33.5
1530	-22.5	33.95
1530	-22.05	33.5
1530	-22.5	33.05
1530	-22.95	33.5
1531	-22.95	34.5
1531	-22.5	34.95
1531	-22.05	34.5
1531	-22.5	34.05
1531	-22.95	34.5
1532	-22.95	35.5
1532	-22.5	35.95
1532	-22.05	35.5
1532	-22.5	35.05
1532	-22.95	35.5
1533	-22.95	36.5
1533	-22.5	36.95
1533	-22.05	36.5
1533	-22.5	36.05
1533	-22.95	36.5
1534	-22.95	37.5
1534	-22.5	37.95
1534	-22.05	37.5
1534	-22.5	37.05
1534	-22.95	37.5
1535	-22.95	38.5
1535	-22.5	38.95
1535	-22.05	38.5
1535	-22.5	38.05
1535	-22.95	38.5
1536	-22.95	39.5
1536	-22.5	39.95
1536	-22.05	39.5
1536	-22.5	39.05
1536	-22.95	39.5
1537	-22.95	4.5
1537	-22.5	4.95
1537	-22.05	4.5
1537	-22.5	4.05
1537	-22.95	4.5
1538	-22.95	40.5
1538	-22.5	40.95
1538	-22.05	40.5
1538	-22.5	40.05
1538	-22.95	40.5
1539	-22.95	41.5
1539	-22.5	41.95
1539	-22.05	41.5
1539	-22.5	41.05
1539	-22.95	41.5
1540	-22.95	42.5
1540	-22.5	42.95
1540	-22.05	42.5
1540	-22.5	42.05
1540	-22.95	42.5
1541	-22.95	43.5
1541	-22.5	43.95
1541	-22.05	43.5
1541	-22.5	43.05
1541	-22.95	43.5
1542	-22.95	44.5
1542	-22.5	44.95
1542	-22.05	44.5
1542	-22.5	44.05
1542	-22.95	44.5
1543	-22.95	45.5
1543	-22.5	45.95
1543	-22.05	45.5
1543	-22.5	45.05
1543	-22.95	45.5
1544	-22.95	46.5
1544	-22.5	46.95
1544	-22.05	46.5
1544	-22.5	46.05
1544	-22.95	46.5
1545	-22.95	47.5
1545	-22.5	47.95
1545	-22.05	47.5
1545	-22.5	47.05
1545	-22.95	47.5
1546	-22.95	48.5
1546	-22.5	48.95
1546	-22.05	48.5
1546	-22.5	48.05
1546	-22.95	48.5
1547	-22.95	5.5
1547	-22.5	5.95
1547	-22.05	5.5
1547	-22.5	5.05
1547	-22.95	5.5
1548	-22.95	6.5
1548	-22.5	6.95
1548	-22.05	6.5
1548	-22.5	6.05
1548	-22.95	6.5
1549	-22.95	7.5
1549	-22.5	7.95
1549	-22.05	7.5
1549	-22.5	7.05
1549	-22.95	7.5
1550	-22.95	8.5
1550	-22.5	8.95
1550	-22.05	8.5
1550	-22.5	8.05
1550	-22.95	8.5
1551	-22.95	9.5
1551	-22.5	9.95
1551	-22.05	9.5
1551	-22.5	9.05
1551	-22.95	9.5
1552	-23.45	-1
1552	-23	-0.55
1552	-22.55	-1
1552	-23	-1.45
1552	-23.45	-1
1553	-23.45	0
1553	-23	0.45
1553	-22.55	0
1553	-23	-0.45
1553	-23.45	0
1554	-23.45	1
1554	-23	1.45
1554	-22.55	1
1554	-23	0.55
1554	-23.45	1
1555	-23.45	10
1555	-23	10.45
1555	-22.55	10
1555	-23	9.55
1555	-23.45	10
1556	-23.45	11
1556	-23	11.45
1556	-22.55	11
1556	-23	10.55
1556	-23.45	11
1557	-23.45	12
1557	-23	12.45
1557	-22.55	12
1557	-23	11.55
1557	-23.45	12
1558	-23.45	13
1558	-23	13.45
1558	-22.55	13
1558	-23	12.55
1558	-23.45	13
1559	-23.45	14
1559	-23	14.45
1559	-22.55	14
1559	-23	13.55
1559	-23.45	14
1560	-23.45	15
1560	-23	15.45
1560	-22.55	15
1560	-23	14.55
1560	-23.45	15
1561	-23.45	16
1561	-23	16.45
1561	-22.55	16
1561	-23	15.55
1561	-23.45	16
1562	-23.45	17
1562	-23	17.45
1562	-22.55	17
1562	-23	16.55
1562	-23.45	17
1563	-23.45	18
1563	-23	18.45
1563	-22.55	18
1563	-23	17.55
1563	-23.45	18
1564	-23.45	19
1564	-23	19.45
1564	-22.55	19
1564	-23	18.55
1564	-23.45	19
1565	-23.45	2
1565	-23	2.45
1565	-22.55	2
1565	-23	1.55
1565	-23.45	2
1566	-23.45	20
1566	-23	20.45
1566	-22.55	20
1566	-23	19.55
1566	-23.45	20
1567	-23.45	21
1567	-23	21.45
1567	-22.55	21
1567	-23	20.55
1567	-23.45	21
1568	-23.45	22
1568	-23	22.45
1568	-22.55	22
1568	-23	21.55
1568	-23.45	22
1569	-23.45	23
1569	-23	23.45
1569	-22.55	23
1569	-23	22.55
1569	-23.45	23
1570	-23.45	24
1570	-23	24.45
1570	-22.55	24
1570	-23	23.55
1570	-23.45	24
1571	-23.45	25
1571	-23	25.45
1571	-22.55	25
1571	-23	24.55
1571	-23.45	25
1572	-23.45	26
1572	-23	26.45
1572	-22.55	26
1572	-23	25.55
1572	-23.45	26
1573	-23.45	27
1573	-23	27.45
1573	-22.55	27
1573	-23	26.55
1573	-23.45	27
1574	-23.45	28
1574	-23	28.45
1574	-22.55	28
1574	-23	27.55
1574	-23.45	28
1575	-23.45	29
1575	-23	29.45
1575	-22.55	29
1575	-23	28.55
1575	-23.45	29
1576	-23.45	3
1576	-23	3.45
1576	-22.55	3
1576	-23	2.55
1576	-23.45	3
1577	-23.45	30
1577	-23	30.45
1577	-22.55	30
1577	-23	29.55
1577	-23.45	30
1578	-23.45	31
1578	-23	31.45
1578	-22.55	31
1578	-23	30.55
1578	-23.45	31
1579	-23.45	32
1579	-23	32.45
1579	-22.55	32
1579	-23	31.55
1579	-23.45	32
1580	-23.45	33
1580	-23	33.45
1580	-22.55	33
1580	-23	32.55
1580	-23.45	33
1581	-23.45	34
1581	-23	34.45
1581	-22.55	34
1581	-23	33.55
1581	-23.45	34
1582	-23.45	35
1582	-23	35.45
1582	-22.55	35
1582	-23	34.55
1582	-23.45	35
1583	-23.45	36
1583	-23	36.45
1583	-22.55	36
1583	-23	35.55
1583	-23.45	36
1584	-23.45	37
1584	-23	37.45
1584	-22.55	37
1584	-23	36.55
1584	-23.45	37
1585	-23.45	38
1585	-23	38.45
1585	-22.55	38
1585	-23	37.55
1585	-23.45	38
1586	-23.45	39
1586	-23	39.45
1586	-22.55	39
1586	-23	38.55
1586	-23.45	39
1587	-23.45	4
1587	-23	4.45
1587	-22.55	4
1587	-23	3.55
1587	-23.45	4
1588	-23.45	40
1588	-23	40.45
1588	-22.55	40
1588	-23	39.55
1588	-23.45	40
1589	-23.45	41
1589	-23	41.45
1589	-22.55	41
1589	-23	40.55
1589	-23.45	41
1590	-23.45	42
1590	-23	42.45
1590	-22.55	42
1590	-23	41.55
1590	-23.45	42
1591	-23.45	43
1591	-23	43.45
1591	-22.55	43
1591	-23	42.55
1591	-23.45	43
1592	-23.45	44
1592	-23	44.45
1592	-22.55	44
1592	-23	43.55
1592	-23.45	44
1593	-23.45	45
1593	-23	45.45
1593	-22.55	45
1593	-23	44.55
1593	-23.45	45
1594	-23.45	46
1594	-23	46.45
1594	-22.55	46
1594	-23	45.55
1594	-23.45	46
1595	-23.45	47
1595	-23	47.45
1595	-22.55	47
1595	-23	46.55
1595	-23.45	47
1596	-23.45	48
1596	-23	48.45
1596	-22.55	48
1596	-23	47.55
1596	-23.45	48
1597	-23.45	49
1597	-23	49.45
1597	-22.55	49
1597	-23	48.55
1597	-23.45	49
1598	-23.45	5
1598	-23	5.45
1598	-22.55	5
1598	-23	4.55
1598	-23.45	5
1599	-23.45	6
1599	-23	6.45
1599	-22.55	6
1599	-23	5.55
1599	-23.45	6
1600	-23.45	7
1600	-23	7.45
1600	-22.55	7
1600	-23	6.55
1600	-23.45	7
1601	-23.45	8
1601	-23	8.45
1601	-22.55	8
1601	-23	7.55
1601	-23.45	8
1602	-23.45	9
1602	-23	9.45
1602	-22.55	9
1602	-23	8.55
1602	-23.45	9
1603	-23.95	-0.5
1603	-23.5	-0.05
1603	-23.05	-0.5
1603	-23.5	-0.95
1603	-23.95	-0.5
1604	-23.95	0.5
1604	-23.5	0.95
1604	-23.05	0.5
1604	-23.5	0.05
1604	-23.95	0.5
1605	-23.95	1.5
1605	-23.5	1.95
1605	-23.05	1.5
1605	-23.5	1.05
1605	-23.95	1.5
1606	-23.95	10.5
1606	-23.5	10.95
1606	-23.05	10.5
1606	-23.5	10.05
1606	-23.95	10.5
1607	-23.95	11.5
1607	-23.5	11.95
1607	-23.05	11.5
1607	-23.5	11.05
1607	-23.95	11.5
1608	-23.95	12.5
1608	-23.5	12.95
1608	-23.05	12.5
1608	-23.5	12.05
1608	-23.95	12.5
1609	-23.95	13.5
1609	-23.5	13.95
1609	-23.05	13.5
1609	-23.5	13.05
1609	-23.95	13.5
1610	-23.95	14.5
1610	-23.5	14.95
1610	-23.05	14.5
1610	-23.5	14.05
1610	-23.95	14.5
1611	-23.95	15.5
1611	-23.5	15.95
1611	-23.05	15.5
1611	-23.5	15.05
1611	-23.95	15.5
1612	-23.95	16.5
1612	-23.5	16.95
1612	-23.05	16.5
1612	-23.5	16.05
1612	-23.95	16.5
1613	-23.95	17.5
1613	-23.5	17.95
1613	-23.05	17.5
1613	-23.5	17.05
1613	-23.95	17.5
1614	-23.95	18.5
1614	-23.5	18.95
1614	-23.05	18.5
1614	-23.5	18.05
1614	-23.95	18.5
1615	-23.95	19.5
1615	-23.5	19.95
1615	-23.05	19.5
1615	-23.5	19.05
1615	-23.95	19.5
1616	-23.95	2.5
1616	-23.5	2.95
1616	-23.05	2.5
1616	-23.5	2.05
1616	-23.95	2.5
1617	-23.95	20.5
1617	-23.5	20.95
1617	-23.05	20.5
1617	-23.5	20.05
1617	-23.95	20.5
1618	-23.95	21.5
1618	-23.5	21.95
1618	-23.05	21.5
1618	-23.5	21.05
1618	-23.95	21.5
1619	-23.95	22.5
1619	-23.5	22.95
1619	-23.05	22.5
1619	-23.5	22.05
1619	-23.95	22.5
1620	-23.95	23.5
1620	-23.5	23.95
1620	-23.05	23.5
1620	-23.5	23.05
1620	-23.95	23.5
1621	-23.95	24.5
1621	-23.5	24.95
1621	-23.05	24.5
1621	-23.5	24.05
1621	-23.95	24.5
1622	-23.95	25.5
1622	-23.5	25.95
1622	-23.05	25.5
1622	-23.5	25.05
1622	-23.95	25.5
1623	-23.95	26.5
1623	-23.5	26.95
1623	-23.05	26.5
1623	-23.5	26.05
1623	-23.95	26.5
1624	-23.95	27.5
1624	-23.5	27.95
1624	-23.05	27.5
1624	-23.5	27.05
1624	-23.95	27.5
1625	-23.95	28.5
1625	-23.5	28.95
1625	-23.05	28.5
1625	-23.5	28.05
1625	-23.95	28.5
1626	-23.95	29.5
1626	-23.5	29.95
1626	-23.05	29.5
1626	-23.5	29.05
1626	-23.95	29.5
1627	-23.95	3.5
1627	-23.5	3.95
1627	-23.05	3.5
1627	-23.5	3.05
1627	-23.95	3.5
1628	-23.95	30.5
1628	-23.5	30.95
1628	-23.05	30.5
1628	-23.5	30.05
1628	-23.95	30.5
1629	-23.95	31.5
1629	-23.5	31.95
1629	-23.05	31.5
1629	-23.5	31.05
1629	-23.95	31.5
1630	-23.95	32.5
1630	-23.5	32.95
1630	-23.05	32.5
1630	-23.5	32.05
1630	-23.95	32.5
1631	-23.95	33.5
1631	-23.5	33.95
1631	-23.05	33.5
1631	-23.5	33.05
1631	-23.95	33.5
1632	-23.95	34.5
1632	-23.5	34.95
1632	-23.05	34.5
1632	-23.5	34.05
1632	-23.95	34.5
1633	-23.95	35.5
1633	-23.5	35.95
1633	-23.05	35.5
1633	-23.5	35.05
1633	-23.95	35.5
1634	-23.95	36.5
1634	-23.5	36.95
1634	-23.05	36.5
1634	-23.5	36.05
1634	-23.95	36.5
1635	-23.95	37.5
1635	-23.5	37.95
1635	-23.05	37.5
1635	-23.5	37.05
1635	-23.95	37.5
1636	-23.95	38.5
1636	-23.5	38.95
1636	-23.05	38.5
1636	-23.5	38.05
1636	-23.95	38.5
1637	-23.95	39.5
1637	-23.5	39.95
1637	-23.05	39.5
1637	-23.5	39.05
1637	-23.95	39.5
1638	-23.95	4.5
1638	-23.5	4.95
1638	-23.05	4.5
1638	-23.5	4.05
1638	-23.95	4.5
1639	-23.95	40.5
1639	-23.5	40.95
1639	-23.05	40.5
1639	-23.5	40.05
1639	-23.95	40.5
1640	-23.95	41.5
1640	-23.5	41.95
1640	-23.05	41.5
1640	-23.5	41.05
1640	-23.95	41.5
1641	-23.95	42.5
1641	-23.5	42.95
1641	-23.05	42.5
1641	-23.5	42.05
1641	-23.95	42.5
1642	-23.95	43.5
1642	-23.5	43.95
1642	-23.05	43.5
1642	-23.5	43.05
1642	-23.95	43.5
1643	-23.95	44.5
1643	-23.5	44.95
1643	-23.05	44.5
1643	-23.5	44.05
1643	-23.95	44.5
1644	-23.95	45.5
1644	-23.5	45.95
1644	-23.05	45.5
1644	-23.5	45.05
1644	-23.95	45.5
1645	-23.95	46.5
1645	-23.5	46.95
1645	-23.05	46.5
1645	-23.5	46.05
1645	-23.95	46.5
1646	-23.95	47.5
1646	-23.5	47.95
1646	-23.05	47.5
1646	-23.5	47.05
1646	-23.95	47.5
1647	-23.95	48.5
1647	-23.5	48.95
1647	-23.05	48.5
1647	-23.5	48.05
1647	-23.95	48.5
1648	-23.95	5.5
1648	-23.5	5.95
1648	-23.05	5.5
1648	-23.5	5.05
1648	-23.95	5.5
1649	-23.95	6.5
1649	-23.5	6.95
1649	-23.05	6.5
1649	-23.5	6.05
1649	-23.95	6.5
1650	-23.95	7.5
1650	-23.5	7.95
1650	-23.05	7.5
1650	-23.5	7.05
1650	-23.95	7.5
1651	-23.95	8.5
1651	-23.5	8.95
1651	-23.05	8.5
1651	-23.5	8.05
1651	-23.95	8.5
1652	-23.95	9.5
1652	-23.5	9.95
1652	-23.05	9.5
1652	-23.5	9.05
1652	-23.95	9.5
1653	-24.45	-1
1653	-24	-0.55
1653	-23.55	-1
1653	-24	-1.45
1653	-24.45	-1
1654	-24.45	0
1654	-24	0.45
1654	-23.55	0
1654	-24	-0.45
1654	-24.45	0
1655	-24.45	1
1655	-24	1.45
1655	-23.55	1
1655	-24	0.55
1655	-24.45	1
1656	-24.45	10
1656	-24	10.45
1656	-23.55	10
1656	-24	9.55
1656	-24.45	10
1657	-24.45	11
1657	-24	11.45
1657	-23.55	11
1657	-24	10.55
1657	-24.45	11
1658	-24.45	12
1658	-24	12.45
1658	-23.55	12
1658	-24	11.55
1658	-24.45	12
1659	-24.45	13
1659	-24	13.45
1659	-23.55	13
1659	-24	12.55
1659	-24.45	13
1660	-24.45	14
1660	-24	14.45
1660	-23.55	14
1660	-24	13.55
1660	-24.45	14
1661	-24.45	15
1661	-24	15.45
1661	-23.55	15
1661	-24	14.55
1661	-24.45	15
1662	-24.45	16
1662	-24	16.45
1662	-23.55	16
1662	-24	15.55
1662	-24.45	16
1663	-24.45	17
1663	-24	17.45
1663	-23.55	17
1663	-24	16.55
1663	-24.45	17
1664	-24.45	18
1664	-24	18.45
1664	-23.55	18
1664	-24	17.55
1664	-24.45	18
1665	-24.45	19
1665	-24	19.45
1665	-23.55	19
1665	-24	18.55
1665	-24.45	19
1666	-24.45	2
1666	-24	2.45
1666	-23.55	2
1666	-24	1.55
1666	-24.45	2
1667	-24.45	20
1667	-24	20.45
1667	-23.55	20
1667	-24	19.55
1667	-24.45	20
1668	-24.45	21
1668	-24	21.45
1668	-23.55	21
1668	-24	20.55
1668	-24.45	21
1669	-24.45	22
1669	-24	22.45
1669	-23.55	22
1669	-24	21.55
1669	-24.45	22
1670	-24.45	23
1670	-24	23.45
1670	-23.55	23
1670	-24	22.55
1670	-24.45	23
1671	-24.45	24
1671	-24	24.45
1671	-23.55	24
1671	-24	23.55
1671	-24.45	24
1672	-24.45	25
1672	-24	25.45
1672	-23.55	25
1672	-24	24.55
1672	-24.45	25
1673	-24.45	26
1673	-24	26.45
1673	-23.55	26
1673	-24	25.55
1673	-24.45	26
1674	-24.45	27
1674	-24	27.45
1674	-23.55	27
1674	-24	26.55
1674	-24.45	27
1675	-24.45	28
1675	-24	28.45
1675	-23.55	28
1675	-24	27.55
1675	-24.45	28
1676	-24.45	29
1676	-24	29.45
1676	-23.55	29
1676	-24	28.55
1676	-24.45	29
1677	-24.45	3
1677	-24	3.45
1677	-23.55	3
1677	-24	2.55
1677	-24.45	3
1678	-24.45	30
1678	-24	30.45
1678	-23.55	30
1678	-24	29.55
1678	-24.45	30
1679	-24.45	31
1679	-24	31.45
1679	-23.55	31
1679	-24	30.55
1679	-24.45	31
1680	-24.45	32
1680	-24	32.45
1680	-23.55	32
1680	-24	31.55
1680	-24.45	32
1681	-24.45	33
1681	-24	33.45
1681	-23.55	33
1681	-24	32.55
1681	-24.45	33
1682	-24.45	34
1682	-24	34.45
1682	-23.55	34
1682	-24	33.55
1682	-24.45	34
1683	-24.45	35
1683	-24	35.45
1683	-23.55	35
1683	-24	34.55
1683	-24.45	35
1684	-24.45	36
1684	-24	36.45
1684	-23.55	36
1684	-24	35.55
1684	-24.45	36
1685	-24.45	37
1685	-24	37.45
1685	-23.55	37
1685	-24	36.55
1685	-24.45	37
1686	-24.45	38
1686	-24	38.45
1686	-23.55	38
1686	-24	37.55
1686	-24.45	38
1687	-24.45	39
1687	-24	39.45
1687	-23.55	39
1687	-24	38.55
1687	-24.45	39
1688	-24.45	4
1688	-24	4.45
1688	-23.55	4
1688	-24	3.55
1688	-24.45	4
1689	-24.45	40
1689	-24	40.45
1689	-23.55	40
1689	-24	39.55
1689	-24.45	40
1690	-24.45	41
1690	-24	41.45
1690	-23.55	41
1690	-24	40.55
1690	-24.45	41
1691	-24.45	42
1691	-24	42.45
1691	-23.55	42
1691	-24	41.55
1691	-24.45	42
1692	-24.45	43
1692	-24	43.45
1692	-23.55	43
1692	-24	42.55
1692	-24.45	43
1693	-24.45	44
1693	-24	44.45
1693	-23.55	44
1693	-24	43.55
1693	-24.45	44
1694	-24.45	45
1694	-24	45.45
1694	-23.55	45
1694	-24	44.55
1694	-24.45	45
1695	-24.45	46
1695	-24	46.45
1695	-23.55	46
1695	-24	45.55
1695	-24.45	46
1696	-24.45	47
1696	-24	47.45
1696	-23.55	47
1696	-24	46.55
1696	-24.45	47
1697	-24.45	48
1697	-24	48.45
1697	-23.55	48
1697	-24	47.55
1697	-24.45	48
1698	-24.45	49
1698	-24	49.45
1698	-23.55	49
1698	-24	48.55
1698	-24.45	49
1699	-24.45	5
1699	-24	5.45
1699	-23.55	5
1699	-24	4.55
1699	-24.45	5
1700	-24.45	6
1700	-24	6.45
1700	-23.55	6
1700	-24	5.55
1700	-24.45	6
1701	-24.45	7
1701	-24	7.45
1701	-23.55	7
1701	-24	6.55
1701	-24.45	7
1702	-24.45	8
1702	-24	8.45
1702	-23.55	8
1702	-24	7.55
1702	-24.45	8
1703	-24.45	9
1703	-24	9.45
1703	-23.55	9
1703	-24	8.55
1703	-24.45	9
1704	-24.95	-0.5
1704	-24.5	-0.05
1704	-24.05	-0.5
1704	-24.5	-0.95
1704	-24.95	-0.5
1705	-24.95	0.5
1705	-24.5	0.95
1705	-24.05	0.5
1705	-24.5	0.05
1705	-24.95	0.5
1706	-24.95	1.5
1706	-24.5	1.95
1706	-24.05	1.5
1706	-24.5	1.05
1706	-24.95	1.5
1707	-24.95	10.5
1707	-24.5	10.95
1707	-24.05	10.5
1707	-24.5	10.05
1707	-24.95	10.5
1708	-24.95	11.5
1708	-24.5	11.95
1708	-24.05	11.5
1708	-24.5	11.05
1708	-24.95	11.5
1709	-24.95	12.5
1709	-24.5	12.95
1709	-24.05	12.5
1709	-24.5	12.05
1709	-24.95	12.5
1710	-24.95	13.5
1710	-24.5	13.95
1710	-24.05	13.5
1710	-24.5	13.05
1710	-24.95	13.5
1711	-24.95	14.5
1711	-24.5	14.95
1711	-24.05	14.5
1711	-24.5	14.05
1711	-24.95	14.5
1712	-24.95	15.5
1712	-24.5	15.95
1712	-24.05	15.5
1712	-24.5	15.05
1712	-24.95	15.5
1713	-24.95	16.5
1713	-24.5	16.95
1713	-24.05	16.5
1713	-24.5	16.05
1713	-24.95	16.5
1714	-24.95	17.5
1714	-24.5	17.95
1714	-24.05	17.5
1714	-24.5	17.05
1714	-24.95	17.5
1715	-24.95	18.5
1715	-24.5	18.95
1715	-24.05	18.5
1715	-24.5	18.05
1715	-24.95	18.5
1716	-24.95	19.5
1716	-24.5	19.95
1716	-24.05	19.5
1716	-24.5	19.05
1716	-24.95	19.5
1717	-24.95	2.5
1717	-24.5	2.95
1717	-24.05	2.5
1717	-24.5	2.05
1717	-24.95	2.5
1718	-24.95	20.5
1718	-24.5	20.95
1718	-24.05	20.5
1718	-24.5	20.05
1718	-24.95	20.5
1719	-24.95	21.5
1719	-24.5	21.95
1719	-24.05	21.5
1719	-24.5	21.05
1719	-24.95	21.5
1720	-24.95	22.5
1720	-24.5	22.95
1720	-24.05	22.5
1720	-24.5	22.05
1720	-24.95	22.5
1721	-24.95	23.5
1721	-24.5	23.95
1721	-24.05	23.5
1721	-24.5	23.05
1721	-24.95	23.5
1722	-24.95	24.5
1722	-24.5	24.95
1722	-24.05	24.5
1722	-24.5	24.05
1722	-24.95	24.5
1723	-24.95	25.5
1723	-24.5	25.95
1723	-24.05	25.5
1723	-24.5	25.05
1723	-24.95	25.5
1724	-24.95	26.5
1724	-24.5	26.95
1724	-24.05	26.5
1724	-24.5	26.05
1724	-24.95	26.5
1725	-24.95	27.5
1725	-24.5	27.95
1725	-24.05	27.5
1725	-24.5	27.05
1725	-24.95	27.5
1726	-24.95	28.5
1726	-24.5	28.95
1726	-24.05	28.5
1726	-24.5	28.05
1726	-24.95	28.5
1727	-24.95	29.5
1727	-24.5	29.95
1727	-24.05	29.5
1727	-24.5	29.05
1727	-24.95	29.5
1728	-24.95	3.5
1728	-24.5	3.95
1728	-24.05	3.5
1728	-24.5	3.05
1728	-24.95	3.5
1729	-24.95	30.5
1729	-24.5	30.95
1729	-24.05	30.5
1729	-24.5	30.05
1729	-24.95	30.5
1730	-24.95	31.5
1730	-24.5	31.95
1730	-24.05	31.5
1730	-24.5	31.05
1730	-24.95	31.5
1731	-24.95	32.5
1731	-24.5	32.95
1731	-24.05	32.5
1731	-24.5	32.05
1731	-24.95	32.5
1732	-24.95	33.5
1732	-24.5	33.95
1732	-24.05	33.5
1732	-24.5	33.05
1732	-24.95	33.5
1733	-24.95	34.5
1733	-24.5	34.95
1733	-24.05	34.5
1733	-24.5	34.05
1733	-24.95	34.5
1734	-24.95	35.5
1734	-24.5	35.95
1734	-24.05	35.5
1734	-24.5	35.05
1734	-24.95	35.5
1735	-24.95	36.5
1735	-24.5	36.95
1735	-24.05	36.5
1735	-24.5	36.05
1735	-24.95	36.5
1736	-24.95	37.5
1736	-24.5	37.95
1736	-24.05	37.5
1736	-24.5	37.05
1736	-24.95	37.5
1737	-24.95	38.5
1737	-24.5	38.95
1737	-24.05	38.5
1737	-24.5	38.05
1737	-24.95	38.5
1738	-24.95	39.5
1738	-24.5	39.95
1738	-24.05	39.5
1738	-24.5	39.05
1738	-24.95	39.5
1739	-24.95	4.5
1739	-24.5	4.95
1739	-24.05	4.5
1739	-24.5	4.05
1739	-24.95	4.5
1740	-24.95	40.5
1740	-24.5	40.95
1740	-24.05	40.5
1740	-24.5	40.05
1740	-24.95	40.5
1741	-24.95	41.5
1741	-24.5	41.95
1741	-24.05	41.5
1741	-24.5	41.05
1741	-24.95	41.5
1742	-24.95	42.5
1742	-24.5	42.95
1742	-24.05	42.5
1742	-24.5	42.05
1742	-24.95	42.5
1743	-24.95	43.5
1743	-24.5	43.95
1743	-24.05	43.5
1743	-24.5	43.05
1743	-24.95	43.5
1744	-24.95	44.5
1744	-24.5	44.95
1744	-24.05	44.5
1744	-24.5	44.05
1744	-24.95	44.5
1745	-24.95	45.5
1745	-24.5	45.95
1745	-24.05	45.5
1745	-24.5	45.05
1745	-24.95	45.5
1746	-24.95	46.5
1746	-24.5	46.95
1746	-24.05	46.5
1746	-24.5	46.05
1746	-24.95	46.5
1747	-24.95	47.5
1747	-24.5	47.95
1747	-24.05	47.5
1747	-24.5	47.05
1747	-24.95	47.5
1748	-24.95	48.5
1748	-24.5	48.95
1748	-24.05	48.5
1748	-24.5	48.05
1748	-24.95	48.5
1749	-24.95	5.5
1749	-24.5	5.95
1749	-24.05	5.5
1749	-24.5	5.05
1749	-24.95	5.5
1750	-24.95	6.5
1750	-24.5	6.95
1750	-24.05	6.5
1750	-24.5	6.05
1750	-24.95	6.5
1751	-24.95	7.5
1751	-24.5	7.95
1751	-24.05	7.5
1751	-24.5	7.05
1751	-24.95	7.5
1752	-24.95	8.5
1752	-24.5	8.95
1752	-24.05	8.5
1752	-24.5	8.05
1752	-24.95	8.5
1753	-24.95	9.5
1753	-24.5	9.95
1753	-24.05	9.5
1753	-24.5	9.05
1753	-24.95	9.5
1754	-25.45	0
1754	-25	0.45
1754	-24.55	0
1754	-25	-0.45
1754	-25.45	0
1755	-25.45	1
1755	-25	1.45
1755	-24.55	1
1755	-25	0.55
1755	-25.45	1
1756	-25.45	10
1756	-25	10.45
1756	-24.55	10
1756	-25	9.55
1756	-25.45	10
1757	-25.45	11
1757	-25	11.45
1757	-24.55	11
1757	-25	10.55
1757	-25.45	11
1758	-25.45	12
1758	-25	12.45
1758	-24.55	12
1758	-25	11.55
1758	-25.45	12
1759	-25.45	13
1759	-25	13.45
1759	-24.55	13
1759	-25	12.55
1759	-25.45	13
1760	-25.45	14
1760	-25	14.45
1760	-24.55	14
1760	-25	13.55
1760	-25.45	14
1761	-25.45	15
1761	-25	15.45
1761	-24.55	15
1761	-25	14.55
1761	-25.45	15
1762	-25.45	16
1762	-25	16.45
1762	-24.55	16
1762	-25	15.55
1762	-25.45	16
1763	-25.45	17
1763	-25	17.45
1763	-24.55	17
1763	-25	16.55
1763	-25.45	17
1764	-25.45	18
1764	-25	18.45
1764	-24.55	18
1764	-25	17.55
1764	-25.45	18
1765	-25.45	19
1765	-25	19.45
1765	-24.55	19
1765	-25	18.55
1765	-25.45	19
1766	-25.45	2
1766	-25	2.45
1766	-24.55	2
1766	-25	1.55
1766	-25.45	2
1767	-25.45	20
1767	-25	20.45
1767	-24.55	20
1767	-25	19.55
1767	-25.45	20
1768	-25.45	21
1768	-25	21.45
1768	-24.55	21
1768	-25	20.55
1768	-25.45	21
1769	-25.45	22
1769	-25	22.45
1769	-24.55	22
1769	-25	21.55
1769	-25.45	22
1770	-25.45	23
1770	-25	23.45
1770	-24.55	23
1770	-25	22.55
1770	-25.45	23
1771	-25.45	24
1771	-25	24.45
1771	-24.55	24
1771	-25	23.55
1771	-25.45	24
1772	-25.45	25
1772	-25	25.45
1772	-24.55	25
1772	-25	24.55
1772	-25.45	25
1773	-25.45	26
1773	-25	26.45
1773	-24.55	26
1773	-25	25.55
1773	-25.45	26
1774	-25.45	27
1774	-25	27.45
1774	-24.55	27
1774	-25	26.55
1774	-25.45	27
1775	-25.45	28
1775	-25	28.45
1775	-24.55	28
1775	-25	27.55
1775	-25.45	28
1776	-25.45	29
1776	-25	29.45
1776	-24.55	29
1776	-25	28.55
1776	-25.45	29
1777	-25.45	3
1777	-25	3.45
1777	-24.55	3
1777	-25	2.55
1777	-25.45	3
1778	-25.45	30
1778	-25	30.45
1778	-24.55	30
1778	-25	29.55
1778	-25.45	30
1779	-25.45	31
1779	-25	31.45
1779	-24.55	31
1779	-25	30.55
1779	-25.45	31
1780	-25.45	32
1780	-25	32.45
1780	-24.55	32
1780	-25	31.55
1780	-25.45	32
1781	-25.45	33
1781	-25	33.45
1781	-24.55	33
1781	-25	32.55
1781	-25.45	33
1782	-25.45	34
1782	-25	34.45
1782	-24.55	34
1782	-25	33.55
1782	-25.45	34
1783	-25.45	35
1783	-25	35.45
1783	-24.55	35
1783	-25	34.55
1783	-25.45	35
1784	-25.45	36
1784	-25	36.45
1784	-24.55	36
1784	-25	35.55
1784	-25.45	36
1785	-25.45	37
1785	-25	37.45
1785	-24.55	37
1785	-25	36.55
1785	-25.45	37
1786	-25.45	38
1786	-25	38.45
1786	-24.55	38
1786	-25	37.55
1786	-25.45	38
1787	-25.45	39
1787	-25	39.45
1787	-24.55	39
1787	-25	38.55
1787	-25.45	39
1788	-25.45	4
1788	-25	4.45
1788	-24.55	4
1788	-25	3.55
1788	-25.45	4
1789	-25.45	40
1789	-25	40.45
1789	-24.55	40
1789	-25	39.55
1789	-25.45	40
1790	-25.45	41
1790	-25	41.45
1790	-24.55	41
1790	-25	40.55
1790	-25.45	41
1791	-25.45	42
1791	-25	42.45
1791	-24.55	42
1791	-25	41.55
1791	-25.45	42
1792	-25.45	43
1792	-25	43.45
1792	-24.55	43
1792	-25	42.55
1792	-25.45	43
1793	-25.45	44
1793	-25	44.45
1793	-24.55	44
1793	-25	43.55
1793	-25.45	44
1794	-25.45	45
1794	-25	45.45
1794	-24.55	45
1794	-25	44.55
1794	-25.45	45
1795	-25.45	46
1795	-25	46.45
1795	-24.55	46
1795	-25	45.55
1795	-25.45	46
1796	-25.45	47
1796	-25	47.45
1796	-24.55	47
1796	-25	46.55
1796	-25.45	47
1797	-25.45	48
1797	-25	48.45
1797	-24.55	48
1797	-25	47.55
1797	-25.45	48
1798	-25.45	49
1798	-25	49.45
1798	-24.55	49
1798	-25	48.55
1798	-25.45	49
1799	-25.45	5
1799	-25	5.45
1799	-24.55	5
1799	-25	4.55
1799	-25.45	5
1800	-25.45	6
1800	-25	6.45
1800	-24.55	6
1800	-25	5.55
1800	-25.45	6
1801	-25.45	7
1801	-25	7.45
1801	-24.55	7
1801	-25	6.55
1801	-25.45	7
1802	-25.45	8
1802	-25	8.45
1802	-24.55	8
1802	-25	7.55
1802	-25.45	8
1803	-25.45	9
1803	-25	9.45
1803	-24.55	9
1803	-25	8.55
1803	-25.45	9
1804	-25.95	-0.5
1804	-25.5	-0.05
1804	-25.05	-0.5
1804	-25.5	-0.95
1804	-25.95	-0.5
1805	-25.95	0.5
1805	-25.5	0.95
1805	-25.05	0.5
1805	-25.5	0.05
1805	-25.95	0.5
1806	-25.95	1.5
1806	-25.5	1.95
1806	-25.05	1.5
1806	-25.5	1.05
1806	-25.95	1.5
1807	-25.95	10.5
1807	-25.5	10.95
1807	-25.05	10.5
1807	-25.5	10.05
1807	-25.95	10.5
1808	-25.95	11.5
1808	-25.5	11.95
1808	-25.05	11.5
1808	-25.5	11.05
1808	-25.95	11.5
1809	-25.95	12.5
1809	-25.5	12.95
1809	-25.05	12.5
1809	-25.5	12.05
1809	-25.95	12.5
1810	-25.95	13.5
1810	-25.5	13.95
1810	-25.05	13.5
1810	-25.5	13.05
1810	-25.95	13.5
1811	-25.95	14.5
1811	-25.5	14.95
1811	-25.05	14.5
1811	-25.5	14.05
1811	-25.95	14.5
1812	-25.95	15.5
1812	-25.5	15.95
1812	-25.05	15.5
1812	-25.5	15.05
1812	-25.95	15.5
1813	-25.95	16.5
1813	-25.5	16.95
1813	-25.05	16.5
1813	-25.5	16.05
1813	-25.95	16.5
1814	-25.95	17.5
1814	-25.5	17.95
1814	-25.05	17.5
1814	-25.5	17.05
1814	-25.95	17.5
1815	-25.95	18.5
1815	-25.5	18.95
1815	-25.05	18.5
1815	-25.5	18.05
1815	-25.95	18.5
1816	-25.95	19.5
1816	-25.5	19.95
1816	-25.05	19.5
1816	-25.5	19.05
1816	-25.95	19.5
1817	-25.95	2.5
1817	-25.5	2.95
1817	-25.05	2.5
1817	-25.5	2.05
1817	-25.95	2.5
1818	-25.95	20.5
1818	-25.5	20.95
1818	-25.05	20.5
1818	-25.5	20.05
1818	-25.95	20.5
1819	-25.95	21.5
1819	-25.5	21.95
1819	-25.05	21.5
1819	-25.5	21.05
1819	-25.95	21.5
1820	-25.95	22.5
1820	-25.5	22.95
1820	-25.05	22.5
1820	-25.5	22.05
1820	-25.95	22.5
1821	-25.95	23.5
1821	-25.5	23.95
1821	-25.05	23.5
1821	-25.5	23.05
1821	-25.95	23.5
1822	-25.95	24.5
1822	-25.5	24.95
1822	-25.05	24.5
1822	-25.5	24.05
1822	-25.95	24.5
1823	-25.95	25.5
1823	-25.5	25.95
1823	-25.05	25.5
1823	-25.5	25.05
1823	-25.95	25.5
1824	-25.95	26.5
1824	-25.5	26.95
1824	-25.05	26.5
1824	-25.5	26.05
1824	-25.95	26.5
1825	-25.95	27.5
1825	-25.5	27.95
1825	-25.05	27.5
1825	-25.5	27.05
1825	-25.95	27.5
1826	-25.95	28.5
1826	-25.5	28.95
1826	-25.05	28.5
1826	-25.5	28.05
1826	-25.95	28.5
1827	-25.95	29.5
1827	-25.5	29.95
1827	-25.05	29.5
1827	-25.5	29.05
1827	-25.95	29.5
1828	-25.95	3.5
1828	-25.5	3.95
1828	-25.05	3.5
1828	-25.5	3.05
1828	-25.95	3.5
1829	-25.95	30.5
1829	-25.5	30.95
1829	-25.05	30.5
1829	-25.5	30.05
1829	-25.95	30.5
1830	-25.95	31.5
1830	-25.5	31.95
1830	-25.05	31.5
1830	-25.5	31.05
1830	-25.95	31.5
1831	-25.95	32.5
1831	-25.5	32.95
1831	-25.05	32.5
1831	-25.5	32.05
1831	-25.95	32.5
1832	-25.95	33.5
1832	-25.5	33.95
1832	-25.05	33.5
1832	-25.5	33.05
1832	-25.95	33.5
1833	-25.95	34.5
1833	-25.5	34.95
1833	-25.05	34.5
1833	-25.5	34.05
1833	-25.95	34.5
1834	-25.95	35.5
1834	-25.5	35.95
1834	-25.05	35.5
1834	-25.5	35.05
1834	-25.95	35.5
1835	-25.95	36.5
1835	-25.5	36.95
1835	-25.05	36.5
1835	-25.5	36.05
1835	-25.95	36.5
1836	-25.95	37.5
1836	-25.5	37.95
1836	-25.05	37.5
1836	-25.5	37.05
1836	-25.95	37.5
1837	-25.95	38.5
1837	-25.5	38.95
1837	-25.05	38.5
1837	-25.5	38.05
1837	-25.95	38.5
1838	-25.95	39.5
1838	-25.5	39.95
1838	-25.05	39.5
1838	-25.5	39.05
1838	-25.95	39.5
1839	-25.95	4.5
1839	-25.5	4.95
1839	-25.05	4.5
1839	-25.5	4.05
1839	-25.95	4.5
1840	-25.95	40.5
1840	-25.5	40.95
1840	-25.05	40.5
1840	-25.5	40.05
1840	-25.95	40.5
1841	-25.95	41.5
1841	-25.5	41.95
1841	-25.05	41.5
1841	-25.5	41.05
1841	-25.95	41.5
1842	-25.95	42.5
1842	-25.5	42.95
1842	-25.05	42.5
1842	-25.5	42.05
1842	-25.95	42.5
1843	-25.95	43.5
1843	-25.5	43.95
1843	-25.05	43.5
1843	-25.5	43.05
1843	-25.95	43.5
1844	-25.95	44.5
1844	-25.5	44.95
1844	-25.05	44.5
1844	-25.5	44.05
1844	-25.95	44.5
1845	-25.95	45.5
1845	-25.5	45.95
1845	-25.05	45.5
1845	-25.5	45.05
1845	-25.95	45.5
1846	-25.95	46.5
1846	-25.5	46.95
1846	-25.05	46.5
1846	-25.5	46.05
1846	-25.95	46.5
1847	-25.95	47.5
1847	-25.5	47.95
1847	-25.05	47.5
1847	-25.5	47.05
1847	-25.95	47.5
1848	-25.95	48.5
1848	-25.5	48.95
1848	-25.05	48.5
1848	-25.5	48.05
1848	-25.95	48.5
1849	-25.95	5.5
1849	-25.5	5.95
1849	-25.05	5.5
1849	-25.5	5.05
1849	-25.95	5.5
1850	-25.95	6.5
1850	-25.5	6.95
1850	-25.05	6.5
1850	-25.5	6.05
1850	-25.95	6.5
1851	-25.95	7.5
1851	-25.5	7.95
1851	-25.05	7.5
1851	-25.5	7.05
1851	-25.95	7.5
1852	-25.95	8.5
1852	-25.5	8.95
1852	-25.05	8.5
1852	-25.5	8.05
1852	-25.95	8.5
1853	-25.95	9.5
1853	-25.5	9.95
1853	-25.05	9.5
1853	-25.5	9.05
1853	-25.95	9.5
1854	-26.45	0
1854	-26	0.45
1854	-25.55	0
1854	-26	-0.45
1854	-26.45	0
1855	-26.45	1
1855	-26	1.45
1855	-25.55	1
1855	-26	0.55
1855	-26.45	1
1856	-26.45	10
1856	-26	10.45
1856	-25.55	10
1856	-26	9.55
1856	-26.45	10
1857	-26.45	11
1857	-26	11.45
1857	-25.55	11
1857	-26	10.55
1857	-26.45	11
1858	-26.45	12
1858	-26	12.45
1858	-25.55	12
1858	-26	11.55
1858	-26.45	12
1859	-26.45	13
1859	-26	13.45
1859	-25.55	13
1859	-26	12.55
1859	-26.45	13
1860	-26.45	14
1860	-26	14.45
1860	-25.55	14
1860	-26	13.55
1860	-26.45	14
1861	-26.45	15
1861	-26	15.45
1861	-25.55	15
1861	-26	14.55
1861	-26.45	15
1862	-26.45	16
1862	-26	16.45
1862	-25.55	16
1862	-26	15.55
1862	-26.45	16
1863	-26.45	17
1863	-26	17.45
1863	-25.55	17
1863	-26	16.55
1863	-26.45	17
1864	-26.45	18
1864	-26	18.45
1864	-25.55	18
1864	-26	17.55
1864	-26.45	18
1865	-26.45	19
1865	-26	19.45
1865	-25.55	19
1865	-26	18.55
1865	-26.45	19
1866	-26.45	2
1866	-26	2.45
1866	-25.55	2
1866	-26	1.55
1866	-26.45	2
1867	-26.45	20
1867	-26	20.45
1867	-25.55	20
1867	-26	19.55
1867	-26.45	20
1868	-26.45	21
1868	-26	21.45
1868	-25.55	21
1868	-26	20.55
1868	-26.45	21
1869	-26.45	22
1869	-26	22.45
1869	-25.55	22
1869	-26	21.55
1869	-26.45	22
1870	-26.45	23
1870	-26	23.45
1870	-25.55	23
1870	-26	22.55
1870	-26.45	23
1871	-26.45	24
1871	-26	24.45
1871	-25.55	24
1871	-26	23.55
1871	-26.45	24
1872	-26.45	25
1872	-26	25.45
1872	-25.55	25
1872	-26	24.55
1872	-26.45	25
1873	-26.45	26
1873	-26	26.45
1873	-25.55	26
1873	-26	25.55
1873	-26.45	26
1874	-26.45	27
1874	-26	27.45
1874	-25.55	27
1874	-26	26.55
1874	-26.45	27
1875	-26.45	28
1875	-26	28.45
1875	-25.55	28
1875	-26	27.55
1875	-26.45	28
1876	-26.45	29
1876	-26	29.45
1876	-25.55	29
1876	-26	28.55
1876	-26.45	29
1877	-26.45	3
1877	-26	3.45
1877	-25.55	3
1877	-26	2.55
1877	-26.45	3
1878	-26.45	30
1878	-26	30.45
1878	-25.55	30
1878	-26	29.55
1878	-26.45	30
1879	-26.45	31
1879	-26	31.45
1879	-25.55	31
1879	-26	30.55
1879	-26.45	31
1880	-26.45	32
1880	-26	32.45
1880	-25.55	32
1880	-26	31.55
1880	-26.45	32
1881	-26.45	33
1881	-26	33.45
1881	-25.55	33
1881	-26	32.55
1881	-26.45	33
1882	-26.45	34
1882	-26	34.45
1882	-25.55	34
1882	-26	33.55
1882	-26.45	34
1883	-26.45	35
1883	-26	35.45
1883	-25.55	35
1883	-26	34.55
1883	-26.45	35
1884	-26.45	36
1884	-26	36.45
1884	-25.55	36
1884	-26	35.55
1884	-26.45	36
1885	-26.45	37
1885	-26	37.45
1885	-25.55	37
1885	-26	36.55
1885	-26.45	37
1886	-26.45	38
1886	-26	38.45
1886	-25.55	38
1886	-26	37.55
1886	-26.45	38
1887	-26.45	39
1887	-26	39.45
1887	-25.55	39
1887	-26	38.55
1887	-26.45	39
1888	-26.45	4
1888	-26	4.45
1888	-25.55	4
1888	-26	3.55
1888	-26.45	4
1889	-26.45	40
1889	-26	40.45
1889	-25.55	40
1889	-26	39.55
1889	-26.45	40
1890	-26.45	41
1890	-26	41.45
1890	-25.55	41
1890	-26	40.55
1890	-26.45	41
1891	-26.45	42
1891	-26	42.45
1891	-25.55	42
1891	-26	41.55
1891	-26.45	42
1892	-26.45	43
1892	-26	43.45
1892	-25.55	43
1892	-26	42.55
1892	-26.45	43
1893	-26.45	44
1893	-26	44.45
1893	-25.55	44
1893	-26	43.55
1893	-26.45	44
1894	-26.45	45
1894	-26	45.45
1894	-25.55	45
1894	-26	44.55
1894	-26.45	45
1895	-26.45	46
1895	-26	46.45
1895	-25.55	46
1895	-26	45.55
1895	-26.45	46
1896	-26.45	47
1896	-26	47.45
1896	-25.55	47
1896	-26	46.55
1896	-26.45	47
1897	-26.45	48
1897	-26	48.45
1897	-25.55	48
1897	-26	47.55
1897	-26.45	48
1898	-26.45	49
1898	-26	49.45
1898	-25.55	49
1898	-26	48.55
1898	-26.45	49
1899	-26.45	5
1899	-26	5.45
1899	-25.55	5
1899	-26	4.55
1899	-26.45	5
1900	-26.45	6
1900	-26	6.45
1900	-25.55	6
1900	-26	5.55
1900	-26.45	6
1901	-26.45	7
1901	-26	7.45
1901	-25.55	7
1901	-26	6.55
1901	-26.45	7
1902	-26.45	8
1902	-26	8.45
1902	-25.55	8
1902	-26	7.55
1902	-26.45	8
1903	-26.45	9
1903	-26	9.45
1903	-25.55	9
1903	-26	8.55
1903	-26.45	9
1904	-26.95	-0.5
1904	-26.5	-0.05
1904	-26.05	-0.5
1904	-26.5	-0.95
1904	-26.95	-0.5
1905	-26.95	0.5
1905	-26.5	0.95
1905	-26.05	0.5
1905	-26.5	0.05
1905	-26.95	0.5
1906	-26.95	1.5
1906	-26.5	1.95
1906	-26.05	1.5
1906	-26.5	1.05
1906	-26.95	1.5
1907	-26.95	10.5
1907	-26.5	10.95
1907	-26.05	10.5
1907	-26.5	10.05
1907	-26.95	10.5
1908	-26.95	11.5
1908	-26.5	11.95
1908	-26.05	11.5
1908	-26.5	11.05
1908	-26.95	11.5
1909	-26.95	12.5
1909	-26.5	12.95
1909	-26.05	12.5
1909	-26.5	12.05
1909	-26.95	12.5
1910	-26.95	13.5
1910	-26.5	13.95
1910	-26.05	13.5
1910	-26.5	13.05
1910	-26.95	13.5
1911	-26.95	14.5
1911	-26.5	14.95
1911	-26.05	14.5
1911	-26.5	14.05
1911	-26.95	14.5
1912	-26.95	15.5
1912	-26.5	15.95
1912	-26.05	15.5
1912	-26.5	15.05
1912	-26.95	15.5
1913	-26.95	16.5
1913	-26.5	16.95
1913	-26.05	16.5
1913	-26.5	16.05
1913	-26.95	16.5
1914	-26.95	17.5
1914	-26.5	17.95
1914	-26.05	17.5
1914	-26.5	17.05
1914	-26.95	17.5
1915	-26.95	18.5
1915	-26.5	18.95
1915	-26.05	18.5
1915	-26.5	18.05
1915	-26.95	18.5
1916	-26.95	19.5
1916	-26.5	19.95
1916	-26.05	19.5
1916	-26.5	19.05
1916	-26.95	19.5
1917	-26.95	2.5
1917	-26.5	2.95
1917	-26.05	2.5
1917	-26.5	2.05
1917	-26.95	2.5
1918	-26.95	20.5
1918	-26.5	20.95
1918	-26.05	20.5
1918	-26.5	20.05
1918	-26.95	20.5
1919	-26.95	21.5
1919	-26.5	21.95
1919	-26.05	21.5
1919	-26.5	21.05
1919	-26.95	21.5
1920	-26.95	22.5
1920	-26.5	22.95
1920	-26.05	22.5
1920	-26.5	22.05
1920	-26.95	22.5
1921	-26.95	23.5
1921	-26.5	23.95
1921	-26.05	23.5
1921	-26.5	23.05
1921	-26.95	23.5
1922	-26.95	24.5
1922	-26.5	24.95
1922	-26.05	24.5
1922	-26.5	24.05
1922	-26.95	24.5
1923	-26.95	25.5
1923	-26.5	25.95
1923	-26.05	25.5
1923	-26.5	25.05
1923	-26.95	25.5
1924	-26.95	26.5
1924	-26.5	26.95
1924	-26.05	26.5
1924	-26.5	26.05
1924	-26.95	26.5
1925	-26.95	27.5
1925	-26.5	27.95
1925	-26.05	27.5
1925	-26.5	27.05
1925	-26.95	27.5
1926	-26.95	28.5
1926	-26.5	28.95
1926	-26.05	28.5
1926	-26.5	28.05
1926	-26.95	28.5
1927	-26.95	29.5
1927	-26.5	29.95
1927	-26.05	29.5
1927	-26.5	29.05
1927	-26.95	29.5
1928	-26.95	3.5
1928	-26.5	3.95
1928	-26.05	3.5
1928	-26.5	3.05
1928	-26.95	3.5
1929	-26.95	30.5
1929	-26.5	30.95
1929	-26.05	30.5
1929	-26.5	30.05
1929	-26.95	30.5
1930	-26.95	31.5
1930	-26.5	31.95
1930	-26.05	31.5
1930	-26.5	31.05
1930	-26.95	31.5
1931	-26.95	32.5
1931	-26.5	32.95
1931	-26.05	32.5
1931	-26.5	32.05
1931	-26.95	32.5
1932	-26.95	33.5
1932	-26.5	33.95
1932	-26.05	33.5
1932	-26.5	33.05
1932	-26.95	33.5
1933	-26.95	34.5
1933	-26.5	34.95
1933	-26.05	34.5
1933	-26.5	34.05
1933	-26.95	34.5
1934	-26.95	35.5
1934	-26.5	35.95
1934	-26.05	35.5
1934	-26.5	35.05
1934	-26.95	35.5
1935	-26.95	36.5
1935	-26.5	36.95
1935	-26.05	36.5
1935	-26.5	36.05
1935	-26.95	36.5
1936	-26.95	37.5
1936	-26.5	37.95
1936	-26.05	37.5
1936	-26.5	37.05
1936	-26.95	37.5
1937	-26.95	38.5
1937	-26.5	38.95
1937	-26.05	38.5
1937	-26.5	38.05
1937	-26.95	38.5
1938	-26.95	39.5
1938	-26.5	39.95
1938	-26.05	39.5
1938	-26.5	39.05
1938	-26.95	39.5
1939	-26.95	4.5
1939	-26.5	4.95
1939	-26.05	4.5
1939	-26.5	4.05
1939	-26.95	4.5
1940	-26.95	40.5
1940	-26.5	40.95
1940	-26.05	40.5
1940	-26.5	40.05
1940	-26.95	40.5
1941	-26.95	41.5
1941	-26.5	41.95
1941	-26.05	41.5
1941	-26.5	41.05
1941	-26.95	41.5
1942	-26.95	42.5
1942	-26.5	42.95
1942	-26.05	42.5
1942	-26.5	42.05
1942	-26.95	42.5
1943	-26.95	43.5
1943	-26.5	43.95
1943	-26.05	43.5
1943	-26.5	43.05
1943	-26.95	43.5
1944	-26.95	44.5
1944	-26.5	44.95
1944	-26.05	44.5
1944	-26.5	44.05
1944	-26.95	44.5
1945	-26.95	45.5
1945	-26.5	45.95
1945	-26.05	45.5
1945	-26.5	45.05
1945	-26.95	45.5
1946	-26.95	46.5
1946	-26.5	46.95
1946	-26.05	46.5
1946	-26.5	46.05
1946	-26.95	46.5
1947	-26.95	47.5
1947	-26.5	47.95
1947	-26.05	47.5
1947	-26.5	47.05
1947	-26.95	47.5
1948	-26.95	48.5
1948	-26.5	48.95
1948	-26.05	48.5
1948	-26.5	48.05
1948	-26.95	48.5
1949	-26.95	5.5
1949	-26.5	5.95
1949	-26.05	5.5
1949	-26.5	5.05
1949	-26.95	5.5
1950	-26.95	6.5
1950	-26.5	6.95
1950	-26.05	6.5
1950	-26.5	6.05
1950	-26.95	6.5
1951	-26.95	7.5
1951	-26.5	7.95
1951	-26.05	7.5
1951	-26.5	7.05
1951	-26.95	7.5
1952	-26.95	8.5
1952	-26.5	8.95
1952	-26.05	8.5
1952	-26.5	8.05
1952	-26.95	8.5
1953	-26.95	9.5
1953	-26.5	9.95
1953	-26.05	9.5
1953	-26.5	9.05
1953	-26.95	9.5
1954	-27.45	0
1954	-27	0.45
1954	-26.55	0
1954	-27	-0.45
1954	-27.45	0
1955	-27.45	1
1955	-27	1.45
1955	-26.55	1
1955	-27	0.55
1955	-27.45	1
1956	-27.45	10
1956	-27	10.45
1956	-26.55	10
1956	-27	9.55
1956	-27.45	10
1957	-27.45	11
1957	-27	11.45
1957	-26.55	11
1957	-27	10.55
1957	-27.45	11
1958	-27.45	12
1958	-27	12.45
1958	-26.55	12
1958	-27	11.55
1958	-27.45	12
1959	-27.45	13
1959	-27	13.45
1959	-26.55	13
1959	-27	12.55
1959	-27.45	13
1960	-27.45	14
1960	-27	14.45
1960	-26.55	14
1960	-27	13.55
1960	-27.45	14
1961	-27.45	15
1961	-27	15.45
1961	-26.55	15
1961	-27	14.55
1961	-27.45	15
1962	-27.45	16
1962	-27	16.45
1962	-26.55	16
1962	-27	15.55
1962	-27.45	16
1963	-27.45	17
1963	-27	17.45
1963	-26.55	17
1963	-27	16.55
1963	-27.45	17
1964	-27.45	18
1964	-27	18.45
1964	-26.55	18
1964	-27	17.55
1964	-27.45	18
1965	-27.45	19
1965	-27	19.45
1965	-26.55	19
1965	-27	18.55
1965	-27.45	19
1966	-27.45	2
1966	-27	2.45
1966	-26.55	2
1966	-27	1.55
1966	-27.45	2
1967	-27.45	20
1967	-27	20.45
1967	-26.55	20
1967	-27	19.55
1967	-27.45	20
1968	-27.45	21
1968	-27	21.45
1968	-26.55	21
1968	-27	20.55
1968	-27.45	21
1969	-27.45	22
1969	-27	22.45
1969	-26.55	22
1969	-27	21.55
1969	-27.45	22
1970	-27.45	23
1970	-27	23.45
1970	-26.55	23
1970	-27	22.55
1970	-27.45	23
1971	-27.45	24
1971	-27	24.45
1971	-26.55	24
1971	-27	23.55
1971	-27.45	24
1972	-27.45	25
1972	-27	25.45
1972	-26.55	25
1972	-27	24.55
1972	-27.45	25
1973	-27.45	26
1973	-27	26.45
1973	-26.55	26
1973	-27	25.55
1973	-27.45	26
1974	-27.45	27
1974	-27	27.45
1974	-26.55	27
1974	-27	26.55
1974	-27.45	27
1975	-27.45	28
1975	-27	28.45
1975	-26.55	28
1975	-27	27.55
1975	-27.45	28
1976	-27.45	29
1976	-27	29.45
1976	-26.55	29
1976	-27	28.55
1976	-27.45	29
1977	-27.45	3
1977	-27	3.45
1977	-26.55	3
1977	-27	2.55
1977	-27.45	3
1978	-27.45	30
1978	-27	30.45
1978	-26.55	30
1978	-27	29.55
1978	-27.45	30
1979	-27.45	31
1979	-27	31.45
1979	-26.55	31
1979	-27	30.55
1979	-27.45	31
1980	-27.45	32
1980	-27	32.45
1980	-26.55	32
1980	-27	31.55
1980	-27.45	32
1981	-27.45	33
1981	-27	33.45
1981	-26.55	33
1981	-27	32.55
1981	-27.45	33
1982	-27.45	34
1982	-27	34.45
1982	-26.55	34
1982	-27	33.55
1982	-27.45	34
1983	-27.45	35
1983	-27	35.45
1983	-26.55	35
1983	-27	34.55
1983	-27.45	35
1984	-27.45	36
1984	-27	36.45
1984	-26.55	36
1984	-27	35.55
1984	-27.45	36
1985	-27.45	37
1985	-27	37.45
1985	-26.55	37
1985	-27	36.55
1985	-27.45	37
1986	-27.45	38
1986	-27	38.45
1986	-26.55	38
1986	-27	37.55
1986	-27.45	38
1987	-27.45	39
1987	-27	39.45
1987	-26.55	39
1987	-27	38.55
1987	-27.45	39
1988	-27.45	4
1988	-27	4.45
1988	-26.55	4
1988	-27	3.55
1988	-27.45	4
1989	-27.45	40
1989	-27	40.45
1989	-26.55	40
1989	-27	39.55
1989	-27.45	40
1990	-27.45	41
1990	-27	41.45
1990	-26.55	41
1990	-27	40.55
1990	-27.45	41
1991	-27.45	42
1991	-27	42.45
1991	-26.55	42
1991	-27	41.55
1991	-27.45	42
1992	-27.45	43
1992	-27	43.45
1992	-26.55	43
1992	-27	42.55
1992	-27.45	43
1993	-27.45	44
1993	-27	44.45
1993	-26.55	44
1993	-27	43.55
1993	-27.45	44
1994	-27.45	45
1994	-27	45.45
1994	-26.55	45
1994	-27	44.55
1994	-27.45	45
1995	-27.45	46
1995	-27	46.45
1995	-26.55	46
1995	-27	45.55
1995	-27.45	46
1996	-27.45	47
1996	-27	47.45
1996	-26.55	47
1996	-27	46.55
1996	-27.45	47
1997	-27.45	48
1997	-27	48.45
1997	-26.55	48
1997	-27	47.55
1997	-27.45	48
1998	-27.45	49
1998	-27	49.45
1998	-26.55	49
1998	-27	48.55
1998	-27.45	49
1999	-27.45	5
1999	-27	5.45
1999	-26.55	5
1999	-27	4.55
1999	-27.45	5
2000	-27.45	6
2000	-27	6.45
2000	-26.55	6
2000	-27	5.55
2000	-27.45	6
2001	-27.45	7
2001	-27	7.45
2001	-26.55	7
2001	-27	6.55
2001	-27.45	7
2002	-27.45	8
2002	-27	8.45
2002	-26.55	8
2002	-27	7.55
2002	-27.45	8
2003	-27.45	9
2003	-27	9.45
2003	-26.55	9
2003	-27	8.55
2003	-27.45	9
2004	-27.95	-0.5
2004	-27.5	-0.05
2004	-27.05	-0.5
2004	-27.5	-0.95
2004	-27.95	-0.5
2005	-27.95	0.5
2005	-27.5	0.95
2005	-27.05	0.5
2005	-27.5	0.05
2005	-27.95	0.5
2006	-27.95	1.5
2006	-27.5	1.95
2006	-27.05	1.5
2006	-27.5	1.05
2006	-27.95	1.5
2007	-27.95	10.5
2007	-27.5	10.95
2007	-27.05	10.5
2007	-27.5	10.05
2007	-27.95	10.5
2008	-27.95	11.5
2008	-27.5	11.95
2008	-27.05	11.5
2008	-27.5	11.05
2008	-27.95	11.5
2009	-27.95	12.5
2009	-27.5	12.95
2009	-27.05	12.5
2009	-27.5	12.05
2009	-27.95	12.5
2010	-27.95	13.5
2010	-27.5	13.95
2010	-27.05	13.5
2010	-27.5	13.05
2010	-27.95	13.5
2011	-27.95	14.5
2011	-27.5	14.95
2011	-27.05	14.5
2011	-27.5	14.05
2011	-27.95	14.5
2012	-27.95	15.5
2012	-27.5	15.95
2012	-27.05	15.5
2012	-27.5	15.05
2012	-27.95	15.5
2013	-27.95	16.5
2013	-27.5	16.95
2013	-27.05	16.5
2013	-27.5	16.05
2013	-27.95	16.5
2014	-27.95	17.5
2014	-27.5	17.95
2014	-27.05	17.5
2014	-27.5	17.05
2014	-27.95	17.5
2015	-27.95	18.5
2015	-27.5	18.95
2015	-27.05	18.5
2015	-27.5	18.05
2015	-27.95	18.5
2016	-27.95	19.5
2016	-27.5	19.95
2016	-27.05	19.5
2016	-27.5	19.05
2016	-27.95	19.5
2017	-27.95	2.5
2017	-27.5	2.95
2017	-27.05	2.5
2017	-27.5	2.05
2017	-27.95	2.5
2018	-27.95	20.5
2018	-27.5	20.95
2018	-27.05	20.5
2018	-27.5	20.05
2018	-27.95	20.5
2019	-27.95	21.5
2019	-27.5	21.95
2019	-27.05	21.5
2019	-27.5	21.05
2019	-27.95	21.5
2020	-27.95	22.5
2020	-27.5	22.95
2020	-27.05	22.5
2020	-27.5	22.05
2020	-27.95	22.5
2021	-27.95	23.5
2021	-27.5	23.95
2021	-27.05	23.5
2021	-27.5	23.05
2021	-27.95	23.5
2022	-27.95	24.5
2022	-27.5	24.95
2022	-27.05	24.5
2022	-27.5	24.05
2022	-27.95	24.5
2023	-27.95	25.5
2023	-27.5	25.95
2023	-27.05	25.5
2023	-27.5	25.05
2023	-27.95	25.5
2024	-27.95	26.5
2024	-27.5	26.95
2024	-27.05	26.5
2024	-27.5	26.05
2024	-27.95	26.5
2025	-27.95	27.5
2025	-27.5	27.95
2025	-27.05	27.5
2025	-27.5	27.05
2025	-27.95	27.5
2026	-27.95	28.5
2026	-27.5	28.95
2026	-27.05	28.5
2026	-27.5	28.05
2026	-27.95	28.5
2027	-27.95	29.5
2027	-27.5	29.95
2027	-27.05	29.5
2027	-27.5	29.05
2027	-27.95	29.5
2028	-27.95	3.5
2028	-27.5	3.95
2028	-27.05	3.5
2028	-27.5	3.05
2028	-27.95	3.5
2029	-27.95	30.5
2029	-27.5	30.95
2029	-27.05	30.5
2029	-27.5	30.05
2029	-27.95	30.5
2030	-27.95	31.5
2030	-27.5	31.95
2030	-27.05	31.5
2030	-27.5	31.05
2030	-27.95	31.5
2031	-27.95	32.5
2031	-27.5	32.95
2031	-27.05	32.5
2031	-27.5	32.05
2031	-27.95	32.5
2032	-27.95	33.5
2032	-27.5	33.95
2032	-27.05	33.5
2032	-27.5	33.05
2032	-27.95	33.5
2033	-27.95	34.5
2033	-27.5	34.95
2033	-27.05	34.5
2033	-27.5	34.05
2033	-27.95	34.5
2034	-27.95	35.5
2034	-27.5	35.95
2034	-27.05	35.5
2034	-27.5	35.05
2034	-27.95	35.5
2035	-27.95	36.5
2035	-27.5	36.95
2035	-27.05	36.5
2035	-27.5	36.05
2035	-27.95	36.5
2036	-27.95	37.5
2036	-27.5	37.95
2036	-27.05	37.5
2036	-27.5	37.05
2036	-27.95	37.5
2037	-27.95	38.5
2037	-27.5	38.95
2037	-27.05	38.5
2037	-27.5	38.05
2037	-27.95	38.5
2038	-27.95	39.5
2038	-27.5	39.95
2038	-27.05	39.5
2038	-27.5	39.05
2038	-27.95	39.5
2039	-27.95	4.5
2039	-27.5	4.95
2039	-27.05	4.5
2039	-27.5	4.05
2039	-27.95	4.5
2040	-27.95	40.5
2040	-27.5	40.95
2040	-27.05	40.5
2040	-27.5	40.05
2040	-27.95	40.5
2041	-27.95	41.5
2041	-27.5	41.95
2041	-27.05	41.5
2041	-27.5	41.05
2041	-27.95	41.5
2042	-27.95	42.5
2042	-27.5	42.95
2042	-27.05	42.5
2042	-27.5	42.05
2042	-27.95	42.5
2043	-27.95	43.5
2043	-27.5	43.95
2043	-27.05	43.5
2043	-27.5	43.05
2043	-27.95	43.5
2044	-27.95	44.5
2044	-27.5	44.95
2044	-27.05	44.5
2044	-27.5	44.05
2044	-27.95	44.5
2045	-27.95	45.5
2045	-27.5	45.95
2045	-27.05	45.5
2045	-27.5	45.05
2045	-27.95	45.5
2046	-27.95	46.5
2046	-27.5	46.95
2046	-27.05	46.5
2046	-27.5	46.05
2046	-27.95	46.5
2047	-27.95	47.5
2047	-27.5	47.95
2047	-27.05	47.5
2047	-27.5	47.05
2047	-27.95	47.5
2048	-27.95	48.5
2048	-27.5	48.95
2048	-27.05	48.5
2048	-27.5	48.05
2048	-27.95	48.5
2049	-27.95	5.5
2049	-27.5	5.95
2049	-27.05	5.5
2049	-27.5	5.05
2049	-27.95	5.5
2050	-27.95	6.5
2050	-27.5	6.95
2050	-27.05	6.5
2050	-27.5	6.05
2050	-27.95	6.5
2051	-27.95	7.5
2051	-27.5	7.95
2051	-27.05	7.5
2051	-27.5	7.05
2051	-27.95	7.5
2052	-27.95	8.5
2052	-27.5	8.95
2052	-27.05	8.5
2052	-27.5	8.05
2052	-27.95	8.5
2053	-27.95	9.5
2053	-27.5	9.95
2053	-27.05	9.5
2053	-27.5	9.05
2053	-27.95	9.5
2054	-28.45	0
2054	-28	0.45
2054	-27.55	0
2054	-28	-0.45
2054	-28.45	0
2055	-28.45	1
2055	-28	1.45
2055	-27.55	1
2055	-28	0.55
2055	-28.45	1
2056	-28.45	10
2056	-28	10.45
2056	-27.55	10
2056	-28	9.55
2056	-28.45	10
2057	-28.45	11
2057	-28	11.45
2057	-27.55	11
2057	-28	10.55
2057	-28.45	11
2058	-28.45	12
2058	-28	12.45
2058	-27.55	12
2058	-28	11.55
2058	-28.45	12
2059	-28.45	13
2059	-28	13.45
2059	-27.55	13
2059	-28	12.55
2059	-28.45	13
2060	-28.45	14
2060	-28	14.45
2060	-27.55	14
2060	-28	13.55
2060	-28.45	14
2061	-28.45	15
2061	-28	15.45
2061	-27.55	15
2061	-28	14.55
2061	-28.45	15
2062	-28.45	16
2062	-28	16.45
2062	-27.55	16
2062	-28	15.55
2062	-28.45	16
2063	-28.45	17
2063	-28	17.45
2063	-27.55	17
2063	-28	16.55
2063	-28.45	17
2064	-28.45	18
2064	-28	18.45
2064	-27.55	18
2064	-28	17.55
2064	-28.45	18
2065	-28.45	19
2065	-28	19.45
2065	-27.55	19
2065	-28	18.55
2065	-28.45	19
2066	-28.45	2
2066	-28	2.45
2066	-27.55	2
2066	-28	1.55
2066	-28.45	2
2067	-28.45	20
2067	-28	20.45
2067	-27.55	20
2067	-28	19.55
2067	-28.45	20
2068	-28.45	21
2068	-28	21.45
2068	-27.55	21
2068	-28	20.55
2068	-28.45	21
2069	-28.45	22
2069	-28	22.45
2069	-27.55	22
2069	-28	21.55
2069	-28.45	22
2070	-28.45	23
2070	-28	23.45
2070	-27.55	23
2070	-28	22.55
2070	-28.45	23
2071	-28.45	24
2071	-28	24.45
2071	-27.55	24
2071	-28	23.55
2071	-28.45	24
2072	-28.45	25
2072	-28	25.45
2072	-27.55	25
2072	-28	24.55
2072	-28.45	25
2073	-28.45	26
2073	-28	26.45
2073	-27.55	26
2073	-28	25.55
2073	-28.45	26
2074	-28.45	27
2074	-28	27.45
2074	-27.55	27
2074	-28	26.55
2074	-28.45	27
2075	-28.45	28
2075	-28	28.45
2075	-27.55	28
2075	-28	27.55
2075	-28.45	28
2076	-28.45	29
2076	-28	29.45
2076	-27.55	29
2076	-28	28.55
2076	-28.45	29
2077	-28.45	3
2077	-28	3.45
2077	-27.55	3
2077	-28	2.55
2077	-28.45	3
2078	-28.45	30
2078	-28	30.45
2078	-27.55	30
2078	-28	29.55
2078	-28.45	30
2079	-28.45	31
2079	-28	31.45
2079	-27.55	31
2079	-28	30.55
2079	-28.45	31
2080	-28.45	32
2080	-28	32.45
2080	-27.55	32
2080	-28	31.55
2080	-28.45	32
2081	-28.45	33
2081	-28	33.45
2081	-27.55	33
2081	-28	32.55
2081	-28.45	33
2082	-28.45	34
2082	-28	34.45
2082	-27.55	34
2082	-28	33.55
2082	-28.45	34
2083	-28.45	35
2083	-28	35.45
2083	-27.55	35
2083	-28	34.55
2083	-28.45	35
2084	-28.45	36
2084	-28	36.45
2084	-27.55	36
2084	-28	35.55
2084	-28.45	36
2085	-28.45	37
2085	-28	37.45
2085	-27.55	37
2085	-28	36.55
2085	-28.45	37
2086	-28.45	38
2086	-28	38.45
2086	-27.55	38
2086	-28	37.55
2086	-28.45	38
2087	-28.45	39
2087	-28	39.45
2087	-27.55	39
2087	-28	38.55
2087	-28.45	39
2088	-28.45	4
2088	-28	4.45
2088	-27.55	4
2088	-28	3.55
2088	-28.45	4
2089	-28.45	40
2089	-28	40.45
2089	-27.55	40
2089	-28	39.55
2089	-28.45	40
2090	-28.45	41
2090	-28	41.45
2090	-27.55	41
2090	-28	40.55
2090	-28.45	41
2091	-28.45	42
2091	-28	42.45
2091	-27.55	42
2091	-28	41.55
2091	-28.45	42
2092	-28.45	43
2092	-28	43.45
2092	-27.55	43
2092	-28	42.55
2092	-28.45	43
2093	-28.45	44
2093	-28	44.45
2093	-27.55	44
2093	-28	43.55
2093	-28.45	44
2094	-28.45	45
2094	-28	45.45
2094	-27.55	45
2094	-28	44.55
2094	-28.45	45
2095	-28.45	46
2095	-28	46.45
2095	-27.55	46
2095	-28	45.55
2095	-28.45	46
2096	-28.45	47
2096	-28	47.45
2096	-27.55	47
2096	-28	46.55
2096	-28.45	47
2097	-28.45	48
2097	-28	48.45
2097	-27.55	48
2097	-28	47.55
2097	-28.45	48
2098	-28.45	49
2098	-28	49.45
2098	-27.55	49
2098	-28	48.55
2098	-28.45	49
2099	-28.45	5
2099	-28	5.45
2099	-27.55	5
2099	-28	4.55
2099	-28.45	5
2100	-28.45	6
2100	-28	6.45
2100	-27.55	6
2100	-28	5.55
2100	-28.45	6
2101	-28.45	7
2101	-28	7.45
2101	-27.55	7
2101	-28	6.55
2101	-28.45	7
2102	-28.45	8
2102	-28	8.45
2102	-27.55	8
2102	-28	7.55
2102	-28.45	8
2103	-28.45	9
2103	-28	9.45
2103	-27.55	9
2103	-28	8.55
2103	-28.45	9
2104	-28.95	-0.5
2104	-28.5	-0.05
2104	-28.05	-0.5
2104	-28.5	-0.95
2104	-28.95	-0.5
2105	-28.95	0.5
2105	-28.5	0.95
2105	-28.05	0.5
2105	-28.5	0.05
2105	-28.95	0.5
2106	-28.95	1.5
2106	-28.5	1.95
2106	-28.05	1.5
2106	-28.5	1.05
2106	-28.95	1.5
2107	-28.95	10.5
2107	-28.5	10.95
2107	-28.05	10.5
2107	-28.5	10.05
2107	-28.95	10.5
2108	-28.95	11.5
2108	-28.5	11.95
2108	-28.05	11.5
2108	-28.5	11.05
2108	-28.95	11.5
2109	-28.95	12.5
2109	-28.5	12.95
2109	-28.05	12.5
2109	-28.5	12.05
2109	-28.95	12.5
2110	-28.95	13.5
2110	-28.5	13.95
2110	-28.05	13.5
2110	-28.5	13.05
2110	-28.95	13.5
2111	-28.95	14.5
2111	-28.5	14.95
2111	-28.05	14.5
2111	-28.5	14.05
2111	-28.95	14.5
2112	-28.95	15.5
2112	-28.5	15.95
2112	-28.05	15.5
2112	-28.5	15.05
2112	-28.95	15.5
2113	-28.95	16.5
2113	-28.5	16.95
2113	-28.05	16.5
2113	-28.5	16.05
2113	-28.95	16.5
2114	-28.95	17.5
2114	-28.5	17.95
2114	-28.05	17.5
2114	-28.5	17.05
2114	-28.95	17.5
2115	-28.95	18.5
2115	-28.5	18.95
2115	-28.05	18.5
2115	-28.5	18.05
2115	-28.95	18.5
2116	-28.95	19.5
2116	-28.5	19.95
2116	-28.05	19.5
2116	-28.5	19.05
2116	-28.95	19.5
2117	-28.95	2.5
2117	-28.5	2.95
2117	-28.05	2.5
2117	-28.5	2.05
2117	-28.95	2.5
2118	-28.95	20.5
2118	-28.5	20.95
2118	-28.05	20.5
2118	-28.5	20.05
2118	-28.95	20.5
2119	-28.95	21.5
2119	-28.5	21.95
2119	-28.05	21.5
2119	-28.5	21.05
2119	-28.95	21.5
2120	-28.95	22.5
2120	-28.5	22.95
2120	-28.05	22.5
2120	-28.5	22.05
2120	-28.95	22.5
2121	-28.95	23.5
2121	-28.5	23.95
2121	-28.05	23.5
2121	-28.5	23.05
2121	-28.95	23.5
2122	-28.95	24.5
2122	-28.5	24.95
2122	-28.05	24.5
2122	-28.5	24.05
2122	-28.95	24.5
2123	-28.95	25.5
2123	-28.5	25.95
2123	-28.05	25.5
2123	-28.5	25.05
2123	-28.95	25.5
2124	-28.95	26.5
2124	-28.5	26.95
2124	-28.05	26.5
2124	-28.5	26.05
2124	-28.95	26.5
2125	-28.95	27.5
2125	-28.5	27.95
2125	-28.05	27.5
2125	-28.5	27.05
2125	-28.95	27.5
2126	-28.95	28.5
2126	-28.5	28.95
2126	-28.05	28.5
2126	-28.5	28.05
2126	-28.95	28.5
2127	-28.95	29.5
2127	-28.5	29.95
2127	-28.05	29.5
2127	-28.5	29.05
2127	-28.95	29.5
2128	-28.95	3.5
2128	-28.5	3.95
2128	-28.05	3.5
2128	-28.5	3.05
2128	-28.95	3.5
2129	-28.95	30.5
2129	-28.5	30.95
2129	-28.05	30.5
2129	-28.5	30.05
2129	-28.95	30.5
2130	-28.95	31.5
2130	-28.5	31.95
2130	-28.05	31.5
2130	-28.5	31.05
2130	-28.95	31.5
2131	-28.95	32.5
2131	-28.5	32.95
2131	-28.05	32.5
2131	-28.5	32.05
2131	-28.95	32.5
2132	-28.95	33.5
2132	-28.5	33.95
2132	-28.05	33.5
2132	-28.5	33.05
2132	-28.95	33.5
2133	-28.95	34.5
2133	-28.5	34.95
2133	-28.05	34.5
2133	-28.5	34.05
2133	-28.95	34.5
2134	-28.95	35.5
2134	-28.5	35.95
2134	-28.05	35.5
2134	-28.5	35.05
2134	-28.95	35.5
2135	-28.95	36.5
2135	-28.5	36.95
2135	-28.05	36.5
2135	-28.5	36.05
2135	-28.95	36.5
2136	-28.95	37.5
2136	-28.5	37.95
2136	-28.05	37.5
2136	-28.5	37.05
2136	-28.95	37.5
2137	-28.95	38.5
2137	-28.5	38.95
2137	-28.05	38.5
2137	-28.5	38.05
2137	-28.95	38.5
2138	-28.95	39.5
2138	-28.5	39.95
2138	-28.05	39.5
2138	-28.5	39.05
2138	-28.95	39.5
2139	-28.95	4.5
2139	-28.5	4.95
2139	-28.05	4.5
2139	-28.5	4.05
2139	-28.95	4.5
2140	-28.95	40.5
2140	-28.5	40.95
2140	-28.05	40.5
2140	-28.5	40.05
2140	-28.95	40.5
2141	-28.95	41.5
2141	-28.5	41.95
2141	-28.05	41.5
2141	-28.5	41.05
2141	-28.95	41.5
2142	-28.95	42.5
2142	-28.5	42.95
2142	-28.05	42.5
2142	-28.5	42.05
2142	-28.95	42.5
2143	-28.95	43.5
2143	-28.5	43.95
2143	-28.05	43.5
2143	-28.5	43.05
2143	-28.95	43.5
2144	-28.95	44.5
2144	-28.5	44.95
2144	-28.05	44.5
2144	-28.5	44.05
2144	-28.95	44.5
2145	-28.95	45.5
2145	-28.5	45.95
2145	-28.05	45.5
2145	-28.5	45.05
2145	-28.95	45.5
2146	-28.95	46.5
2146	-28.5	46.95
2146	-28.05	46.5
2146	-28.5	46.05
2146	-28.95	46.5
2147	-28.95	47.5
2147	-28.5	47.95
2147	-28.05	47.5
2147	-28.5	47.05
2147	-28.95	47.5
2148	-28.95	48.5
2148	-28.5	48.95
2148	-28.05	48.5
2148	-28.5	48.05
2148	-28.95	48.5
2149	-28.95	5.5
2149	-28.5	5.95
2149	-28.05	5.5
2149	-28.5	5.05
2149	-28.95	5.5
2150	-28.95	6.5
2150	-28.5	6.95
2150	-28.05	6.5
2150	-28.5	6.05
2150	-28.95	6.5
2151	-28.95	7.5
2151	-28.5	7.95
2151	-28.05	7.5
2151	-28.5	7.05
2151	-28.95	7.5
2152	-28.95	8.5
2152	-28.5	8.95
2152	-28.05	8.5
2152	-28.5	8.05
2152	-28.95	8.5
2153	-28.95	9.5
2153	-28.5	9.95
2153	-28.05	9.5
2153	-28.5	9.05
2153	-28.95	9.5
2154	-29.45	-1
2154	-29	-0.55
2154	-28.55	-1
2154	-29	-1.45
2154	-29.45	-1
2155	-29.45	0
2155	-29	0.45
2155	-28.55	0
2155	-29	-0.45
2155	-29.45	0
2156	-29.45	1
2156	-29	1.45
2156	-28.55	1
2156	-29	0.55
2156	-29.45	1
2157	-29.45	10
2157	-29	10.45
2157	-28.55	10
2157	-29	9.55
2157	-29.45	10
2158	-29.45	11
2158	-29	11.45
2158	-28.55	11
2158	-29	10.55
2158	-29.45	11
2159	-29.45	12
2159	-29	12.45
2159	-28.55	12
2159	-29	11.55
2159	-29.45	12
2160	-29.45	13
2160	-29	13.45
2160	-28.55	13
2160	-29	12.55
2160	-29.45	13
2161	-29.45	14
2161	-29	14.45
2161	-28.55	14
2161	-29	13.55
2161	-29.45	14
2162	-29.45	15
2162	-29	15.45
2162	-28.55	15
2162	-29	14.55
2162	-29.45	15
2163	-29.45	16
2163	-29	16.45
2163	-28.55	16
2163	-29	15.55
2163	-29.45	16
2164	-29.45	17
2164	-29	17.45
2164	-28.55	17
2164	-29	16.55
2164	-29.45	17
2165	-29.45	18
2165	-29	18.45
2165	-28.55	18
2165	-29	17.55
2165	-29.45	18
2166	-29.45	19
2166	-29	19.45
2166	-28.55	19
2166	-29	18.55
2166	-29.45	19
2167	-29.45	2
2167	-29	2.45
2167	-28.55	2
2167	-29	1.55
2167	-29.45	2
2168	-29.45	20
2168	-29	20.45
2168	-28.55	20
2168	-29	19.55
2168	-29.45	20
2169	-29.45	21
2169	-29	21.45
2169	-28.55	21
2169	-29	20.55
2169	-29.45	21
2170	-29.45	22
2170	-29	22.45
2170	-28.55	22
2170	-29	21.55
2170	-29.45	22
2171	-29.45	23
2171	-29	23.45
2171	-28.55	23
2171	-29	22.55
2171	-29.45	23
2172	-29.45	24
2172	-29	24.45
2172	-28.55	24
2172	-29	23.55
2172	-29.45	24
2173	-29.45	25
2173	-29	25.45
2173	-28.55	25
2173	-29	24.55
2173	-29.45	25
2174	-29.45	26
2174	-29	26.45
2174	-28.55	26
2174	-29	25.55
2174	-29.45	26
2175	-29.45	27
2175	-29	27.45
2175	-28.55	27
2175	-29	26.55
2175	-29.45	27
2176	-29.45	28
2176	-29	28.45
2176	-28.55	28
2176	-29	27.55
2176	-29.45	28
2177	-29.45	29
2177	-29	29.45
2177	-28.55	29
2177	-29	28.55
2177	-29.45	29
2178	-29.45	3
2178	-29	3.45
2178	-28.55	3
2178	-29	2.55
2178	-29.45	3
2179	-29.45	30
2179	-29	30.45
2179	-28.55	30
2179	-29	29.55
2179	-29.45	30
2180	-29.45	31
2180	-29	31.45
2180	-28.55	31
2180	-29	30.55
2180	-29.45	31
2181	-29.45	32
2181	-29	32.45
2181	-28.55	32
2181	-29	31.55
2181	-29.45	32
2182	-29.45	33
2182	-29	33.45
2182	-28.55	33
2182	-29	32.55
2182	-29.45	33
2183	-29.45	34
2183	-29	34.45
2183	-28.55	34
2183	-29	33.55
2183	-29.45	34
2184	-29.45	35
2184	-29	35.45
2184	-28.55	35
2184	-29	34.55
2184	-29.45	35
2185	-29.45	36
2185	-29	36.45
2185	-28.55	36
2185	-29	35.55
2185	-29.45	36
2186	-29.45	37
2186	-29	37.45
2186	-28.55	37
2186	-29	36.55
2186	-29.45	37
2187	-29.45	38
2187	-29	38.45
2187	-28.55	38
2187	-29	37.55
2187	-29.45	38
2188	-29.45	39
2188	-29	39.45
2188	-28.55	39
2188	-29	38.55
2188	-29.45	39
2189	-29.45	4
2189	-29	4.45
2189	-28.55	4
2189	-29	3.55
2189	-29.45	4
2190	-29.45	40
2190	-29	40.45
2190	-28.55	40
2190	-29	39.55
2190	-29.45	40
2191	-29.45	41
2191	-29	41.45
2191	-28.55	41
2191	-29	40.55
2191	-29.45	41
2192	-29.45	42
2192	-29	42.45
2192	-28.55	42
2192	-29	41.55
2192	-29.45	42
2193	-29.45	43
2193	-29	43.45
2193	-28.55	43
2193	-29	42.55
2193	-29.45	43
2194	-29.45	44
2194	-29	44.45
2194	-28.55	44
2194	-29	43.55
2194	-29.45	44
2195	-29.45	45
2195	-29	45.45
2195	-28.55	45
2195	-29	44.55
2195	-29.45	45
2196	-29.45	46
2196	-29	46.45
2196	-28.55	46
2196	-29	45.55
2196	-29.45	46
2197	-29.45	47
2197	-29	47.45
2197	-28.55	47
2197	-29	46.55
2197	-29.45	47
2198	-29.45	48
2198	-29	48.45
2198	-28.55	48
2198	-29	47.55
2198	-29.45	48
2199	-29.45	49
2199	-29	49.45
2199	-28.55	49
2199	-29	48.55
2199	-29.45	49
2200	-29.45	5
2200	-29	5.45
2200	-28.55	5
2200	-29	4.55
2200	-29.45	5
2201	-29.45	6
2201	-29	6.45
2201	-28.55	6
2201	-29	5.55
2201	-29.45	6
2202	-29.45	7
2202	-29	7.45
2202	-28.55	7
2202	-29	6.55
2202	-29.45	7
2203	-29.45	8
2203	-29	8.45
2203	-28.55	8
2203	-29	7.55
2203	-29.45	8
2204	-29.45	9
2204	-29	9.45
2204	-28.55	9
2204	-29	8.55
2204	-29.45	9
2205	-29.95	-0.5
2205	-29.5	-0.05
2205	-29.05	-0.5
2205	-29.5	-0.95
2205	-29.95	-0.5
2206	-29.95	0.5
2206	-29.5	0.95
2206	-29.05	0.5
2206	-29.5	0.05
2206	-29.95	0.5
2207	-29.95	1.5
2207	-29.5	1.95
2207	-29.05	1.5
2207	-29.5	1.05
2207	-29.95	1.5
2208	-29.95	10.5
2208	-29.5	10.95
2208	-29.05	10.5
2208	-29.5	10.05
2208	-29.95	10.5
2209	-29.95	11.5
2209	-29.5	11.95
2209	-29.05	11.5
2209	-29.5	11.05
2209	-29.95	11.5
2210	-29.95	12.5
2210	-29.5	12.95
2210	-29.05	12.5
2210	-29.5	12.05
2210	-29.95	12.5
2211	-29.95	13.5
2211	-29.5	13.95
2211	-29.05	13.5
2211	-29.5	13.05
2211	-29.95	13.5
2212	-29.95	14.5
2212	-29.5	14.95
2212	-29.05	14.5
2212	-29.5	14.05
2212	-29.95	14.5
2213	-29.95	15.5
2213	-29.5	15.95
2213	-29.05	15.5
2213	-29.5	15.05
2213	-29.95	15.5
2214	-29.95	16.5
2214	-29.5	16.95
2214	-29.05	16.5
2214	-29.5	16.05
2214	-29.95	16.5
2215	-29.95	17.5
2215	-29.5	17.95
2215	-29.05	17.5
2215	-29.5	17.05
2215	-29.95	17.5
2216	-29.95	18.5
2216	-29.5	18.95
2216	-29.05	18.5
2216	-29.5	18.05
2216	-29.95	18.5
2217	-29.95	19.5
2217	-29.5	19.95
2217	-29.05	19.5
2217	-29.5	19.05
2217	-29.95	19.5
2218	-29.95	2.5
2218	-29.5	2.95
2218	-29.05	2.5
2218	-29.5	2.05
2218	-29.95	2.5
2219	-29.95	20.5
2219	-29.5	20.95
2219	-29.05	20.5
2219	-29.5	20.05
2219	-29.95	20.5
2220	-29.95	21.5
2220	-29.5	21.95
2220	-29.05	21.5
2220	-29.5	21.05
2220	-29.95	21.5
2221	-29.95	22.5
2221	-29.5	22.95
2221	-29.05	22.5
2221	-29.5	22.05
2221	-29.95	22.5
2222	-29.95	23.5
2222	-29.5	23.95
2222	-29.05	23.5
2222	-29.5	23.05
2222	-29.95	23.5
2223	-29.95	24.5
2223	-29.5	24.95
2223	-29.05	24.5
2223	-29.5	24.05
2223	-29.95	24.5
2224	-29.95	25.5
2224	-29.5	25.95
2224	-29.05	25.5
2224	-29.5	25.05
2224	-29.95	25.5
2225	-29.95	26.5
2225	-29.5	26.95
2225	-29.05	26.5
2225	-29.5	26.05
2225	-29.95	26.5
2226	-29.95	27.5
2226	-29.5	27.95
2226	-29.05	27.5
2226	-29.5	27.05
2226	-29.95	27.5
2227	-29.95	28.5
2227	-29.5	28.95
2227	-29.05	28.5
2227	-29.5	28.05
2227	-29.95	28.5
2228	-29.95	29.5
2228	-29.5	29.95
2228	-29.05	29.5
2228	-29.5	29.05
2228	-29.95	29.5
2229	-29.95	3.5
2229	-29.5	3.95
2229	-29.05	3.5
2229	-29.5	3.05
2229	-29.95	3.5
2230	-29.95	30.5
2230	-29.5	30.95
2230	-29.05	30.5
2230	-29.5	30.05
2230	-29.95	30.5
2231	-29.95	31.5
2231	-29.5	31.95
2231	-29.05	31.5
2231	-29.5	31.05
2231	-29.95	31.5
2232	-29.95	32.5
2232	-29.5	32.95
2232	-29.05	32.5
2232	-29.5	32.05
2232	-29.95	32.5
2233	-29.95	33.5
2233	-29.5	33.95
2233	-29.05	33.5
2233	-29.5	33.05
2233	-29.95	33.5
2234	-29.95	34.5
2234	-29.5	34.95
2234	-29.05	34.5
2234	-29.5	34.05
2234	-29.95	34.5
2235	-29.95	35.5
2235	-29.5	35.95
2235	-29.05	35.5
2235	-29.5	35.05
2235	-29.95	35.5
2236	-29.95	36.5
2236	-29.5	36.95
2236	-29.05	36.5
2236	-29.5	36.05
2236	-29.95	36.5
2237	-29.95	37.5
2237	-29.5	37.95
2237	-29.05	37.5
2237	-29.5	37.05
2237	-29.95	37.5
2238	-29.95	38.5
2238	-29.5	38.95
2238	-29.05	38.5
2238	-29.5	38.05
2238	-29.95	38.5
2239	-29.95	39.5
2239	-29.5	39.95
2239	-29.05	39.5
2239	-29.5	39.05
2239	-29.95	39.5
2240	-29.95	4.5
2240	-29.5	4.95
2240	-29.05	4.5
2240	-29.5	4.05
2240	-29.95	4.5
2241	-29.95	40.5
2241	-29.5	40.95
2241	-29.05	40.5
2241	-29.5	40.05
2241	-29.95	40.5
2242	-29.95	41.5
2242	-29.5	41.95
2242	-29.05	41.5
2242	-29.5	41.05
2242	-29.95	41.5
2243	-29.95	42.5
2243	-29.5	42.95
2243	-29.05	42.5
2243	-29.5	42.05
2243	-29.95	42.5
2244	-29.95	43.5
2244	-29.5	43.95
2244	-29.05	43.5
2244	-29.5	43.05
2244	-29.95	43.5
2245	-29.95	44.5
2245	-29.5	44.95
2245	-29.05	44.5
2245	-29.5	44.05
2245	-29.95	44.5
2246	-29.95	45.5
2246	-29.5	45.95
2246	-29.05	45.5
2246	-29.5	45.05
2246	-29.95	45.5
2247	-29.95	46.5
2247	-29.5	46.95
2247	-29.05	46.5
2247	-29.5	46.05
2247	-29.95	46.5
2248	-29.95	47.5
2248	-29.5	47.95
2248	-29.05	47.5
2248	-29.5	47.05
2248	-29.95	47.5
2249	-29.95	48.5
2249	-29.5	48.95
2249	-29.05	48.5
2249	-29.5	48.05
2249	-29.95	48.5
2250	-29.95	5.5
2250	-29.5	5.95
2250	-29.05	5.5
2250	-29.5	5.05
2250	-29.95	5.5
2251	-29.95	6.5
2251	-29.5	6.95
2251	-29.05	6.5
2251	-29.5	6.05
2251	-29.95	6.5
2252	-29.95	7.5
2252	-29.5	7.95
2252	-29.05	7.5
2252	-29.5	7.05
2252	-29.95	7.5
2253	-29.95	8.5
2253	-29.5	8.95
2253	-29.05	8.5
2253	-29.5	8.05
2253	-29.95	8.5
2254	-29.95	9.5
2254	-29.5	9.95
2254	-29.05	9.5
2254	-29.5	9.05
2254	-29.95	9.5
2255	-3.45	0
2255	-3	0.45
2255	-2.55	0
2255	-3	-0.45
2255	-3.45	0
2256	-3.45	1
2256	-3	1.45
2256	-2.55	1
2256	-3	0.55
2256	-3.45	1
2257	-3.45	10
2257	-3	10.45
2257	-2.55	10
2257	-3	9.55
2257	-3.45	10
2258	-3.45	11
2258	-3	11.45
2258	-2.55	11
2258	-3	10.55
2258	-3.45	11
2259	-3.45	12
2259	-3	12.45
2259	-2.55	12
2259	-3	11.55
2259	-3.45	12
2260	-3.45	13
2260	-3	13.45
2260	-2.55	13
2260	-3	12.55
2260	-3.45	13
2261	-3.45	14
2261	-3	14.45
2261	-2.55	14
2261	-3	13.55
2261	-3.45	14
2262	-3.45	15
2262	-3	15.45
2262	-2.55	15
2262	-3	14.55
2262	-3.45	15
2263	-3.45	16
2263	-3	16.45
2263	-2.55	16
2263	-3	15.55
2263	-3.45	16
2264	-3.45	17
2264	-3	17.45
2264	-2.55	17
2264	-3	16.55
2264	-3.45	17
2265	-3.45	18
2265	-3	18.45
2265	-2.55	18
2265	-3	17.55
2265	-3.45	18
2266	-3.45	19
2266	-3	19.45
2266	-2.55	19
2266	-3	18.55
2266	-3.45	19
2267	-3.45	2
2267	-3	2.45
2267	-2.55	2
2267	-3	1.55
2267	-3.45	2
2268	-3.45	20
2268	-3	20.45
2268	-2.55	20
2268	-3	19.55
2268	-3.45	20
2269	-3.45	21
2269	-3	21.45
2269	-2.55	21
2269	-3	20.55
2269	-3.45	21
2270	-3.45	22
2270	-3	22.45
2270	-2.55	22
2270	-3	21.55
2270	-3.45	22
2271	-3.45	23
2271	-3	23.45
2271	-2.55	23
2271	-3	22.55
2271	-3.45	23
2272	-3.45	24
2272	-3	24.45
2272	-2.55	24
2272	-3	23.55
2272	-3.45	24
2273	-3.45	25
2273	-3	25.45
2273	-2.55	25
2273	-3	24.55
2273	-3.45	25
2274	-3.45	26
2274	-3	26.45
2274	-2.55	26
2274	-3	25.55
2274	-3.45	26
2275	-3.45	27
2275	-3	27.45
2275	-2.55	27
2275	-3	26.55
2275	-3.45	27
2276	-3.45	28
2276	-3	28.45
2276	-2.55	28
2276	-3	27.55
2276	-3.45	28
2277	-3.45	29
2277	-3	29.45
2277	-2.55	29
2277	-3	28.55
2277	-3.45	29
2278	-3.45	3
2278	-3	3.45
2278	-2.55	3
2278	-3	2.55
2278	-3.45	3
2279	-3.45	30
2279	-3	30.45
2279	-2.55	30
2279	-3	29.55
2279	-3.45	30
2280	-3.45	31
2280	-3	31.45
2280	-2.55	31
2280	-3	30.55
2280	-3.45	31
2281	-3.45	32
2281	-3	32.45
2281	-2.55	32
2281	-3	31.55
2281	-3.45	32
2282	-3.45	33
2282	-3	33.45
2282	-2.55	33
2282	-3	32.55
2282	-3.45	33
2283	-3.45	34
2283	-3	34.45
2283	-2.55	34
2283	-3	33.55
2283	-3.45	34
2284	-3.45	35
2284	-3	35.45
2284	-2.55	35
2284	-3	34.55
2284	-3.45	35
2285	-3.45	36
2285	-3	36.45
2285	-2.55	36
2285	-3	35.55
2285	-3.45	36
2286	-3.45	37
2286	-3	37.45
2286	-2.55	37
2286	-3	36.55
2286	-3.45	37
2287	-3.45	38
2287	-3	38.45
2287	-2.55	38
2287	-3	37.55
2287	-3.45	38
2288	-3.45	39
2288	-3	39.45
2288	-2.55	39
2288	-3	38.55
2288	-3.45	39
2289	-3.45	4
2289	-3	4.45
2289	-2.55	4
2289	-3	3.55
2289	-3.45	4
2290	-3.45	40
2290	-3	40.45
2290	-2.55	40
2290	-3	39.55
2290	-3.45	40
2291	-3.45	41
2291	-3	41.45
2291	-2.55	41
2291	-3	40.55
2291	-3.45	41
2292	-3.45	42
2292	-3	42.45
2292	-2.55	42
2292	-3	41.55
2292	-3.45	42
2293	-3.45	43
2293	-3	43.45
2293	-2.55	43
2293	-3	42.55
2293	-3.45	43
2294	-3.45	44
2294	-3	44.45
2294	-2.55	44
2294	-3	43.55
2294	-3.45	44
2295	-3.45	45
2295	-3	45.45
2295	-2.55	45
2295	-3	44.55
2295	-3.45	45
2296	-3.45	46
2296	-3	46.45
2296	-2.55	46
2296	-3	45.55
2296	-3.45	46
2297	-3.45	47
2297	-3	47.45
2297	-2.55	47
2297	-3	46.55
2297	-3.45	47
2298	-3.45	48
2298	-3	48.45
2298	-2.55	48
2298	-3	47.55
2298	-3.45	48
2299	-3.45	49
2299	-3	49.45
2299	-2.55	49
2299	-3	48.55
2299	-3.45	49
2300	-3.45	5
2300	-3	5.45
2300	-2.55	5
2300	-3	4.55
2300	-3.45	5
2301	-3.45	6
2301	-3	6.45
2301	-2.55	6
2301	-3	5.55
2301	-3.45	6
2302	-3.45	7
2302	-3	7.45
2302	-2.55	7
2302	-3	6.55
2302	-3.45	7
2303	-3.45	8
2303	-3	8.45
2303	-2.55	8
2303	-3	7.55
2303	-3.45	8
2304	-3.45	9
2304	-3	9.45
2304	-2.55	9
2304	-3	8.55
2304	-3.45	9
2305	-3.95	-0.5
2305	-3.5	-0.05
2305	-3.05	-0.5
2305	-3.5	-0.95
2305	-3.95	-0.5
2306	-3.95	0.5
2306	-3.5	0.95
2306	-3.05	0.5
2306	-3.5	0.05
2306	-3.95	0.5
2307	-3.95	1.5
2307	-3.5	1.95
2307	-3.05	1.5
2307	-3.5	1.05
2307	-3.95	1.5
2308	-3.95	10.5
2308	-3.5	10.95
2308	-3.05	10.5
2308	-3.5	10.05
2308	-3.95	10.5
2309	-3.95	11.5
2309	-3.5	11.95
2309	-3.05	11.5
2309	-3.5	11.05
2309	-3.95	11.5
2310	-3.95	12.5
2310	-3.5	12.95
2310	-3.05	12.5
2310	-3.5	12.05
2310	-3.95	12.5
2311	-3.95	13.5
2311	-3.5	13.95
2311	-3.05	13.5
2311	-3.5	13.05
2311	-3.95	13.5
2312	-3.95	14.5
2312	-3.5	14.95
2312	-3.05	14.5
2312	-3.5	14.05
2312	-3.95	14.5
2313	-3.95	15.5
2313	-3.5	15.95
2313	-3.05	15.5
2313	-3.5	15.05
2313	-3.95	15.5
2314	-3.95	16.5
2314	-3.5	16.95
2314	-3.05	16.5
2314	-3.5	16.05
2314	-3.95	16.5
2315	-3.95	17.5
2315	-3.5	17.95
2315	-3.05	17.5
2315	-3.5	17.05
2315	-3.95	17.5
2316	-3.95	18.5
2316	-3.5	18.95
2316	-3.05	18.5
2316	-3.5	18.05
2316	-3.95	18.5
2317	-3.95	19.5
2317	-3.5	19.95
2317	-3.05	19.5
2317	-3.5	19.05
2317	-3.95	19.5
2318	-3.95	2.5
2318	-3.5	2.95
2318	-3.05	2.5
2318	-3.5	2.05
2318	-3.95	2.5
2319	-3.95	20.5
2319	-3.5	20.95
2319	-3.05	20.5
2319	-3.5	20.05
2319	-3.95	20.5
2320	-3.95	21.5
2320	-3.5	21.95
2320	-3.05	21.5
2320	-3.5	21.05
2320	-3.95	21.5
2321	-3.95	22.5
2321	-3.5	22.95
2321	-3.05	22.5
2321	-3.5	22.05
2321	-3.95	22.5
2322	-3.95	23.5
2322	-3.5	23.95
2322	-3.05	23.5
2322	-3.5	23.05
2322	-3.95	23.5
2323	-3.95	24.5
2323	-3.5	24.95
2323	-3.05	24.5
2323	-3.5	24.05
2323	-3.95	24.5
2324	-3.95	25.5
2324	-3.5	25.95
2324	-3.05	25.5
2324	-3.5	25.05
2324	-3.95	25.5
2325	-3.95	26.5
2325	-3.5	26.95
2325	-3.05	26.5
2325	-3.5	26.05
2325	-3.95	26.5
2326	-3.95	27.5
2326	-3.5	27.95
2326	-3.05	27.5
2326	-3.5	27.05
2326	-3.95	27.5
2327	-3.95	28.5
2327	-3.5	28.95
2327	-3.05	28.5
2327	-3.5	28.05
2327	-3.95	28.5
2328	-3.95	29.5
2328	-3.5	29.95
2328	-3.05	29.5
2328	-3.5	29.05
2328	-3.95	29.5
2329	-3.95	3.5
2329	-3.5	3.95
2329	-3.05	3.5
2329	-3.5	3.05
2329	-3.95	3.5
2330	-3.95	30.5
2330	-3.5	30.95
2330	-3.05	30.5
2330	-3.5	30.05
2330	-3.95	30.5
2331	-3.95	31.5
2331	-3.5	31.95
2331	-3.05	31.5
2331	-3.5	31.05
2331	-3.95	31.5
2332	-3.95	32.5
2332	-3.5	32.95
2332	-3.05	32.5
2332	-3.5	32.05
2332	-3.95	32.5
2333	-3.95	33.5
2333	-3.5	33.95
2333	-3.05	33.5
2333	-3.5	33.05
2333	-3.95	33.5
2334	-3.95	34.5
2334	-3.5	34.95
2334	-3.05	34.5
2334	-3.5	34.05
2334	-3.95	34.5
2335	-3.95	35.5
2335	-3.5	35.95
2335	-3.05	35.5
2335	-3.5	35.05
2335	-3.95	35.5
2336	-3.95	36.5
2336	-3.5	36.95
2336	-3.05	36.5
2336	-3.5	36.05
2336	-3.95	36.5
2337	-3.95	37.5
2337	-3.5	37.95
2337	-3.05	37.5
2337	-3.5	37.05
2337	-3.95	37.5
2338	-3.95	38.5
2338	-3.5	38.95
2338	-3.05	38.5
2338	-3.5	38.05
2338	-3.95	38.5
2339	-3.95	39.5
2339	-3.5	39.95
2339	-3.05	39.5
2339	-3.5	39.05
2339	-3.95	39.5
2340	-3.95	4.5
2340	-3.5	4.95
2340	-3.05	4.5
2340	-3.5	4.05
2340	-3.95	4.5
2341	-3.95	40.5
2341	-3.5	40.95
2341	-3.05	40.5
2341	-3.5	40.05
2341	-3.95	40.5
2342	-3.95	41.5
2342	-3.5	41.95
2342	-3.05	41.5
2342	-3.5	41.05
2342	-3.95	41.5
2343	-3.95	42.5
2343	-3.5	42.95
2343	-3.05	42.5
2343	-3.5	42.05
2343	-3.95	42.5
2344	-3.95	43.5
2344	-3.5	43.95
2344	-3.05	43.5
2344	-3.5	43.05
2344	-3.95	43.5
2345	-3.95	44.5
2345	-3.5	44.95
2345	-3.05	44.5
2345	-3.5	44.05
2345	-3.95	44.5
2346	-3.95	45.5
2346	-3.5	45.95
2346	-3.05	45.5
2346	-3.5	45.05
2346	-3.95	45.5
2347	-3.95	46.5
2347	-3.5	46.95
2347	-3.05	46.5
2347	-3.5	46.05
2347	-3.95	46.5
2348	-3.95	47.5
2348	-3.5	47.95
2348	-3.05	47.5
2348	-3.5	47.05
2348	-3.95	47.5
2349	-3.95	48.5
2349	-3.5	48.95
2349	-3.05	48.5
2349	-3.5	48.05
2349	-3.95	48.5
2350	-3.95	5.5
2350	-3.5	5.95
2350	-3.05	5.5
2350	-3.5	5.05
2350	-3.95	5.5
2351	-3.95	6.5
2351	-3.5	6.95
2351	-3.05	6.5
2351	-3.5	6.05
2351	-3.95	6.5
2352	-3.95	7.5
2352	-3.5	7.95
2352	-3.05	7.5
2352	-3.5	7.05
2352	-3.95	7.5
2353	-3.95	8.5
2353	-3.5	8.95
2353	-3.05	8.5
2353	-3.5	8.05
2353	-3.95	8.5
2354	-3.95	9.5
2354	-3.5	9.95
2354	-3.05	9.5
2354	-3.5	9.05
2354	-3.95	9.5
2355	-30.45	0
2355	-30	0.45
2355	-29.55	0
2355	-30	-0.45
2355	-30.45	0
2356	-30.45	1
2356	-30	1.45
2356	-29.55	1
2356	-30	0.55
2356	-30.45	1
2357	-30.45	10
2357	-30	10.45
2357	-29.55	10
2357	-30	9.55
2357	-30.45	10
2358	-30.45	11
2358	-30	11.45
2358	-29.55	11
2358	-30	10.55
2358	-30.45	11
2359	-30.45	12
2359	-30	12.45
2359	-29.55	12
2359	-30	11.55
2359	-30.45	12
2360	-30.45	13
2360	-30	13.45
2360	-29.55	13
2360	-30	12.55
2360	-30.45	13
2361	-30.45	14
2361	-30	14.45
2361	-29.55	14
2361	-30	13.55
2361	-30.45	14
2362	-30.45	15
2362	-30	15.45
2362	-29.55	15
2362	-30	14.55
2362	-30.45	15
2363	-30.45	16
2363	-30	16.45
2363	-29.55	16
2363	-30	15.55
2363	-30.45	16
2364	-30.45	17
2364	-30	17.45
2364	-29.55	17
2364	-30	16.55
2364	-30.45	17
2365	-30.45	18
2365	-30	18.45
2365	-29.55	18
2365	-30	17.55
2365	-30.45	18
2366	-30.45	19
2366	-30	19.45
2366	-29.55	19
2366	-30	18.55
2366	-30.45	19
2367	-30.45	2
2367	-30	2.45
2367	-29.55	2
2367	-30	1.55
2367	-30.45	2
2368	-30.45	20
2368	-30	20.45
2368	-29.55	20
2368	-30	19.55
2368	-30.45	20
2369	-30.45	21
2369	-30	21.45
2369	-29.55	21
2369	-30	20.55
2369	-30.45	21
2370	-30.45	22
2370	-30	22.45
2370	-29.55	22
2370	-30	21.55
2370	-30.45	22
2371	-30.45	23
2371	-30	23.45
2371	-29.55	23
2371	-30	22.55
2371	-30.45	23
2372	-30.45	24
2372	-30	24.45
2372	-29.55	24
2372	-30	23.55
2372	-30.45	24
2373	-30.45	25
2373	-30	25.45
2373	-29.55	25
2373	-30	24.55
2373	-30.45	25
2374	-30.45	26
2374	-30	26.45
2374	-29.55	26
2374	-30	25.55
2374	-30.45	26
2375	-30.45	27
2375	-30	27.45
2375	-29.55	27
2375	-30	26.55
2375	-30.45	27
2376	-30.45	28
2376	-30	28.45
2376	-29.55	28
2376	-30	27.55
2376	-30.45	28
2377	-30.45	29
2377	-30	29.45
2377	-29.55	29
2377	-30	28.55
2377	-30.45	29
2378	-30.45	3
2378	-30	3.45
2378	-29.55	3
2378	-30	2.55
2378	-30.45	3
2379	-30.45	30
2379	-30	30.45
2379	-29.55	30
2379	-30	29.55
2379	-30.45	30
2380	-30.45	31
2380	-30	31.45
2380	-29.55	31
2380	-30	30.55
2380	-30.45	31
2381	-30.45	32
2381	-30	32.45
2381	-29.55	32
2381	-30	31.55
2381	-30.45	32
2382	-30.45	33
2382	-30	33.45
2382	-29.55	33
2382	-30	32.55
2382	-30.45	33
2383	-30.45	34
2383	-30	34.45
2383	-29.55	34
2383	-30	33.55
2383	-30.45	34
2384	-30.45	35
2384	-30	35.45
2384	-29.55	35
2384	-30	34.55
2384	-30.45	35
2385	-30.45	36
2385	-30	36.45
2385	-29.55	36
2385	-30	35.55
2385	-30.45	36
2386	-30.45	37
2386	-30	37.45
2386	-29.55	37
2386	-30	36.55
2386	-30.45	37
2387	-30.45	38
2387	-30	38.45
2387	-29.55	38
2387	-30	37.55
2387	-30.45	38
2388	-30.45	39
2388	-30	39.45
2388	-29.55	39
2388	-30	38.55
2388	-30.45	39
2389	-30.45	4
2389	-30	4.45
2389	-29.55	4
2389	-30	3.55
2389	-30.45	4
2390	-30.45	40
2390	-30	40.45
2390	-29.55	40
2390	-30	39.55
2390	-30.45	40
2391	-30.45	41
2391	-30	41.45
2391	-29.55	41
2391	-30	40.55
2391	-30.45	41
2392	-30.45	42
2392	-30	42.45
2392	-29.55	42
2392	-30	41.55
2392	-30.45	42
2393	-30.45	43
2393	-30	43.45
2393	-29.55	43
2393	-30	42.55
2393	-30.45	43
2394	-30.45	44
2394	-30	44.45
2394	-29.55	44
2394	-30	43.55
2394	-30.45	44
2395	-30.45	45
2395	-30	45.45
2395	-29.55	45
2395	-30	44.55
2395	-30.45	45
2396	-30.45	46
2396	-30	46.45
2396	-29.55	46
2396	-30	45.55
2396	-30.45	46
2397	-30.45	47
2397	-30	47.45
2397	-29.55	47
2397	-30	46.55
2397	-30.45	47
2398	-30.45	48
2398	-30	48.45
2398	-29.55	48
2398	-30	47.55
2398	-30.45	48
2399	-30.45	49
2399	-30	49.45
2399	-29.55	49
2399	-30	48.55
2399	-30.45	49
2400	-30.45	5
2400	-30	5.45
2400	-29.55	5
2400	-30	4.55
2400	-30.45	5
2401	-30.45	6
2401	-30	6.45
2401	-29.55	6
2401	-30	5.55
2401	-30.45	6
2402	-30.45	7
2402	-30	7.45
2402	-29.55	7
2402	-30	6.55
2402	-30.45	7
2403	-30.45	8
2403	-30	8.45
2403	-29.55	8
2403	-30	7.55
2403	-30.45	8
2404	-30.45	9
2404	-30	9.45
2404	-29.55	9
2404	-30	8.55
2404	-30.45	9
2405	-30.95	-0.5
2405	-30.5	-0.05
2405	-30.05	-0.5
2405	-30.5	-0.95
2405	-30.95	-0.5
2406	-30.95	0.5
2406	-30.5	0.95
2406	-30.05	0.5
2406	-30.5	0.05
2406	-30.95	0.5
2407	-30.95	1.5
2407	-30.5	1.95
2407	-30.05	1.5
2407	-30.5	1.05
2407	-30.95	1.5
2408	-30.95	10.5
2408	-30.5	10.95
2408	-30.05	10.5
2408	-30.5	10.05
2408	-30.95	10.5
2409	-30.95	11.5
2409	-30.5	11.95
2409	-30.05	11.5
2409	-30.5	11.05
2409	-30.95	11.5
2410	-30.95	12.5
2410	-30.5	12.95
2410	-30.05	12.5
2410	-30.5	12.05
2410	-30.95	12.5
2411	-30.95	13.5
2411	-30.5	13.95
2411	-30.05	13.5
2411	-30.5	13.05
2411	-30.95	13.5
2412	-30.95	14.5
2412	-30.5	14.95
2412	-30.05	14.5
2412	-30.5	14.05
2412	-30.95	14.5
2413	-30.95	15.5
2413	-30.5	15.95
2413	-30.05	15.5
2413	-30.5	15.05
2413	-30.95	15.5
2414	-30.95	16.5
2414	-30.5	16.95
2414	-30.05	16.5
2414	-30.5	16.05
2414	-30.95	16.5
2415	-30.95	17.5
2415	-30.5	17.95
2415	-30.05	17.5
2415	-30.5	17.05
2415	-30.95	17.5
2416	-30.95	18.5
2416	-30.5	18.95
2416	-30.05	18.5
2416	-30.5	18.05
2416	-30.95	18.5
2417	-30.95	19.5
2417	-30.5	19.95
2417	-30.05	19.5
2417	-30.5	19.05
2417	-30.95	19.5
2418	-30.95	2.5
2418	-30.5	2.95
2418	-30.05	2.5
2418	-30.5	2.05
2418	-30.95	2.5
2419	-30.95	20.5
2419	-30.5	20.95
2419	-30.05	20.5
2419	-30.5	20.05
2419	-30.95	20.5
2420	-30.95	21.5
2420	-30.5	21.95
2420	-30.05	21.5
2420	-30.5	21.05
2420	-30.95	21.5
2421	-30.95	22.5
2421	-30.5	22.95
2421	-30.05	22.5
2421	-30.5	22.05
2421	-30.95	22.5
2422	-30.95	23.5
2422	-30.5	23.95
2422	-30.05	23.5
2422	-30.5	23.05
2422	-30.95	23.5
2423	-30.95	24.5
2423	-30.5	24.95
2423	-30.05	24.5
2423	-30.5	24.05
2423	-30.95	24.5
2424	-30.95	25.5
2424	-30.5	25.95
2424	-30.05	25.5
2424	-30.5	25.05
2424	-30.95	25.5
2425	-30.95	26.5
2425	-30.5	26.95
2425	-30.05	26.5
2425	-30.5	26.05
2425	-30.95	26.5
2426	-30.95	27.5
2426	-30.5	27.95
2426	-30.05	27.5
2426	-30.5	27.05
2426	-30.95	27.5
2427	-30.95	28.5
2427	-30.5	28.95
2427	-30.05	28.5
2427	-30.5	28.05
2427	-30.95	28.5
2428	-30.95	29.5
2428	-30.5	29.95
2428	-30.05	29.5
2428	-30.5	29.05
2428	-30.95	29.5
2429	-30.95	3.5
2429	-30.5	3.95
2429	-30.05	3.5
2429	-30.5	3.05
2429	-30.95	3.5
2430	-30.95	30.5
2430	-30.5	30.95
2430	-30.05	30.5
2430	-30.5	30.05
2430	-30.95	30.5
2431	-30.95	31.5
2431	-30.5	31.95
2431	-30.05	31.5
2431	-30.5	31.05
2431	-30.95	31.5
2432	-30.95	32.5
2432	-30.5	32.95
2432	-30.05	32.5
2432	-30.5	32.05
2432	-30.95	32.5
2433	-30.95	33.5
2433	-30.5	33.95
2433	-30.05	33.5
2433	-30.5	33.05
2433	-30.95	33.5
2434	-30.95	34.5
2434	-30.5	34.95
2434	-30.05	34.5
2434	-30.5	34.05
2434	-30.95	34.5
2435	-30.95	35.5
2435	-30.5	35.95
2435	-30.05	35.5
2435	-30.5	35.05
2435	-30.95	35.5
2436	-30.95	36.5
2436	-30.5	36.95
2436	-30.05	36.5
2436	-30.5	36.05
2436	-30.95	36.5
2437	-30.95	37.5
2437	-30.5	37.95
2437	-30.05	37.5
2437	-30.5	37.05
2437	-30.95	37.5
2438	-30.95	38.5
2438	-30.5	38.95
2438	-30.05	38.5
2438	-30.5	38.05
2438	-30.95	38.5
2439	-30.95	39.5
2439	-30.5	39.95
2439	-30.05	39.5
2439	-30.5	39.05
2439	-30.95	39.5
2440	-30.95	4.5
2440	-30.5	4.95
2440	-30.05	4.5
2440	-30.5	4.05
2440	-30.95	4.5
2441	-30.95	40.5
2441	-30.5	40.95
2441	-30.05	40.5
2441	-30.5	40.05
2441	-30.95	40.5
2442	-30.95	41.5
2442	-30.5	41.95
2442	-30.05	41.5
2442	-30.5	41.05
2442	-30.95	41.5
2443	-30.95	42.5
2443	-30.5	42.95
2443	-30.05	42.5
2443	-30.5	42.05
2443	-30.95	42.5
2444	-30.95	43.5
2444	-30.5	43.95
2444	-30.05	43.5
2444	-30.5	43.05
2444	-30.95	43.5
2445	-30.95	44.5
2445	-30.5	44.95
2445	-30.05	44.5
2445	-30.5	44.05
2445	-30.95	44.5
2446	-30.95	45.5
2446	-30.5	45.95
2446	-30.05	45.5
2446	-30.5	45.05
2446	-30.95	45.5
2447	-30.95	46.5
2447	-30.5	46.95
2447	-30.05	46.5
2447	-30.5	46.05
2447	-30.95	46.5
2448	-30.95	47.5
2448	-30.5	47.95
2448	-30.05	47.5
2448	-30.5	47.05
2448	-30.95	47.5
2449	-30.95	48.5
2449	-30.5	48.95
2449	-30.05	48.5
2449	-30.5	48.05
2449	-30.95	48.5
2450	-30.95	5.5
2450	-30.5	5.95
2450	-30.05	5.5
2450	-30.5	5.05
2450	-30.95	5.5
2451	-30.95	6.5
2451	-30.5	6.95
2451	-30.05	6.5
2451	-30.5	6.05
2451	-30.95	6.5
2452	-30.95	7.5
2452	-30.5	7.95
2452	-30.05	7.5
2452	-30.5	7.05
2452	-30.95	7.5
2453	-30.95	8.5
2453	-30.5	8.95
2453	-30.05	8.5
2453	-30.5	8.05
2453	-30.95	8.5
2454	-30.95	9.5
2454	-30.5	9.95
2454	-30.05	9.5
2454	-30.5	9.05
2454	-30.95	9.5
2455	-31.45	0
2455	-31	0.45
2455	-30.55	0
2455	-31	-0.45
2455	-31.45	0
2456	-31.45	1
2456	-31	1.45
2456	-30.55	1
2456	-31	0.55
2456	-31.45	1
2457	-31.45	10
2457	-31	10.45
2457	-30.55	10
2457	-31	9.55
2457	-31.45	10
2458	-31.45	11
2458	-31	11.45
2458	-30.55	11
2458	-31	10.55
2458	-31.45	11
2459	-31.45	12
2459	-31	12.45
2459	-30.55	12
2459	-31	11.55
2459	-31.45	12
2460	-31.45	13
2460	-31	13.45
2460	-30.55	13
2460	-31	12.55
2460	-31.45	13
2461	-31.45	14
2461	-31	14.45
2461	-30.55	14
2461	-31	13.55
2461	-31.45	14
2462	-31.45	15
2462	-31	15.45
2462	-30.55	15
2462	-31	14.55
2462	-31.45	15
2463	-31.45	16
2463	-31	16.45
2463	-30.55	16
2463	-31	15.55
2463	-31.45	16
2464	-31.45	17
2464	-31	17.45
2464	-30.55	17
2464	-31	16.55
2464	-31.45	17
2465	-31.45	18
2465	-31	18.45
2465	-30.55	18
2465	-31	17.55
2465	-31.45	18
2466	-31.45	19
2466	-31	19.45
2466	-30.55	19
2466	-31	18.55
2466	-31.45	19
2467	-31.45	2
2467	-31	2.45
2467	-30.55	2
2467	-31	1.55
2467	-31.45	2
2468	-31.45	20
2468	-31	20.45
2468	-30.55	20
2468	-31	19.55
2468	-31.45	20
2469	-31.45	21
2469	-31	21.45
2469	-30.55	21
2469	-31	20.55
2469	-31.45	21
2470	-31.45	22
2470	-31	22.45
2470	-30.55	22
2470	-31	21.55
2470	-31.45	22
2471	-31.45	23
2471	-31	23.45
2471	-30.55	23
2471	-31	22.55
2471	-31.45	23
2472	-31.45	24
2472	-31	24.45
2472	-30.55	24
2472	-31	23.55
2472	-31.45	24
2473	-31.45	25
2473	-31	25.45
2473	-30.55	25
2473	-31	24.55
2473	-31.45	25
2474	-31.45	26
2474	-31	26.45
2474	-30.55	26
2474	-31	25.55
2474	-31.45	26
2475	-31.45	27
2475	-31	27.45
2475	-30.55	27
2475	-31	26.55
2475	-31.45	27
2476	-31.45	28
2476	-31	28.45
2476	-30.55	28
2476	-31	27.55
2476	-31.45	28
2477	-31.45	29
2477	-31	29.45
2477	-30.55	29
2477	-31	28.55
2477	-31.45	29
2478	-31.45	3
2478	-31	3.45
2478	-30.55	3
2478	-31	2.55
2478	-31.45	3
2479	-31.45	30
2479	-31	30.45
2479	-30.55	30
2479	-31	29.55
2479	-31.45	30
2480	-31.45	31
2480	-31	31.45
2480	-30.55	31
2480	-31	30.55
2480	-31.45	31
2481	-31.45	32
2481	-31	32.45
2481	-30.55	32
2481	-31	31.55
2481	-31.45	32
2482	-31.45	33
2482	-31	33.45
2482	-30.55	33
2482	-31	32.55
2482	-31.45	33
2483	-31.45	34
2483	-31	34.45
2483	-30.55	34
2483	-31	33.55
2483	-31.45	34
2484	-31.45	35
2484	-31	35.45
2484	-30.55	35
2484	-31	34.55
2484	-31.45	35
2485	-31.45	36
2485	-31	36.45
2485	-30.55	36
2485	-31	35.55
2485	-31.45	36
2486	-31.45	37
2486	-31	37.45
2486	-30.55	37
2486	-31	36.55
2486	-31.45	37
2487	-31.45	38
2487	-31	38.45
2487	-30.55	38
2487	-31	37.55
2487	-31.45	38
2488	-31.45	39
2488	-31	39.45
2488	-30.55	39
2488	-31	38.55
2488	-31.45	39
2489	-31.45	4
2489	-31	4.45
2489	-30.55	4
2489	-31	3.55
2489	-31.45	4
2490	-31.45	40
2490	-31	40.45
2490	-30.55	40
2490	-31	39.55
2490	-31.45	40
2491	-31.45	41
2491	-31	41.45
2491	-30.55	41
2491	-31	40.55
2491	-31.45	41
2492	-31.45	42
2492	-31	42.45
2492	-30.55	42
2492	-31	41.55
2492	-31.45	42
2493	-31.45	43
2493	-31	43.45
2493	-30.55	43
2493	-31	42.55
2493	-31.45	43
2494	-31.45	44
2494	-31	44.45
2494	-30.55	44
2494	-31	43.55
2494	-31.45	44
2495	-31.45	45
2495	-31	45.45
2495	-30.55	45
2495	-31	44.55
2495	-31.45	45
2496	-31.45	46
2496	-31	46.45
2496	-30.55	46
2496	-31	45.55
2496	-31.45	46
2497	-31.45	47
2497	-31	47.45
2497	-30.55	47
2497	-31	46.55
2497	-31.45	47
2498	-31.45	48
2498	-31	48.45
2498	-30.55	48
2498	-31	47.55
2498	-31.45	48
2499	-31.45	49
2499	-31	49.45
2499	-30.55	49
2499	-31	48.55
2499	-31.45	49
2500	-31.45	5
2500	-31	5.45
2500	-30.55	5
2500	-31	4.55
2500	-31.45	5
2501	-31.45	6
2501	-31	6.45
2501	-30.55	6
2501	-31	5.55
2501	-31.45	6
2502	-31.45	7
2502	-31	7.45
2502	-30.55	7
2502	-31	6.55
2502	-31.45	7
2503	-31.45	8
2503	-31	8.45
2503	-30.55	8
2503	-31	7.55
2503	-31.45	8
2504	-31.45	9
2504	-31	9.45
2504	-30.55	9
2504	-31	8.55
2504	-31.45	9
2505	-31.95	-0.5
2505	-31.5	-0.05
2505	-31.05	-0.5
2505	-31.5	-0.95
2505	-31.95	-0.5
2506	-31.95	0.5
2506	-31.5	0.95
2506	-31.05	0.5
2506	-31.5	0.05
2506	-31.95	0.5
2507	-31.95	1.5
2507	-31.5	1.95
2507	-31.05	1.5
2507	-31.5	1.05
2507	-31.95	1.5
2508	-31.95	10.5
2508	-31.5	10.95
2508	-31.05	10.5
2508	-31.5	10.05
2508	-31.95	10.5
2509	-31.95	11.5
2509	-31.5	11.95
2509	-31.05	11.5
2509	-31.5	11.05
2509	-31.95	11.5
2510	-31.95	12.5
2510	-31.5	12.95
2510	-31.05	12.5
2510	-31.5	12.05
2510	-31.95	12.5
2511	-31.95	13.5
2511	-31.5	13.95
2511	-31.05	13.5
2511	-31.5	13.05
2511	-31.95	13.5
2512	-31.95	14.5
2512	-31.5	14.95
2512	-31.05	14.5
2512	-31.5	14.05
2512	-31.95	14.5
2513	-31.95	15.5
2513	-31.5	15.95
2513	-31.05	15.5
2513	-31.5	15.05
2513	-31.95	15.5
2514	-31.95	16.5
2514	-31.5	16.95
2514	-31.05	16.5
2514	-31.5	16.05
2514	-31.95	16.5
2515	-31.95	17.5
2515	-31.5	17.95
2515	-31.05	17.5
2515	-31.5	17.05
2515	-31.95	17.5
2516	-31.95	18.5
2516	-31.5	18.95
2516	-31.05	18.5
2516	-31.5	18.05
2516	-31.95	18.5
2517	-31.95	19.5
2517	-31.5	19.95
2517	-31.05	19.5
2517	-31.5	19.05
2517	-31.95	19.5
2518	-31.95	2.5
2518	-31.5	2.95
2518	-31.05	2.5
2518	-31.5	2.05
2518	-31.95	2.5
2519	-31.95	20.5
2519	-31.5	20.95
2519	-31.05	20.5
2519	-31.5	20.05
2519	-31.95	20.5
2520	-31.95	21.5
2520	-31.5	21.95
2520	-31.05	21.5
2520	-31.5	21.05
2520	-31.95	21.5
2521	-31.95	22.5
2521	-31.5	22.95
2521	-31.05	22.5
2521	-31.5	22.05
2521	-31.95	22.5
2522	-31.95	23.5
2522	-31.5	23.95
2522	-31.05	23.5
2522	-31.5	23.05
2522	-31.95	23.5
2523	-31.95	24.5
2523	-31.5	24.95
2523	-31.05	24.5
2523	-31.5	24.05
2523	-31.95	24.5
2524	-31.95	25.5
2524	-31.5	25.95
2524	-31.05	25.5
2524	-31.5	25.05
2524	-31.95	25.5
2525	-31.95	26.5
2525	-31.5	26.95
2525	-31.05	26.5
2525	-31.5	26.05
2525	-31.95	26.5
2526	-31.95	27.5
2526	-31.5	27.95
2526	-31.05	27.5
2526	-31.5	27.05
2526	-31.95	27.5
2527	-31.95	28.5
2527	-31.5	28.95
2527	-31.05	28.5
2527	-31.5	28.05
2527	-31.95	28.5
2528	-31.95	29.5
2528	-31.5	29.95
2528	-31.05	29.5
2528	-31.5	29.05
2528	-31.95	29.5
2529	-31.95	3.5
2529	-31.5	3.95
2529	-31.05	3.5
2529	-31.5	3.05
2529	-31.95	3.5
2530	-31.95	30.5
2530	-31.5	30.95
2530	-31.05	30.5
2530	-31.5	30.05
2530	-31.95	30.5
2531	-31.95	31.5
2531	-31.5	31.95
2531	-31.05	31.5
2531	-31.5	31.05
2531	-31.95	31.5
2532	-31.95	32.5
2532	-31.5	32.95
2532	-31.05	32.5
2532	-31.5	32.05
2532	-31.95	32.5
2533	-31.95	33.5
2533	-31.5	33.95
2533	-31.05	33.5
2533	-31.5	33.05
2533	-31.95	33.5
2534	-31.95	34.5
2534	-31.5	34.95
2534	-31.05	34.5
2534	-31.5	34.05
2534	-31.95	34.5
2535	-31.95	35.5
2535	-31.5	35.95
2535	-31.05	35.5
2535	-31.5	35.05
2535	-31.95	35.5
2536	-31.95	36.5
2536	-31.5	36.95
2536	-31.05	36.5
2536	-31.5	36.05
2536	-31.95	36.5
2537	-31.95	37.5
2537	-31.5	37.95
2537	-31.05	37.5
2537	-31.5	37.05
2537	-31.95	37.5
2538	-31.95	38.5
2538	-31.5	38.95
2538	-31.05	38.5
2538	-31.5	38.05
2538	-31.95	38.5
2539	-31.95	39.5
2539	-31.5	39.95
2539	-31.05	39.5
2539	-31.5	39.05
2539	-31.95	39.5
2540	-31.95	4.5
2540	-31.5	4.95
2540	-31.05	4.5
2540	-31.5	4.05
2540	-31.95	4.5
2541	-31.95	40.5
2541	-31.5	40.95
2541	-31.05	40.5
2541	-31.5	40.05
2541	-31.95	40.5
2542	-31.95	41.5
2542	-31.5	41.95
2542	-31.05	41.5
2542	-31.5	41.05
2542	-31.95	41.5
2543	-31.95	42.5
2543	-31.5	42.95
2543	-31.05	42.5
2543	-31.5	42.05
2543	-31.95	42.5
2544	-31.95	43.5
2544	-31.5	43.95
2544	-31.05	43.5
2544	-31.5	43.05
2544	-31.95	43.5
2545	-31.95	44.5
2545	-31.5	44.95
2545	-31.05	44.5
2545	-31.5	44.05
2545	-31.95	44.5
2546	-31.95	45.5
2546	-31.5	45.95
2546	-31.05	45.5
2546	-31.5	45.05
2546	-31.95	45.5
2547	-31.95	46.5
2547	-31.5	46.95
2547	-31.05	46.5
2547	-31.5	46.05
2547	-31.95	46.5
2548	-31.95	47.5
2548	-31.5	47.95
2548	-31.05	47.5
2548	-31.5	47.05
2548	-31.95	47.5
2549	-31.95	48.5
2549	-31.5	48.95
2549	-31.05	48.5
2549	-31.5	48.05
2549	-31.95	48.5
2550	-31.95	5.5
2550	-31.5	5.95
2550	-31.05	5.5
2550	-31.5	5.05
2550	-31.95	5.5
2551	-31.95	6.5
2551	-31.5	6.95
2551	-31.05	6.5
2551	-31.5	6.05
2551	-31.95	6.5
2552	-31.95	7.5
2552	-31.5	7.95
2552	-31.05	7.5
2552	-31.5	7.05
2552	-31.95	7.5
2553	-31.95	8.5
2553	-31.5	8.95
2553	-31.05	8.5
2553	-31.5	8.05
2553	-31.95	8.5
2554	-31.95	9.5
2554	-31.5	9.95
2554	-31.05	9.5
2554	-31.5	9.05
2554	-31.95	9.5
2555	-32.45	0
2555	-32	0.45
2555	-31.55	0
2555	-32	-0.45
2555	-32.45	0
2556	-32.45	1
2556	-32	1.45
2556	-31.55	1
2556	-32	0.55
2556	-32.45	1
2557	-32.45	10
2557	-32	10.45
2557	-31.55	10
2557	-32	9.55
2557	-32.45	10
2558	-32.45	11
2558	-32	11.45
2558	-31.55	11
2558	-32	10.55
2558	-32.45	11
2559	-32.45	12
2559	-32	12.45
2559	-31.55	12
2559	-32	11.55
2559	-32.45	12
2560	-32.45	13
2560	-32	13.45
2560	-31.55	13
2560	-32	12.55
2560	-32.45	13
2561	-32.45	14
2561	-32	14.45
2561	-31.55	14
2561	-32	13.55
2561	-32.45	14
2562	-32.45	15
2562	-32	15.45
2562	-31.55	15
2562	-32	14.55
2562	-32.45	15
2563	-32.45	16
2563	-32	16.45
2563	-31.55	16
2563	-32	15.55
2563	-32.45	16
2564	-32.45	17
2564	-32	17.45
2564	-31.55	17
2564	-32	16.55
2564	-32.45	17
2565	-32.45	18
2565	-32	18.45
2565	-31.55	18
2565	-32	17.55
2565	-32.45	18
2566	-32.45	19
2566	-32	19.45
2566	-31.55	19
2566	-32	18.55
2566	-32.45	19
2567	-32.45	2
2567	-32	2.45
2567	-31.55	2
2567	-32	1.55
2567	-32.45	2
2568	-32.45	20
2568	-32	20.45
2568	-31.55	20
2568	-32	19.55
2568	-32.45	20
2569	-32.45	21
2569	-32	21.45
2569	-31.55	21
2569	-32	20.55
2569	-32.45	21
2570	-32.45	22
2570	-32	22.45
2570	-31.55	22
2570	-32	21.55
2570	-32.45	22
2571	-32.45	23
2571	-32	23.45
2571	-31.55	23
2571	-32	22.55
2571	-32.45	23
2572	-32.45	24
2572	-32	24.45
2572	-31.55	24
2572	-32	23.55
2572	-32.45	24
2573	-32.45	25
2573	-32	25.45
2573	-31.55	25
2573	-32	24.55
2573	-32.45	25
2574	-32.45	26
2574	-32	26.45
2574	-31.55	26
2574	-32	25.55
2574	-32.45	26
2575	-32.45	27
2575	-32	27.45
2575	-31.55	27
2575	-32	26.55
2575	-32.45	27
2576	-32.45	28
2576	-32	28.45
2576	-31.55	28
2576	-32	27.55
2576	-32.45	28
2577	-32.45	29
2577	-32	29.45
2577	-31.55	29
2577	-32	28.55
2577	-32.45	29
2578	-32.45	3
2578	-32	3.45
2578	-31.55	3
2578	-32	2.55
2578	-32.45	3
2579	-32.45	30
2579	-32	30.45
2579	-31.55	30
2579	-32	29.55
2579	-32.45	30
2580	-32.45	31
2580	-32	31.45
2580	-31.55	31
2580	-32	30.55
2580	-32.45	31
2581	-32.45	32
2581	-32	32.45
2581	-31.55	32
2581	-32	31.55
2581	-32.45	32
2582	-32.45	33
2582	-32	33.45
2582	-31.55	33
2582	-32	32.55
2582	-32.45	33
2583	-32.45	34
2583	-32	34.45
2583	-31.55	34
2583	-32	33.55
2583	-32.45	34
2584	-32.45	35
2584	-32	35.45
2584	-31.55	35
2584	-32	34.55
2584	-32.45	35
2585	-32.45	36
2585	-32	36.45
2585	-31.55	36
2585	-32	35.55
2585	-32.45	36
2586	-32.45	37
2586	-32	37.45
2586	-31.55	37
2586	-32	36.55
2586	-32.45	37
2587	-32.45	38
2587	-32	38.45
2587	-31.55	38
2587	-32	37.55
2587	-32.45	38
2588	-32.45	39
2588	-32	39.45
2588	-31.55	39
2588	-32	38.55
2588	-32.45	39
2589	-32.45	4
2589	-32	4.45
2589	-31.55	4
2589	-32	3.55
2589	-32.45	4
2590	-32.45	40
2590	-32	40.45
2590	-31.55	40
2590	-32	39.55
2590	-32.45	40
2591	-32.45	41
2591	-32	41.45
2591	-31.55	41
2591	-32	40.55
2591	-32.45	41
2592	-32.45	42
2592	-32	42.45
2592	-31.55	42
2592	-32	41.55
2592	-32.45	42
2593	-32.45	43
2593	-32	43.45
2593	-31.55	43
2593	-32	42.55
2593	-32.45	43
2594	-32.45	44
2594	-32	44.45
2594	-31.55	44
2594	-32	43.55
2594	-32.45	44
2595	-32.45	45
2595	-32	45.45
2595	-31.55	45
2595	-32	44.55
2595	-32.45	45
2596	-32.45	46
2596	-32	46.45
2596	-31.55	46
2596	-32	45.55
2596	-32.45	46
2597	-32.45	47
2597	-32	47.45
2597	-31.55	47
2597	-32	46.55
2597	-32.45	47
2598	-32.45	48
2598	-32	48.45
2598	-31.55	48
2598	-32	47.55
2598	-32.45	48
2599	-32.45	49
2599	-32	49.45
2599	-31.55	49
2599	-32	48.55
2599	-32.45	49
2600	-32.45	5
2600	-32	5.45
2600	-31.55	5
2600	-32	4.55
2600	-32.45	5
2601	-32.45	6
2601	-32	6.45
2601	-31.55	6
2601	-32	5.55
2601	-32.45	6
2602	-32.45	7
2602	-32	7.45
2602	-31.55	7
2602	-32	6.55
2602	-32.45	7
2603	-32.45	8
2603	-32	8.45
2603	-31.55	8
2603	-32	7.55
2603	-32.45	8
2604	-32.45	9
2604	-32	9.45
2604	-31.55	9
2604	-32	8.55
2604	-32.45	9
2605	-32.95	-0.5
2605	-32.5	-0.05
2605	-32.05	-0.5
2605	-32.5	-0.95
2605	-32.95	-0.5
2606	-32.95	0.5
2606	-32.5	0.95
2606	-32.05	0.5
2606	-32.5	0.05
2606	-32.95	0.5
2607	-32.95	1.5
2607	-32.5	1.95
2607	-32.05	1.5
2607	-32.5	1.05
2607	-32.95	1.5
2608	-32.95	10.5
2608	-32.5	10.95
2608	-32.05	10.5
2608	-32.5	10.05
2608	-32.95	10.5
2609	-32.95	11.5
2609	-32.5	11.95
2609	-32.05	11.5
2609	-32.5	11.05
2609	-32.95	11.5
2610	-32.95	12.5
2610	-32.5	12.95
2610	-32.05	12.5
2610	-32.5	12.05
2610	-32.95	12.5
2611	-32.95	13.5
2611	-32.5	13.95
2611	-32.05	13.5
2611	-32.5	13.05
2611	-32.95	13.5
2612	-32.95	14.5
2612	-32.5	14.95
2612	-32.05	14.5
2612	-32.5	14.05
2612	-32.95	14.5
2613	-32.95	15.5
2613	-32.5	15.95
2613	-32.05	15.5
2613	-32.5	15.05
2613	-32.95	15.5
2614	-32.95	16.5
2614	-32.5	16.95
2614	-32.05	16.5
2614	-32.5	16.05
2614	-32.95	16.5
2615	-32.95	17.5
2615	-32.5	17.95
2615	-32.05	17.5
2615	-32.5	17.05
2615	-32.95	17.5
2616	-32.95	18.5
2616	-32.5	18.95
2616	-32.05	18.5
2616	-32.5	18.05
2616	-32.95	18.5
2617	-32.95	19.5
2617	-32.5	19.95
2617	-32.05	19.5
2617	-32.5	19.05
2617	-32.95	19.5
2618	-32.95	2.5
2618	-32.5	2.95
2618	-32.05	2.5
2618	-32.5	2.05
2618	-32.95	2.5
2619	-32.95	20.5
2619	-32.5	20.95
2619	-32.05	20.5
2619	-32.5	20.05
2619	-32.95	20.5
2620	-32.95	21.5
2620	-32.5	21.95
2620	-32.05	21.5
2620	-32.5	21.05
2620	-32.95	21.5
2621	-32.95	22.5
2621	-32.5	22.95
2621	-32.05	22.5
2621	-32.5	22.05
2621	-32.95	22.5
2622	-32.95	23.5
2622	-32.5	23.95
2622	-32.05	23.5
2622	-32.5	23.05
2622	-32.95	23.5
2623	-32.95	24.5
2623	-32.5	24.95
2623	-32.05	24.5
2623	-32.5	24.05
2623	-32.95	24.5
2624	-32.95	25.5
2624	-32.5	25.95
2624	-32.05	25.5
2624	-32.5	25.05
2624	-32.95	25.5
2625	-32.95	26.5
2625	-32.5	26.95
2625	-32.05	26.5
2625	-32.5	26.05
2625	-32.95	26.5
2626	-32.95	27.5
2626	-32.5	27.95
2626	-32.05	27.5
2626	-32.5	27.05
2626	-32.95	27.5
2627	-32.95	28.5
2627	-32.5	28.95
2627	-32.05	28.5
2627	-32.5	28.05
2627	-32.95	28.5
2628	-32.95	29.5
2628	-32.5	29.95
2628	-32.05	29.5
2628	-32.5	29.05
2628	-32.95	29.5
2629	-32.95	3.5
2629	-32.5	3.95
2629	-32.05	3.5
2629	-32.5	3.05
2629	-32.95	3.5
2630	-32.95	30.5
2630	-32.5	30.95
2630	-32.05	30.5
2630	-32.5	30.05
2630	-32.95	30.5
2631	-32.95	31.5
2631	-32.5	31.95
2631	-32.05	31.5
2631	-32.5	31.05
2631	-32.95	31.5
2632	-32.95	32.5
2632	-32.5	32.95
2632	-32.05	32.5
2632	-32.5	32.05
2632	-32.95	32.5
2633	-32.95	33.5
2633	-32.5	33.95
2633	-32.05	33.5
2633	-32.5	33.05
2633	-32.95	33.5
2634	-32.95	34.5
2634	-32.5	34.95
2634	-32.05	34.5
2634	-32.5	34.05
2634	-32.95	34.5
2635	-32.95	35.5
2635	-32.5	35.95
2635	-32.05	35.5
2635	-32.5	35.05
2635	-32.95	35.5
2636	-32.95	36.5
2636	-32.5	36.95
2636	-32.05	36.5
2636	-32.5	36.05
2636	-32.95	36.5
2637	-32.95	37.5
2637	-32.5	37.95
2637	-32.05	37.5
2637	-32.5	37.05
2637	-32.95	37.5
2638	-32.95	38.5
2638	-32.5	38.95
2638	-32.05	38.5
2638	-32.5	38.05
2638	-32.95	38.5
2639	-32.95	39.5
2639	-32.5	39.95
2639	-32.05	39.5
2639	-32.5	39.05
2639	-32.95	39.5
2640	-32.95	4.5
2640	-32.5	4.95
2640	-32.05	4.5
2640	-32.5	4.05
2640	-32.95	4.5
2641	-32.95	40.5
2641	-32.5	40.95
2641	-32.05	40.5
2641	-32.5	40.05
2641	-32.95	40.5
2642	-32.95	41.5
2642	-32.5	41.95
2642	-32.05	41.5
2642	-32.5	41.05
2642	-32.95	41.5
2643	-32.95	42.5
2643	-32.5	42.95
2643	-32.05	42.5
2643	-32.5	42.05
2643	-32.95	42.5
2644	-32.95	43.5
2644	-32.5	43.95
2644	-32.05	43.5
2644	-32.5	43.05
2644	-32.95	43.5
2645	-32.95	44.5
2645	-32.5	44.95
2645	-32.05	44.5
2645	-32.5	44.05
2645	-32.95	44.5
2646	-32.95	45.5
2646	-32.5	45.95
2646	-32.05	45.5
2646	-32.5	45.05
2646	-32.95	45.5
2647	-32.95	46.5
2647	-32.5	46.95
2647	-32.05	46.5
2647	-32.5	46.05
2647	-32.95	46.5
2648	-32.95	47.5
2648	-32.5	47.95
2648	-32.05	47.5
2648	-32.5	47.05
2648	-32.95	47.5
2649	-32.95	48.5
2649	-32.5	48.95
2649	-32.05	48.5
2649	-32.5	48.05
2649	-32.95	48.5
2650	-32.95	5.5
2650	-32.5	5.95
2650	-32.05	5.5
2650	-32.5	5.05
2650	-32.95	5.5
2651	-32.95	6.5
2651	-32.5	6.95
2651	-32.05	6.5
2651	-32.5	6.05
2651	-32.95	6.5
2652	-32.95	7.5
2652	-32.5	7.95
2652	-32.05	7.5
2652	-32.5	7.05
2652	-32.95	7.5
2653	-32.95	8.5
2653	-32.5	8.95
2653	-32.05	8.5
2653	-32.5	8.05
2653	-32.95	8.5
2654	-32.95	9.5
2654	-32.5	9.95
2654	-32.05	9.5
2654	-32.5	9.05
2654	-32.95	9.5
2655	-33.45	0
2655	-33	0.45
2655	-32.55	0
2655	-33	-0.45
2655	-33.45	0
2656	-33.45	1
2656	-33	1.45
2656	-32.55	1
2656	-33	0.55
2656	-33.45	1
2657	-33.45	10
2657	-33	10.45
2657	-32.55	10
2657	-33	9.55
2657	-33.45	10
2658	-33.45	11
2658	-33	11.45
2658	-32.55	11
2658	-33	10.55
2658	-33.45	11
2659	-33.45	12
2659	-33	12.45
2659	-32.55	12
2659	-33	11.55
2659	-33.45	12
2660	-33.45	13
2660	-33	13.45
2660	-32.55	13
2660	-33	12.55
2660	-33.45	13
2661	-33.45	14
2661	-33	14.45
2661	-32.55	14
2661	-33	13.55
2661	-33.45	14
2662	-33.45	15
2662	-33	15.45
2662	-32.55	15
2662	-33	14.55
2662	-33.45	15
2663	-33.45	16
2663	-33	16.45
2663	-32.55	16
2663	-33	15.55
2663	-33.45	16
2664	-33.45	17
2664	-33	17.45
2664	-32.55	17
2664	-33	16.55
2664	-33.45	17
2665	-33.45	18
2665	-33	18.45
2665	-32.55	18
2665	-33	17.55
2665	-33.45	18
2666	-33.45	19
2666	-33	19.45
2666	-32.55	19
2666	-33	18.55
2666	-33.45	19
2667	-33.45	2
2667	-33	2.45
2667	-32.55	2
2667	-33	1.55
2667	-33.45	2
2668	-33.45	20
2668	-33	20.45
2668	-32.55	20
2668	-33	19.55
2668	-33.45	20
2669	-33.45	21
2669	-33	21.45
2669	-32.55	21
2669	-33	20.55
2669	-33.45	21
2670	-33.45	22
2670	-33	22.45
2670	-32.55	22
2670	-33	21.55
2670	-33.45	22
2671	-33.45	23
2671	-33	23.45
2671	-32.55	23
2671	-33	22.55
2671	-33.45	23
2672	-33.45	24
2672	-33	24.45
2672	-32.55	24
2672	-33	23.55
2672	-33.45	24
2673	-33.45	25
2673	-33	25.45
2673	-32.55	25
2673	-33	24.55
2673	-33.45	25
2674	-33.45	26
2674	-33	26.45
2674	-32.55	26
2674	-33	25.55
2674	-33.45	26
2675	-33.45	27
2675	-33	27.45
2675	-32.55	27
2675	-33	26.55
2675	-33.45	27
2676	-33.45	28
2676	-33	28.45
2676	-32.55	28
2676	-33	27.55
2676	-33.45	28
2677	-33.45	29
2677	-33	29.45
2677	-32.55	29
2677	-33	28.55
2677	-33.45	29
2678	-33.45	3
2678	-33	3.45
2678	-32.55	3
2678	-33	2.55
2678	-33.45	3
2679	-33.45	30
2679	-33	30.45
2679	-32.55	30
2679	-33	29.55
2679	-33.45	30
2680	-33.45	31
2680	-33	31.45
2680	-32.55	31
2680	-33	30.55
2680	-33.45	31
2681	-33.45	32
2681	-33	32.45
2681	-32.55	32
2681	-33	31.55
2681	-33.45	32
2682	-33.45	33
2682	-33	33.45
2682	-32.55	33
2682	-33	32.55
2682	-33.45	33
2683	-33.45	34
2683	-33	34.45
2683	-32.55	34
2683	-33	33.55
2683	-33.45	34
2684	-33.45	35
2684	-33	35.45
2684	-32.55	35
2684	-33	34.55
2684	-33.45	35
2685	-33.45	36
2685	-33	36.45
2685	-32.55	36
2685	-33	35.55
2685	-33.45	36
2686	-33.45	37
2686	-33	37.45
2686	-32.55	37
2686	-33	36.55
2686	-33.45	37
2687	-33.45	38
2687	-33	38.45
2687	-32.55	38
2687	-33	37.55
2687	-33.45	38
2688	-33.45	39
2688	-33	39.45
2688	-32.55	39
2688	-33	38.55
2688	-33.45	39
2689	-33.45	4
2689	-33	4.45
2689	-32.55	4
2689	-33	3.55
2689	-33.45	4
2690	-33.45	40
2690	-33	40.45
2690	-32.55	40
2690	-33	39.55
2690	-33.45	40
2691	-33.45	41
2691	-33	41.45
2691	-32.55	41
2691	-33	40.55
2691	-33.45	41
2692	-33.45	42
2692	-33	42.45
2692	-32.55	42
2692	-33	41.55
2692	-33.45	42
2693	-33.45	43
2693	-33	43.45
2693	-32.55	43
2693	-33	42.55
2693	-33.45	43
2694	-33.45	44
2694	-33	44.45
2694	-32.55	44
2694	-33	43.55
2694	-33.45	44
2695	-33.45	45
2695	-33	45.45
2695	-32.55	45
2695	-33	44.55
2695	-33.45	45
2696	-33.45	46
2696	-33	46.45
2696	-32.55	46
2696	-33	45.55
2696	-33.45	46
2697	-33.45	47
2697	-33	47.45
2697	-32.55	47
2697	-33	46.55
2697	-33.45	47
2698	-33.45	48
2698	-33	48.45
2698	-32.55	48
2698	-33	47.55
2698	-33.45	48
2699	-33.45	49
2699	-33	49.45
2699	-32.55	49
2699	-33	48.55
2699	-33.45	49
2700	-33.45	5
2700	-33	5.45
2700	-32.55	5
2700	-33	4.55
2700	-33.45	5
2701	-33.45	6
2701	-33	6.45
2701	-32.55	6
2701	-33	5.55
2701	-33.45	6
2702	-33.45	7
2702	-33	7.45
2702	-32.55	7
2702	-33	6.55
2702	-33.45	7
2703	-33.45	8
2703	-33	8.45
2703	-32.55	8
2703	-33	7.55
2703	-33.45	8
2704	-33.45	9
2704	-33	9.45
2704	-32.55	9
2704	-33	8.55
2704	-33.45	9
2705	-33.95	-0.5
2705	-33.5	-0.05
2705	-33.05	-0.5
2705	-33.5	-0.95
2705	-33.95	-0.5
2706	-33.95	0.5
2706	-33.5	0.95
2706	-33.05	0.5
2706	-33.5	0.05
2706	-33.95	0.5
2707	-33.95	1.5
2707	-33.5	1.95
2707	-33.05	1.5
2707	-33.5	1.05
2707	-33.95	1.5
2708	-33.95	10.5
2708	-33.5	10.95
2708	-33.05	10.5
2708	-33.5	10.05
2708	-33.95	10.5
2709	-33.95	11.5
2709	-33.5	11.95
2709	-33.05	11.5
2709	-33.5	11.05
2709	-33.95	11.5
2710	-33.95	12.5
2710	-33.5	12.95
2710	-33.05	12.5
2710	-33.5	12.05
2710	-33.95	12.5
2711	-33.95	13.5
2711	-33.5	13.95
2711	-33.05	13.5
2711	-33.5	13.05
2711	-33.95	13.5
2712	-33.95	14.5
2712	-33.5	14.95
2712	-33.05	14.5
2712	-33.5	14.05
2712	-33.95	14.5
2713	-33.95	15.5
2713	-33.5	15.95
2713	-33.05	15.5
2713	-33.5	15.05
2713	-33.95	15.5
2714	-33.95	16.5
2714	-33.5	16.95
2714	-33.05	16.5
2714	-33.5	16.05
2714	-33.95	16.5
2715	-33.95	17.5
2715	-33.5	17.95
2715	-33.05	17.5
2715	-33.5	17.05
2715	-33.95	17.5
2716	-33.95	18.5
2716	-33.5	18.95
2716	-33.05	18.5
2716	-33.5	18.05
2716	-33.95	18.5
2717	-33.95	19.5
2717	-33.5	19.95
2717	-33.05	19.5
2717	-33.5	19.05
2717	-33.95	19.5
2718	-33.95	2.5
2718	-33.5	2.95
2718	-33.05	2.5
2718	-33.5	2.05
2718	-33.95	2.5
2719	-33.95	20.5
2719	-33.5	20.95
2719	-33.05	20.5
2719	-33.5	20.05
2719	-33.95	20.5
2720	-33.95	21.5
2720	-33.5	21.95
2720	-33.05	21.5
2720	-33.5	21.05
2720	-33.95	21.5
2721	-33.95	22.5
2721	-33.5	22.95
2721	-33.05	22.5
2721	-33.5	22.05
2721	-33.95	22.5
2722	-33.95	23.5
2722	-33.5	23.95
2722	-33.05	23.5
2722	-33.5	23.05
2722	-33.95	23.5
2723	-33.95	24.5
2723	-33.5	24.95
2723	-33.05	24.5
2723	-33.5	24.05
2723	-33.95	24.5
2724	-33.95	25.5
2724	-33.5	25.95
2724	-33.05	25.5
2724	-33.5	25.05
2724	-33.95	25.5
2725	-33.95	26.5
2725	-33.5	26.95
2725	-33.05	26.5
2725	-33.5	26.05
2725	-33.95	26.5
2726	-33.95	27.5
2726	-33.5	27.95
2726	-33.05	27.5
2726	-33.5	27.05
2726	-33.95	27.5
2727	-33.95	28.5
2727	-33.5	28.95
2727	-33.05	28.5
2727	-33.5	28.05
2727	-33.95	28.5
2728	-33.95	29.5
2728	-33.5	29.95
2728	-33.05	29.5
2728	-33.5	29.05
2728	-33.95	29.5
2729	-33.95	3.5
2729	-33.5	3.95
2729	-33.05	3.5
2729	-33.5	3.05
2729	-33.95	3.5
2730	-33.95	30.5
2730	-33.5	30.95
2730	-33.05	30.5
2730	-33.5	30.05
2730	-33.95	30.5
2731	-33.95	31.5
2731	-33.5	31.95
2731	-33.05	31.5
2731	-33.5	31.05
2731	-33.95	31.5
2732	-33.95	32.5
2732	-33.5	32.95
2732	-33.05	32.5
2732	-33.5	32.05
2732	-33.95	32.5
2733	-33.95	33.5
2733	-33.5	33.95
2733	-33.05	33.5
2733	-33.5	33.05
2733	-33.95	33.5
2734	-33.95	34.5
2734	-33.5	34.95
2734	-33.05	34.5
2734	-33.5	34.05
2734	-33.95	34.5
2735	-33.95	35.5
2735	-33.5	35.95
2735	-33.05	35.5
2735	-33.5	35.05
2735	-33.95	35.5
2736	-33.95	36.5
2736	-33.5	36.95
2736	-33.05	36.5
2736	-33.5	36.05
2736	-33.95	36.5
2737	-33.95	37.5
2737	-33.5	37.95
2737	-33.05	37.5
2737	-33.5	37.05
2737	-33.95	37.5
2738	-33.95	38.5
2738	-33.5	38.95
2738	-33.05	38.5
2738	-33.5	38.05
2738	-33.95	38.5
2739	-33.95	39.5
2739	-33.5	39.95
2739	-33.05	39.5
2739	-33.5	39.05
2739	-33.95	39.5
2740	-33.95	4.5
2740	-33.5	4.95
2740	-33.05	4.5
2740	-33.5	4.05
2740	-33.95	4.5
2741	-33.95	40.5
2741	-33.5	40.95
2741	-33.05	40.5
2741	-33.5	40.05
2741	-33.95	40.5
2742	-33.95	41.5
2742	-33.5	41.95
2742	-33.05	41.5
2742	-33.5	41.05
2742	-33.95	41.5
2743	-33.95	42.5
2743	-33.5	42.95
2743	-33.05	42.5
2743	-33.5	42.05
2743	-33.95	42.5
2744	-33.95	43.5
2744	-33.5	43.95
2744	-33.05	43.5
2744	-33.5	43.05
2744	-33.95	43.5
2745	-33.95	44.5
2745	-33.5	44.95
2745	-33.05	44.5
2745	-33.5	44.05
2745	-33.95	44.5
2746	-33.95	45.5
2746	-33.5	45.95
2746	-33.05	45.5
2746	-33.5	45.05
2746	-33.95	45.5
2747	-33.95	46.5
2747	-33.5	46.95
2747	-33.05	46.5
2747	-33.5	46.05
2747	-33.95	46.5
2748	-33.95	47.5
2748	-33.5	47.95
2748	-33.05	47.5
2748	-33.5	47.05
2748	-33.95	47.5
2749	-33.95	48.5
2749	-33.5	48.95
2749	-33.05	48.5
2749	-33.5	48.05
2749	-33.95	48.5
2750	-33.95	5.5
2750	-33.5	5.95
2750	-33.05	5.5
2750	-33.5	5.05
2750	-33.95	5.5
2751	-33.95	6.5
2751	-33.5	6.95
2751	-33.05	6.5
2751	-33.5	6.05
2751	-33.95	6.5
2752	-33.95	7.5
2752	-33.5	7.95
2752	-33.05	7.5
2752	-33.5	7.05
2752	-33.95	7.5
2753	-33.95	8.5
2753	-33.5	8.95
2753	-33.05	8.5
2753	-33.5	8.05
2753	-33.95	8.5
2754	-33.95	9.5
2754	-33.5	9.95
2754	-33.05	9.5
2754	-33.5	9.05
2754	-33.95	9.5
2755	-34.45	0
2755	-34	0.45
2755	-33.55	0
2755	-34	-0.45
2755	-34.45	0
2756	-34.45	1
2756	-34	1.45
2756	-33.55	1
2756	-34	0.55
2756	-34.45	1
2757	-34.45	10
2757	-34	10.45
2757	-33.55	10
2757	-34	9.55
2757	-34.45	10
2758	-34.45	11
2758	-34	11.45
2758	-33.55	11
2758	-34	10.55
2758	-34.45	11
2759	-34.45	12
2759	-34	12.45
2759	-33.55	12
2759	-34	11.55
2759	-34.45	12
2760	-34.45	13
2760	-34	13.45
2760	-33.55	13
2760	-34	12.55
2760	-34.45	13
2761	-34.45	14
2761	-34	14.45
2761	-33.55	14
2761	-34	13.55
2761	-34.45	14
2762	-34.45	15
2762	-34	15.45
2762	-33.55	15
2762	-34	14.55
2762	-34.45	15
2763	-34.45	16
2763	-34	16.45
2763	-33.55	16
2763	-34	15.55
2763	-34.45	16
2764	-34.45	17
2764	-34	17.45
2764	-33.55	17
2764	-34	16.55
2764	-34.45	17
2765	-34.45	18
2765	-34	18.45
2765	-33.55	18
2765	-34	17.55
2765	-34.45	18
2766	-34.45	19
2766	-34	19.45
2766	-33.55	19
2766	-34	18.55
2766	-34.45	19
2767	-34.45	2
2767	-34	2.45
2767	-33.55	2
2767	-34	1.55
2767	-34.45	2
2768	-34.45	20
2768	-34	20.45
2768	-33.55	20
2768	-34	19.55
2768	-34.45	20
2769	-34.45	21
2769	-34	21.45
2769	-33.55	21
2769	-34	20.55
2769	-34.45	21
2770	-34.45	22
2770	-34	22.45
2770	-33.55	22
2770	-34	21.55
2770	-34.45	22
2771	-34.45	23
2771	-34	23.45
2771	-33.55	23
2771	-34	22.55
2771	-34.45	23
2772	-34.45	24
2772	-34	24.45
2772	-33.55	24
2772	-34	23.55
2772	-34.45	24
2773	-34.45	25
2773	-34	25.45
2773	-33.55	25
2773	-34	24.55
2773	-34.45	25
2774	-34.45	26
2774	-34	26.45
2774	-33.55	26
2774	-34	25.55
2774	-34.45	26
2775	-34.45	27
2775	-34	27.45
2775	-33.55	27
2775	-34	26.55
2775	-34.45	27
2776	-34.45	28
2776	-34	28.45
2776	-33.55	28
2776	-34	27.55
2776	-34.45	28
2777	-34.45	29
2777	-34	29.45
2777	-33.55	29
2777	-34	28.55
2777	-34.45	29
2778	-34.45	3
2778	-34	3.45
2778	-33.55	3
2778	-34	2.55
2778	-34.45	3
2779	-34.45	30
2779	-34	30.45
2779	-33.55	30
2779	-34	29.55
2779	-34.45	30
2780	-34.45	31
2780	-34	31.45
2780	-33.55	31
2780	-34	30.55
2780	-34.45	31
2781	-34.45	32
2781	-34	32.45
2781	-33.55	32
2781	-34	31.55
2781	-34.45	32
2782	-34.45	33
2782	-34	33.45
2782	-33.55	33
2782	-34	32.55
2782	-34.45	33
2783	-34.45	34
2783	-34	34.45
2783	-33.55	34
2783	-34	33.55
2783	-34.45	34
2784	-34.45	35
2784	-34	35.45
2784	-33.55	35
2784	-34	34.55
2784	-34.45	35
2785	-34.45	36
2785	-34	36.45
2785	-33.55	36
2785	-34	35.55
2785	-34.45	36
2786	-34.45	37
2786	-34	37.45
2786	-33.55	37
2786	-34	36.55
2786	-34.45	37
2787	-34.45	38
2787	-34	38.45
2787	-33.55	38
2787	-34	37.55
2787	-34.45	38
2788	-34.45	39
2788	-34	39.45
2788	-33.55	39
2788	-34	38.55
2788	-34.45	39
2789	-34.45	4
2789	-34	4.45
2789	-33.55	4
2789	-34	3.55
2789	-34.45	4
2790	-34.45	40
2790	-34	40.45
2790	-33.55	40
2790	-34	39.55
2790	-34.45	40
2791	-34.45	41
2791	-34	41.45
2791	-33.55	41
2791	-34	40.55
2791	-34.45	41
2792	-34.45	42
2792	-34	42.45
2792	-33.55	42
2792	-34	41.55
2792	-34.45	42
2793	-34.45	43
2793	-34	43.45
2793	-33.55	43
2793	-34	42.55
2793	-34.45	43
2794	-34.45	44
2794	-34	44.45
2794	-33.55	44
2794	-34	43.55
2794	-34.45	44
2795	-34.45	45
2795	-34	45.45
2795	-33.55	45
2795	-34	44.55
2795	-34.45	45
2796	-34.45	46
2796	-34	46.45
2796	-33.55	46
2796	-34	45.55
2796	-34.45	46
2797	-34.45	47
2797	-34	47.45
2797	-33.55	47
2797	-34	46.55
2797	-34.45	47
2798	-34.45	48
2798	-34	48.45
2798	-33.55	48
2798	-34	47.55
2798	-34.45	48
2799	-34.45	49
2799	-34	49.45
2799	-33.55	49
2799	-34	48.55
2799	-34.45	49
2800	-34.45	5
2800	-34	5.45
2800	-33.55	5
2800	-34	4.55
2800	-34.45	5
2801	-34.45	6
2801	-34	6.45
2801	-33.55	6
2801	-34	5.55
2801	-34.45	6
2802	-34.45	7
2802	-34	7.45
2802	-33.55	7
2802	-34	6.55
2802	-34.45	7
2803	-34.45	8
2803	-34	8.45
2803	-33.55	8
2803	-34	7.55
2803	-34.45	8
2804	-34.45	9
2804	-34	9.45
2804	-33.55	9
2804	-34	8.55
2804	-34.45	9
2805	-34.95	-0.5
2805	-34.5	-0.05
2805	-34.05	-0.5
2805	-34.5	-0.95
2805	-34.95	-0.5
2806	-34.95	0.5
2806	-34.5	0.95
2806	-34.05	0.5
2806	-34.5	0.05
2806	-34.95	0.5
2807	-34.95	1.5
2807	-34.5	1.95
2807	-34.05	1.5
2807	-34.5	1.05
2807	-34.95	1.5
2808	-34.95	10.5
2808	-34.5	10.95
2808	-34.05	10.5
2808	-34.5	10.05
2808	-34.95	10.5
2809	-34.95	11.5
2809	-34.5	11.95
2809	-34.05	11.5
2809	-34.5	11.05
2809	-34.95	11.5
2810	-34.95	12.5
2810	-34.5	12.95
2810	-34.05	12.5
2810	-34.5	12.05
2810	-34.95	12.5
2811	-34.95	13.5
2811	-34.5	13.95
2811	-34.05	13.5
2811	-34.5	13.05
2811	-34.95	13.5
2812	-34.95	14.5
2812	-34.5	14.95
2812	-34.05	14.5
2812	-34.5	14.05
2812	-34.95	14.5
2813	-34.95	15.5
2813	-34.5	15.95
2813	-34.05	15.5
2813	-34.5	15.05
2813	-34.95	15.5
2814	-34.95	16.5
2814	-34.5	16.95
2814	-34.05	16.5
2814	-34.5	16.05
2814	-34.95	16.5
2815	-34.95	17.5
2815	-34.5	17.95
2815	-34.05	17.5
2815	-34.5	17.05
2815	-34.95	17.5
2816	-34.95	18.5
2816	-34.5	18.95
2816	-34.05	18.5
2816	-34.5	18.05
2816	-34.95	18.5
2817	-34.95	19.5
2817	-34.5	19.95
2817	-34.05	19.5
2817	-34.5	19.05
2817	-34.95	19.5
2818	-34.95	2.5
2818	-34.5	2.95
2818	-34.05	2.5
2818	-34.5	2.05
2818	-34.95	2.5
2819	-34.95	20.5
2819	-34.5	20.95
2819	-34.05	20.5
2819	-34.5	20.05
2819	-34.95	20.5
2820	-34.95	21.5
2820	-34.5	21.95
2820	-34.05	21.5
2820	-34.5	21.05
2820	-34.95	21.5
2821	-34.95	22.5
2821	-34.5	22.95
2821	-34.05	22.5
2821	-34.5	22.05
2821	-34.95	22.5
2822	-34.95	23.5
2822	-34.5	23.95
2822	-34.05	23.5
2822	-34.5	23.05
2822	-34.95	23.5
2823	-34.95	24.5
2823	-34.5	24.95
2823	-34.05	24.5
2823	-34.5	24.05
2823	-34.95	24.5
2824	-34.95	25.5
2824	-34.5	25.95
2824	-34.05	25.5
2824	-34.5	25.05
2824	-34.95	25.5
2825	-34.95	26.5
2825	-34.5	26.95
2825	-34.05	26.5
2825	-34.5	26.05
2825	-34.95	26.5
2826	-34.95	27.5
2826	-34.5	27.95
2826	-34.05	27.5
2826	-34.5	27.05
2826	-34.95	27.5
2827	-34.95	28.5
2827	-34.5	28.95
2827	-34.05	28.5
2827	-34.5	28.05
2827	-34.95	28.5
2828	-34.95	29.5
2828	-34.5	29.95
2828	-34.05	29.5
2828	-34.5	29.05
2828	-34.95	29.5
2829	-34.95	3.5
2829	-34.5	3.95
2829	-34.05	3.5
2829	-34.5	3.05
2829	-34.95	3.5
2830	-34.95	30.5
2830	-34.5	30.95
2830	-34.05	30.5
2830	-34.5	30.05
2830	-34.95	30.5
2831	-34.95	31.5
2831	-34.5	31.95
2831	-34.05	31.5
2831	-34.5	31.05
2831	-34.95	31.5
2832	-34.95	32.5
2832	-34.5	32.95
2832	-34.05	32.5
2832	-34.5	32.05
2832	-34.95	32.5
2833	-34.95	33.5
2833	-34.5	33.95
2833	-34.05	33.5
2833	-34.5	33.05
2833	-34.95	33.5
2834	-34.95	34.5
2834	-34.5	34.95
2834	-34.05	34.5
2834	-34.5	34.05
2834	-34.95	34.5
2835	-34.95	35.5
2835	-34.5	35.95
2835	-34.05	35.5
2835	-34.5	35.05
2835	-34.95	35.5
2836	-34.95	36.5
2836	-34.5	36.95
2836	-34.05	36.5
2836	-34.5	36.05
2836	-34.95	36.5
2837	-34.95	37.5
2837	-34.5	37.95
2837	-34.05	37.5
2837	-34.5	37.05
2837	-34.95	37.5
2838	-34.95	38.5
2838	-34.5	38.95
2838	-34.05	38.5
2838	-34.5	38.05
2838	-34.95	38.5
2839	-34.95	39.5
2839	-34.5	39.95
2839	-34.05	39.5
2839	-34.5	39.05
2839	-34.95	39.5
2840	-34.95	4.5
2840	-34.5	4.95
2840	-34.05	4.5
2840	-34.5	4.05
2840	-34.95	4.5
2841	-34.95	40.5
2841	-34.5	40.95
2841	-34.05	40.5
2841	-34.5	40.05
2841	-34.95	40.5
2842	-34.95	41.5
2842	-34.5	41.95
2842	-34.05	41.5
2842	-34.5	41.05
2842	-34.95	41.5
2843	-34.95	42.5
2843	-34.5	42.95
2843	-34.05	42.5
2843	-34.5	42.05
2843	-34.95	42.5
2844	-34.95	43.5
2844	-34.5	43.95
2844	-34.05	43.5
2844	-34.5	43.05
2844	-34.95	43.5
2845	-34.95	44.5
2845	-34.5	44.95
2845	-34.05	44.5
2845	-34.5	44.05
2845	-34.95	44.5
2846	-34.95	45.5
2846	-34.5	45.95
2846	-34.05	45.5
2846	-34.5	45.05
2846	-34.95	45.5
2847	-34.95	46.5
2847	-34.5	46.95
2847	-34.05	46.5
2847	-34.5	46.05
2847	-34.95	46.5
2848	-34.95	47.5
2848	-34.5	47.95
2848	-34.05	47.5
2848	-34.5	47.05
2848	-34.95	47.5
2849	-34.95	48.5
2849	-34.5	48.95
2849	-34.05	48.5
2849	-34.5	48.05
2849	-34.95	48.5
2850	-34.95	5.5
2850	-34.5	5.95
2850	-34.05	5.5
2850	-34.5	5.05
2850	-34.95	5.5
2851	-34.95	6.5
2851	-34.5	6.95
2851	-34.05	6.5
2851	-34.5	6.05
2851	-34.95	6.5
2852	-34.95	7.5
2852	-34.5	7.95
2852	-34.05	7.5
2852	-34.5	7.05
2852	-34.95	7.5
2853	-34.95	8.5
2853	-34.5	8.95
2853	-34.05	8.5
2853	-34.5	8.05
2853	-34.95	8.5
2854	-34.95	9.5
2854	-34.5	9.95
2854	-34.05	9.5
2854	-34.5	9.05
2854	-34.95	9.5
2855	-35.45	0
2855	-35	0.45
2855	-34.55	0
2855	-35	-0.45
2855	-35.45	0
2856	-35.45	1
2856	-35	1.45
2856	-34.55	1
2856	-35	0.55
2856	-35.45	1
2857	-35.45	10
2857	-35	10.45
2857	-34.55	10
2857	-35	9.55
2857	-35.45	10
2858	-35.45	11
2858	-35	11.45
2858	-34.55	11
2858	-35	10.55
2858	-35.45	11
2859	-35.45	12
2859	-35	12.45
2859	-34.55	12
2859	-35	11.55
2859	-35.45	12
2860	-35.45	13
2860	-35	13.45
2860	-34.55	13
2860	-35	12.55
2860	-35.45	13
2861	-35.45	14
2861	-35	14.45
2861	-34.55	14
2861	-35	13.55
2861	-35.45	14
2862	-35.45	15
2862	-35	15.45
2862	-34.55	15
2862	-35	14.55
2862	-35.45	15
2863	-35.45	16
2863	-35	16.45
2863	-34.55	16
2863	-35	15.55
2863	-35.45	16
2864	-35.45	17
2864	-35	17.45
2864	-34.55	17
2864	-35	16.55
2864	-35.45	17
2865	-35.45	18
2865	-35	18.45
2865	-34.55	18
2865	-35	17.55
2865	-35.45	18
2866	-35.45	19
2866	-35	19.45
2866	-34.55	19
2866	-35	18.55
2866	-35.45	19
2867	-35.45	2
2867	-35	2.45
2867	-34.55	2
2867	-35	1.55
2867	-35.45	2
2868	-35.45	20
2868	-35	20.45
2868	-34.55	20
2868	-35	19.55
2868	-35.45	20
2869	-35.45	21
2869	-35	21.45
2869	-34.55	21
2869	-35	20.55
2869	-35.45	21
2870	-35.45	22
2870	-35	22.45
2870	-34.55	22
2870	-35	21.55
2870	-35.45	22
2871	-35.45	23
2871	-35	23.45
2871	-34.55	23
2871	-35	22.55
2871	-35.45	23
2872	-35.45	24
2872	-35	24.45
2872	-34.55	24
2872	-35	23.55
2872	-35.45	24
2873	-35.45	25
2873	-35	25.45
2873	-34.55	25
2873	-35	24.55
2873	-35.45	25
2874	-35.45	26
2874	-35	26.45
2874	-34.55	26
2874	-35	25.55
2874	-35.45	26
2875	-35.45	27
2875	-35	27.45
2875	-34.55	27
2875	-35	26.55
2875	-35.45	27
2876	-35.45	28
2876	-35	28.45
2876	-34.55	28
2876	-35	27.55
2876	-35.45	28
2877	-35.45	29
2877	-35	29.45
2877	-34.55	29
2877	-35	28.55
2877	-35.45	29
2878	-35.45	3
2878	-35	3.45
2878	-34.55	3
2878	-35	2.55
2878	-35.45	3
2879	-35.45	30
2879	-35	30.45
2879	-34.55	30
2879	-35	29.55
2879	-35.45	30
2880	-35.45	31
2880	-35	31.45
2880	-34.55	31
2880	-35	30.55
2880	-35.45	31
2881	-35.45	32
2881	-35	32.45
2881	-34.55	32
2881	-35	31.55
2881	-35.45	32
2882	-35.45	33
2882	-35	33.45
2882	-34.55	33
2882	-35	32.55
2882	-35.45	33
2883	-35.45	34
2883	-35	34.45
2883	-34.55	34
2883	-35	33.55
2883	-35.45	34
2884	-35.45	35
2884	-35	35.45
2884	-34.55	35
2884	-35	34.55
2884	-35.45	35
2885	-35.45	36
2885	-35	36.45
2885	-34.55	36
2885	-35	35.55
2885	-35.45	36
2886	-35.45	37
2886	-35	37.45
2886	-34.55	37
2886	-35	36.55
2886	-35.45	37
2887	-35.45	38
2887	-35	38.45
2887	-34.55	38
2887	-35	37.55
2887	-35.45	38
2888	-35.45	39
2888	-35	39.45
2888	-34.55	39
2888	-35	38.55
2888	-35.45	39
2889	-35.45	4
2889	-35	4.45
2889	-34.55	4
2889	-35	3.55
2889	-35.45	4
2890	-35.45	40
2890	-35	40.45
2890	-34.55	40
2890	-35	39.55
2890	-35.45	40
2891	-35.45	41
2891	-35	41.45
2891	-34.55	41
2891	-35	40.55
2891	-35.45	41
2892	-35.45	42
2892	-35	42.45
2892	-34.55	42
2892	-35	41.55
2892	-35.45	42
2893	-35.45	43
2893	-35	43.45
2893	-34.55	43
2893	-35	42.55
2893	-35.45	43
2894	-35.45	44
2894	-35	44.45
2894	-34.55	44
2894	-35	43.55
2894	-35.45	44
2895	-35.45	45
2895	-35	45.45
2895	-34.55	45
2895	-35	44.55
2895	-35.45	45
2896	-35.45	46
2896	-35	46.45
2896	-34.55	46
2896	-35	45.55
2896	-35.45	46
2897	-35.45	47
2897	-35	47.45
2897	-34.55	47
2897	-35	46.55
2897	-35.45	47
2898	-35.45	48
2898	-35	48.45
2898	-34.55	48
2898	-35	47.55
2898	-35.45	48
2899	-35.45	49
2899	-35	49.45
2899	-34.55	49
2899	-35	48.55
2899	-35.45	49
2900	-35.45	5
2900	-35	5.45
2900	-34.55	5
2900	-35	4.55
2900	-35.45	5
2901	-35.45	6
2901	-35	6.45
2901	-34.55	6
2901	-35	5.55
2901	-35.45	6
2902	-35.45	7
2902	-35	7.45
2902	-34.55	7
2902	-35	6.55
2902	-35.45	7
2903	-35.45	8
2903	-35	8.45
2903	-34.55	8
2903	-35	7.55
2903	-35.45	8
2904	-35.45	9
2904	-35	9.45
2904	-34.55	9
2904	-35	8.55
2904	-35.45	9
2905	-35.95	-0.5
2905	-35.5	-0.05
2905	-35.05	-0.5
2905	-35.5	-0.95
2905	-35.95	-0.5
2906	-35.95	0.5
2906	-35.5	0.95
2906	-35.05	0.5
2906	-35.5	0.05
2906	-35.95	0.5
2907	-35.95	1.5
2907	-35.5	1.95
2907	-35.05	1.5
2907	-35.5	1.05
2907	-35.95	1.5
2908	-35.95	10.5
2908	-35.5	10.95
2908	-35.05	10.5
2908	-35.5	10.05
2908	-35.95	10.5
2909	-35.95	11.5
2909	-35.5	11.95
2909	-35.05	11.5
2909	-35.5	11.05
2909	-35.95	11.5
2910	-35.95	12.5
2910	-35.5	12.95
2910	-35.05	12.5
2910	-35.5	12.05
2910	-35.95	12.5
2911	-35.95	13.5
2911	-35.5	13.95
2911	-35.05	13.5
2911	-35.5	13.05
2911	-35.95	13.5
2912	-35.95	14.5
2912	-35.5	14.95
2912	-35.05	14.5
2912	-35.5	14.05
2912	-35.95	14.5
2913	-35.95	15.5
2913	-35.5	15.95
2913	-35.05	15.5
2913	-35.5	15.05
2913	-35.95	15.5
2914	-35.95	16.5
2914	-35.5	16.95
2914	-35.05	16.5
2914	-35.5	16.05
2914	-35.95	16.5
2915	-35.95	17.5
2915	-35.5	17.95
2915	-35.05	17.5
2915	-35.5	17.05
2915	-35.95	17.5
2916	-35.95	18.5
2916	-35.5	18.95
2916	-35.05	18.5
2916	-35.5	18.05
2916	-35.95	18.5
2917	-35.95	19.5
2917	-35.5	19.95
2917	-35.05	19.5
2917	-35.5	19.05
2917	-35.95	19.5
2918	-35.95	2.5
2918	-35.5	2.95
2918	-35.05	2.5
2918	-35.5	2.05
2918	-35.95	2.5
2919	-35.95	20.5
2919	-35.5	20.95
2919	-35.05	20.5
2919	-35.5	20.05
2919	-35.95	20.5
2920	-35.95	21.5
2920	-35.5	21.95
2920	-35.05	21.5
2920	-35.5	21.05
2920	-35.95	21.5
2921	-35.95	22.5
2921	-35.5	22.95
2921	-35.05	22.5
2921	-35.5	22.05
2921	-35.95	22.5
2922	-35.95	23.5
2922	-35.5	23.95
2922	-35.05	23.5
2922	-35.5	23.05
2922	-35.95	23.5
2923	-35.95	24.5
2923	-35.5	24.95
2923	-35.05	24.5
2923	-35.5	24.05
2923	-35.95	24.5
2924	-35.95	25.5
2924	-35.5	25.95
2924	-35.05	25.5
2924	-35.5	25.05
2924	-35.95	25.5
2925	-35.95	26.5
2925	-35.5	26.95
2925	-35.05	26.5
2925	-35.5	26.05
2925	-35.95	26.5
2926	-35.95	27.5
2926	-35.5	27.95
2926	-35.05	27.5
2926	-35.5	27.05
2926	-35.95	27.5
2927	-35.95	28.5
2927	-35.5	28.95
2927	-35.05	28.5
2927	-35.5	28.05
2927	-35.95	28.5
2928	-35.95	29.5
2928	-35.5	29.95
2928	-35.05	29.5
2928	-35.5	29.05
2928	-35.95	29.5
2929	-35.95	3.5
2929	-35.5	3.95
2929	-35.05	3.5
2929	-35.5	3.05
2929	-35.95	3.5
2930	-35.95	30.5
2930	-35.5	30.95
2930	-35.05	30.5
2930	-35.5	30.05
2930	-35.95	30.5
2931	-35.95	31.5
2931	-35.5	31.95
2931	-35.05	31.5
2931	-35.5	31.05
2931	-35.95	31.5
2932	-35.95	32.5
2932	-35.5	32.95
2932	-35.05	32.5
2932	-35.5	32.05
2932	-35.95	32.5
2933	-35.95	33.5
2933	-35.5	33.95
2933	-35.05	33.5
2933	-35.5	33.05
2933	-35.95	33.5
2934	-35.95	34.5
2934	-35.5	34.95
2934	-35.05	34.5
2934	-35.5	34.05
2934	-35.95	34.5
2935	-35.95	35.5
2935	-35.5	35.95
2935	-35.05	35.5
2935	-35.5	35.05
2935	-35.95	35.5
2936	-35.95	36.5
2936	-35.5	36.95
2936	-35.05	36.5
2936	-35.5	36.05
2936	-35.95	36.5
2937	-35.95	37.5
2937	-35.5	37.95
2937	-35.05	37.5
2937	-35.5	37.05
2937	-35.95	37.5
2938	-35.95	38.5
2938	-35.5	38.95
2938	-35.05	38.5
2938	-35.5	38.05
2938	-35.95	38.5
2939	-35.95	39.5
2939	-35.5	39.95
2939	-35.05	39.5
2939	-35.5	39.05
2939	-35.95	39.5
2940	-35.95	4.5
2940	-35.5	4.95
2940	-35.05	4.5
2940	-35.5	4.05
2940	-35.95	4.5
2941	-35.95	40.5
2941	-35.5	40.95
2941	-35.05	40.5
2941	-35.5	40.05
2941	-35.95	40.5
2942	-35.95	41.5
2942	-35.5	41.95
2942	-35.05	41.5
2942	-35.5	41.05
2942	-35.95	41.5
2943	-35.95	42.5
2943	-35.5	42.95
2943	-35.05	42.5
2943	-35.5	42.05
2943	-35.95	42.5
2944	-35.95	43.5
2944	-35.5	43.95
2944	-35.05	43.5
2944	-35.5	43.05
2944	-35.95	43.5
2945	-35.95	44.5
2945	-35.5	44.95
2945	-35.05	44.5
2945	-35.5	44.05
2945	-35.95	44.5
2946	-35.95	45.5
2946	-35.5	45.95
2946	-35.05	45.5
2946	-35.5	45.05
2946	-35.95	45.5
2947	-35.95	46.5
2947	-35.5	46.95
2947	-35.05	46.5
2947	-35.5	46.05
2947	-35.95	46.5
2948	-35.95	47.5
2948	-35.5	47.95
2948	-35.05	47.5
2948	-35.5	47.05
2948	-35.95	47.5
2949	-35.95	48.5
2949	-35.5	48.95
2949	-35.05	48.5
2949	-35.5	48.05
2949	-35.95	48.5
2950	-35.95	5.5
2950	-35.5	5.95
2950	-35.05	5.5
2950	-35.5	5.05
2950	-35.95	5.5
2951	-35.95	6.5
2951	-35.5	6.95
2951	-35.05	6.5
2951	-35.5	6.05
2951	-35.95	6.5
2952	-35.95	7.5
2952	-35.5	7.95
2952	-35.05	7.5
2952	-35.5	7.05
2952	-35.95	7.5
2953	-35.95	8.5
2953	-35.5	8.95
2953	-35.05	8.5
2953	-35.5	8.05
2953	-35.95	8.5
2954	-35.95	9.5
2954	-35.5	9.95
2954	-35.05	9.5
2954	-35.5	9.05
2954	-35.95	9.5
2955	-36.45	0
2955	-36	0.45
2955	-35.55	0
2955	-36	-0.45
2955	-36.45	0
2956	-36.45	1
2956	-36	1.45
2956	-35.55	1
2956	-36	0.55
2956	-36.45	1
2957	-36.45	10
2957	-36	10.45
2957	-35.55	10
2957	-36	9.55
2957	-36.45	10
2958	-36.45	11
2958	-36	11.45
2958	-35.55	11
2958	-36	10.55
2958	-36.45	11
2959	-36.45	12
2959	-36	12.45
2959	-35.55	12
2959	-36	11.55
2959	-36.45	12
2960	-36.45	13
2960	-36	13.45
2960	-35.55	13
2960	-36	12.55
2960	-36.45	13
2961	-36.45	14
2961	-36	14.45
2961	-35.55	14
2961	-36	13.55
2961	-36.45	14
2962	-36.45	15
2962	-36	15.45
2962	-35.55	15
2962	-36	14.55
2962	-36.45	15
2963	-36.45	16
2963	-36	16.45
2963	-35.55	16
2963	-36	15.55
2963	-36.45	16
2964	-36.45	17
2964	-36	17.45
2964	-35.55	17
2964	-36	16.55
2964	-36.45	17
2965	-36.45	18
2965	-36	18.45
2965	-35.55	18
2965	-36	17.55
2965	-36.45	18
2966	-36.45	19
2966	-36	19.45
2966	-35.55	19
2966	-36	18.55
2966	-36.45	19
2967	-36.45	2
2967	-36	2.45
2967	-35.55	2
2967	-36	1.55
2967	-36.45	2
2968	-36.45	20
2968	-36	20.45
2968	-35.55	20
2968	-36	19.55
2968	-36.45	20
2969	-36.45	21
2969	-36	21.45
2969	-35.55	21
2969	-36	20.55
2969	-36.45	21
2970	-36.45	22
2970	-36	22.45
2970	-35.55	22
2970	-36	21.55
2970	-36.45	22
2971	-36.45	23
2971	-36	23.45
2971	-35.55	23
2971	-36	22.55
2971	-36.45	23
2972	-36.45	24
2972	-36	24.45
2972	-35.55	24
2972	-36	23.55
2972	-36.45	24
2973	-36.45	25
2973	-36	25.45
2973	-35.55	25
2973	-36	24.55
2973	-36.45	25
2974	-36.45	26
2974	-36	26.45
2974	-35.55	26
2974	-36	25.55
2974	-36.45	26
2975	-36.45	27
2975	-36	27.45
2975	-35.55	27
2975	-36	26.55
2975	-36.45	27
2976	-36.45	28
2976	-36	28.45
2976	-35.55	28
2976	-36	27.55
2976	-36.45	28
2977	-36.45	29
2977	-36	29.45
2977	-35.55	29
2977	-36	28.55
2977	-36.45	29
2978	-36.45	3
2978	-36	3.45
2978	-35.55	3
2978	-36	2.55
2978	-36.45	3
2979	-36.45	30
2979	-36	30.45
2979	-35.55	30
2979	-36	29.55
2979	-36.45	30
2980	-36.45	31
2980	-36	31.45
2980	-35.55	31
2980	-36	30.55
2980	-36.45	31
2981	-36.45	32
2981	-36	32.45
2981	-35.55	32
2981	-36	31.55
2981	-36.45	32
2982	-36.45	33
2982	-36	33.45
2982	-35.55	33
2982	-36	32.55
2982	-36.45	33
2983	-36.45	34
2983	-36	34.45
2983	-35.55	34
2983	-36	33.55
2983	-36.45	34
2984	-36.45	35
2984	-36	35.45
2984	-35.55	35
2984	-36	34.55
2984	-36.45	35
2985	-36.45	36
2985	-36	36.45
2985	-35.55	36
2985	-36	35.55
2985	-36.45	36
2986	-36.45	37
2986	-36	37.45
2986	-35.55	37
2986	-36	36.55
2986	-36.45	37
2987	-36.45	38
2987	-36	38.45
2987	-35.55	38
2987	-36	37.55
2987	-36.45	38
2988	-36.45	39
2988	-36	39.45
2988	-35.55	39
2988	-36	38.55
2988	-36.45	39
2989	-36.45	4
2989	-36	4.45
2989	-35.55	4
2989	-36	3.55
2989	-36.45	4
2990	-36.45	40
2990	-36	40.45
2990	-35.55	40
2990	-36	39.55
2990	-36.45	40
2991	-36.45	41
2991	-36	41.45
2991	-35.55	41
2991	-36	40.55
2991	-36.45	41
2992	-36.45	42
2992	-36	42.45
2992	-35.55	42
2992	-36	41.55
2992	-36.45	42
2993	-36.45	43
2993	-36	43.45
2993	-35.55	43
2993	-36	42.55
2993	-36.45	43
2994	-36.45	44
2994	-36	44.45
2994	-35.55	44
2994	-36	43.55
2994	-36.45	44
2995	-36.45	45
2995	-36	45.45
2995	-35.55	45
2995	-36	44.55
2995	-36.45	45
2996	-36.45	46
2996	-36	46.45
2996	-35.55	46
2996	-36	45.55
2996	-36.45	46
2997	-36.45	47
2997	-36	47.45
2997	-35.55	47
2997	-36	46.55
2997	-36.45	47
2998	-36.45	48
2998	-36	48.45
2998	-35.55	48
2998	-36	47.55
2998	-36.45	48
2999	-36.45	49
2999	-36	49.45
2999	-35.55	49
2999	-36	48.55
2999	-36.45	49
3000	-36.45	5
3000	-36	5.45
3000	-35.55	5
3000	-36	4.55
3000	-36.45	5
3001	-36.45	6
3001	-36	6.45
3001	-35.55	6
3001	-36	5.55
3001	-36.45	6
3002	-36.45	7
3002	-36	7.45
3002	-35.55	7
3002	-36	6.55
3002	-36.45	7
3003	-36.45	8
3003	-36	8.45
3003	-35.55	8
3003	-36	7.55
3003	-36.45	8
3004	-36.45	9
3004	-36	9.45
3004	-35.55	9
3004	-36	8.55
3004	-36.45	9
3005	-36.95	-0.5
3005	-36.5	-0.05
3005	-36.05	-0.5
3005	-36.5	-0.95
3005	-36.95	-0.5
3006	-36.95	0.5
3006	-36.5	0.95
3006	-36.05	0.5
3006	-36.5	0.05
3006	-36.95	0.5
3007	-36.95	1.5
3007	-36.5	1.95
3007	-36.05	1.5
3007	-36.5	1.05
3007	-36.95	1.5
3008	-36.95	10.5
3008	-36.5	10.95
3008	-36.05	10.5
3008	-36.5	10.05
3008	-36.95	10.5
3009	-36.95	11.5
3009	-36.5	11.95
3009	-36.05	11.5
3009	-36.5	11.05
3009	-36.95	11.5
3010	-36.95	12.5
3010	-36.5	12.95
3010	-36.05	12.5
3010	-36.5	12.05
3010	-36.95	12.5
3011	-36.95	13.5
3011	-36.5	13.95
3011	-36.05	13.5
3011	-36.5	13.05
3011	-36.95	13.5
3012	-36.95	14.5
3012	-36.5	14.95
3012	-36.05	14.5
3012	-36.5	14.05
3012	-36.95	14.5
3013	-36.95	15.5
3013	-36.5	15.95
3013	-36.05	15.5
3013	-36.5	15.05
3013	-36.95	15.5
3014	-36.95	16.5
3014	-36.5	16.95
3014	-36.05	16.5
3014	-36.5	16.05
3014	-36.95	16.5
3015	-36.95	17.5
3015	-36.5	17.95
3015	-36.05	17.5
3015	-36.5	17.05
3015	-36.95	17.5
3016	-36.95	18.5
3016	-36.5	18.95
3016	-36.05	18.5
3016	-36.5	18.05
3016	-36.95	18.5
3017	-36.95	19.5
3017	-36.5	19.95
3017	-36.05	19.5
3017	-36.5	19.05
3017	-36.95	19.5
3018	-36.95	2.5
3018	-36.5	2.95
3018	-36.05	2.5
3018	-36.5	2.05
3018	-36.95	2.5
3019	-36.95	20.5
3019	-36.5	20.95
3019	-36.05	20.5
3019	-36.5	20.05
3019	-36.95	20.5
3020	-36.95	21.5
3020	-36.5	21.95
3020	-36.05	21.5
3020	-36.5	21.05
3020	-36.95	21.5
3021	-36.95	22.5
3021	-36.5	22.95
3021	-36.05	22.5
3021	-36.5	22.05
3021	-36.95	22.5
3022	-36.95	23.5
3022	-36.5	23.95
3022	-36.05	23.5
3022	-36.5	23.05
3022	-36.95	23.5
3023	-36.95	24.5
3023	-36.5	24.95
3023	-36.05	24.5
3023	-36.5	24.05
3023	-36.95	24.5
3024	-36.95	25.5
3024	-36.5	25.95
3024	-36.05	25.5
3024	-36.5	25.05
3024	-36.95	25.5
3025	-36.95	26.5
3025	-36.5	26.95
3025	-36.05	26.5
3025	-36.5	26.05
3025	-36.95	26.5
3026	-36.95	27.5
3026	-36.5	27.95
3026	-36.05	27.5
3026	-36.5	27.05
3026	-36.95	27.5
3027	-36.95	28.5
3027	-36.5	28.95
3027	-36.05	28.5
3027	-36.5	28.05
3027	-36.95	28.5
3028	-36.95	29.5
3028	-36.5	29.95
3028	-36.05	29.5
3028	-36.5	29.05
3028	-36.95	29.5
3029	-36.95	3.5
3029	-36.5	3.95
3029	-36.05	3.5
3029	-36.5	3.05
3029	-36.95	3.5
3030	-36.95	30.5
3030	-36.5	30.95
3030	-36.05	30.5
3030	-36.5	30.05
3030	-36.95	30.5
3031	-36.95	31.5
3031	-36.5	31.95
3031	-36.05	31.5
3031	-36.5	31.05
3031	-36.95	31.5
3032	-36.95	32.5
3032	-36.5	32.95
3032	-36.05	32.5
3032	-36.5	32.05
3032	-36.95	32.5
3033	-36.95	33.5
3033	-36.5	33.95
3033	-36.05	33.5
3033	-36.5	33.05
3033	-36.95	33.5
3034	-36.95	34.5
3034	-36.5	34.95
3034	-36.05	34.5
3034	-36.5	34.05
3034	-36.95	34.5
3035	-36.95	35.5
3035	-36.5	35.95
3035	-36.05	35.5
3035	-36.5	35.05
3035	-36.95	35.5
3036	-36.95	36.5
3036	-36.5	36.95
3036	-36.05	36.5
3036	-36.5	36.05
3036	-36.95	36.5
3037	-36.95	37.5
3037	-36.5	37.95
3037	-36.05	37.5
3037	-36.5	37.05
3037	-36.95	37.5
3038	-36.95	38.5
3038	-36.5	38.95
3038	-36.05	38.5
3038	-36.5	38.05
3038	-36.95	38.5
3039	-36.95	39.5
3039	-36.5	39.95
3039	-36.05	39.5
3039	-36.5	39.05
3039	-36.95	39.5
3040	-36.95	4.5
3040	-36.5	4.95
3040	-36.05	4.5
3040	-36.5	4.05
3040	-36.95	4.5
3041	-36.95	40.5
3041	-36.5	40.95
3041	-36.05	40.5
3041	-36.5	40.05
3041	-36.95	40.5
3042	-36.95	41.5
3042	-36.5	41.95
3042	-36.05	41.5
3042	-36.5	41.05
3042	-36.95	41.5
3043	-36.95	42.5
3043	-36.5	42.95
3043	-36.05	42.5
3043	-36.5	42.05
3043	-36.95	42.5
3044	-36.95	43.5
3044	-36.5	43.95
3044	-36.05	43.5
3044	-36.5	43.05
3044	-36.95	43.5
3045	-36.95	44.5
3045	-36.5	44.95
3045	-36.05	44.5
3045	-36.5	44.05
3045	-36.95	44.5
3046	-36.95	45.5
3046	-36.5	45.95
3046	-36.05	45.5
3046	-36.5	45.05
3046	-36.95	45.5
3047	-36.95	46.5
3047	-36.5	46.95
3047	-36.05	46.5
3047	-36.5	46.05
3047	-36.95	46.5
3048	-36.95	47.5
3048	-36.5	47.95
3048	-36.05	47.5
3048	-36.5	47.05
3048	-36.95	47.5
3049	-36.95	48.5
3049	-36.5	48.95
3049	-36.05	48.5
3049	-36.5	48.05
3049	-36.95	48.5
3050	-36.95	5.5
3050	-36.5	5.95
3050	-36.05	5.5
3050	-36.5	5.05
3050	-36.95	5.5
3051	-36.95	6.5
3051	-36.5	6.95
3051	-36.05	6.5
3051	-36.5	6.05
3051	-36.95	6.5
3052	-36.95	7.5
3052	-36.5	7.95
3052	-36.05	7.5
3052	-36.5	7.05
3052	-36.95	7.5
3053	-36.95	8.5
3053	-36.5	8.95
3053	-36.05	8.5
3053	-36.5	8.05
3053	-36.95	8.5
3054	-36.95	9.5
3054	-36.5	9.95
3054	-36.05	9.5
3054	-36.5	9.05
3054	-36.95	9.5
3055	-37.45	0
3055	-37	0.45
3055	-36.55	0
3055	-37	-0.45
3055	-37.45	0
3056	-37.45	1
3056	-37	1.45
3056	-36.55	1
3056	-37	0.55
3056	-37.45	1
3057	-37.45	10
3057	-37	10.45
3057	-36.55	10
3057	-37	9.55
3057	-37.45	10
3058	-37.45	11
3058	-37	11.45
3058	-36.55	11
3058	-37	10.55
3058	-37.45	11
3059	-37.45	12
3059	-37	12.45
3059	-36.55	12
3059	-37	11.55
3059	-37.45	12
3060	-37.45	13
3060	-37	13.45
3060	-36.55	13
3060	-37	12.55
3060	-37.45	13
3061	-37.45	14
3061	-37	14.45
3061	-36.55	14
3061	-37	13.55
3061	-37.45	14
3062	-37.45	15
3062	-37	15.45
3062	-36.55	15
3062	-37	14.55
3062	-37.45	15
3063	-37.45	16
3063	-37	16.45
3063	-36.55	16
3063	-37	15.55
3063	-37.45	16
3064	-37.45	17
3064	-37	17.45
3064	-36.55	17
3064	-37	16.55
3064	-37.45	17
3065	-37.45	18
3065	-37	18.45
3065	-36.55	18
3065	-37	17.55
3065	-37.45	18
3066	-37.45	19
3066	-37	19.45
3066	-36.55	19
3066	-37	18.55
3066	-37.45	19
3067	-37.45	2
3067	-37	2.45
3067	-36.55	2
3067	-37	1.55
3067	-37.45	2
3068	-37.45	20
3068	-37	20.45
3068	-36.55	20
3068	-37	19.55
3068	-37.45	20
3069	-37.45	21
3069	-37	21.45
3069	-36.55	21
3069	-37	20.55
3069	-37.45	21
3070	-37.45	22
3070	-37	22.45
3070	-36.55	22
3070	-37	21.55
3070	-37.45	22
3071	-37.45	23
3071	-37	23.45
3071	-36.55	23
3071	-37	22.55
3071	-37.45	23
3072	-37.45	24
3072	-37	24.45
3072	-36.55	24
3072	-37	23.55
3072	-37.45	24
3073	-37.45	25
3073	-37	25.45
3073	-36.55	25
3073	-37	24.55
3073	-37.45	25
3074	-37.45	26
3074	-37	26.45
3074	-36.55	26
3074	-37	25.55
3074	-37.45	26
3075	-37.45	27
3075	-37	27.45
3075	-36.55	27
3075	-37	26.55
3075	-37.45	27
3076	-37.45	28
3076	-37	28.45
3076	-36.55	28
3076	-37	27.55
3076	-37.45	28
3077	-37.45	29
3077	-37	29.45
3077	-36.55	29
3077	-37	28.55
3077	-37.45	29
3078	-37.45	3
3078	-37	3.45
3078	-36.55	3
3078	-37	2.55
3078	-37.45	3
3079	-37.45	30
3079	-37	30.45
3079	-36.55	30
3079	-37	29.55
3079	-37.45	30
3080	-37.45	31
3080	-37	31.45
3080	-36.55	31
3080	-37	30.55
3080	-37.45	31
3081	-37.45	32
3081	-37	32.45
3081	-36.55	32
3081	-37	31.55
3081	-37.45	32
3082	-37.45	33
3082	-37	33.45
3082	-36.55	33
3082	-37	32.55
3082	-37.45	33
3083	-37.45	34
3083	-37	34.45
3083	-36.55	34
3083	-37	33.55
3083	-37.45	34
3084	-37.45	35
3084	-37	35.45
3084	-36.55	35
3084	-37	34.55
3084	-37.45	35
3085	-37.45	36
3085	-37	36.45
3085	-36.55	36
3085	-37	35.55
3085	-37.45	36
3086	-37.45	37
3086	-37	37.45
3086	-36.55	37
3086	-37	36.55
3086	-37.45	37
3087	-37.45	38
3087	-37	38.45
3087	-36.55	38
3087	-37	37.55
3087	-37.45	38
3088	-37.45	39
3088	-37	39.45
3088	-36.55	39
3088	-37	38.55
3088	-37.45	39
3089	-37.45	4
3089	-37	4.45
3089	-36.55	4
3089	-37	3.55
3089	-37.45	4
3090	-37.45	40
3090	-37	40.45
3090	-36.55	40
3090	-37	39.55
3090	-37.45	40
3091	-37.45	41
3091	-37	41.45
3091	-36.55	41
3091	-37	40.55
3091	-37.45	41
3092	-37.45	42
3092	-37	42.45
3092	-36.55	42
3092	-37	41.55
3092	-37.45	42
3093	-37.45	43
3093	-37	43.45
3093	-36.55	43
3093	-37	42.55
3093	-37.45	43
3094	-37.45	44
3094	-37	44.45
3094	-36.55	44
3094	-37	43.55
3094	-37.45	44
3095	-37.45	45
3095	-37	45.45
3095	-36.55	45
3095	-37	44.55
3095	-37.45	45
3096	-37.45	46
3096	-37	46.45
3096	-36.55	46
3096	-37	45.55
3096	-37.45	46
3097	-37.45	47
3097	-37	47.45
3097	-36.55	47
3097	-37	46.55
3097	-37.45	47
3098	-37.45	48
3098	-37	48.45
3098	-36.55	48
3098	-37	47.55
3098	-37.45	48
3099	-37.45	49
3099	-37	49.45
3099	-36.55	49
3099	-37	48.55
3099	-37.45	49
3100	-37.45	5
3100	-37	5.45
3100	-36.55	5
3100	-37	4.55
3100	-37.45	5
3101	-37.45	6
3101	-37	6.45
3101	-36.55	6
3101	-37	5.55
3101	-37.45	6
3102	-37.45	7
3102	-37	7.45
3102	-36.55	7
3102	-37	6.55
3102	-37.45	7
3103	-37.45	8
3103	-37	8.45
3103	-36.55	8
3103	-37	7.55
3103	-37.45	8
3104	-37.45	9
3104	-37	9.45
3104	-36.55	9
3104	-37	8.55
3104	-37.45	9
3105	-37.95	-0.5
3105	-37.5	-0.05
3105	-37.05	-0.5
3105	-37.5	-0.95
3105	-37.95	-0.5
3106	-37.95	0.5
3106	-37.5	0.95
3106	-37.05	0.5
3106	-37.5	0.05
3106	-37.95	0.5
3107	-37.95	1.5
3107	-37.5	1.95
3107	-37.05	1.5
3107	-37.5	1.05
3107	-37.95	1.5
3108	-37.95	10.5
3108	-37.5	10.95
3108	-37.05	10.5
3108	-37.5	10.05
3108	-37.95	10.5
3109	-37.95	11.5
3109	-37.5	11.95
3109	-37.05	11.5
3109	-37.5	11.05
3109	-37.95	11.5
3110	-37.95	12.5
3110	-37.5	12.95
3110	-37.05	12.5
3110	-37.5	12.05
3110	-37.95	12.5
3111	-37.95	13.5
3111	-37.5	13.95
3111	-37.05	13.5
3111	-37.5	13.05
3111	-37.95	13.5
3112	-37.95	14.5
3112	-37.5	14.95
3112	-37.05	14.5
3112	-37.5	14.05
3112	-37.95	14.5
3113	-37.95	15.5
3113	-37.5	15.95
3113	-37.05	15.5
3113	-37.5	15.05
3113	-37.95	15.5
3114	-37.95	16.5
3114	-37.5	16.95
3114	-37.05	16.5
3114	-37.5	16.05
3114	-37.95	16.5
3115	-37.95	17.5
3115	-37.5	17.95
3115	-37.05	17.5
3115	-37.5	17.05
3115	-37.95	17.5
3116	-37.95	18.5
3116	-37.5	18.95
3116	-37.05	18.5
3116	-37.5	18.05
3116	-37.95	18.5
3117	-37.95	19.5
3117	-37.5	19.95
3117	-37.05	19.5
3117	-37.5	19.05
3117	-37.95	19.5
3118	-37.95	2.5
3118	-37.5	2.95
3118	-37.05	2.5
3118	-37.5	2.05
3118	-37.95	2.5
3119	-37.95	20.5
3119	-37.5	20.95
3119	-37.05	20.5
3119	-37.5	20.05
3119	-37.95	20.5
3120	-37.95	21.5
3120	-37.5	21.95
3120	-37.05	21.5
3120	-37.5	21.05
3120	-37.95	21.5
3121	-37.95	22.5
3121	-37.5	22.95
3121	-37.05	22.5
3121	-37.5	22.05
3121	-37.95	22.5
3122	-37.95	23.5
3122	-37.5	23.95
3122	-37.05	23.5
3122	-37.5	23.05
3122	-37.95	23.5
3123	-37.95	24.5
3123	-37.5	24.95
3123	-37.05	24.5
3123	-37.5	24.05
3123	-37.95	24.5
3124	-37.95	25.5
3124	-37.5	25.95
3124	-37.05	25.5
3124	-37.5	25.05
3124	-37.95	25.5
3125	-37.95	26.5
3125	-37.5	26.95
3125	-37.05	26.5
3125	-37.5	26.05
3125	-37.95	26.5
3126	-37.95	27.5
3126	-37.5	27.95
3126	-37.05	27.5
3126	-37.5	27.05
3126	-37.95	27.5
3127	-37.95	28.5
3127	-37.5	28.95
3127	-37.05	28.5
3127	-37.5	28.05
3127	-37.95	28.5
3128	-37.95	29.5
3128	-37.5	29.95
3128	-37.05	29.5
3128	-37.5	29.05
3128	-37.95	29.5
3129	-37.95	3.5
3129	-37.5	3.95
3129	-37.05	3.5
3129	-37.5	3.05
3129	-37.95	3.5
3130	-37.95	30.5
3130	-37.5	30.95
3130	-37.05	30.5
3130	-37.5	30.05
3130	-37.95	30.5
3131	-37.95	31.5
3131	-37.5	31.95
3131	-37.05	31.5
3131	-37.5	31.05
3131	-37.95	31.5
3132	-37.95	32.5
3132	-37.5	32.95
3132	-37.05	32.5
3132	-37.5	32.05
3132	-37.95	32.5
3133	-37.95	33.5
3133	-37.5	33.95
3133	-37.05	33.5
3133	-37.5	33.05
3133	-37.95	33.5
3134	-37.95	34.5
3134	-37.5	34.95
3134	-37.05	34.5
3134	-37.5	34.05
3134	-37.95	34.5
3135	-37.95	35.5
3135	-37.5	35.95
3135	-37.05	35.5
3135	-37.5	35.05
3135	-37.95	35.5
3136	-37.95	36.5
3136	-37.5	36.95
3136	-37.05	36.5
3136	-37.5	36.05
3136	-37.95	36.5
3137	-37.95	37.5
3137	-37.5	37.95
3137	-37.05	37.5
3137	-37.5	37.05
3137	-37.95	37.5
3138	-37.95	38.5
3138	-37.5	38.95
3138	-37.05	38.5
3138	-37.5	38.05
3138	-37.95	38.5
3139	-37.95	39.5
3139	-37.5	39.95
3139	-37.05	39.5
3139	-37.5	39.05
3139	-37.95	39.5
3140	-37.95	4.5
3140	-37.5	4.95
3140	-37.05	4.5
3140	-37.5	4.05
3140	-37.95	4.5
3141	-37.95	40.5
3141	-37.5	40.95
3141	-37.05	40.5
3141	-37.5	40.05
3141	-37.95	40.5
3142	-37.95	41.5
3142	-37.5	41.95
3142	-37.05	41.5
3142	-37.5	41.05
3142	-37.95	41.5
3143	-37.95	42.5
3143	-37.5	42.95
3143	-37.05	42.5
3143	-37.5	42.05
3143	-37.95	42.5
3144	-37.95	43.5
3144	-37.5	43.95
3144	-37.05	43.5
3144	-37.5	43.05
3144	-37.95	43.5
3145	-37.95	44.5
3145	-37.5	44.95
3145	-37.05	44.5
3145	-37.5	44.05
3145	-37.95	44.5
3146	-37.95	45.5
3146	-37.5	45.95
3146	-37.05	45.5
3146	-37.5	45.05
3146	-37.95	45.5
3147	-37.95	46.5
3147	-37.5	46.95
3147	-37.05	46.5
3147	-37.5	46.05
3147	-37.95	46.5
3148	-37.95	47.5
3148	-37.5	47.95
3148	-37.05	47.5
3148	-37.5	47.05
3148	-37.95	47.5
3149	-37.95	48.5
3149	-37.5	48.95
3149	-37.05	48.5
3149	-37.5	48.05
3149	-37.95	48.5
3150	-37.95	5.5
3150	-37.5	5.95
3150	-37.05	5.5
3150	-37.5	5.05
3150	-37.95	5.5
3151	-37.95	6.5
3151	-37.5	6.95
3151	-37.05	6.5
3151	-37.5	6.05
3151	-37.95	6.5
3152	-37.95	7.5
3152	-37.5	7.95
3152	-37.05	7.5
3152	-37.5	7.05
3152	-37.95	7.5
3153	-37.95	8.5
3153	-37.5	8.95
3153	-37.05	8.5
3153	-37.5	8.05
3153	-37.95	8.5
3154	-37.95	9.5
3154	-37.5	9.95
3154	-37.05	9.5
3154	-37.5	9.05
3154	-37.95	9.5
3155	-38.45	0
3155	-38	0.45
3155	-37.55	0
3155	-38	-0.45
3155	-38.45	0
3156	-38.45	1
3156	-38	1.45
3156	-37.55	1
3156	-38	0.55
3156	-38.45	1
3157	-38.45	10
3157	-38	10.45
3157	-37.55	10
3157	-38	9.55
3157	-38.45	10
3158	-38.45	11
3158	-38	11.45
3158	-37.55	11
3158	-38	10.55
3158	-38.45	11
3159	-38.45	12
3159	-38	12.45
3159	-37.55	12
3159	-38	11.55
3159	-38.45	12
3160	-38.45	13
3160	-38	13.45
3160	-37.55	13
3160	-38	12.55
3160	-38.45	13
3161	-38.45	14
3161	-38	14.45
3161	-37.55	14
3161	-38	13.55
3161	-38.45	14
3162	-38.45	15
3162	-38	15.45
3162	-37.55	15
3162	-38	14.55
3162	-38.45	15
3163	-38.45	16
3163	-38	16.45
3163	-37.55	16
3163	-38	15.55
3163	-38.45	16
3164	-38.45	17
3164	-38	17.45
3164	-37.55	17
3164	-38	16.55
3164	-38.45	17
3165	-38.45	18
3165	-38	18.45
3165	-37.55	18
3165	-38	17.55
3165	-38.45	18
3166	-38.45	19
3166	-38	19.45
3166	-37.55	19
3166	-38	18.55
3166	-38.45	19
3167	-38.45	2
3167	-38	2.45
3167	-37.55	2
3167	-38	1.55
3167	-38.45	2
3168	-38.45	20
3168	-38	20.45
3168	-37.55	20
3168	-38	19.55
3168	-38.45	20
3169	-38.45	21
3169	-38	21.45
3169	-37.55	21
3169	-38	20.55
3169	-38.45	21
3170	-38.45	22
3170	-38	22.45
3170	-37.55	22
3170	-38	21.55
3170	-38.45	22
3171	-38.45	23
3171	-38	23.45
3171	-37.55	23
3171	-38	22.55
3171	-38.45	23
3172	-38.45	24
3172	-38	24.45
3172	-37.55	24
3172	-38	23.55
3172	-38.45	24
3173	-38.45	25
3173	-38	25.45
3173	-37.55	25
3173	-38	24.55
3173	-38.45	25
3174	-38.45	26
3174	-38	26.45
3174	-37.55	26
3174	-38	25.55
3174	-38.45	26
3175	-38.45	27
3175	-38	27.45
3175	-37.55	27
3175	-38	26.55
3175	-38.45	27
3176	-38.45	28
3176	-38	28.45
3176	-37.55	28
3176	-38	27.55
3176	-38.45	28
3177	-38.45	29
3177	-38	29.45
3177	-37.55	29
3177	-38	28.55
3177	-38.45	29
3178	-38.45	3
3178	-38	3.45
3178	-37.55	3
3178	-38	2.55
3178	-38.45	3
3179	-38.45	30
3179	-38	30.45
3179	-37.55	30
3179	-38	29.55
3179	-38.45	30
3180	-38.45	31
3180	-38	31.45
3180	-37.55	31
3180	-38	30.55
3180	-38.45	31
3181	-38.45	32
3181	-38	32.45
3181	-37.55	32
3181	-38	31.55
3181	-38.45	32
3182	-38.45	33
3182	-38	33.45
3182	-37.55	33
3182	-38	32.55
3182	-38.45	33
3183	-38.45	34
3183	-38	34.45
3183	-37.55	34
3183	-38	33.55
3183	-38.45	34
3184	-38.45	35
3184	-38	35.45
3184	-37.55	35
3184	-38	34.55
3184	-38.45	35
3185	-38.45	36
3185	-38	36.45
3185	-37.55	36
3185	-38	35.55
3185	-38.45	36
3186	-38.45	37
3186	-38	37.45
3186	-37.55	37
3186	-38	36.55
3186	-38.45	37
3187	-38.45	38
3187	-38	38.45
3187	-37.55	38
3187	-38	37.55
3187	-38.45	38
3188	-38.45	39
3188	-38	39.45
3188	-37.55	39
3188	-38	38.55
3188	-38.45	39
3189	-38.45	4
3189	-38	4.45
3189	-37.55	4
3189	-38	3.55
3189	-38.45	4
3190	-38.45	40
3190	-38	40.45
3190	-37.55	40
3190	-38	39.55
3190	-38.45	40
3191	-38.45	41
3191	-38	41.45
3191	-37.55	41
3191	-38	40.55
3191	-38.45	41
3192	-38.45	42
3192	-38	42.45
3192	-37.55	42
3192	-38	41.55
3192	-38.45	42
3193	-38.45	43
3193	-38	43.45
3193	-37.55	43
3193	-38	42.55
3193	-38.45	43
3194	-38.45	44
3194	-38	44.45
3194	-37.55	44
3194	-38	43.55
3194	-38.45	44
3195	-38.45	45
3195	-38	45.45
3195	-37.55	45
3195	-38	44.55
3195	-38.45	45
3196	-38.45	46
3196	-38	46.45
3196	-37.55	46
3196	-38	45.55
3196	-38.45	46
3197	-38.45	47
3197	-38	47.45
3197	-37.55	47
3197	-38	46.55
3197	-38.45	47
3198	-38.45	48
3198	-38	48.45
3198	-37.55	48
3198	-38	47.55
3198	-38.45	48
3199	-38.45	49
3199	-38	49.45
3199	-37.55	49
3199	-38	48.55
3199	-38.45	49
3200	-38.45	5
3200	-38	5.45
3200	-37.55	5
3200	-38	4.55
3200	-38.45	5
3201	-38.45	6
3201	-38	6.45
3201	-37.55	6
3201	-38	5.55
3201	-38.45	6
3202	-38.45	7
3202	-38	7.45
3202	-37.55	7
3202	-38	6.55
3202	-38.45	7
3203	-38.45	8
3203	-38	8.45
3203	-37.55	8
3203	-38	7.55
3203	-38.45	8
3204	-38.45	9
3204	-38	9.45
3204	-37.55	9
3204	-38	8.55
3204	-38.45	9
3205	-38.95	-0.5
3205	-38.5	-0.05
3205	-38.05	-0.5
3205	-38.5	-0.95
3205	-38.95	-0.5
3206	-38.95	0.5
3206	-38.5	0.95
3206	-38.05	0.5
3206	-38.5	0.05
3206	-38.95	0.5
3207	-38.95	1.5
3207	-38.5	1.95
3207	-38.05	1.5
3207	-38.5	1.05
3207	-38.95	1.5
3208	-38.95	10.5
3208	-38.5	10.95
3208	-38.05	10.5
3208	-38.5	10.05
3208	-38.95	10.5
3209	-38.95	11.5
3209	-38.5	11.95
3209	-38.05	11.5
3209	-38.5	11.05
3209	-38.95	11.5
3210	-38.95	12.5
3210	-38.5	12.95
3210	-38.05	12.5
3210	-38.5	12.05
3210	-38.95	12.5
3211	-38.95	13.5
3211	-38.5	13.95
3211	-38.05	13.5
3211	-38.5	13.05
3211	-38.95	13.5
3212	-38.95	14.5
3212	-38.5	14.95
3212	-38.05	14.5
3212	-38.5	14.05
3212	-38.95	14.5
3213	-38.95	15.5
3213	-38.5	15.95
3213	-38.05	15.5
3213	-38.5	15.05
3213	-38.95	15.5
3214	-38.95	16.5
3214	-38.5	16.95
3214	-38.05	16.5
3214	-38.5	16.05
3214	-38.95	16.5
3215	-38.95	17.5
3215	-38.5	17.95
3215	-38.05	17.5
3215	-38.5	17.05
3215	-38.95	17.5
3216	-38.95	18.5
3216	-38.5	18.95
3216	-38.05	18.5
3216	-38.5	18.05
3216	-38.95	18.5
3217	-38.95	19.5
3217	-38.5	19.95
3217	-38.05	19.5
3217	-38.5	19.05
3217	-38.95	19.5
3218	-38.95	2.5
3218	-38.5	2.95
3218	-38.05	2.5
3218	-38.5	2.05
3218	-38.95	2.5
3219	-38.95	20.5
3219	-38.5	20.95
3219	-38.05	20.5
3219	-38.5	20.05
3219	-38.95	20.5
3220	-38.95	21.5
3220	-38.5	21.95
3220	-38.05	21.5
3220	-38.5	21.05
3220	-38.95	21.5
3221	-38.95	22.5
3221	-38.5	22.95
3221	-38.05	22.5
3221	-38.5	22.05
3221	-38.95	22.5
3222	-38.95	23.5
3222	-38.5	23.95
3222	-38.05	23.5
3222	-38.5	23.05
3222	-38.95	23.5
3223	-38.95	24.5
3223	-38.5	24.95
3223	-38.05	24.5
3223	-38.5	24.05
3223	-38.95	24.5
3224	-38.95	25.5
3224	-38.5	25.95
3224	-38.05	25.5
3224	-38.5	25.05
3224	-38.95	25.5
3225	-38.95	26.5
3225	-38.5	26.95
3225	-38.05	26.5
3225	-38.5	26.05
3225	-38.95	26.5
3226	-38.95	27.5
3226	-38.5	27.95
3226	-38.05	27.5
3226	-38.5	27.05
3226	-38.95	27.5
3227	-38.95	28.5
3227	-38.5	28.95
3227	-38.05	28.5
3227	-38.5	28.05
3227	-38.95	28.5
3228	-38.95	29.5
3228	-38.5	29.95
3228	-38.05	29.5
3228	-38.5	29.05
3228	-38.95	29.5
3229	-38.95	3.5
3229	-38.5	3.95
3229	-38.05	3.5
3229	-38.5	3.05
3229	-38.95	3.5
3230	-38.95	30.5
3230	-38.5	30.95
3230	-38.05	30.5
3230	-38.5	30.05
3230	-38.95	30.5
3231	-38.95	31.5
3231	-38.5	31.95
3231	-38.05	31.5
3231	-38.5	31.05
3231	-38.95	31.5
3232	-38.95	32.5
3232	-38.5	32.95
3232	-38.05	32.5
3232	-38.5	32.05
3232	-38.95	32.5
3233	-38.95	33.5
3233	-38.5	33.95
3233	-38.05	33.5
3233	-38.5	33.05
3233	-38.95	33.5
3234	-38.95	34.5
3234	-38.5	34.95
3234	-38.05	34.5
3234	-38.5	34.05
3234	-38.95	34.5
3235	-38.95	35.5
3235	-38.5	35.95
3235	-38.05	35.5
3235	-38.5	35.05
3235	-38.95	35.5
3236	-38.95	36.5
3236	-38.5	36.95
3236	-38.05	36.5
3236	-38.5	36.05
3236	-38.95	36.5
3237	-38.95	37.5
3237	-38.5	37.95
3237	-38.05	37.5
3237	-38.5	37.05
3237	-38.95	37.5
3238	-38.95	38.5
3238	-38.5	38.95
3238	-38.05	38.5
3238	-38.5	38.05
3238	-38.95	38.5
3239	-38.95	39.5
3239	-38.5	39.95
3239	-38.05	39.5
3239	-38.5	39.05
3239	-38.95	39.5
3240	-38.95	4.5
3240	-38.5	4.95
3240	-38.05	4.5
3240	-38.5	4.05
3240	-38.95	4.5
3241	-38.95	40.5
3241	-38.5	40.95
3241	-38.05	40.5
3241	-38.5	40.05
3241	-38.95	40.5
3242	-38.95	41.5
3242	-38.5	41.95
3242	-38.05	41.5
3242	-38.5	41.05
3242	-38.95	41.5
3243	-38.95	42.5
3243	-38.5	42.95
3243	-38.05	42.5
3243	-38.5	42.05
3243	-38.95	42.5
3244	-38.95	43.5
3244	-38.5	43.95
3244	-38.05	43.5
3244	-38.5	43.05
3244	-38.95	43.5
3245	-38.95	44.5
3245	-38.5	44.95
3245	-38.05	44.5
3245	-38.5	44.05
3245	-38.95	44.5
3246	-38.95	45.5
3246	-38.5	45.95
3246	-38.05	45.5
3246	-38.5	45.05
3246	-38.95	45.5
3247	-38.95	46.5
3247	-38.5	46.95
3247	-38.05	46.5
3247	-38.5	46.05
3247	-38.95	46.5
3248	-38.95	47.5
3248	-38.5	47.95
3248	-38.05	47.5
3248	-38.5	47.05
3248	-38.95	47.5
3249	-38.95	48.5
3249	-38.5	48.95
3249	-38.05	48.5
3249	-38.5	48.05
3249	-38.95	48.5
3250	-38.95	5.5
3250	-38.5	5.95
3250	-38.05	5.5
3250	-38.5	5.05
3250	-38.95	5.5
3251	-38.95	6.5
3251	-38.5	6.95
3251	-38.05	6.5
3251	-38.5	6.05
3251	-38.95	6.5
3252	-38.95	7.5
3252	-38.5	7.95
3252	-38.05	7.5
3252	-38.5	7.05
3252	-38.95	7.5
3253	-38.95	8.5
3253	-38.5	8.95
3253	-38.05	8.5
3253	-38.5	8.05
3253	-38.95	8.5
3254	-38.95	9.5
3254	-38.5	9.95
3254	-38.05	9.5
3254	-38.5	9.05
3254	-38.95	9.5
3255	-39.45	0
3255	-39	0.45
3255	-38.55	0
3255	-39	-0.45
3255	-39.45	0
3256	-39.45	1
3256	-39	1.45
3256	-38.55	1
3256	-39	0.55
3256	-39.45	1
3257	-39.45	10
3257	-39	10.45
3257	-38.55	10
3257	-39	9.55
3257	-39.45	10
3258	-39.45	11
3258	-39	11.45
3258	-38.55	11
3258	-39	10.55
3258	-39.45	11
3259	-39.45	12
3259	-39	12.45
3259	-38.55	12
3259	-39	11.55
3259	-39.45	12
3260	-39.45	13
3260	-39	13.45
3260	-38.55	13
3260	-39	12.55
3260	-39.45	13
3261	-39.45	14
3261	-39	14.45
3261	-38.55	14
3261	-39	13.55
3261	-39.45	14
3262	-39.45	15
3262	-39	15.45
3262	-38.55	15
3262	-39	14.55
3262	-39.45	15
3263	-39.45	16
3263	-39	16.45
3263	-38.55	16
3263	-39	15.55
3263	-39.45	16
3264	-39.45	17
3264	-39	17.45
3264	-38.55	17
3264	-39	16.55
3264	-39.45	17
3265	-39.45	18
3265	-39	18.45
3265	-38.55	18
3265	-39	17.55
3265	-39.45	18
3266	-39.45	19
3266	-39	19.45
3266	-38.55	19
3266	-39	18.55
3266	-39.45	19
3267	-39.45	2
3267	-39	2.45
3267	-38.55	2
3267	-39	1.55
3267	-39.45	2
3268	-39.45	20
3268	-39	20.45
3268	-38.55	20
3268	-39	19.55
3268	-39.45	20
3269	-39.45	21
3269	-39	21.45
3269	-38.55	21
3269	-39	20.55
3269	-39.45	21
3270	-39.45	22
3270	-39	22.45
3270	-38.55	22
3270	-39	21.55
3270	-39.45	22
3271	-39.45	23
3271	-39	23.45
3271	-38.55	23
3271	-39	22.55
3271	-39.45	23
3272	-39.45	24
3272	-39	24.45
3272	-38.55	24
3272	-39	23.55
3272	-39.45	24
3273	-39.45	25
3273	-39	25.45
3273	-38.55	25
3273	-39	24.55
3273	-39.45	25
3274	-39.45	26
3274	-39	26.45
3274	-38.55	26
3274	-39	25.55
3274	-39.45	26
3275	-39.45	27
3275	-39	27.45
3275	-38.55	27
3275	-39	26.55
3275	-39.45	27
3276	-39.45	28
3276	-39	28.45
3276	-38.55	28
3276	-39	27.55
3276	-39.45	28
3277	-39.45	29
3277	-39	29.45
3277	-38.55	29
3277	-39	28.55
3277	-39.45	29
3278	-39.45	3
3278	-39	3.45
3278	-38.55	3
3278	-39	2.55
3278	-39.45	3
3279	-39.45	30
3279	-39	30.45
3279	-38.55	30
3279	-39	29.55
3279	-39.45	30
3280	-39.45	31
3280	-39	31.45
3280	-38.55	31
3280	-39	30.55
3280	-39.45	31
3281	-39.45	32
3281	-39	32.45
3281	-38.55	32
3281	-39	31.55
3281	-39.45	32
3282	-39.45	33
3282	-39	33.45
3282	-38.55	33
3282	-39	32.55
3282	-39.45	33
3283	-39.45	34
3283	-39	34.45
3283	-38.55	34
3283	-39	33.55
3283	-39.45	34
3284	-39.45	35
3284	-39	35.45
3284	-38.55	35
3284	-39	34.55
3284	-39.45	35
3285	-39.45	36
3285	-39	36.45
3285	-38.55	36
3285	-39	35.55
3285	-39.45	36
3286	-39.45	37
3286	-39	37.45
3286	-38.55	37
3286	-39	36.55
3286	-39.45	37
3287	-39.45	38
3287	-39	38.45
3287	-38.55	38
3287	-39	37.55
3287	-39.45	38
3288	-39.45	39
3288	-39	39.45
3288	-38.55	39
3288	-39	38.55
3288	-39.45	39
3289	-39.45	4
3289	-39	4.45
3289	-38.55	4
3289	-39	3.55
3289	-39.45	4
3290	-39.45	40
3290	-39	40.45
3290	-38.55	40
3290	-39	39.55
3290	-39.45	40
3291	-39.45	41
3291	-39	41.45
3291	-38.55	41
3291	-39	40.55
3291	-39.45	41
3292	-39.45	42
3292	-39	42.45
3292	-38.55	42
3292	-39	41.55
3292	-39.45	42
3293	-39.45	43
3293	-39	43.45
3293	-38.55	43
3293	-39	42.55
3293	-39.45	43
3294	-39.45	44
3294	-39	44.45
3294	-38.55	44
3294	-39	43.55
3294	-39.45	44
3295	-39.45	45
3295	-39	45.45
3295	-38.55	45
3295	-39	44.55
3295	-39.45	45
3296	-39.45	46
3296	-39	46.45
3296	-38.55	46
3296	-39	45.55
3296	-39.45	46
3297	-39.45	47
3297	-39	47.45
3297	-38.55	47
3297	-39	46.55
3297	-39.45	47
3298	-39.45	48
3298	-39	48.45
3298	-38.55	48
3298	-39	47.55
3298	-39.45	48
3299	-39.45	49
3299	-39	49.45
3299	-38.55	49
3299	-39	48.55
3299	-39.45	49
3300	-39.45	5
3300	-39	5.45
3300	-38.55	5
3300	-39	4.55
3300	-39.45	5
3301	-39.45	6
3301	-39	6.45
3301	-38.55	6
3301	-39	5.55
3301	-39.45	6
3302	-39.45	7
3302	-39	7.45
3302	-38.55	7
3302	-39	6.55
3302	-39.45	7
3303	-39.45	8
3303	-39	8.45
3303	-38.55	8
3303	-39	7.55
3303	-39.45	8
3304	-39.45	9
3304	-39	9.45
3304	-38.55	9
3304	-39	8.55
3304	-39.45	9
3305	-39.95	-0.5
3305	-39.5	-0.05
3305	-39.05	-0.5
3305	-39.5	-0.95
3305	-39.95	-0.5
3306	-39.95	0.5
3306	-39.5	0.95
3306	-39.05	0.5
3306	-39.5	0.05
3306	-39.95	0.5
3307	-39.95	1.5
3307	-39.5	1.95
3307	-39.05	1.5
3307	-39.5	1.05
3307	-39.95	1.5
3308	-39.95	10.5
3308	-39.5	10.95
3308	-39.05	10.5
3308	-39.5	10.05
3308	-39.95	10.5
3309	-39.95	11.5
3309	-39.5	11.95
3309	-39.05	11.5
3309	-39.5	11.05
3309	-39.95	11.5
3310	-39.95	12.5
3310	-39.5	12.95
3310	-39.05	12.5
3310	-39.5	12.05
3310	-39.95	12.5
3311	-39.95	13.5
3311	-39.5	13.95
3311	-39.05	13.5
3311	-39.5	13.05
3311	-39.95	13.5
3312	-39.95	14.5
3312	-39.5	14.95
3312	-39.05	14.5
3312	-39.5	14.05
3312	-39.95	14.5
3313	-39.95	15.5
3313	-39.5	15.95
3313	-39.05	15.5
3313	-39.5	15.05
3313	-39.95	15.5
3314	-39.95	16.5
3314	-39.5	16.95
3314	-39.05	16.5
3314	-39.5	16.05
3314	-39.95	16.5
3315	-39.95	17.5
3315	-39.5	17.95
3315	-39.05	17.5
3315	-39.5	17.05
3315	-39.95	17.5
3316	-39.95	18.5
3316	-39.5	18.95
3316	-39.05	18.5
3316	-39.5	18.05
3316	-39.95	18.5
3317	-39.95	19.5
3317	-39.5	19.95
3317	-39.05	19.5
3317	-39.5	19.05
3317	-39.95	19.5
3318	-39.95	2.5
3318	-39.5	2.95
3318	-39.05	2.5
3318	-39.5	2.05
3318	-39.95	2.5
3319	-39.95	20.5
3319	-39.5	20.95
3319	-39.05	20.5
3319	-39.5	20.05
3319	-39.95	20.5
3320	-39.95	21.5
3320	-39.5	21.95
3320	-39.05	21.5
3320	-39.5	21.05
3320	-39.95	21.5
3321	-39.95	22.5
3321	-39.5	22.95
3321	-39.05	22.5
3321	-39.5	22.05
3321	-39.95	22.5
3322	-39.95	23.5
3322	-39.5	23.95
3322	-39.05	23.5
3322	-39.5	23.05
3322	-39.95	23.5
3323	-39.95	24.5
3323	-39.5	24.95
3323	-39.05	24.5
3323	-39.5	24.05
3323	-39.95	24.5
3324	-39.95	25.5
3324	-39.5	25.95
3324	-39.05	25.5
3324	-39.5	25.05
3324	-39.95	25.5
3325	-39.95	26.5
3325	-39.5	26.95
3325	-39.05	26.5
3325	-39.5	26.05
3325	-39.95	26.5
3326	-39.95	27.5
3326	-39.5	27.95
3326	-39.05	27.5
3326	-39.5	27.05
3326	-39.95	27.5
3327	-39.95	28.5
3327	-39.5	28.95
3327	-39.05	28.5
3327	-39.5	28.05
3327	-39.95	28.5
3328	-39.95	29.5
3328	-39.5	29.95
3328	-39.05	29.5
3328	-39.5	29.05
3328	-39.95	29.5
3329	-39.95	3.5
3329	-39.5	3.95
3329	-39.05	3.5
3329	-39.5	3.05
3329	-39.95	3.5
3330	-39.95	30.5
3330	-39.5	30.95
3330	-39.05	30.5
3330	-39.5	30.05
3330	-39.95	30.5
3331	-39.95	31.5
3331	-39.5	31.95
3331	-39.05	31.5
3331	-39.5	31.05
3331	-39.95	31.5
3332	-39.95	32.5
3332	-39.5	32.95
3332	-39.05	32.5
3332	-39.5	32.05
3332	-39.95	32.5
3333	-39.95	33.5
3333	-39.5	33.95
3333	-39.05	33.5
3333	-39.5	33.05
3333	-39.95	33.5
3334	-39.95	34.5
3334	-39.5	34.95
3334	-39.05	34.5
3334	-39.5	34.05
3334	-39.95	34.5
3335	-39.95	35.5
3335	-39.5	35.95
3335	-39.05	35.5
3335	-39.5	35.05
3335	-39.95	35.5
3336	-39.95	36.5
3336	-39.5	36.95
3336	-39.05	36.5
3336	-39.5	36.05
3336	-39.95	36.5
3337	-39.95	37.5
3337	-39.5	37.95
3337	-39.05	37.5
3337	-39.5	37.05
3337	-39.95	37.5
3338	-39.95	38.5
3338	-39.5	38.95
3338	-39.05	38.5
3338	-39.5	38.05
3338	-39.95	38.5
3339	-39.95	39.5
3339	-39.5	39.95
3339	-39.05	39.5
3339	-39.5	39.05
3339	-39.95	39.5
3340	-39.95	4.5
3340	-39.5	4.95
3340	-39.05	4.5
3340	-39.5	4.05
3340	-39.95	4.5
3341	-39.95	40.5
3341	-39.5	40.95
3341	-39.05	40.5
3341	-39.5	40.05
3341	-39.95	40.5
3342	-39.95	41.5
3342	-39.5	41.95
3342	-39.05	41.5
3342	-39.5	41.05
3342	-39.95	41.5
3343	-39.95	42.5
3343	-39.5	42.95
3343	-39.05	42.5
3343	-39.5	42.05
3343	-39.95	42.5
3344	-39.95	43.5
3344	-39.5	43.95
3344	-39.05	43.5
3344	-39.5	43.05
3344	-39.95	43.5
3345	-39.95	44.5
3345	-39.5	44.95
3345	-39.05	44.5
3345	-39.5	44.05
3345	-39.95	44.5
3346	-39.95	45.5
3346	-39.5	45.95
3346	-39.05	45.5
3346	-39.5	45.05
3346	-39.95	45.5
3347	-39.95	46.5
3347	-39.5	46.95
3347	-39.05	46.5
3347	-39.5	46.05
3347	-39.95	46.5
3348	-39.95	47.5
3348	-39.5	47.95
3348	-39.05	47.5
3348	-39.5	47.05
3348	-39.95	47.5
3349	-39.95	48.5
3349	-39.5	48.95
3349	-39.05	48.5
3349	-39.5	48.05
3349	-39.95	48.5
3350	-39.95	5.5
3350	-39.5	5.95
3350	-39.05	5.5
3350	-39.5	5.05
3350	-39.95	5.5
3351	-39.95	6.5
3351	-39.5	6.95
3351	-39.05	6.5
3351	-39.5	6.05
3351	-39.95	6.5
3352	-39.95	7.5
3352	-39.5	7.95
3352	-39.05	7.5
3352	-39.5	7.05
3352	-39.95	7.5
3353	-39.95	8.5
3353	-39.5	8.95
3353	-39.05	8.5
3353	-39.5	8.05
3353	-39.95	8.5
3354	-39.95	9.5
3354	-39.5	9.95
3354	-39.05	9.5
3354	-39.5	9.05
3354	-39.95	9.5
3355	-4.45	0
3355	-4	0.45
3355	-3.55	0
3355	-4	-0.45
3355	-4.45	0
3356	-4.45	1
3356	-4	1.45
3356	-3.55	1
3356	-4	0.55
3356	-4.45	1
3357	-4.45	10
3357	-4	10.45
3357	-3.55	10
3357	-4	9.55
3357	-4.45	10
3358	-4.45	11
3358	-4	11.45
3358	-3.55	11
3358	-4	10.55
3358	-4.45	11
3359	-4.45	12
3359	-4	12.45
3359	-3.55	12
3359	-4	11.55
3359	-4.45	12
3360	-4.45	13
3360	-4	13.45
3360	-3.55	13
3360	-4	12.55
3360	-4.45	13
3361	-4.45	14
3361	-4	14.45
3361	-3.55	14
3361	-4	13.55
3361	-4.45	14
3362	-4.45	15
3362	-4	15.45
3362	-3.55	15
3362	-4	14.55
3362	-4.45	15
3363	-4.45	16
3363	-4	16.45
3363	-3.55	16
3363	-4	15.55
3363	-4.45	16
3364	-4.45	17
3364	-4	17.45
3364	-3.55	17
3364	-4	16.55
3364	-4.45	17
3365	-4.45	18
3365	-4	18.45
3365	-3.55	18
3365	-4	17.55
3365	-4.45	18
3366	-4.45	19
3366	-4	19.45
3366	-3.55	19
3366	-4	18.55
3366	-4.45	19
3367	-4.45	2
3367	-4	2.45
3367	-3.55	2
3367	-4	1.55
3367	-4.45	2
3368	-4.45	20
3368	-4	20.45
3368	-3.55	20
3368	-4	19.55
3368	-4.45	20
3369	-4.45	21
3369	-4	21.45
3369	-3.55	21
3369	-4	20.55
3369	-4.45	21
3370	-4.45	22
3370	-4	22.45
3370	-3.55	22
3370	-4	21.55
3370	-4.45	22
3371	-4.45	23
3371	-4	23.45
3371	-3.55	23
3371	-4	22.55
3371	-4.45	23
3372	-4.45	24
3372	-4	24.45
3372	-3.55	24
3372	-4	23.55
3372	-4.45	24
3373	-4.45	25
3373	-4	25.45
3373	-3.55	25
3373	-4	24.55
3373	-4.45	25
3374	-4.45	26
3374	-4	26.45
3374	-3.55	26
3374	-4	25.55
3374	-4.45	26
3375	-4.45	27
3375	-4	27.45
3375	-3.55	27
3375	-4	26.55
3375	-4.45	27
3376	-4.45	28
3376	-4	28.45
3376	-3.55	28
3376	-4	27.55
3376	-4.45	28
3377	-4.45	29
3377	-4	29.45
3377	-3.55	29
3377	-4	28.55
3377	-4.45	29
3378	-4.45	3
3378	-4	3.45
3378	-3.55	3
3378	-4	2.55
3378	-4.45	3
3379	-4.45	30
3379	-4	30.45
3379	-3.55	30
3379	-4	29.55
3379	-4.45	30
3380	-4.45	31
3380	-4	31.45
3380	-3.55	31
3380	-4	30.55
3380	-4.45	31
3381	-4.45	32
3381	-4	32.45
3381	-3.55	32
3381	-4	31.55
3381	-4.45	32
3382	-4.45	33
3382	-4	33.45
3382	-3.55	33
3382	-4	32.55
3382	-4.45	33
3383	-4.45	34
3383	-4	34.45
3383	-3.55	34
3383	-4	33.55
3383	-4.45	34
3384	-4.45	35
3384	-4	35.45
3384	-3.55	35
3384	-4	34.55
3384	-4.45	35
3385	-4.45	36
3385	-4	36.45
3385	-3.55	36
3385	-4	35.55
3385	-4.45	36
3386	-4.45	37
3386	-4	37.45
3386	-3.55	37
3386	-4	36.55
3386	-4.45	37
3387	-4.45	38
3387	-4	38.45
3387	-3.55	38
3387	-4	37.55
3387	-4.45	38
3388	-4.45	39
3388	-4	39.45
3388	-3.55	39
3388	-4	38.55
3388	-4.45	39
3389	-4.45	4
3389	-4	4.45
3389	-3.55	4
3389	-4	3.55
3389	-4.45	4
3390	-4.45	40
3390	-4	40.45
3390	-3.55	40
3390	-4	39.55
3390	-4.45	40
3391	-4.45	41
3391	-4	41.45
3391	-3.55	41
3391	-4	40.55
3391	-4.45	41
3392	-4.45	42
3392	-4	42.45
3392	-3.55	42
3392	-4	41.55
3392	-4.45	42
3393	-4.45	43
3393	-4	43.45
3393	-3.55	43
3393	-4	42.55
3393	-4.45	43
3394	-4.45	44
3394	-4	44.45
3394	-3.55	44
3394	-4	43.55
3394	-4.45	44
3395	-4.45	45
3395	-4	45.45
3395	-3.55	45
3395	-4	44.55
3395	-4.45	45
3396	-4.45	46
3396	-4	46.45
3396	-3.55	46
3396	-4	45.55
3396	-4.45	46
3397	-4.45	47
3397	-4	47.45
3397	-3.55	47
3397	-4	46.55
3397	-4.45	47
3398	-4.45	48
3398	-4	48.45
3398	-3.55	48
3398	-4	47.55
3398	-4.45	48
3399	-4.45	49
3399	-4	49.45
3399	-3.55	49
3399	-4	48.55
3399	-4.45	49
3400	-4.45	5
3400	-4	5.45
3400	-3.55	5
3400	-4	4.55
3400	-4.45	5
3401	-4.45	6
3401	-4	6.45
3401	-3.55	6
3401	-4	5.55
3401	-4.45	6
3402	-4.45	7
3402	-4	7.45
3402	-3.55	7
3402	-4	6.55
3402	-4.45	7
3403	-4.45	8
3403	-4	8.45
3403	-3.55	8
3403	-4	7.55
3403	-4.45	8
3404	-4.45	9
3404	-4	9.45
3404	-3.55	9
3404	-4	8.55
3404	-4.45	9
3405	-4.95	-0.5
3405	-4.5	-0.05
3405	-4.05	-0.5
3405	-4.5	-0.95
3405	-4.95	-0.5
3406	-4.95	0.5
3406	-4.5	0.95
3406	-4.05	0.5
3406	-4.5	0.05
3406	-4.95	0.5
3407	-4.95	1.5
3407	-4.5	1.95
3407	-4.05	1.5
3407	-4.5	1.05
3407	-4.95	1.5
3408	-4.95	10.5
3408	-4.5	10.95
3408	-4.05	10.5
3408	-4.5	10.05
3408	-4.95	10.5
3409	-4.95	11.5
3409	-4.5	11.95
3409	-4.05	11.5
3409	-4.5	11.05
3409	-4.95	11.5
3410	-4.95	12.5
3410	-4.5	12.95
3410	-4.05	12.5
3410	-4.5	12.05
3410	-4.95	12.5
3411	-4.95	13.5
3411	-4.5	13.95
3411	-4.05	13.5
3411	-4.5	13.05
3411	-4.95	13.5
3412	-4.95	14.5
3412	-4.5	14.95
3412	-4.05	14.5
3412	-4.5	14.05
3412	-4.95	14.5
3413	-4.95	15.5
3413	-4.5	15.95
3413	-4.05	15.5
3413	-4.5	15.05
3413	-4.95	15.5
3414	-4.95	16.5
3414	-4.5	16.95
3414	-4.05	16.5
3414	-4.5	16.05
3414	-4.95	16.5
3415	-4.95	17.5
3415	-4.5	17.95
3415	-4.05	17.5
3415	-4.5	17.05
3415	-4.95	17.5
3416	-4.95	18.5
3416	-4.5	18.95
3416	-4.05	18.5
3416	-4.5	18.05
3416	-4.95	18.5
3417	-4.95	19.5
3417	-4.5	19.95
3417	-4.05	19.5
3417	-4.5	19.05
3417	-4.95	19.5
3418	-4.95	2.5
3418	-4.5	2.95
3418	-4.05	2.5
3418	-4.5	2.05
3418	-4.95	2.5
3419	-4.95	20.5
3419	-4.5	20.95
3419	-4.05	20.5
3419	-4.5	20.05
3419	-4.95	20.5
3420	-4.95	21.5
3420	-4.5	21.95
3420	-4.05	21.5
3420	-4.5	21.05
3420	-4.95	21.5
3421	-4.95	22.5
3421	-4.5	22.95
3421	-4.05	22.5
3421	-4.5	22.05
3421	-4.95	22.5
3422	-4.95	23.5
3422	-4.5	23.95
3422	-4.05	23.5
3422	-4.5	23.05
3422	-4.95	23.5
3423	-4.95	24.5
3423	-4.5	24.95
3423	-4.05	24.5
3423	-4.5	24.05
3423	-4.95	24.5
3424	-4.95	25.5
3424	-4.5	25.95
3424	-4.05	25.5
3424	-4.5	25.05
3424	-4.95	25.5
3425	-4.95	26.5
3425	-4.5	26.95
3425	-4.05	26.5
3425	-4.5	26.05
3425	-4.95	26.5
3426	-4.95	27.5
3426	-4.5	27.95
3426	-4.05	27.5
3426	-4.5	27.05
3426	-4.95	27.5
3427	-4.95	28.5
3427	-4.5	28.95
3427	-4.05	28.5
3427	-4.5	28.05
3427	-4.95	28.5
3428	-4.95	29.5
3428	-4.5	29.95
3428	-4.05	29.5
3428	-4.5	29.05
3428	-4.95	29.5
3429	-4.95	3.5
3429	-4.5	3.95
3429	-4.05	3.5
3429	-4.5	3.05
3429	-4.95	3.5
3430	-4.95	30.5
3430	-4.5	30.95
3430	-4.05	30.5
3430	-4.5	30.05
3430	-4.95	30.5
3431	-4.95	31.5
3431	-4.5	31.95
3431	-4.05	31.5
3431	-4.5	31.05
3431	-4.95	31.5
3432	-4.95	32.5
3432	-4.5	32.95
3432	-4.05	32.5
3432	-4.5	32.05
3432	-4.95	32.5
3433	-4.95	33.5
3433	-4.5	33.95
3433	-4.05	33.5
3433	-4.5	33.05
3433	-4.95	33.5
3434	-4.95	34.5
3434	-4.5	34.95
3434	-4.05	34.5
3434	-4.5	34.05
3434	-4.95	34.5
3435	-4.95	35.5
3435	-4.5	35.95
3435	-4.05	35.5
3435	-4.5	35.05
3435	-4.95	35.5
3436	-4.95	36.5
3436	-4.5	36.95
3436	-4.05	36.5
3436	-4.5	36.05
3436	-4.95	36.5
3437	-4.95	37.5
3437	-4.5	37.95
3437	-4.05	37.5
3437	-4.5	37.05
3437	-4.95	37.5
3438	-4.95	38.5
3438	-4.5	38.95
3438	-4.05	38.5
3438	-4.5	38.05
3438	-4.95	38.5
3439	-4.95	39.5
3439	-4.5	39.95
3439	-4.05	39.5
3439	-4.5	39.05
3439	-4.95	39.5
3440	-4.95	4.5
3440	-4.5	4.95
3440	-4.05	4.5
3440	-4.5	4.05
3440	-4.95	4.5
3441	-4.95	40.5
3441	-4.5	40.95
3441	-4.05	40.5
3441	-4.5	40.05
3441	-4.95	40.5
3442	-4.95	41.5
3442	-4.5	41.95
3442	-4.05	41.5
3442	-4.5	41.05
3442	-4.95	41.5
3443	-4.95	42.5
3443	-4.5	42.95
3443	-4.05	42.5
3443	-4.5	42.05
3443	-4.95	42.5
3444	-4.95	43.5
3444	-4.5	43.95
3444	-4.05	43.5
3444	-4.5	43.05
3444	-4.95	43.5
3445	-4.95	44.5
3445	-4.5	44.95
3445	-4.05	44.5
3445	-4.5	44.05
3445	-4.95	44.5
3446	-4.95	45.5
3446	-4.5	45.95
3446	-4.05	45.5
3446	-4.5	45.05
3446	-4.95	45.5
3447	-4.95	46.5
3447	-4.5	46.95
3447	-4.05	46.5
3447	-4.5	46.05
3447	-4.95	46.5
3448	-4.95	47.5
3448	-4.5	47.95
3448	-4.05	47.5
3448	-4.5	47.05
3448	-4.95	47.5
3449	-4.95	48.5
3449	-4.5	48.95
3449	-4.05	48.5
3449	-4.5	48.05
3449	-4.95	48.5
3450	-4.95	5.5
3450	-4.5	5.95
3450	-4.05	5.5
3450	-4.5	5.05
3450	-4.95	5.5
3451	-4.95	6.5
3451	-4.5	6.95
3451	-4.05	6.5
3451	-4.5	6.05
3451	-4.95	6.5
3452	-4.95	7.5
3452	-4.5	7.95
3452	-4.05	7.5
3452	-4.5	7.05
3452	-4.95	7.5
3453	-4.95	8.5
3453	-4.5	8.95
3453	-4.05	8.5
3453	-4.5	8.05
3453	-4.95	8.5
3454	-4.95	9.5
3454	-4.5	9.95
3454	-4.05	9.5
3454	-4.5	9.05
3454	-4.95	9.5
3455	-40.45	0
3455	-40	0.45
3455	-39.55	0
3455	-40	-0.45
3455	-40.45	0
3456	-40.45	1
3456	-40	1.45
3456	-39.55	1
3456	-40	0.55
3456	-40.45	1
3457	-40.45	10
3457	-40	10.45
3457	-39.55	10
3457	-40	9.55
3457	-40.45	10
3458	-40.45	11
3458	-40	11.45
3458	-39.55	11
3458	-40	10.55
3458	-40.45	11
3459	-40.45	12
3459	-40	12.45
3459	-39.55	12
3459	-40	11.55
3459	-40.45	12
3460	-40.45	13
3460	-40	13.45
3460	-39.55	13
3460	-40	12.55
3460	-40.45	13
3461	-40.45	14
3461	-40	14.45
3461	-39.55	14
3461	-40	13.55
3461	-40.45	14
3462	-40.45	15
3462	-40	15.45
3462	-39.55	15
3462	-40	14.55
3462	-40.45	15
3463	-40.45	16
3463	-40	16.45
3463	-39.55	16
3463	-40	15.55
3463	-40.45	16
3464	-40.45	17
3464	-40	17.45
3464	-39.55	17
3464	-40	16.55
3464	-40.45	17
3465	-40.45	18
3465	-40	18.45
3465	-39.55	18
3465	-40	17.55
3465	-40.45	18
3466	-40.45	19
3466	-40	19.45
3466	-39.55	19
3466	-40	18.55
3466	-40.45	19
3467	-40.45	2
3467	-40	2.45
3467	-39.55	2
3467	-40	1.55
3467	-40.45	2
3468	-40.45	20
3468	-40	20.45
3468	-39.55	20
3468	-40	19.55
3468	-40.45	20
3469	-40.45	21
3469	-40	21.45
3469	-39.55	21
3469	-40	20.55
3469	-40.45	21
3470	-40.45	22
3470	-40	22.45
3470	-39.55	22
3470	-40	21.55
3470	-40.45	22
3471	-40.45	23
3471	-40	23.45
3471	-39.55	23
3471	-40	22.55
3471	-40.45	23
3472	-40.45	24
3472	-40	24.45
3472	-39.55	24
3472	-40	23.55
3472	-40.45	24
3473	-40.45	25
3473	-40	25.45
3473	-39.55	25
3473	-40	24.55
3473	-40.45	25
3474	-40.45	26
3474	-40	26.45
3474	-39.55	26
3474	-40	25.55
3474	-40.45	26
3475	-40.45	27
3475	-40	27.45
3475	-39.55	27
3475	-40	26.55
3475	-40.45	27
3476	-40.45	28
3476	-40	28.45
3476	-39.55	28
3476	-40	27.55
3476	-40.45	28
3477	-40.45	29
3477	-40	29.45
3477	-39.55	29
3477	-40	28.55
3477	-40.45	29
3478	-40.45	3
3478	-40	3.45
3478	-39.55	3
3478	-40	2.55
3478	-40.45	3
3479	-40.45	30
3479	-40	30.45
3479	-39.55	30
3479	-40	29.55
3479	-40.45	30
3480	-40.45	31
3480	-40	31.45
3480	-39.55	31
3480	-40	30.55
3480	-40.45	31
3481	-40.45	32
3481	-40	32.45
3481	-39.55	32
3481	-40	31.55
3481	-40.45	32
3482	-40.45	33
3482	-40	33.45
3482	-39.55	33
3482	-40	32.55
3482	-40.45	33
3483	-40.45	34
3483	-40	34.45
3483	-39.55	34
3483	-40	33.55
3483	-40.45	34
3484	-40.45	35
3484	-40	35.45
3484	-39.55	35
3484	-40	34.55
3484	-40.45	35
3485	-40.45	36
3485	-40	36.45
3485	-39.55	36
3485	-40	35.55
3485	-40.45	36
3486	-40.45	37
3486	-40	37.45
3486	-39.55	37
3486	-40	36.55
3486	-40.45	37
3487	-40.45	38
3487	-40	38.45
3487	-39.55	38
3487	-40	37.55
3487	-40.45	38
3488	-40.45	39
3488	-40	39.45
3488	-39.55	39
3488	-40	38.55
3488	-40.45	39
3489	-40.45	4
3489	-40	4.45
3489	-39.55	4
3489	-40	3.55
3489	-40.45	4
3490	-40.45	40
3490	-40	40.45
3490	-39.55	40
3490	-40	39.55
3490	-40.45	40
3491	-40.45	41
3491	-40	41.45
3491	-39.55	41
3491	-40	40.55
3491	-40.45	41
3492	-40.45	42
3492	-40	42.45
3492	-39.55	42
3492	-40	41.55
3492	-40.45	42
3493	-40.45	43
3493	-40	43.45
3493	-39.55	43
3493	-40	42.55
3493	-40.45	43
3494	-40.45	44
3494	-40	44.45
3494	-39.55	44
3494	-40	43.55
3494	-40.45	44
3495	-40.45	45
3495	-40	45.45
3495	-39.55	45
3495	-40	44.55
3495	-40.45	45
3496	-40.45	46
3496	-40	46.45
3496	-39.55	46
3496	-40	45.55
3496	-40.45	46
3497	-40.45	47
3497	-40	47.45
3497	-39.55	47
3497	-40	46.55
3497	-40.45	47
3498	-40.45	48
3498	-40	48.45
3498	-39.55	48
3498	-40	47.55
3498	-40.45	48
3499	-40.45	49
3499	-40	49.45
3499	-39.55	49
3499	-40	48.55
3499	-40.45	49
3500	-40.45	5
3500	-40	5.45
3500	-39.55	5
3500	-40	4.55
3500	-40.45	5
3501	-40.45	6
3501	-40	6.45
3501	-39.55	6
3501	-40	5.55
3501	-40.45	6
3502	-40.45	7
3502	-40	7.45
3502	-39.55	7
3502	-40	6.55
3502	-40.45	7
3503	-40.45	8
3503	-40	8.45
3503	-39.55	8
3503	-40	7.55
3503	-40.45	8
3504	-40.45	9
3504	-40	9.45
3504	-39.55	9
3504	-40	8.55
3504	-40.45	9
3505	-40.95	-0.5
3505	-40.5	-0.05
3505	-40.05	-0.5
3505	-40.5	-0.95
3505	-40.95	-0.5
3506	-40.95	0.5
3506	-40.5	0.95
3506	-40.05	0.5
3506	-40.5	0.05
3506	-40.95	0.5
3507	-40.95	1.5
3507	-40.5	1.95
3507	-40.05	1.5
3507	-40.5	1.05
3507	-40.95	1.5
3508	-40.95	10.5
3508	-40.5	10.95
3508	-40.05	10.5
3508	-40.5	10.05
3508	-40.95	10.5
3509	-40.95	11.5
3509	-40.5	11.95
3509	-40.05	11.5
3509	-40.5	11.05
3509	-40.95	11.5
3510	-40.95	12.5
3510	-40.5	12.95
3510	-40.05	12.5
3510	-40.5	12.05
3510	-40.95	12.5
3511	-40.95	13.5
3511	-40.5	13.95
3511	-40.05	13.5
3511	-40.5	13.05
3511	-40.95	13.5
3512	-40.95	14.5
3512	-40.5	14.95
3512	-40.05	14.5
3512	-40.5	14.05
3512	-40.95	14.5
3513	-40.95	15.5
3513	-40.5	15.95
3513	-40.05	15.5
3513	-40.5	15.05
3513	-40.95	15.5
3514	-40.95	16.5
3514	-40.5	16.95
3514	-40.05	16.5
3514	-40.5	16.05
3514	-40.95	16.5
3515	-40.95	17.5
3515	-40.5	17.95
3515	-40.05	17.5
3515	-40.5	17.05
3515	-40.95	17.5
3516	-40.95	18.5
3516	-40.5	18.95
3516	-40.05	18.5
3516	-40.5	18.05
3516	-40.95	18.5
3517	-40.95	19.5
3517	-40.5	19.95
3517	-40.05	19.5
3517	-40.5	19.05
3517	-40.95	19.5
3518	-40.95	2.5
3518	-40.5	2.95
3518	-40.05	2.5
3518	-40.5	2.05
3518	-40.95	2.5
3519	-40.95	20.5
3519	-40.5	20.95
3519	-40.05	20.5
3519	-40.5	20.05
3519	-40.95	20.5
3520	-40.95	21.5
3520	-40.5	21.95
3520	-40.05	21.5
3520	-40.5	21.05
3520	-40.95	21.5
3521	-40.95	22.5
3521	-40.5	22.95
3521	-40.05	22.5
3521	-40.5	22.05
3521	-40.95	22.5
3522	-40.95	23.5
3522	-40.5	23.95
3522	-40.05	23.5
3522	-40.5	23.05
3522	-40.95	23.5
3523	-40.95	24.5
3523	-40.5	24.95
3523	-40.05	24.5
3523	-40.5	24.05
3523	-40.95	24.5
3524	-40.95	25.5
3524	-40.5	25.95
3524	-40.05	25.5
3524	-40.5	25.05
3524	-40.95	25.5
3525	-40.95	26.5
3525	-40.5	26.95
3525	-40.05	26.5
3525	-40.5	26.05
3525	-40.95	26.5
3526	-40.95	27.5
3526	-40.5	27.95
3526	-40.05	27.5
3526	-40.5	27.05
3526	-40.95	27.5
3527	-40.95	28.5
3527	-40.5	28.95
3527	-40.05	28.5
3527	-40.5	28.05
3527	-40.95	28.5
3528	-40.95	29.5
3528	-40.5	29.95
3528	-40.05	29.5
3528	-40.5	29.05
3528	-40.95	29.5
3529	-40.95	3.5
3529	-40.5	3.95
3529	-40.05	3.5
3529	-40.5	3.05
3529	-40.95	3.5
3530	-40.95	30.5
3530	-40.5	30.95
3530	-40.05	30.5
3530	-40.5	30.05
3530	-40.95	30.5
3531	-40.95	31.5
3531	-40.5	31.95
3531	-40.05	31.5
3531	-40.5	31.05
3531	-40.95	31.5
3532	-40.95	32.5
3532	-40.5	32.95
3532	-40.05	32.5
3532	-40.5	32.05
3532	-40.95	32.5
3533	-40.95	33.5
3533	-40.5	33.95
3533	-40.05	33.5
3533	-40.5	33.05
3533	-40.95	33.5
3534	-40.95	34.5
3534	-40.5	34.95
3534	-40.05	34.5
3534	-40.5	34.05
3534	-40.95	34.5
3535	-40.95	35.5
3535	-40.5	35.95
3535	-40.05	35.5
3535	-40.5	35.05
3535	-40.95	35.5
3536	-40.95	36.5
3536	-40.5	36.95
3536	-40.05	36.5
3536	-40.5	36.05
3536	-40.95	36.5
3537	-40.95	37.5
3537	-40.5	37.95
3537	-40.05	37.5
3537	-40.5	37.05
3537	-40.95	37.5
3538	-40.95	38.5
3538	-40.5	38.95
3538	-40.05	38.5
3538	-40.5	38.05
3538	-40.95	38.5
3539	-40.95	39.5
3539	-40.5	39.95
3539	-40.05	39.5
3539	-40.5	39.05
3539	-40.95	39.5
3540	-40.95	4.5
3540	-40.5	4.95
3540	-40.05	4.5
3540	-40.5	4.05
3540	-40.95	4.5
3541	-40.95	40.5
3541	-40.5	40.95
3541	-40.05	40.5
3541	-40.5	40.05
3541	-40.95	40.5
3542	-40.95	41.5
3542	-40.5	41.95
3542	-40.05	41.5
3542	-40.5	41.05
3542	-40.95	41.5
3543	-40.95	42.5
3543	-40.5	42.95
3543	-40.05	42.5
3543	-40.5	42.05
3543	-40.95	42.5
3544	-40.95	43.5
3544	-40.5	43.95
3544	-40.05	43.5
3544	-40.5	43.05
3544	-40.95	43.5
3545	-40.95	44.5
3545	-40.5	44.95
3545	-40.05	44.5
3545	-40.5	44.05
3545	-40.95	44.5
3546	-40.95	45.5
3546	-40.5	45.95
3546	-40.05	45.5
3546	-40.5	45.05
3546	-40.95	45.5
3547	-40.95	46.5
3547	-40.5	46.95
3547	-40.05	46.5
3547	-40.5	46.05
3547	-40.95	46.5
3548	-40.95	47.5
3548	-40.5	47.95
3548	-40.05	47.5
3548	-40.5	47.05
3548	-40.95	47.5
3549	-40.95	48.5
3549	-40.5	48.95
3549	-40.05	48.5
3549	-40.5	48.05
3549	-40.95	48.5
3550	-40.95	5.5
3550	-40.5	5.95
3550	-40.05	5.5
3550	-40.5	5.05
3550	-40.95	5.5
3551	-40.95	6.5
3551	-40.5	6.95
3551	-40.05	6.5
3551	-40.5	6.05
3551	-40.95	6.5
3552	-40.95	7.5
3552	-40.5	7.95
3552	-40.05	7.5
3552	-40.5	7.05
3552	-40.95	7.5
3553	-40.95	8.5
3553	-40.5	8.95
3553	-40.05	8.5
3553	-40.5	8.05
3553	-40.95	8.5
3554	-40.95	9.5
3554	-40.5	9.95
3554	-40.05	9.5
3554	-40.5	9.05
3554	-40.95	9.5
3555	-41.45	0
3555	-41	0.45
3555	-40.55	0
3555	-41	-0.45
3555	-41.45	0
3556	-41.45	1
3556	-41	1.45
3556	-40.55	1
3556	-41	0.55
3556	-41.45	1
3557	-41.45	10
3557	-41	10.45
3557	-40.55	10
3557	-41	9.55
3557	-41.45	10
3558	-41.45	11
3558	-41	11.45
3558	-40.55	11
3558	-41	10.55
3558	-41.45	11
3559	-41.45	12
3559	-41	12.45
3559	-40.55	12
3559	-41	11.55
3559	-41.45	12
3560	-41.45	13
3560	-41	13.45
3560	-40.55	13
3560	-41	12.55
3560	-41.45	13
3561	-41.45	14
3561	-41	14.45
3561	-40.55	14
3561	-41	13.55
3561	-41.45	14
3562	-41.45	15
3562	-41	15.45
3562	-40.55	15
3562	-41	14.55
3562	-41.45	15
3563	-41.45	16
3563	-41	16.45
3563	-40.55	16
3563	-41	15.55
3563	-41.45	16
3564	-41.45	17
3564	-41	17.45
3564	-40.55	17
3564	-41	16.55
3564	-41.45	17
3565	-41.45	18
3565	-41	18.45
3565	-40.55	18
3565	-41	17.55
3565	-41.45	18
3566	-41.45	19
3566	-41	19.45
3566	-40.55	19
3566	-41	18.55
3566	-41.45	19
3567	-41.45	2
3567	-41	2.45
3567	-40.55	2
3567	-41	1.55
3567	-41.45	2
3568	-41.45	20
3568	-41	20.45
3568	-40.55	20
3568	-41	19.55
3568	-41.45	20
3569	-41.45	21
3569	-41	21.45
3569	-40.55	21
3569	-41	20.55
3569	-41.45	21
3570	-41.45	22
3570	-41	22.45
3570	-40.55	22
3570	-41	21.55
3570	-41.45	22
3571	-41.45	23
3571	-41	23.45
3571	-40.55	23
3571	-41	22.55
3571	-41.45	23
3572	-41.45	24
3572	-41	24.45
3572	-40.55	24
3572	-41	23.55
3572	-41.45	24
3573	-41.45	25
3573	-41	25.45
3573	-40.55	25
3573	-41	24.55
3573	-41.45	25
3574	-41.45	26
3574	-41	26.45
3574	-40.55	26
3574	-41	25.55
3574	-41.45	26
3575	-41.45	27
3575	-41	27.45
3575	-40.55	27
3575	-41	26.55
3575	-41.45	27
3576	-41.45	28
3576	-41	28.45
3576	-40.55	28
3576	-41	27.55
3576	-41.45	28
3577	-41.45	29
3577	-41	29.45
3577	-40.55	29
3577	-41	28.55
3577	-41.45	29
3578	-41.45	3
3578	-41	3.45
3578	-40.55	3
3578	-41	2.55
3578	-41.45	3
3579	-41.45	30
3579	-41	30.45
3579	-40.55	30
3579	-41	29.55
3579	-41.45	30
3580	-41.45	31
3580	-41	31.45
3580	-40.55	31
3580	-41	30.55
3580	-41.45	31
3581	-41.45	32
3581	-41	32.45
3581	-40.55	32
3581	-41	31.55
3581	-41.45	32
3582	-41.45	33
3582	-41	33.45
3582	-40.55	33
3582	-41	32.55
3582	-41.45	33
3583	-41.45	34
3583	-41	34.45
3583	-40.55	34
3583	-41	33.55
3583	-41.45	34
3584	-41.45	35
3584	-41	35.45
3584	-40.55	35
3584	-41	34.55
3584	-41.45	35
3585	-41.45	36
3585	-41	36.45
3585	-40.55	36
3585	-41	35.55
3585	-41.45	36
3586	-41.45	37
3586	-41	37.45
3586	-40.55	37
3586	-41	36.55
3586	-41.45	37
3587	-41.45	38
3587	-41	38.45
3587	-40.55	38
3587	-41	37.55
3587	-41.45	38
3588	-41.45	39
3588	-41	39.45
3588	-40.55	39
3588	-41	38.55
3588	-41.45	39
3589	-41.45	4
3589	-41	4.45
3589	-40.55	4
3589	-41	3.55
3589	-41.45	4
3590	-41.45	40
3590	-41	40.45
3590	-40.55	40
3590	-41	39.55
3590	-41.45	40
3591	-41.45	41
3591	-41	41.45
3591	-40.55	41
3591	-41	40.55
3591	-41.45	41
3592	-41.45	42
3592	-41	42.45
3592	-40.55	42
3592	-41	41.55
3592	-41.45	42
3593	-41.45	43
3593	-41	43.45
3593	-40.55	43
3593	-41	42.55
3593	-41.45	43
3594	-41.45	44
3594	-41	44.45
3594	-40.55	44
3594	-41	43.55
3594	-41.45	44
3595	-41.45	45
3595	-41	45.45
3595	-40.55	45
3595	-41	44.55
3595	-41.45	45
3596	-41.45	46
3596	-41	46.45
3596	-40.55	46
3596	-41	45.55
3596	-41.45	46
3597	-41.45	47
3597	-41	47.45
3597	-40.55	47
3597	-41	46.55
3597	-41.45	47
3598	-41.45	48
3598	-41	48.45
3598	-40.55	48
3598	-41	47.55
3598	-41.45	48
3599	-41.45	49
3599	-41	49.45
3599	-40.55	49
3599	-41	48.55
3599	-41.45	49
3600	-41.45	5
3600	-41	5.45
3600	-40.55	5
3600	-41	4.55
3600	-41.45	5
3601	-41.45	6
3601	-41	6.45
3601	-40.55	6
3601	-41	5.55
3601	-41.45	6
3602	-41.45	7
3602	-41	7.45
3602	-40.55	7
3602	-41	6.55
3602	-41.45	7
3603	-41.45	8
3603	-41	8.45
3603	-40.55	8
3603	-41	7.55
3603	-41.45	8
3604	-41.45	9
3604	-41	9.45
3604	-40.55	9
3604	-41	8.55
3604	-41.45	9
3605	-41.95	-0.5
3605	-41.5	-0.05
3605	-41.05	-0.5
3605	-41.5	-0.95
3605	-41.95	-0.5
3606	-41.95	0.5
3606	-41.5	0.95
3606	-41.05	0.5
3606	-41.5	0.05
3606	-41.95	0.5
3607	-41.95	1.5
3607	-41.5	1.95
3607	-41.05	1.5
3607	-41.5	1.05
3607	-41.95	1.5
3608	-41.95	10.5
3608	-41.5	10.95
3608	-41.05	10.5
3608	-41.5	10.05
3608	-41.95	10.5
3609	-41.95	11.5
3609	-41.5	11.95
3609	-41.05	11.5
3609	-41.5	11.05
3609	-41.95	11.5
3610	-41.95	12.5
3610	-41.5	12.95
3610	-41.05	12.5
3610	-41.5	12.05
3610	-41.95	12.5
3611	-41.95	13.5
3611	-41.5	13.95
3611	-41.05	13.5
3611	-41.5	13.05
3611	-41.95	13.5
3612	-41.95	14.5
3612	-41.5	14.95
3612	-41.05	14.5
3612	-41.5	14.05
3612	-41.95	14.5
3613	-41.95	15.5
3613	-41.5	15.95
3613	-41.05	15.5
3613	-41.5	15.05
3613	-41.95	15.5
3614	-41.95	16.5
3614	-41.5	16.95
3614	-41.05	16.5
3614	-41.5	16.05
3614	-41.95	16.5
3615	-41.95	17.5
3615	-41.5	17.95
3615	-41.05	17.5
3615	-41.5	17.05
3615	-41.95	17.5
3616	-41.95	18.5
3616	-41.5	18.95
3616	-41.05	18.5
3616	-41.5	18.05
3616	-41.95	18.5
3617	-41.95	19.5
3617	-41.5	19.95
3617	-41.05	19.5
3617	-41.5	19.05
3617	-41.95	19.5
3618	-41.95	2.5
3618	-41.5	2.95
3618	-41.05	2.5
3618	-41.5	2.05
3618	-41.95	2.5
3619	-41.95	20.5
3619	-41.5	20.95
3619	-41.05	20.5
3619	-41.5	20.05
3619	-41.95	20.5
3620	-41.95	21.5
3620	-41.5	21.95
3620	-41.05	21.5
3620	-41.5	21.05
3620	-41.95	21.5
3621	-41.95	22.5
3621	-41.5	22.95
3621	-41.05	22.5
3621	-41.5	22.05
3621	-41.95	22.5
3622	-41.95	23.5
3622	-41.5	23.95
3622	-41.05	23.5
3622	-41.5	23.05
3622	-41.95	23.5
3623	-41.95	24.5
3623	-41.5	24.95
3623	-41.05	24.5
3623	-41.5	24.05
3623	-41.95	24.5
3624	-41.95	25.5
3624	-41.5	25.95
3624	-41.05	25.5
3624	-41.5	25.05
3624	-41.95	25.5
3625	-41.95	26.5
3625	-41.5	26.95
3625	-41.05	26.5
3625	-41.5	26.05
3625	-41.95	26.5
3626	-41.95	27.5
3626	-41.5	27.95
3626	-41.05	27.5
3626	-41.5	27.05
3626	-41.95	27.5
3627	-41.95	28.5
3627	-41.5	28.95
3627	-41.05	28.5
3627	-41.5	28.05
3627	-41.95	28.5
3628	-41.95	29.5
3628	-41.5	29.95
3628	-41.05	29.5
3628	-41.5	29.05
3628	-41.95	29.5
3629	-41.95	3.5
3629	-41.5	3.95
3629	-41.05	3.5
3629	-41.5	3.05
3629	-41.95	3.5
3630	-41.95	30.5
3630	-41.5	30.95
3630	-41.05	30.5
3630	-41.5	30.05
3630	-41.95	30.5
3631	-41.95	31.5
3631	-41.5	31.95
3631	-41.05	31.5
3631	-41.5	31.05
3631	-41.95	31.5
3632	-41.95	32.5
3632	-41.5	32.95
3632	-41.05	32.5
3632	-41.5	32.05
3632	-41.95	32.5
3633	-41.95	33.5
3633	-41.5	33.95
3633	-41.05	33.5
3633	-41.5	33.05
3633	-41.95	33.5
3634	-41.95	34.5
3634	-41.5	34.95
3634	-41.05	34.5
3634	-41.5	34.05
3634	-41.95	34.5
3635	-41.95	35.5
3635	-41.5	35.95
3635	-41.05	35.5
3635	-41.5	35.05
3635	-41.95	35.5
3636	-41.95	36.5
3636	-41.5	36.95
3636	-41.05	36.5
3636	-41.5	36.05
3636	-41.95	36.5
3637	-41.95	37.5
3637	-41.5	37.95
3637	-41.05	37.5
3637	-41.5	37.05
3637	-41.95	37.5
3638	-41.95	38.5
3638	-41.5	38.95
3638	-41.05	38.5
3638	-41.5	38.05
3638	-41.95	38.5
3639	-41.95	39.5
3639	-41.5	39.95
3639	-41.05	39.5
3639	-41.5	39.05
3639	-41.95	39.5
3640	-41.95	4.5
3640	-41.5	4.95
3640	-41.05	4.5
3640	-41.5	4.05
3640	-41.95	4.5
3641	-41.95	40.5
3641	-41.5	40.95
3641	-41.05	40.5
3641	-41.5	40.05
3641	-41.95	40.5
3642	-41.95	41.5
3642	-41.5	41.95
3642	-41.05	41.5
3642	-41.5	41.05
3642	-41.95	41.5
3643	-41.95	42.5
3643	-41.5	42.95
3643	-41.05	42.5
3643	-41.5	42.05
3643	-41.95	42.5
3644	-41.95	43.5
3644	-41.5	43.95
3644	-41.05	43.5
3644	-41.5	43.05
3644	-41.95	43.5
3645	-41.95	44.5
3645	-41.5	44.95
3645	-41.05	44.5
3645	-41.5	44.05
3645	-41.95	44.5
3646	-41.95	45.5
3646	-41.5	45.95
3646	-41.05	45.5
3646	-41.5	45.05
3646	-41.95	45.5
3647	-41.95	46.5
3647	-41.5	46.95
3647	-41.05	46.5
3647	-41.5	46.05
3647	-41.95	46.5
3648	-41.95	47.5
3648	-41.5	47.95
3648	-41.05	47.5
3648	-41.5	47.05
3648	-41.95	47.5
3649	-41.95	48.5
3649	-41.5	48.95
3649	-41.05	48.5
3649	-41.5	48.05
3649	-41.95	48.5
3650	-41.95	5.5
3650	-41.5	5.95
3650	-41.05	5.5
3650	-41.5	5.05
3650	-41.95	5.5
3651	-41.95	6.5
3651	-41.5	6.95
3651	-41.05	6.5
3651	-41.5	6.05
3651	-41.95	6.5
3652	-41.95	7.5
3652	-41.5	7.95
3652	-41.05	7.5
3652	-41.5	7.05
3652	-41.95	7.5
3653	-41.95	8.5
3653	-41.5	8.95
3653	-41.05	8.5
3653	-41.5	8.05
3653	-41.95	8.5
3654	-41.95	9.5
3654	-41.5	9.95
3654	-41.05	9.5
3654	-41.5	9.05
3654	-41.95	9.5
3655	-42.45	0
3655	-42	0.45
3655	-41.55	0
3655	-42	-0.45
3655	-42.45	0
3656	-42.45	1
3656	-42	1.45
3656	-41.55	1
3656	-42	0.55
3656	-42.45	1
3657	-42.45	10
3657	-42	10.45
3657	-41.55	10
3657	-42	9.55
3657	-42.45	10
3658	-42.45	11
3658	-42	11.45
3658	-41.55	11
3658	-42	10.55
3658	-42.45	11
3659	-42.45	12
3659	-42	12.45
3659	-41.55	12
3659	-42	11.55
3659	-42.45	12
3660	-42.45	13
3660	-42	13.45
3660	-41.55	13
3660	-42	12.55
3660	-42.45	13
3661	-42.45	14
3661	-42	14.45
3661	-41.55	14
3661	-42	13.55
3661	-42.45	14
3662	-42.45	15
3662	-42	15.45
3662	-41.55	15
3662	-42	14.55
3662	-42.45	15
3663	-42.45	16
3663	-42	16.45
3663	-41.55	16
3663	-42	15.55
3663	-42.45	16
3664	-42.45	17
3664	-42	17.45
3664	-41.55	17
3664	-42	16.55
3664	-42.45	17
3665	-42.45	18
3665	-42	18.45
3665	-41.55	18
3665	-42	17.55
3665	-42.45	18
3666	-42.45	19
3666	-42	19.45
3666	-41.55	19
3666	-42	18.55
3666	-42.45	19
3667	-42.45	2
3667	-42	2.45
3667	-41.55	2
3667	-42	1.55
3667	-42.45	2
3668	-42.45	20
3668	-42	20.45
3668	-41.55	20
3668	-42	19.55
3668	-42.45	20
3669	-42.45	21
3669	-42	21.45
3669	-41.55	21
3669	-42	20.55
3669	-42.45	21
3670	-42.45	22
3670	-42	22.45
3670	-41.55	22
3670	-42	21.55
3670	-42.45	22
3671	-42.45	23
3671	-42	23.45
3671	-41.55	23
3671	-42	22.55
3671	-42.45	23
3672	-42.45	24
3672	-42	24.45
3672	-41.55	24
3672	-42	23.55
3672	-42.45	24
3673	-42.45	25
3673	-42	25.45
3673	-41.55	25
3673	-42	24.55
3673	-42.45	25
3674	-42.45	26
3674	-42	26.45
3674	-41.55	26
3674	-42	25.55
3674	-42.45	26
3675	-42.45	27
3675	-42	27.45
3675	-41.55	27
3675	-42	26.55
3675	-42.45	27
3676	-42.45	28
3676	-42	28.45
3676	-41.55	28
3676	-42	27.55
3676	-42.45	28
3677	-42.45	29
3677	-42	29.45
3677	-41.55	29
3677	-42	28.55
3677	-42.45	29
3678	-42.45	3
3678	-42	3.45
3678	-41.55	3
3678	-42	2.55
3678	-42.45	3
3679	-42.45	30
3679	-42	30.45
3679	-41.55	30
3679	-42	29.55
3679	-42.45	30
3680	-42.45	31
3680	-42	31.45
3680	-41.55	31
3680	-42	30.55
3680	-42.45	31
3681	-42.45	32
3681	-42	32.45
3681	-41.55	32
3681	-42	31.55
3681	-42.45	32
3682	-42.45	33
3682	-42	33.45
3682	-41.55	33
3682	-42	32.55
3682	-42.45	33
3683	-42.45	34
3683	-42	34.45
3683	-41.55	34
3683	-42	33.55
3683	-42.45	34
3684	-42.45	35
3684	-42	35.45
3684	-41.55	35
3684	-42	34.55
3684	-42.45	35
3685	-42.45	36
3685	-42	36.45
3685	-41.55	36
3685	-42	35.55
3685	-42.45	36
3686	-42.45	37
3686	-42	37.45
3686	-41.55	37
3686	-42	36.55
3686	-42.45	37
3687	-42.45	38
3687	-42	38.45
3687	-41.55	38
3687	-42	37.55
3687	-42.45	38
3688	-42.45	39
3688	-42	39.45
3688	-41.55	39
3688	-42	38.55
3688	-42.45	39
3689	-42.45	4
3689	-42	4.45
3689	-41.55	4
3689	-42	3.55
3689	-42.45	4
3690	-42.45	40
3690	-42	40.45
3690	-41.55	40
3690	-42	39.55
3690	-42.45	40
3691	-42.45	41
3691	-42	41.45
3691	-41.55	41
3691	-42	40.55
3691	-42.45	41
3692	-42.45	42
3692	-42	42.45
3692	-41.55	42
3692	-42	41.55
3692	-42.45	42
3693	-42.45	43
3693	-42	43.45
3693	-41.55	43
3693	-42	42.55
3693	-42.45	43
3694	-42.45	44
3694	-42	44.45
3694	-41.55	44
3694	-42	43.55
3694	-42.45	44
3695	-42.45	45
3695	-42	45.45
3695	-41.55	45
3695	-42	44.55
3695	-42.45	45
3696	-42.45	46
3696	-42	46.45
3696	-41.55	46
3696	-42	45.55
3696	-42.45	46
3697	-42.45	47
3697	-42	47.45
3697	-41.55	47
3697	-42	46.55
3697	-42.45	47
3698	-42.45	48
3698	-42	48.45
3698	-41.55	48
3698	-42	47.55
3698	-42.45	48
3699	-42.45	49
3699	-42	49.45
3699	-41.55	49
3699	-42	48.55
3699	-42.45	49
3700	-42.45	5
3700	-42	5.45
3700	-41.55	5
3700	-42	4.55
3700	-42.45	5
3701	-42.45	6
3701	-42	6.45
3701	-41.55	6
3701	-42	5.55
3701	-42.45	6
3702	-42.45	7
3702	-42	7.45
3702	-41.55	7
3702	-42	6.55
3702	-42.45	7
3703	-42.45	8
3703	-42	8.45
3703	-41.55	8
3703	-42	7.55
3703	-42.45	8
3704	-42.45	9
3704	-42	9.45
3704	-41.55	9
3704	-42	8.55
3704	-42.45	9
3705	-42.95	-0.5
3705	-42.5	-0.05
3705	-42.05	-0.5
3705	-42.5	-0.95
3705	-42.95	-0.5
3706	-42.95	0.5
3706	-42.5	0.95
3706	-42.05	0.5
3706	-42.5	0.05
3706	-42.95	0.5
3707	-42.95	1.5
3707	-42.5	1.95
3707	-42.05	1.5
3707	-42.5	1.05
3707	-42.95	1.5
3708	-42.95	10.5
3708	-42.5	10.95
3708	-42.05	10.5
3708	-42.5	10.05
3708	-42.95	10.5
3709	-42.95	11.5
3709	-42.5	11.95
3709	-42.05	11.5
3709	-42.5	11.05
3709	-42.95	11.5
3710	-42.95	12.5
3710	-42.5	12.95
3710	-42.05	12.5
3710	-42.5	12.05
3710	-42.95	12.5
3711	-42.95	13.5
3711	-42.5	13.95
3711	-42.05	13.5
3711	-42.5	13.05
3711	-42.95	13.5
3712	-42.95	14.5
3712	-42.5	14.95
3712	-42.05	14.5
3712	-42.5	14.05
3712	-42.95	14.5
3713	-42.95	15.5
3713	-42.5	15.95
3713	-42.05	15.5
3713	-42.5	15.05
3713	-42.95	15.5
3714	-42.95	16.5
3714	-42.5	16.95
3714	-42.05	16.5
3714	-42.5	16.05
3714	-42.95	16.5
3715	-42.95	17.5
3715	-42.5	17.95
3715	-42.05	17.5
3715	-42.5	17.05
3715	-42.95	17.5
3716	-42.95	18.5
3716	-42.5	18.95
3716	-42.05	18.5
3716	-42.5	18.05
3716	-42.95	18.5
3717	-42.95	19.5
3717	-42.5	19.95
3717	-42.05	19.5
3717	-42.5	19.05
3717	-42.95	19.5
3718	-42.95	2.5
3718	-42.5	2.95
3718	-42.05	2.5
3718	-42.5	2.05
3718	-42.95	2.5
3719	-42.95	20.5
3719	-42.5	20.95
3719	-42.05	20.5
3719	-42.5	20.05
3719	-42.95	20.5
3720	-42.95	21.5
3720	-42.5	21.95
3720	-42.05	21.5
3720	-42.5	21.05
3720	-42.95	21.5
3721	-42.95	22.5
3721	-42.5	22.95
3721	-42.05	22.5
3721	-42.5	22.05
3721	-42.95	22.5
3722	-42.95	23.5
3722	-42.5	23.95
3722	-42.05	23.5
3722	-42.5	23.05
3722	-42.95	23.5
3723	-42.95	24.5
3723	-42.5	24.95
3723	-42.05	24.5
3723	-42.5	24.05
3723	-42.95	24.5
3724	-42.95	25.5
3724	-42.5	25.95
3724	-42.05	25.5
3724	-42.5	25.05
3724	-42.95	25.5
3725	-42.95	26.5
3725	-42.5	26.95
3725	-42.05	26.5
3725	-42.5	26.05
3725	-42.95	26.5
3726	-42.95	27.5
3726	-42.5	27.95
3726	-42.05	27.5
3726	-42.5	27.05
3726	-42.95	27.5
3727	-42.95	28.5
3727	-42.5	28.95
3727	-42.05	28.5
3727	-42.5	28.05
3727	-42.95	28.5
3728	-42.95	29.5
3728	-42.5	29.95
3728	-42.05	29.5
3728	-42.5	29.05
3728	-42.95	29.5
3729	-42.95	3.5
3729	-42.5	3.95
3729	-42.05	3.5
3729	-42.5	3.05
3729	-42.95	3.5
3730	-42.95	30.5
3730	-42.5	30.95
3730	-42.05	30.5
3730	-42.5	30.05
3730	-42.95	30.5
3731	-42.95	31.5
3731	-42.5	31.95
3731	-42.05	31.5
3731	-42.5	31.05
3731	-42.95	31.5
3732	-42.95	32.5
3732	-42.5	32.95
3732	-42.05	32.5
3732	-42.5	32.05
3732	-42.95	32.5
3733	-42.95	33.5
3733	-42.5	33.95
3733	-42.05	33.5
3733	-42.5	33.05
3733	-42.95	33.5
3734	-42.95	34.5
3734	-42.5	34.95
3734	-42.05	34.5
3734	-42.5	34.05
3734	-42.95	34.5
3735	-42.95	35.5
3735	-42.5	35.95
3735	-42.05	35.5
3735	-42.5	35.05
3735	-42.95	35.5
3736	-42.95	36.5
3736	-42.5	36.95
3736	-42.05	36.5
3736	-42.5	36.05
3736	-42.95	36.5
3737	-42.95	37.5
3737	-42.5	37.95
3737	-42.05	37.5
3737	-42.5	37.05
3737	-42.95	37.5
3738	-42.95	38.5
3738	-42.5	38.95
3738	-42.05	38.5
3738	-42.5	38.05
3738	-42.95	38.5
3739	-42.95	39.5
3739	-42.5	39.95
3739	-42.05	39.5
3739	-42.5	39.05
3739	-42.95	39.5
3740	-42.95	4.5
3740	-42.5	4.95
3740	-42.05	4.5
3740	-42.5	4.05
3740	-42.95	4.5
3741	-42.95	40.5
3741	-42.5	40.95
3741	-42.05	40.5
3741	-42.5	40.05
3741	-42.95	40.5
3742	-42.95	41.5
3742	-42.5	41.95
3742	-42.05	41.5
3742	-42.5	41.05
3742	-42.95	41.5
3743	-42.95	42.5
3743	-42.5	42.95
3743	-42.05	42.5
3743	-42.5	42.05
3743	-42.95	42.5
3744	-42.95	43.5
3744	-42.5	43.95
3744	-42.05	43.5
3744	-42.5	43.05
3744	-42.95	43.5
3745	-42.95	44.5
3745	-42.5	44.95
3745	-42.05	44.5
3745	-42.5	44.05
3745	-42.95	44.5
3746	-42.95	45.5
3746	-42.5	45.95
3746	-42.05	45.5
3746	-42.5	45.05
3746	-42.95	45.5
3747	-42.95	46.5
3747	-42.5	46.95
3747	-42.05	46.5
3747	-42.5	46.05
3747	-42.95	46.5
3748	-42.95	47.5
3748	-42.5	47.95
3748	-42.05	47.5
3748	-42.5	47.05
3748	-42.95	47.5
3749	-42.95	48.5
3749	-42.5	48.95
3749	-42.05	48.5
3749	-42.5	48.05
3749	-42.95	48.5
3750	-42.95	5.5
3750	-42.5	5.95
3750	-42.05	5.5
3750	-42.5	5.05
3750	-42.95	5.5
3751	-42.95	6.5
3751	-42.5	6.95
3751	-42.05	6.5
3751	-42.5	6.05
3751	-42.95	6.5
3752	-42.95	7.5
3752	-42.5	7.95
3752	-42.05	7.5
3752	-42.5	7.05
3752	-42.95	7.5
3753	-42.95	8.5
3753	-42.5	8.95
3753	-42.05	8.5
3753	-42.5	8.05
3753	-42.95	8.5
3754	-42.95	9.5
3754	-42.5	9.95
3754	-42.05	9.5
3754	-42.5	9.05
3754	-42.95	9.5
3755	-43.45	0
3755	-43	0.45
3755	-42.55	0
3755	-43	-0.45
3755	-43.45	0
3756	-43.45	1
3756	-43	1.45
3756	-42.55	1
3756	-43	0.55
3756	-43.45	1
3757	-43.45	10
3757	-43	10.45
3757	-42.55	10
3757	-43	9.55
3757	-43.45	10
3758	-43.45	11
3758	-43	11.45
3758	-42.55	11
3758	-43	10.55
3758	-43.45	11
3759	-43.45	12
3759	-43	12.45
3759	-42.55	12
3759	-43	11.55
3759	-43.45	12
3760	-43.45	13
3760	-43	13.45
3760	-42.55	13
3760	-43	12.55
3760	-43.45	13
3761	-43.45	14
3761	-43	14.45
3761	-42.55	14
3761	-43	13.55
3761	-43.45	14
3762	-43.45	15
3762	-43	15.45
3762	-42.55	15
3762	-43	14.55
3762	-43.45	15
3763	-43.45	16
3763	-43	16.45
3763	-42.55	16
3763	-43	15.55
3763	-43.45	16
3764	-43.45	17
3764	-43	17.45
3764	-42.55	17
3764	-43	16.55
3764	-43.45	17
3765	-43.45	18
3765	-43	18.45
3765	-42.55	18
3765	-43	17.55
3765	-43.45	18
3766	-43.45	19
3766	-43	19.45
3766	-42.55	19
3766	-43	18.55
3766	-43.45	19
3767	-43.45	2
3767	-43	2.45
3767	-42.55	2
3767	-43	1.55
3767	-43.45	2
3768	-43.45	20
3768	-43	20.45
3768	-42.55	20
3768	-43	19.55
3768	-43.45	20
3769	-43.45	21
3769	-43	21.45
3769	-42.55	21
3769	-43	20.55
3769	-43.45	21
3770	-43.45	22
3770	-43	22.45
3770	-42.55	22
3770	-43	21.55
3770	-43.45	22
3771	-43.45	23
3771	-43	23.45
3771	-42.55	23
3771	-43	22.55
3771	-43.45	23
3772	-43.45	24
3772	-43	24.45
3772	-42.55	24
3772	-43	23.55
3772	-43.45	24
3773	-43.45	25
3773	-43	25.45
3773	-42.55	25
3773	-43	24.55
3773	-43.45	25
3774	-43.45	26
3774	-43	26.45
3774	-42.55	26
3774	-43	25.55
3774	-43.45	26
3775	-43.45	27
3775	-43	27.45
3775	-42.55	27
3775	-43	26.55
3775	-43.45	27
3776	-43.45	28
3776	-43	28.45
3776	-42.55	28
3776	-43	27.55
3776	-43.45	28
3777	-43.45	29
3777	-43	29.45
3777	-42.55	29
3777	-43	28.55
3777	-43.45	29
3778	-43.45	3
3778	-43	3.45
3778	-42.55	3
3778	-43	2.55
3778	-43.45	3
3779	-43.45	30
3779	-43	30.45
3779	-42.55	30
3779	-43	29.55
3779	-43.45	30
3780	-43.45	31
3780	-43	31.45
3780	-42.55	31
3780	-43	30.55
3780	-43.45	31
3781	-43.45	32
3781	-43	32.45
3781	-42.55	32
3781	-43	31.55
3781	-43.45	32
3782	-43.45	33
3782	-43	33.45
3782	-42.55	33
3782	-43	32.55
3782	-43.45	33
3783	-43.45	34
3783	-43	34.45
3783	-42.55	34
3783	-43	33.55
3783	-43.45	34
3784	-43.45	35
3784	-43	35.45
3784	-42.55	35
3784	-43	34.55
3784	-43.45	35
3785	-43.45	36
3785	-43	36.45
3785	-42.55	36
3785	-43	35.55
3785	-43.45	36
3786	-43.45	37
3786	-43	37.45
3786	-42.55	37
3786	-43	36.55
3786	-43.45	37
3787	-43.45	38
3787	-43	38.45
3787	-42.55	38
3787	-43	37.55
3787	-43.45	38
3788	-43.45	39
3788	-43	39.45
3788	-42.55	39
3788	-43	38.55
3788	-43.45	39
3789	-43.45	4
3789	-43	4.45
3789	-42.55	4
3789	-43	3.55
3789	-43.45	4
3790	-43.45	40
3790	-43	40.45
3790	-42.55	40
3790	-43	39.55
3790	-43.45	40
3791	-43.45	41
3791	-43	41.45
3791	-42.55	41
3791	-43	40.55
3791	-43.45	41
3792	-43.45	42
3792	-43	42.45
3792	-42.55	42
3792	-43	41.55
3792	-43.45	42
3793	-43.45	43
3793	-43	43.45
3793	-42.55	43
3793	-43	42.55
3793	-43.45	43
3794	-43.45	44
3794	-43	44.45
3794	-42.55	44
3794	-43	43.55
3794	-43.45	44
3795	-43.45	45
3795	-43	45.45
3795	-42.55	45
3795	-43	44.55
3795	-43.45	45
3796	-43.45	46
3796	-43	46.45
3796	-42.55	46
3796	-43	45.55
3796	-43.45	46
3797	-43.45	47
3797	-43	47.45
3797	-42.55	47
3797	-43	46.55
3797	-43.45	47
3798	-43.45	48
3798	-43	48.45
3798	-42.55	48
3798	-43	47.55
3798	-43.45	48
3799	-43.45	49
3799	-43	49.45
3799	-42.55	49
3799	-43	48.55
3799	-43.45	49
3800	-43.45	5
3800	-43	5.45
3800	-42.55	5
3800	-43	4.55
3800	-43.45	5
3801	-43.45	6
3801	-43	6.45
3801	-42.55	6
3801	-43	5.55
3801	-43.45	6
3802	-43.45	7
3802	-43	7.45
3802	-42.55	7
3802	-43	6.55
3802	-43.45	7
3803	-43.45	8
3803	-43	8.45
3803	-42.55	8
3803	-43	7.55
3803	-43.45	8
3804	-43.45	9
3804	-43	9.45
3804	-42.55	9
3804	-43	8.55
3804	-43.45	9
3805	-43.95	-0.5
3805	-43.5	-0.05
3805	-43.05	-0.5
3805	-43.5	-0.95
3805	-43.95	-0.5
3806	-43.95	0.5
3806	-43.5	0.95
3806	-43.05	0.5
3806	-43.5	0.05
3806	-43.95	0.5
3807	-43.95	1.5
3807	-43.5	1.95
3807	-43.05	1.5
3807	-43.5	1.05
3807	-43.95	1.5
3808	-43.95	10.5
3808	-43.5	10.95
3808	-43.05	10.5
3808	-43.5	10.05
3808	-43.95	10.5
3809	-43.95	11.5
3809	-43.5	11.95
3809	-43.05	11.5
3809	-43.5	11.05
3809	-43.95	11.5
3810	-43.95	12.5
3810	-43.5	12.95
3810	-43.05	12.5
3810	-43.5	12.05
3810	-43.95	12.5
3811	-43.95	13.5
3811	-43.5	13.95
3811	-43.05	13.5
3811	-43.5	13.05
3811	-43.95	13.5
3812	-43.95	14.5
3812	-43.5	14.95
3812	-43.05	14.5
3812	-43.5	14.05
3812	-43.95	14.5
3813	-43.95	15.5
3813	-43.5	15.95
3813	-43.05	15.5
3813	-43.5	15.05
3813	-43.95	15.5
3814	-43.95	16.5
3814	-43.5	16.95
3814	-43.05	16.5
3814	-43.5	16.05
3814	-43.95	16.5
3815	-43.95	17.5
3815	-43.5	17.95
3815	-43.05	17.5
3815	-43.5	17.05
3815	-43.95	17.5
3816	-43.95	18.5
3816	-43.5	18.95
3816	-43.05	18.5
3816	-43.5	18.05
3816	-43.95	18.5
3817	-43.95	19.5
3817	-43.5	19.95
3817	-43.05	19.5
3817	-43.5	19.05
3817	-43.95	19.5
3818	-43.95	2.5
3818	-43.5	2.95
3818	-43.05	2.5
3818	-43.5	2.05
3818	-43.95	2.5
3819	-43.95	20.5
3819	-43.5	20.95
3819	-43.05	20.5
3819	-43.5	20.05
3819	-43.95	20.5
3820	-43.95	21.5
3820	-43.5	21.95
3820	-43.05	21.5
3820	-43.5	21.05
3820	-43.95	21.5
3821	-43.95	22.5
3821	-43.5	22.95
3821	-43.05	22.5
3821	-43.5	22.05
3821	-43.95	22.5
3822	-43.95	23.5
3822	-43.5	23.95
3822	-43.05	23.5
3822	-43.5	23.05
3822	-43.95	23.5
3823	-43.95	24.5
3823	-43.5	24.95
3823	-43.05	24.5
3823	-43.5	24.05
3823	-43.95	24.5
3824	-43.95	25.5
3824	-43.5	25.95
3824	-43.05	25.5
3824	-43.5	25.05
3824	-43.95	25.5
3825	-43.95	26.5
3825	-43.5	26.95
3825	-43.05	26.5
3825	-43.5	26.05
3825	-43.95	26.5
3826	-43.95	27.5
3826	-43.5	27.95
3826	-43.05	27.5
3826	-43.5	27.05
3826	-43.95	27.5
3827	-43.95	28.5
3827	-43.5	28.95
3827	-43.05	28.5
3827	-43.5	28.05
3827	-43.95	28.5
3828	-43.95	29.5
3828	-43.5	29.95
3828	-43.05	29.5
3828	-43.5	29.05
3828	-43.95	29.5
3829	-43.95	3.5
3829	-43.5	3.95
3829	-43.05	3.5
3829	-43.5	3.05
3829	-43.95	3.5
3830	-43.95	30.5
3830	-43.5	30.95
3830	-43.05	30.5
3830	-43.5	30.05
3830	-43.95	30.5
3831	-43.95	31.5
3831	-43.5	31.95
3831	-43.05	31.5
3831	-43.5	31.05
3831	-43.95	31.5
3832	-43.95	32.5
3832	-43.5	32.95
3832	-43.05	32.5
3832	-43.5	32.05
3832	-43.95	32.5
3833	-43.95	33.5
3833	-43.5	33.95
3833	-43.05	33.5
3833	-43.5	33.05
3833	-43.95	33.5
3834	-43.95	34.5
3834	-43.5	34.95
3834	-43.05	34.5
3834	-43.5	34.05
3834	-43.95	34.5
3835	-43.95	35.5
3835	-43.5	35.95
3835	-43.05	35.5
3835	-43.5	35.05
3835	-43.95	35.5
3836	-43.95	36.5
3836	-43.5	36.95
3836	-43.05	36.5
3836	-43.5	36.05
3836	-43.95	36.5
3837	-43.95	37.5
3837	-43.5	37.95
3837	-43.05	37.5
3837	-43.5	37.05
3837	-43.95	37.5
3838	-43.95	38.5
3838	-43.5	38.95
3838	-43.05	38.5
3838	-43.5	38.05
3838	-43.95	38.5
3839	-43.95	39.5
3839	-43.5	39.95
3839	-43.05	39.5
3839	-43.5	39.05
3839	-43.95	39.5
3840	-43.95	4.5
3840	-43.5	4.95
3840	-43.05	4.5
3840	-43.5	4.05
3840	-43.95	4.5
3841	-43.95	40.5
3841	-43.5	40.95
3841	-43.05	40.5
3841	-43.5	40.05
3841	-43.95	40.5
3842	-43.95	41.5
3842	-43.5	41.95
3842	-43.05	41.5
3842	-43.5	41.05
3842	-43.95	41.5
3843	-43.95	42.5
3843	-43.5	42.95
3843	-43.05	42.5
3843	-43.5	42.05
3843	-43.95	42.5
3844	-43.95	43.5
3844	-43.5	43.95
3844	-43.05	43.5
3844	-43.5	43.05
3844	-43.95	43.5
3845	-43.95	44.5
3845	-43.5	44.95
3845	-43.05	44.5
3845	-43.5	44.05
3845	-43.95	44.5
3846	-43.95	45.5
3846	-43.5	45.95
3846	-43.05	45.5
3846	-43.5	45.05
3846	-43.95	45.5
3847	-43.95	46.5
3847	-43.5	46.95
3847	-43.05	46.5
3847	-43.5	46.05
3847	-43.95	46.5
3848	-43.95	47.5
3848	-43.5	47.95
3848	-43.05	47.5
3848	-43.5	47.05
3848	-43.95	47.5
3849	-43.95	48.5
3849	-43.5	48.95
3849	-43.05	48.5
3849	-43.5	48.05
3849	-43.95	48.5
3850	-43.95	5.5
3850	-43.5	5.95
3850	-43.05	5.5
3850	-43.5	5.05
3850	-43.95	5.5
3851	-43.95	6.5
3851	-43.5	6.95
3851	-43.05	6.5
3851	-43.5	6.05
3851	-43.95	6.5
3852	-43.95	7.5
3852	-43.5	7.95
3852	-43.05	7.5
3852	-43.5	7.05
3852	-43.95	7.5
3853	-43.95	8.5
3853	-43.5	8.95
3853	-43.05	8.5
3853	-43.5	8.05
3853	-43.95	8.5
3854	-43.95	9.5
3854	-43.5	9.95
3854	-43.05	9.5
3854	-43.5	9.05
3854	-43.95	9.5
3855	-44.45	0
3855	-44	0.45
3855	-43.55	0
3855	-44	-0.45
3855	-44.45	0
3856	-44.45	1
3856	-44	1.45
3856	-43.55	1
3856	-44	0.55
3856	-44.45	1
3857	-44.45	10
3857	-44	10.45
3857	-43.55	10
3857	-44	9.55
3857	-44.45	10
3858	-44.45	11
3858	-44	11.45
3858	-43.55	11
3858	-44	10.55
3858	-44.45	11
3859	-44.45	12
3859	-44	12.45
3859	-43.55	12
3859	-44	11.55
3859	-44.45	12
3860	-44.45	13
3860	-44	13.45
3860	-43.55	13
3860	-44	12.55
3860	-44.45	13
3861	-44.45	14
3861	-44	14.45
3861	-43.55	14
3861	-44	13.55
3861	-44.45	14
3862	-44.45	15
3862	-44	15.45
3862	-43.55	15
3862	-44	14.55
3862	-44.45	15
3863	-44.45	16
3863	-44	16.45
3863	-43.55	16
3863	-44	15.55
3863	-44.45	16
3864	-44.45	17
3864	-44	17.45
3864	-43.55	17
3864	-44	16.55
3864	-44.45	17
3865	-44.45	18
3865	-44	18.45
3865	-43.55	18
3865	-44	17.55
3865	-44.45	18
3866	-44.45	19
3866	-44	19.45
3866	-43.55	19
3866	-44	18.55
3866	-44.45	19
3867	-44.45	2
3867	-44	2.45
3867	-43.55	2
3867	-44	1.55
3867	-44.45	2
3868	-44.45	20
3868	-44	20.45
3868	-43.55	20
3868	-44	19.55
3868	-44.45	20
3869	-44.45	21
3869	-44	21.45
3869	-43.55	21
3869	-44	20.55
3869	-44.45	21
3870	-44.45	22
3870	-44	22.45
3870	-43.55	22
3870	-44	21.55
3870	-44.45	22
3871	-44.45	23
3871	-44	23.45
3871	-43.55	23
3871	-44	22.55
3871	-44.45	23
3872	-44.45	24
3872	-44	24.45
3872	-43.55	24
3872	-44	23.55
3872	-44.45	24
3873	-44.45	25
3873	-44	25.45
3873	-43.55	25
3873	-44	24.55
3873	-44.45	25
3874	-44.45	26
3874	-44	26.45
3874	-43.55	26
3874	-44	25.55
3874	-44.45	26
3875	-44.45	27
3875	-44	27.45
3875	-43.55	27
3875	-44	26.55
3875	-44.45	27
3876	-44.45	28
3876	-44	28.45
3876	-43.55	28
3876	-44	27.55
3876	-44.45	28
3877	-44.45	29
3877	-44	29.45
3877	-43.55	29
3877	-44	28.55
3877	-44.45	29
3878	-44.45	3
3878	-44	3.45
3878	-43.55	3
3878	-44	2.55
3878	-44.45	3
3879	-44.45	30
3879	-44	30.45
3879	-43.55	30
3879	-44	29.55
3879	-44.45	30
3880	-44.45	31
3880	-44	31.45
3880	-43.55	31
3880	-44	30.55
3880	-44.45	31
3881	-44.45	32
3881	-44	32.45
3881	-43.55	32
3881	-44	31.55
3881	-44.45	32
3882	-44.45	33
3882	-44	33.45
3882	-43.55	33
3882	-44	32.55
3882	-44.45	33
3883	-44.45	34
3883	-44	34.45
3883	-43.55	34
3883	-44	33.55
3883	-44.45	34
3884	-44.45	35
3884	-44	35.45
3884	-43.55	35
3884	-44	34.55
3884	-44.45	35
3885	-44.45	36
3885	-44	36.45
3885	-43.55	36
3885	-44	35.55
3885	-44.45	36
3886	-44.45	37
3886	-44	37.45
3886	-43.55	37
3886	-44	36.55
3886	-44.45	37
3887	-44.45	38
3887	-44	38.45
3887	-43.55	38
3887	-44	37.55
3887	-44.45	38
3888	-44.45	39
3888	-44	39.45
3888	-43.55	39
3888	-44	38.55
3888	-44.45	39
3889	-44.45	4
3889	-44	4.45
3889	-43.55	4
3889	-44	3.55
3889	-44.45	4
3890	-44.45	40
3890	-44	40.45
3890	-43.55	40
3890	-44	39.55
3890	-44.45	40
3891	-44.45	41
3891	-44	41.45
3891	-43.55	41
3891	-44	40.55
3891	-44.45	41
3892	-44.45	42
3892	-44	42.45
3892	-43.55	42
3892	-44	41.55
3892	-44.45	42
3893	-44.45	43
3893	-44	43.45
3893	-43.55	43
3893	-44	42.55
3893	-44.45	43
3894	-44.45	44
3894	-44	44.45
3894	-43.55	44
3894	-44	43.55
3894	-44.45	44
3895	-44.45	45
3895	-44	45.45
3895	-43.55	45
3895	-44	44.55
3895	-44.45	45
3896	-44.45	46
3896	-44	46.45
3896	-43.55	46
3896	-44	45.55
3896	-44.45	46
3897	-44.45	47
3897	-44	47.45
3897	-43.55	47
3897	-44	46.55
3897	-44.45	47
3898	-44.45	48
3898	-44	48.45
3898	-43.55	48
3898	-44	47.55
3898	-44.45	48
3899	-44.45	49
3899	-44	49.45
3899	-43.55	49
3899	-44	48.55
3899	-44.45	49
3900	-44.45	5
3900	-44	5.45
3900	-43.55	5
3900	-44	4.55
3900	-44.45	5
3901	-44.45	6
3901	-44	6.45
3901	-43.55	6
3901	-44	5.55
3901	-44.45	6
3902	-44.45	7
3902	-44	7.45
3902	-43.55	7
3902	-44	6.55
3902	-44.45	7
3903	-44.45	8
3903	-44	8.45
3903	-43.55	8
3903	-44	7.55
3903	-44.45	8
3904	-44.45	9
3904	-44	9.45
3904	-43.55	9
3904	-44	8.55
3904	-44.45	9
3905	-44.95	-0.5
3905	-44.5	-0.05
3905	-44.05	-0.5
3905	-44.5	-0.95
3905	-44.95	-0.5
3906	-44.95	0.5
3906	-44.5	0.95
3906	-44.05	0.5
3906	-44.5	0.05
3906	-44.95	0.5
3907	-44.95	1.5
3907	-44.5	1.95
3907	-44.05	1.5
3907	-44.5	1.05
3907	-44.95	1.5
3908	-44.95	10.5
3908	-44.5	10.95
3908	-44.05	10.5
3908	-44.5	10.05
3908	-44.95	10.5
3909	-44.95	11.5
3909	-44.5	11.95
3909	-44.05	11.5
3909	-44.5	11.05
3909	-44.95	11.5
3910	-44.95	12.5
3910	-44.5	12.95
3910	-44.05	12.5
3910	-44.5	12.05
3910	-44.95	12.5
3911	-44.95	13.5
3911	-44.5	13.95
3911	-44.05	13.5
3911	-44.5	13.05
3911	-44.95	13.5
3912	-44.95	14.5
3912	-44.5	14.95
3912	-44.05	14.5
3912	-44.5	14.05
3912	-44.95	14.5
3913	-44.95	15.5
3913	-44.5	15.95
3913	-44.05	15.5
3913	-44.5	15.05
3913	-44.95	15.5
3914	-44.95	16.5
3914	-44.5	16.95
3914	-44.05	16.5
3914	-44.5	16.05
3914	-44.95	16.5
3915	-44.95	17.5
3915	-44.5	17.95
3915	-44.05	17.5
3915	-44.5	17.05
3915	-44.95	17.5
3916	-44.95	18.5
3916	-44.5	18.95
3916	-44.05	18.5
3916	-44.5	18.05
3916	-44.95	18.5
3917	-44.95	19.5
3917	-44.5	19.95
3917	-44.05	19.5
3917	-44.5	19.05
3917	-44.95	19.5
3918	-44.95	2.5
3918	-44.5	2.95
3918	-44.05	2.5
3918	-44.5	2.05
3918	-44.95	2.5
3919	-44.95	20.5
3919	-44.5	20.95
3919	-44.05	20.5
3919	-44.5	20.05
3919	-44.95	20.5
3920	-44.95	21.5
3920	-44.5	21.95
3920	-44.05	21.5
3920	-44.5	21.05
3920	-44.95	21.5
3921	-44.95	22.5
3921	-44.5	22.95
3921	-44.05	22.5
3921	-44.5	22.05
3921	-44.95	22.5
3922	-44.95	23.5
3922	-44.5	23.95
3922	-44.05	23.5
3922	-44.5	23.05
3922	-44.95	23.5
3923	-44.95	24.5
3923	-44.5	24.95
3923	-44.05	24.5
3923	-44.5	24.05
3923	-44.95	24.5
3924	-44.95	25.5
3924	-44.5	25.95
3924	-44.05	25.5
3924	-44.5	25.05
3924	-44.95	25.5
3925	-44.95	26.5
3925	-44.5	26.95
3925	-44.05	26.5
3925	-44.5	26.05
3925	-44.95	26.5
3926	-44.95	27.5
3926	-44.5	27.95
3926	-44.05	27.5
3926	-44.5	27.05
3926	-44.95	27.5
3927	-44.95	28.5
3927	-44.5	28.95
3927	-44.05	28.5
3927	-44.5	28.05
3927	-44.95	28.5
3928	-44.95	29.5
3928	-44.5	29.95
3928	-44.05	29.5
3928	-44.5	29.05
3928	-44.95	29.5
3929	-44.95	3.5
3929	-44.5	3.95
3929	-44.05	3.5
3929	-44.5	3.05
3929	-44.95	3.5
3930	-44.95	30.5
3930	-44.5	30.95
3930	-44.05	30.5
3930	-44.5	30.05
3930	-44.95	30.5
3931	-44.95	31.5
3931	-44.5	31.95
3931	-44.05	31.5
3931	-44.5	31.05
3931	-44.95	31.5
3932	-44.95	32.5
3932	-44.5	32.95
3932	-44.05	32.5
3932	-44.5	32.05
3932	-44.95	32.5
3933	-44.95	33.5
3933	-44.5	33.95
3933	-44.05	33.5
3933	-44.5	33.05
3933	-44.95	33.5
3934	-44.95	34.5
3934	-44.5	34.95
3934	-44.05	34.5
3934	-44.5	34.05
3934	-44.95	34.5
3935	-44.95	35.5
3935	-44.5	35.95
3935	-44.05	35.5
3935	-44.5	35.05
3935	-44.95	35.5
3936	-44.95	36.5
3936	-44.5	36.95
3936	-44.05	36.5
3936	-44.5	36.05
3936	-44.95	36.5
3937	-44.95	37.5
3937	-44.5	37.95
3937	-44.05	37.5
3937	-44.5	37.05
3937	-44.95	37.5
3938	-44.95	38.5
3938	-44.5	38.95
3938	-44.05	38.5
3938	-44.5	38.05
3938	-44.95	38.5
3939	-44.95	39.5
3939	-44.5	39.95
3939	-44.05	39.5
3939	-44.5	39.05
3939	-44.95	39.5
3940	-44.95	4.5
3940	-44.5	4.95
3940	-44.05	4.5
3940	-44.5	4.05
3940	-44.95	4.5
3941	-44.95	40.5
3941	-44.5	40.95
3941	-44.05	40.5
3941	-44.5	40.05
3941	-44.95	40.5
3942	-44.95	41.5
3942	-44.5	41.95
3942	-44.05	41.5
3942	-44.5	41.05
3942	-44.95	41.5
3943	-44.95	42.5
3943	-44.5	42.95
3943	-44.05	42.5
3943	-44.5	42.05
3943	-44.95	42.5
3944	-44.95	43.5
3944	-44.5	43.95
3944	-44.05	43.5
3944	-44.5	43.05
3944	-44.95	43.5
3945	-44.95	44.5
3945	-44.5	44.95
3945	-44.05	44.5
3945	-44.5	44.05
3945	-44.95	44.5
3946	-44.95	45.5
3946	-44.5	45.95
3946	-44.05	45.5
3946	-44.5	45.05
3946	-44.95	45.5
3947	-44.95	46.5
3947	-44.5	46.95
3947	-44.05	46.5
3947	-44.5	46.05
3947	-44.95	46.5
3948	-44.95	47.5
3948	-44.5	47.95
3948	-44.05	47.5
3948	-44.5	47.05
3948	-44.95	47.5
3949	-44.95	48.5
3949	-44.5	48.95
3949	-44.05	48.5
3949	-44.5	48.05
3949	-44.95	48.5
3950	-44.95	5.5
3950	-44.5	5.95
3950	-44.05	5.5
3950	-44.5	5.05
3950	-44.95	5.5
3951	-44.95	6.5
3951	-44.5	6.95
3951	-44.05	6.5
3951	-44.5	6.05
3951	-44.95	6.5
3952	-44.95	7.5
3952	-44.5	7.95
3952	-44.05	7.5
3952	-44.5	7.05
3952	-44.95	7.5
3953	-44.95	8.5
3953	-44.5	8.95
3953	-44.05	8.5
3953	-44.5	8.05
3953	-44.95	8.5
3954	-44.95	9.5
3954	-44.5	9.95
3954	-44.05	9.5
3954	-44.5	9.05
3954	-44.95	9.5
3955	-45.45	0
3955	-45	0.45
3955	-44.55	0
3955	-45	-0.45
3955	-45.45	0
3956	-45.45	1
3956	-45	1.45
3956	-44.55	1
3956	-45	0.55
3956	-45.45	1
3957	-45.45	10
3957	-45	10.45
3957	-44.55	10
3957	-45	9.55
3957	-45.45	10
3958	-45.45	11
3958	-45	11.45
3958	-44.55	11
3958	-45	10.55
3958	-45.45	11
3959	-45.45	12
3959	-45	12.45
3959	-44.55	12
3959	-45	11.55
3959	-45.45	12
3960	-45.45	13
3960	-45	13.45
3960	-44.55	13
3960	-45	12.55
3960	-45.45	13
3961	-45.45	14
3961	-45	14.45
3961	-44.55	14
3961	-45	13.55
3961	-45.45	14
3962	-45.45	15
3962	-45	15.45
3962	-44.55	15
3962	-45	14.55
3962	-45.45	15
3963	-45.45	16
3963	-45	16.45
3963	-44.55	16
3963	-45	15.55
3963	-45.45	16
3964	-45.45	17
3964	-45	17.45
3964	-44.55	17
3964	-45	16.55
3964	-45.45	17
3965	-45.45	18
3965	-45	18.45
3965	-44.55	18
3965	-45	17.55
3965	-45.45	18
3966	-45.45	19
3966	-45	19.45
3966	-44.55	19
3966	-45	18.55
3966	-45.45	19
3967	-45.45	2
3967	-45	2.45
3967	-44.55	2
3967	-45	1.55
3967	-45.45	2
3968	-45.45	20
3968	-45	20.45
3968	-44.55	20
3968	-45	19.55
3968	-45.45	20
3969	-45.45	21
3969	-45	21.45
3969	-44.55	21
3969	-45	20.55
3969	-45.45	21
3970	-45.45	22
3970	-45	22.45
3970	-44.55	22
3970	-45	21.55
3970	-45.45	22
3971	-45.45	23
3971	-45	23.45
3971	-44.55	23
3971	-45	22.55
3971	-45.45	23
3972	-45.45	24
3972	-45	24.45
3972	-44.55	24
3972	-45	23.55
3972	-45.45	24
3973	-45.45	25
3973	-45	25.45
3973	-44.55	25
3973	-45	24.55
3973	-45.45	25
3974	-45.45	26
3974	-45	26.45
3974	-44.55	26
3974	-45	25.55
3974	-45.45	26
3975	-45.45	27
3975	-45	27.45
3975	-44.55	27
3975	-45	26.55
3975	-45.45	27
3976	-45.45	28
3976	-45	28.45
3976	-44.55	28
3976	-45	27.55
3976	-45.45	28
3977	-45.45	29
3977	-45	29.45
3977	-44.55	29
3977	-45	28.55
3977	-45.45	29
3978	-45.45	3
3978	-45	3.45
3978	-44.55	3
3978	-45	2.55
3978	-45.45	3
3979	-45.45	30
3979	-45	30.45
3979	-44.55	30
3979	-45	29.55
3979	-45.45	30
3980	-45.45	31
3980	-45	31.45
3980	-44.55	31
3980	-45	30.55
3980	-45.45	31
3981	-45.45	32
3981	-45	32.45
3981	-44.55	32
3981	-45	31.55
3981	-45.45	32
3982	-45.45	33
3982	-45	33.45
3982	-44.55	33
3982	-45	32.55
3982	-45.45	33
3983	-45.45	34
3983	-45	34.45
3983	-44.55	34
3983	-45	33.55
3983	-45.45	34
3984	-45.45	35
3984	-45	35.45
3984	-44.55	35
3984	-45	34.55
3984	-45.45	35
3985	-45.45	36
3985	-45	36.45
3985	-44.55	36
3985	-45	35.55
3985	-45.45	36
3986	-45.45	37
3986	-45	37.45
3986	-44.55	37
3986	-45	36.55
3986	-45.45	37
3987	-45.45	38
3987	-45	38.45
3987	-44.55	38
3987	-45	37.55
3987	-45.45	38
3988	-45.45	39
3988	-45	39.45
3988	-44.55	39
3988	-45	38.55
3988	-45.45	39
3989	-45.45	4
3989	-45	4.45
3989	-44.55	4
3989	-45	3.55
3989	-45.45	4
3990	-45.45	40
3990	-45	40.45
3990	-44.55	40
3990	-45	39.55
3990	-45.45	40
3991	-45.45	41
3991	-45	41.45
3991	-44.55	41
3991	-45	40.55
3991	-45.45	41
3992	-45.45	42
3992	-45	42.45
3992	-44.55	42
3992	-45	41.55
3992	-45.45	42
3993	-45.45	43
3993	-45	43.45
3993	-44.55	43
3993	-45	42.55
3993	-45.45	43
3994	-45.45	44
3994	-45	44.45
3994	-44.55	44
3994	-45	43.55
3994	-45.45	44
3995	-45.45	45
3995	-45	45.45
3995	-44.55	45
3995	-45	44.55
3995	-45.45	45
3996	-45.45	46
3996	-45	46.45
3996	-44.55	46
3996	-45	45.55
3996	-45.45	46
3997	-45.45	47
3997	-45	47.45
3997	-44.55	47
3997	-45	46.55
3997	-45.45	47
3998	-45.45	48
3998	-45	48.45
3998	-44.55	48
3998	-45	47.55
3998	-45.45	48
3999	-45.45	49
3999	-45	49.45
3999	-44.55	49
3999	-45	48.55
3999	-45.45	49
4000	-45.45	5
4000	-45	5.45
4000	-44.55	5
4000	-45	4.55
4000	-45.45	5
4001	-45.45	6
4001	-45	6.45
4001	-44.55	6
4001	-45	5.55
4001	-45.45	6
4002	-45.45	7
4002	-45	7.45
4002	-44.55	7
4002	-45	6.55
4002	-45.45	7
4003	-45.45	8
4003	-45	8.45
4003	-44.55	8
4003	-45	7.55
4003	-45.45	8
4004	-45.45	9
4004	-45	9.45
4004	-44.55	9
4004	-45	8.55
4004	-45.45	9
4005	-5.45	0
4005	-5	0.45
4005	-4.55	0
4005	-5	-0.45
4005	-5.45	0
4006	-5.45	1
4006	-5	1.45
4006	-4.55	1
4006	-5	0.55
4006	-5.45	1
4007	-5.45	10
4007	-5	10.45
4007	-4.55	10
4007	-5	9.55
4007	-5.45	10
4008	-5.45	11
4008	-5	11.45
4008	-4.55	11
4008	-5	10.55
4008	-5.45	11
4009	-5.45	12
4009	-5	12.45
4009	-4.55	12
4009	-5	11.55
4009	-5.45	12
4010	-5.45	13
4010	-5	13.45
4010	-4.55	13
4010	-5	12.55
4010	-5.45	13
4011	-5.45	14
4011	-5	14.45
4011	-4.55	14
4011	-5	13.55
4011	-5.45	14
4012	-5.45	15
4012	-5	15.45
4012	-4.55	15
4012	-5	14.55
4012	-5.45	15
4013	-5.45	16
4013	-5	16.45
4013	-4.55	16
4013	-5	15.55
4013	-5.45	16
4014	-5.45	17
4014	-5	17.45
4014	-4.55	17
4014	-5	16.55
4014	-5.45	17
4015	-5.45	18
4015	-5	18.45
4015	-4.55	18
4015	-5	17.55
4015	-5.45	18
4016	-5.45	19
4016	-5	19.45
4016	-4.55	19
4016	-5	18.55
4016	-5.45	19
4017	-5.45	2
4017	-5	2.45
4017	-4.55	2
4017	-5	1.55
4017	-5.45	2
4018	-5.45	20
4018	-5	20.45
4018	-4.55	20
4018	-5	19.55
4018	-5.45	20
4019	-5.45	21
4019	-5	21.45
4019	-4.55	21
4019	-5	20.55
4019	-5.45	21
4020	-5.45	22
4020	-5	22.45
4020	-4.55	22
4020	-5	21.55
4020	-5.45	22
4021	-5.45	23
4021	-5	23.45
4021	-4.55	23
4021	-5	22.55
4021	-5.45	23
4022	-5.45	24
4022	-5	24.45
4022	-4.55	24
4022	-5	23.55
4022	-5.45	24
4023	-5.45	25
4023	-5	25.45
4023	-4.55	25
4023	-5	24.55
4023	-5.45	25
4024	-5.45	26
4024	-5	26.45
4024	-4.55	26
4024	-5	25.55
4024	-5.45	26
4025	-5.45	27
4025	-5	27.45
4025	-4.55	27
4025	-5	26.55
4025	-5.45	27
4026	-5.45	28
4026	-5	28.45
4026	-4.55	28
4026	-5	27.55
4026	-5.45	28
4027	-5.45	29
4027	-5	29.45
4027	-4.55	29
4027	-5	28.55
4027	-5.45	29
4028	-5.45	3
4028	-5	3.45
4028	-4.55	3
4028	-5	2.55
4028	-5.45	3
4029	-5.45	30
4029	-5	30.45
4029	-4.55	30
4029	-5	29.55
4029	-5.45	30
4030	-5.45	31
4030	-5	31.45
4030	-4.55	31
4030	-5	30.55
4030	-5.45	31
4031	-5.45	32
4031	-5	32.45
4031	-4.55	32
4031	-5	31.55
4031	-5.45	32
4032	-5.45	33
4032	-5	33.45
4032	-4.55	33
4032	-5	32.55
4032	-5.45	33
4033	-5.45	34
4033	-5	34.45
4033	-4.55	34
4033	-5	33.55
4033	-5.45	34
4034	-5.45	35
4034	-5	35.45
4034	-4.55	35
4034	-5	34.55
4034	-5.45	35
4035	-5.45	36
4035	-5	36.45
4035	-4.55	36
4035	-5	35.55
4035	-5.45	36
4036	-5.45	37
4036	-5	37.45
4036	-4.55	37
4036	-5	36.55
4036	-5.45	37
4037	-5.45	38
4037	-5	38.45
4037	-4.55	38
4037	-5	37.55
4037	-5.45	38
4038	-5.45	39
4038	-5	39.45
4038	-4.55	39
4038	-5	38.55
4038	-5.45	39
4039	-5.45	4
4039	-5	4.45
4039	-4.55	4
4039	-5	3.55
4039	-5.45	4
4040	-5.45	40
4040	-5	40.45
4040	-4.55	40
4040	-5	39.55
4040	-5.45	40
4041	-5.45	41
4041	-5	41.45
4041	-4.55	41
4041	-5	40.55
4041	-5.45	41
4042	-5.45	42
4042	-5	42.45
4042	-4.55	42
4042	-5	41.55
4042	-5.45	42
4043	-5.45	43
4043	-5	43.45
4043	-4.55	43
4043	-5	42.55
4043	-5.45	43
4044	-5.45	44
4044	-5	44.45
4044	-4.55	44
4044	-5	43.55
4044	-5.45	44
4045	-5.45	45
4045	-5	45.45
4045	-4.55	45
4045	-5	44.55
4045	-5.45	45
4046	-5.45	46
4046	-5	46.45
4046	-4.55	46
4046	-5	45.55
4046	-5.45	46
4047	-5.45	47
4047	-5	47.45
4047	-4.55	47
4047	-5	46.55
4047	-5.45	47
4048	-5.45	48
4048	-5	48.45
4048	-4.55	48
4048	-5	47.55
4048	-5.45	48
4049	-5.45	49
4049	-5	49.45
4049	-4.55	49
4049	-5	48.55
4049	-5.45	49
4050	-5.45	5
4050	-5	5.45
4050	-4.55	5
4050	-5	4.55
4050	-5.45	5
4051	-5.45	6
4051	-5	6.45
4051	-4.55	6
4051	-5	5.55
4051	-5.45	6
4052	-5.45	7
4052	-5	7.45
4052	-4.55	7
4052	-5	6.55
4052	-5.45	7
4053	-5.45	8
4053	-5	8.45
4053	-4.55	8
4053	-5	7.55
4053	-5.45	8
4054	-5.45	9
4054	-5	9.45
4054	-4.55	9
4054	-5	8.55
4054	-5.45	9
4055	-5.95	-0.5
4055	-5.5	-0.05
4055	-5.05	-0.5
4055	-5.5	-0.95
4055	-5.95	-0.5
4056	-5.95	0.5
4056	-5.5	0.95
4056	-5.05	0.5
4056	-5.5	0.05
4056	-5.95	0.5
4057	-5.95	1.5
4057	-5.5	1.95
4057	-5.05	1.5
4057	-5.5	1.05
4057	-5.95	1.5
4058	-5.95	10.5
4058	-5.5	10.95
4058	-5.05	10.5
4058	-5.5	10.05
4058	-5.95	10.5
4059	-5.95	11.5
4059	-5.5	11.95
4059	-5.05	11.5
4059	-5.5	11.05
4059	-5.95	11.5
4060	-5.95	12.5
4060	-5.5	12.95
4060	-5.05	12.5
4060	-5.5	12.05
4060	-5.95	12.5
4061	-5.95	13.5
4061	-5.5	13.95
4061	-5.05	13.5
4061	-5.5	13.05
4061	-5.95	13.5
4062	-5.95	14.5
4062	-5.5	14.95
4062	-5.05	14.5
4062	-5.5	14.05
4062	-5.95	14.5
4063	-5.95	15.5
4063	-5.5	15.95
4063	-5.05	15.5
4063	-5.5	15.05
4063	-5.95	15.5
4064	-5.95	16.5
4064	-5.5	16.95
4064	-5.05	16.5
4064	-5.5	16.05
4064	-5.95	16.5
4065	-5.95	17.5
4065	-5.5	17.95
4065	-5.05	17.5
4065	-5.5	17.05
4065	-5.95	17.5
4066	-5.95	18.5
4066	-5.5	18.95
4066	-5.05	18.5
4066	-5.5	18.05
4066	-5.95	18.5
4067	-5.95	19.5
4067	-5.5	19.95
4067	-5.05	19.5
4067	-5.5	19.05
4067	-5.95	19.5
4068	-5.95	2.5
4068	-5.5	2.95
4068	-5.05	2.5
4068	-5.5	2.05
4068	-5.95	2.5
4069	-5.95	20.5
4069	-5.5	20.95
4069	-5.05	20.5
4069	-5.5	20.05
4069	-5.95	20.5
4070	-5.95	21.5
4070	-5.5	21.95
4070	-5.05	21.5
4070	-5.5	21.05
4070	-5.95	21.5
4071	-5.95	22.5
4071	-5.5	22.95
4071	-5.05	22.5
4071	-5.5	22.05
4071	-5.95	22.5
4072	-5.95	23.5
4072	-5.5	23.95
4072	-5.05	23.5
4072	-5.5	23.05
4072	-5.95	23.5
4073	-5.95	24.5
4073	-5.5	24.95
4073	-5.05	24.5
4073	-5.5	24.05
4073	-5.95	24.5
4074	-5.95	25.5
4074	-5.5	25.95
4074	-5.05	25.5
4074	-5.5	25.05
4074	-5.95	25.5
4075	-5.95	26.5
4075	-5.5	26.95
4075	-5.05	26.5
4075	-5.5	26.05
4075	-5.95	26.5
4076	-5.95	27.5
4076	-5.5	27.95
4076	-5.05	27.5
4076	-5.5	27.05
4076	-5.95	27.5
4077	-5.95	28.5
4077	-5.5	28.95
4077	-5.05	28.5
4077	-5.5	28.05
4077	-5.95	28.5
4078	-5.95	29.5
4078	-5.5	29.95
4078	-5.05	29.5
4078	-5.5	29.05
4078	-5.95	29.5
4079	-5.95	3.5
4079	-5.5	3.95
4079	-5.05	3.5
4079	-5.5	3.05
4079	-5.95	3.5
4080	-5.95	30.5
4080	-5.5	30.95
4080	-5.05	30.5
4080	-5.5	30.05
4080	-5.95	30.5
4081	-5.95	31.5
4081	-5.5	31.95
4081	-5.05	31.5
4081	-5.5	31.05
4081	-5.95	31.5
4082	-5.95	32.5
4082	-5.5	32.95
4082	-5.05	32.5
4082	-5.5	32.05
4082	-5.95	32.5
4083	-5.95	33.5
4083	-5.5	33.95
4083	-5.05	33.5
4083	-5.5	33.05
4083	-5.95	33.5
4084	-5.95	34.5
4084	-5.5	34.95
4084	-5.05	34.5
4084	-5.5	34.05
4084	-5.95	34.5
4085	-5.95	35.5
4085	-5.5	35.95
4085	-5.05	35.5
4085	-5.5	35.05
4085	-5.95	35.5
4086	-5.95	36.5
4086	-5.5	36.95
4086	-5.05	36.5
4086	-5.5	36.05
4086	-5.95	36.5
4087	-5.95	37.5
4087	-5.5	37.95
4087	-5.05	37.5
4087	-5.5	37.05
4087	-5.95	37.5
4088	-5.95	38.5
4088	-5.5	38.95
4088	-5.05	38.5
4088	-5.5	38.05
4088	-5.95	38.5
4089	-5.95	39.5
4089	-5.5	39.95
4089	-5.05	39.5
4089	-5.5	39.05
4089	-5.95	39.5
4090	-5.95	4.5
4090	-5.5	4.95
4090	-5.05	4.5
4090	-5.5	4.05
4090	-5.95	4.5
4091	-5.95	40.5
4091	-5.5	40.95
4091	-5.05	40.5
4091	-5.5	40.05
4091	-5.95	40.5
4092	-5.95	41.5
4092	-5.5	41.95
4092	-5.05	41.5
4092	-5.5	41.05
4092	-5.95	41.5
4093	-5.95	42.5
4093	-5.5	42.95
4093	-5.05	42.5
4093	-5.5	42.05
4093	-5.95	42.5
4094	-5.95	43.5
4094	-5.5	43.95
4094	-5.05	43.5
4094	-5.5	43.05
4094	-5.95	43.5
4095	-5.95	44.5
4095	-5.5	44.95
4095	-5.05	44.5
4095	-5.5	44.05
4095	-5.95	44.5
4096	-5.95	45.5
4096	-5.5	45.95
4096	-5.05	45.5
4096	-5.5	45.05
4096	-5.95	45.5
4097	-5.95	46.5
4097	-5.5	46.95
4097	-5.05	46.5
4097	-5.5	46.05
4097	-5.95	46.5
4098	-5.95	47.5
4098	-5.5	47.95
4098	-5.05	47.5
4098	-5.5	47.05
4098	-5.95	47.5
4099	-5.95	48.5
4099	-5.5	48.95
4099	-5.05	48.5
4099	-5.5	48.05
4099	-5.95	48.5
4100	-5.95	5.5
4100	-5.5	5.95
4100	-5.05	5.5
4100	-5.5	5.05
4100	-5.95	5.5
4101	-5.95	6.5
4101	-5.5	6.95
4101	-5.05	6.5
4101	-5.5	6.05
4101	-5.95	6.5
4102	-5.95	7.5
4102	-5.5	7.95
4102	-5.05	7.5
4102	-5.5	7.05
4102	-5.95	7.5
4103	-5.95	8.5
4103	-5.5	8.95
4103	-5.05	8.5
4103	-5.5	8.05
4103	-5.95	8.5
4104	-5.95	9.5
4104	-5.5	9.95
4104	-5.05	9.5
4104	-5.5	9.05
4104	-5.95	9.5
4105	-6.45	0
4105	-6	0.45
4105	-5.55	0
4105	-6	-0.45
4105	-6.45	0
4106	-6.45	1
4106	-6	1.45
4106	-5.55	1
4106	-6	0.55
4106	-6.45	1
4107	-6.45	10
4107	-6	10.45
4107	-5.55	10
4107	-6	9.55
4107	-6.45	10
4108	-6.45	11
4108	-6	11.45
4108	-5.55	11
4108	-6	10.55
4108	-6.45	11
4109	-6.45	12
4109	-6	12.45
4109	-5.55	12
4109	-6	11.55
4109	-6.45	12
4110	-6.45	13
4110	-6	13.45
4110	-5.55	13
4110	-6	12.55
4110	-6.45	13
4111	-6.45	14
4111	-6	14.45
4111	-5.55	14
4111	-6	13.55
4111	-6.45	14
4112	-6.45	15
4112	-6	15.45
4112	-5.55	15
4112	-6	14.55
4112	-6.45	15
4113	-6.45	16
4113	-6	16.45
4113	-5.55	16
4113	-6	15.55
4113	-6.45	16
4114	-6.45	17
4114	-6	17.45
4114	-5.55	17
4114	-6	16.55
4114	-6.45	17
4115	-6.45	18
4115	-6	18.45
4115	-5.55	18
4115	-6	17.55
4115	-6.45	18
4116	-6.45	19
4116	-6	19.45
4116	-5.55	19
4116	-6	18.55
4116	-6.45	19
4117	-6.45	2
4117	-6	2.45
4117	-5.55	2
4117	-6	1.55
4117	-6.45	2
4118	-6.45	20
4118	-6	20.45
4118	-5.55	20
4118	-6	19.55
4118	-6.45	20
4119	-6.45	21
4119	-6	21.45
4119	-5.55	21
4119	-6	20.55
4119	-6.45	21
4120	-6.45	22
4120	-6	22.45
4120	-5.55	22
4120	-6	21.55
4120	-6.45	22
4121	-6.45	23
4121	-6	23.45
4121	-5.55	23
4121	-6	22.55
4121	-6.45	23
4122	-6.45	24
4122	-6	24.45
4122	-5.55	24
4122	-6	23.55
4122	-6.45	24
4123	-6.45	25
4123	-6	25.45
4123	-5.55	25
4123	-6	24.55
4123	-6.45	25
4124	-6.45	26
4124	-6	26.45
4124	-5.55	26
4124	-6	25.55
4124	-6.45	26
4125	-6.45	27
4125	-6	27.45
4125	-5.55	27
4125	-6	26.55
4125	-6.45	27
4126	-6.45	28
4126	-6	28.45
4126	-5.55	28
4126	-6	27.55
4126	-6.45	28
4127	-6.45	29
4127	-6	29.45
4127	-5.55	29
4127	-6	28.55
4127	-6.45	29
4128	-6.45	3
4128	-6	3.45
4128	-5.55	3
4128	-6	2.55
4128	-6.45	3
4129	-6.45	30
4129	-6	30.45
4129	-5.55	30
4129	-6	29.55
4129	-6.45	30
4130	-6.45	31
4130	-6	31.45
4130	-5.55	31
4130	-6	30.55
4130	-6.45	31
4131	-6.45	32
4131	-6	32.45
4131	-5.55	32
4131	-6	31.55
4131	-6.45	32
4132	-6.45	33
4132	-6	33.45
4132	-5.55	33
4132	-6	32.55
4132	-6.45	33
4133	-6.45	34
4133	-6	34.45
4133	-5.55	34
4133	-6	33.55
4133	-6.45	34
4134	-6.45	35
4134	-6	35.45
4134	-5.55	35
4134	-6	34.55
4134	-6.45	35
4135	-6.45	36
4135	-6	36.45
4135	-5.55	36
4135	-6	35.55
4135	-6.45	36
4136	-6.45	37
4136	-6	37.45
4136	-5.55	37
4136	-6	36.55
4136	-6.45	37
4137	-6.45	38
4137	-6	38.45
4137	-5.55	38
4137	-6	37.55
4137	-6.45	38
4138	-6.45	39
4138	-6	39.45
4138	-5.55	39
4138	-6	38.55
4138	-6.45	39
4139	-6.45	4
4139	-6	4.45
4139	-5.55	4
4139	-6	3.55
4139	-6.45	4
4140	-6.45	40
4140	-6	40.45
4140	-5.55	40
4140	-6	39.55
4140	-6.45	40
4141	-6.45	41
4141	-6	41.45
4141	-5.55	41
4141	-6	40.55
4141	-6.45	41
4142	-6.45	42
4142	-6	42.45
4142	-5.55	42
4142	-6	41.55
4142	-6.45	42
4143	-6.45	43
4143	-6	43.45
4143	-5.55	43
4143	-6	42.55
4143	-6.45	43
4144	-6.45	44
4144	-6	44.45
4144	-5.55	44
4144	-6	43.55
4144	-6.45	44
4145	-6.45	45
4145	-6	45.45
4145	-5.55	45
4145	-6	44.55
4145	-6.45	45
4146	-6.45	46
4146	-6	46.45
4146	-5.55	46
4146	-6	45.55
4146	-6.45	46
4147	-6.45	47
4147	-6	47.45
4147	-5.55	47
4147	-6	46.55
4147	-6.45	47
4148	-6.45	48
4148	-6	48.45
4148	-5.55	48
4148	-6	47.55
4148	-6.45	48
4149	-6.45	49
4149	-6	49.45
4149	-5.55	49
4149	-6	48.55
4149	-6.45	49
4150	-6.45	5
4150	-6	5.45
4150	-5.55	5
4150	-6	4.55
4150	-6.45	5
4151	-6.45	6
4151	-6	6.45
4151	-5.55	6
4151	-6	5.55
4151	-6.45	6
4152	-6.45	7
4152	-6	7.45
4152	-5.55	7
4152	-6	6.55
4152	-6.45	7
4153	-6.45	8
4153	-6	8.45
4153	-5.55	8
4153	-6	7.55
4153	-6.45	8
4154	-6.45	9
4154	-6	9.45
4154	-5.55	9
4154	-6	8.55
4154	-6.45	9
4155	-6.95	-0.5
4155	-6.5	-0.05
4155	-6.05	-0.5
4155	-6.5	-0.95
4155	-6.95	-0.5
4156	-6.95	0.5
4156	-6.5	0.95
4156	-6.05	0.5
4156	-6.5	0.05
4156	-6.95	0.5
4157	-6.95	1.5
4157	-6.5	1.95
4157	-6.05	1.5
4157	-6.5	1.05
4157	-6.95	1.5
4158	-6.95	10.5
4158	-6.5	10.95
4158	-6.05	10.5
4158	-6.5	10.05
4158	-6.95	10.5
4159	-6.95	11.5
4159	-6.5	11.95
4159	-6.05	11.5
4159	-6.5	11.05
4159	-6.95	11.5
4160	-6.95	12.5
4160	-6.5	12.95
4160	-6.05	12.5
4160	-6.5	12.05
4160	-6.95	12.5
4161	-6.95	13.5
4161	-6.5	13.95
4161	-6.05	13.5
4161	-6.5	13.05
4161	-6.95	13.5
4162	-6.95	14.5
4162	-6.5	14.95
4162	-6.05	14.5
4162	-6.5	14.05
4162	-6.95	14.5
4163	-6.95	15.5
4163	-6.5	15.95
4163	-6.05	15.5
4163	-6.5	15.05
4163	-6.95	15.5
4164	-6.95	16.5
4164	-6.5	16.95
4164	-6.05	16.5
4164	-6.5	16.05
4164	-6.95	16.5
4165	-6.95	17.5
4165	-6.5	17.95
4165	-6.05	17.5
4165	-6.5	17.05
4165	-6.95	17.5
4166	-6.95	18.5
4166	-6.5	18.95
4166	-6.05	18.5
4166	-6.5	18.05
4166	-6.95	18.5
4167	-6.95	19.5
4167	-6.5	19.95
4167	-6.05	19.5
4167	-6.5	19.05
4167	-6.95	19.5
4168	-6.95	2.5
4168	-6.5	2.95
4168	-6.05	2.5
4168	-6.5	2.05
4168	-6.95	2.5
4169	-6.95	20.5
4169	-6.5	20.95
4169	-6.05	20.5
4169	-6.5	20.05
4169	-6.95	20.5
4170	-6.95	21.5
4170	-6.5	21.95
4170	-6.05	21.5
4170	-6.5	21.05
4170	-6.95	21.5
4171	-6.95	22.5
4171	-6.5	22.95
4171	-6.05	22.5
4171	-6.5	22.05
4171	-6.95	22.5
4172	-6.95	23.5
4172	-6.5	23.95
4172	-6.05	23.5
4172	-6.5	23.05
4172	-6.95	23.5
4173	-6.95	24.5
4173	-6.5	24.95
4173	-6.05	24.5
4173	-6.5	24.05
4173	-6.95	24.5
4174	-6.95	25.5
4174	-6.5	25.95
4174	-6.05	25.5
4174	-6.5	25.05
4174	-6.95	25.5
4175	-6.95	26.5
4175	-6.5	26.95
4175	-6.05	26.5
4175	-6.5	26.05
4175	-6.95	26.5
4176	-6.95	27.5
4176	-6.5	27.95
4176	-6.05	27.5
4176	-6.5	27.05
4176	-6.95	27.5
4177	-6.95	28.5
4177	-6.5	28.95
4177	-6.05	28.5
4177	-6.5	28.05
4177	-6.95	28.5
4178	-6.95	29.5
4178	-6.5	29.95
4178	-6.05	29.5
4178	-6.5	29.05
4178	-6.95	29.5
4179	-6.95	3.5
4179	-6.5	3.95
4179	-6.05	3.5
4179	-6.5	3.05
4179	-6.95	3.5
4180	-6.95	30.5
4180	-6.5	30.95
4180	-6.05	30.5
4180	-6.5	30.05
4180	-6.95	30.5
4181	-6.95	31.5
4181	-6.5	31.95
4181	-6.05	31.5
4181	-6.5	31.05
4181	-6.95	31.5
4182	-6.95	32.5
4182	-6.5	32.95
4182	-6.05	32.5
4182	-6.5	32.05
4182	-6.95	32.5
4183	-6.95	33.5
4183	-6.5	33.95
4183	-6.05	33.5
4183	-6.5	33.05
4183	-6.95	33.5
4184	-6.95	34.5
4184	-6.5	34.95
4184	-6.05	34.5
4184	-6.5	34.05
4184	-6.95	34.5
4185	-6.95	35.5
4185	-6.5	35.95
4185	-6.05	35.5
4185	-6.5	35.05
4185	-6.95	35.5
4186	-6.95	36.5
4186	-6.5	36.95
4186	-6.05	36.5
4186	-6.5	36.05
4186	-6.95	36.5
4187	-6.95	37.5
4187	-6.5	37.95
4187	-6.05	37.5
4187	-6.5	37.05
4187	-6.95	37.5
4188	-6.95	38.5
4188	-6.5	38.95
4188	-6.05	38.5
4188	-6.5	38.05
4188	-6.95	38.5
4189	-6.95	39.5
4189	-6.5	39.95
4189	-6.05	39.5
4189	-6.5	39.05
4189	-6.95	39.5
4190	-6.95	4.5
4190	-6.5	4.95
4190	-6.05	4.5
4190	-6.5	4.05
4190	-6.95	4.5
4191	-6.95	40.5
4191	-6.5	40.95
4191	-6.05	40.5
4191	-6.5	40.05
4191	-6.95	40.5
4192	-6.95	41.5
4192	-6.5	41.95
4192	-6.05	41.5
4192	-6.5	41.05
4192	-6.95	41.5
4193	-6.95	42.5
4193	-6.5	42.95
4193	-6.05	42.5
4193	-6.5	42.05
4193	-6.95	42.5
4194	-6.95	43.5
4194	-6.5	43.95
4194	-6.05	43.5
4194	-6.5	43.05
4194	-6.95	43.5
4195	-6.95	44.5
4195	-6.5	44.95
4195	-6.05	44.5
4195	-6.5	44.05
4195	-6.95	44.5
4196	-6.95	45.5
4196	-6.5	45.95
4196	-6.05	45.5
4196	-6.5	45.05
4196	-6.95	45.5
4197	-6.95	46.5
4197	-6.5	46.95
4197	-6.05	46.5
4197	-6.5	46.05
4197	-6.95	46.5
4198	-6.95	47.5
4198	-6.5	47.95
4198	-6.05	47.5
4198	-6.5	47.05
4198	-6.95	47.5
4199	-6.95	48.5
4199	-6.5	48.95
4199	-6.05	48.5
4199	-6.5	48.05
4199	-6.95	48.5
4200	-6.95	5.5
4200	-6.5	5.95
4200	-6.05	5.5
4200	-6.5	5.05
4200	-6.95	5.5
4201	-6.95	6.5
4201	-6.5	6.95
4201	-6.05	6.5
4201	-6.5	6.05
4201	-6.95	6.5
4202	-6.95	7.5
4202	-6.5	7.95
4202	-6.05	7.5
4202	-6.5	7.05
4202	-6.95	7.5
4203	-6.95	8.5
4203	-6.5	8.95
4203	-6.05	8.5
4203	-6.5	8.05
4203	-6.95	8.5
4204	-6.95	9.5
4204	-6.5	9.95
4204	-6.05	9.5
4204	-6.5	9.05
4204	-6.95	9.5
4205	-7.45	0
4205	-7	0.45
4205	-6.55	0
4205	-7	-0.45
4205	-7.45	0
4206	-7.45	1
4206	-7	1.45
4206	-6.55	1
4206	-7	0.55
4206	-7.45	1
4207	-7.45	10
4207	-7	10.45
4207	-6.55	10
4207	-7	9.55
4207	-7.45	10
4208	-7.45	11
4208	-7	11.45
4208	-6.55	11
4208	-7	10.55
4208	-7.45	11
4209	-7.45	12
4209	-7	12.45
4209	-6.55	12
4209	-7	11.55
4209	-7.45	12
4210	-7.45	13
4210	-7	13.45
4210	-6.55	13
4210	-7	12.55
4210	-7.45	13
4211	-7.45	14
4211	-7	14.45
4211	-6.55	14
4211	-7	13.55
4211	-7.45	14
4212	-7.45	15
4212	-7	15.45
4212	-6.55	15
4212	-7	14.55
4212	-7.45	15
4213	-7.45	16
4213	-7	16.45
4213	-6.55	16
4213	-7	15.55
4213	-7.45	16
4214	-7.45	17
4214	-7	17.45
4214	-6.55	17
4214	-7	16.55
4214	-7.45	17
4215	-7.45	18
4215	-7	18.45
4215	-6.55	18
4215	-7	17.55
4215	-7.45	18
4216	-7.45	19
4216	-7	19.45
4216	-6.55	19
4216	-7	18.55
4216	-7.45	19
4217	-7.45	2
4217	-7	2.45
4217	-6.55	2
4217	-7	1.55
4217	-7.45	2
4218	-7.45	20
4218	-7	20.45
4218	-6.55	20
4218	-7	19.55
4218	-7.45	20
4219	-7.45	21
4219	-7	21.45
4219	-6.55	21
4219	-7	20.55
4219	-7.45	21
4220	-7.45	22
4220	-7	22.45
4220	-6.55	22
4220	-7	21.55
4220	-7.45	22
4221	-7.45	23
4221	-7	23.45
4221	-6.55	23
4221	-7	22.55
4221	-7.45	23
4222	-7.45	24
4222	-7	24.45
4222	-6.55	24
4222	-7	23.55
4222	-7.45	24
4223	-7.45	25
4223	-7	25.45
4223	-6.55	25
4223	-7	24.55
4223	-7.45	25
4224	-7.45	26
4224	-7	26.45
4224	-6.55	26
4224	-7	25.55
4224	-7.45	26
4225	-7.45	27
4225	-7	27.45
4225	-6.55	27
4225	-7	26.55
4225	-7.45	27
4226	-7.45	28
4226	-7	28.45
4226	-6.55	28
4226	-7	27.55
4226	-7.45	28
4227	-7.45	29
4227	-7	29.45
4227	-6.55	29
4227	-7	28.55
4227	-7.45	29
4228	-7.45	3
4228	-7	3.45
4228	-6.55	3
4228	-7	2.55
4228	-7.45	3
4229	-7.45	30
4229	-7	30.45
4229	-6.55	30
4229	-7	29.55
4229	-7.45	30
4230	-7.45	31
4230	-7	31.45
4230	-6.55	31
4230	-7	30.55
4230	-7.45	31
4231	-7.45	32
4231	-7	32.45
4231	-6.55	32
4231	-7	31.55
4231	-7.45	32
4232	-7.45	33
4232	-7	33.45
4232	-6.55	33
4232	-7	32.55
4232	-7.45	33
4233	-7.45	34
4233	-7	34.45
4233	-6.55	34
4233	-7	33.55
4233	-7.45	34
4234	-7.45	35
4234	-7	35.45
4234	-6.55	35
4234	-7	34.55
4234	-7.45	35
4235	-7.45	36
4235	-7	36.45
4235	-6.55	36
4235	-7	35.55
4235	-7.45	36
4236	-7.45	37
4236	-7	37.45
4236	-6.55	37
4236	-7	36.55
4236	-7.45	37
4237	-7.45	38
4237	-7	38.45
4237	-6.55	38
4237	-7	37.55
4237	-7.45	38
4238	-7.45	39
4238	-7	39.45
4238	-6.55	39
4238	-7	38.55
4238	-7.45	39
4239	-7.45	4
4239	-7	4.45
4239	-6.55	4
4239	-7	3.55
4239	-7.45	4
4240	-7.45	40
4240	-7	40.45
4240	-6.55	40
4240	-7	39.55
4240	-7.45	40
4241	-7.45	41
4241	-7	41.45
4241	-6.55	41
4241	-7	40.55
4241	-7.45	41
4242	-7.45	42
4242	-7	42.45
4242	-6.55	42
4242	-7	41.55
4242	-7.45	42
4243	-7.45	43
4243	-7	43.45
4243	-6.55	43
4243	-7	42.55
4243	-7.45	43
4244	-7.45	44
4244	-7	44.45
4244	-6.55	44
4244	-7	43.55
4244	-7.45	44
4245	-7.45	45
4245	-7	45.45
4245	-6.55	45
4245	-7	44.55
4245	-7.45	45
4246	-7.45	46
4246	-7	46.45
4246	-6.55	46
4246	-7	45.55
4246	-7.45	46
4247	-7.45	47
4247	-7	47.45
4247	-6.55	47
4247	-7	46.55
4247	-7.45	47
4248	-7.45	48
4248	-7	48.45
4248	-6.55	48
4248	-7	47.55
4248	-7.45	48
4249	-7.45	49
4249	-7	49.45
4249	-6.55	49
4249	-7	48.55
4249	-7.45	49
4250	-7.45	5
4250	-7	5.45
4250	-6.55	5
4250	-7	4.55
4250	-7.45	5
4251	-7.45	6
4251	-7	6.45
4251	-6.55	6
4251	-7	5.55
4251	-7.45	6
4252	-7.45	7
4252	-7	7.45
4252	-6.55	7
4252	-7	6.55
4252	-7.45	7
4253	-7.45	8
4253	-7	8.45
4253	-6.55	8
4253	-7	7.55
4253	-7.45	8
4254	-7.45	9
4254	-7	9.45
4254	-6.55	9
4254	-7	8.55
4254	-7.45	9
4255	-7.95	-0.5
4255	-7.5	-0.05
4255	-7.05	-0.5
4255	-7.5	-0.95
4255	-7.95	-0.5
4256	-7.95	0.5
4256	-7.5	0.95
4256	-7.05	0.5
4256	-7.5	0.05
4256	-7.95	0.5
4257	-7.95	1.5
4257	-7.5	1.95
4257	-7.05	1.5
4257	-7.5	1.05
4257	-7.95	1.5
4258	-7.95	10.5
4258	-7.5	10.95
4258	-7.05	10.5
4258	-7.5	10.05
4258	-7.95	10.5
4259	-7.95	11.5
4259	-7.5	11.95
4259	-7.05	11.5
4259	-7.5	11.05
4259	-7.95	11.5
4260	-7.95	12.5
4260	-7.5	12.95
4260	-7.05	12.5
4260	-7.5	12.05
4260	-7.95	12.5
4261	-7.95	13.5
4261	-7.5	13.95
4261	-7.05	13.5
4261	-7.5	13.05
4261	-7.95	13.5
4262	-7.95	14.5
4262	-7.5	14.95
4262	-7.05	14.5
4262	-7.5	14.05
4262	-7.95	14.5
4263	-7.95	15.5
4263	-7.5	15.95
4263	-7.05	15.5
4263	-7.5	15.05
4263	-7.95	15.5
4264	-7.95	16.5
4264	-7.5	16.95
4264	-7.05	16.5
4264	-7.5	16.05
4264	-7.95	16.5
4265	-7.95	17.5
4265	-7.5	17.95
4265	-7.05	17.5
4265	-7.5	17.05
4265	-7.95	17.5
4266	-7.95	18.5
4266	-7.5	18.95
4266	-7.05	18.5
4266	-7.5	18.05
4266	-7.95	18.5
4267	-7.95	19.5
4267	-7.5	19.95
4267	-7.05	19.5
4267	-7.5	19.05
4267	-7.95	19.5
4268	-7.95	2.5
4268	-7.5	2.95
4268	-7.05	2.5
4268	-7.5	2.05
4268	-7.95	2.5
4269	-7.95	20.5
4269	-7.5	20.95
4269	-7.05	20.5
4269	-7.5	20.05
4269	-7.95	20.5
4270	-7.95	21.5
4270	-7.5	21.95
4270	-7.05	21.5
4270	-7.5	21.05
4270	-7.95	21.5
4271	-7.95	22.5
4271	-7.5	22.95
4271	-7.05	22.5
4271	-7.5	22.05
4271	-7.95	22.5
4272	-7.95	23.5
4272	-7.5	23.95
4272	-7.05	23.5
4272	-7.5	23.05
4272	-7.95	23.5
4273	-7.95	24.5
4273	-7.5	24.95
4273	-7.05	24.5
4273	-7.5	24.05
4273	-7.95	24.5
4274	-7.95	25.5
4274	-7.5	25.95
4274	-7.05	25.5
4274	-7.5	25.05
4274	-7.95	25.5
4275	-7.95	26.5
4275	-7.5	26.95
4275	-7.05	26.5
4275	-7.5	26.05
4275	-7.95	26.5
4276	-7.95	27.5
4276	-7.5	27.95
4276	-7.05	27.5
4276	-7.5	27.05
4276	-7.95	27.5
4277	-7.95	28.5
4277	-7.5	28.95
4277	-7.05	28.5
4277	-7.5	28.05
4277	-7.95	28.5
4278	-7.95	29.5
4278	-7.5	29.95
4278	-7.05	29.5
4278	-7.5	29.05
4278	-7.95	29.5
4279	-7.95	3.5
4279	-7.5	3.95
4279	-7.05	3.5
4279	-7.5	3.05
4279	-7.95	3.5
4280	-7.95	30.5
4280	-7.5	30.95
4280	-7.05	30.5
4280	-7.5	30.05
4280	-7.95	30.5
4281	-7.95	31.5
4281	-7.5	31.95
4281	-7.05	31.5
4281	-7.5	31.05
4281	-7.95	31.5
4282	-7.95	32.5
4282	-7.5	32.95
4282	-7.05	32.5
4282	-7.5	32.05
4282	-7.95	32.5
4283	-7.95	33.5
4283	-7.5	33.95
4283	-7.05	33.5
4283	-7.5	33.05
4283	-7.95	33.5
4284	-7.95	34.5
4284	-7.5	34.95
4284	-7.05	34.5
4284	-7.5	34.05
4284	-7.95	34.5
4285	-7.95	35.5
4285	-7.5	35.95
4285	-7.05	35.5
4285	-7.5	35.05
4285	-7.95	35.5
4286	-7.95	36.5
4286	-7.5	36.95
4286	-7.05	36.5
4286	-7.5	36.05
4286	-7.95	36.5
4287	-7.95	37.5
4287	-7.5	37.95
4287	-7.05	37.5
4287	-7.5	37.05
4287	-7.95	37.5
4288	-7.95	38.5
4288	-7.5	38.95
4288	-7.05	38.5
4288	-7.5	38.05
4288	-7.95	38.5
4289	-7.95	39.5
4289	-7.5	39.95
4289	-7.05	39.5
4289	-7.5	39.05
4289	-7.95	39.5
4290	-7.95	4.5
4290	-7.5	4.95
4290	-7.05	4.5
4290	-7.5	4.05
4290	-7.95	4.5
4291	-7.95	40.5
4291	-7.5	40.95
4291	-7.05	40.5
4291	-7.5	40.05
4291	-7.95	40.5
4292	-7.95	41.5
4292	-7.5	41.95
4292	-7.05	41.5
4292	-7.5	41.05
4292	-7.95	41.5
4293	-7.95	42.5
4293	-7.5	42.95
4293	-7.05	42.5
4293	-7.5	42.05
4293	-7.95	42.5
4294	-7.95	43.5
4294	-7.5	43.95
4294	-7.05	43.5
4294	-7.5	43.05
4294	-7.95	43.5
4295	-7.95	44.5
4295	-7.5	44.95
4295	-7.05	44.5
4295	-7.5	44.05
4295	-7.95	44.5
4296	-7.95	45.5
4296	-7.5	45.95
4296	-7.05	45.5
4296	-7.5	45.05
4296	-7.95	45.5
4297	-7.95	46.5
4297	-7.5	46.95
4297	-7.05	46.5
4297	-7.5	46.05
4297	-7.95	46.5
4298	-7.95	47.5
4298	-7.5	47.95
4298	-7.05	47.5
4298	-7.5	47.05
4298	-7.95	47.5
4299	-7.95	48.5
4299	-7.5	48.95
4299	-7.05	48.5
4299	-7.5	48.05
4299	-7.95	48.5
4300	-7.95	5.5
4300	-7.5	5.95
4300	-7.05	5.5
4300	-7.5	5.05
4300	-7.95	5.5
4301	-7.95	6.5
4301	-7.5	6.95
4301	-7.05	6.5
4301	-7.5	6.05
4301	-7.95	6.5
4302	-7.95	7.5
4302	-7.5	7.95
4302	-7.05	7.5
4302	-7.5	7.05
4302	-7.95	7.5
4303	-7.95	8.5
4303	-7.5	8.95
4303	-7.05	8.5
4303	-7.5	8.05
4303	-7.95	8.5
4304	-7.95	9.5
4304	-7.5	9.95
4304	-7.05	9.5
4304	-7.5	9.05
4304	-7.95	9.5
4305	-8.45	0
4305	-8	0.45
4305	-7.55	0
4305	-8	-0.45
4305	-8.45	0
4306	-8.45	1
4306	-8	1.45
4306	-7.55	1
4306	-8	0.55
4306	-8.45	1
4307	-8.45	10
4307	-8	10.45
4307	-7.55	10
4307	-8	9.55
4307	-8.45	10
4308	-8.45	11
4308	-8	11.45
4308	-7.55	11
4308	-8	10.55
4308	-8.45	11
4309	-8.45	12
4309	-8	12.45
4309	-7.55	12
4309	-8	11.55
4309	-8.45	12
4310	-8.45	13
4310	-8	13.45
4310	-7.55	13
4310	-8	12.55
4310	-8.45	13
4311	-8.45	14
4311	-8	14.45
4311	-7.55	14
4311	-8	13.55
4311	-8.45	14
4312	-8.45	15
4312	-8	15.45
4312	-7.55	15
4312	-8	14.55
4312	-8.45	15
4313	-8.45	16
4313	-8	16.45
4313	-7.55	16
4313	-8	15.55
4313	-8.45	16
4314	-8.45	17
4314	-8	17.45
4314	-7.55	17
4314	-8	16.55
4314	-8.45	17
4315	-8.45	18
4315	-8	18.45
4315	-7.55	18
4315	-8	17.55
4315	-8.45	18
4316	-8.45	19
4316	-8	19.45
4316	-7.55	19
4316	-8	18.55
4316	-8.45	19
4317	-8.45	2
4317	-8	2.45
4317	-7.55	2
4317	-8	1.55
4317	-8.45	2
4318	-8.45	20
4318	-8	20.45
4318	-7.55	20
4318	-8	19.55
4318	-8.45	20
4319	-8.45	21
4319	-8	21.45
4319	-7.55	21
4319	-8	20.55
4319	-8.45	21
4320	-8.45	22
4320	-8	22.45
4320	-7.55	22
4320	-8	21.55
4320	-8.45	22
4321	-8.45	23
4321	-8	23.45
4321	-7.55	23
4321	-8	22.55
4321	-8.45	23
4322	-8.45	24
4322	-8	24.45
4322	-7.55	24
4322	-8	23.55
4322	-8.45	24
4323	-8.45	25
4323	-8	25.45
4323	-7.55	25
4323	-8	24.55
4323	-8.45	25
4324	-8.45	26
4324	-8	26.45
4324	-7.55	26
4324	-8	25.55
4324	-8.45	26
4325	-8.45	27
4325	-8	27.45
4325	-7.55	27
4325	-8	26.55
4325	-8.45	27
4326	-8.45	28
4326	-8	28.45
4326	-7.55	28
4326	-8	27.55
4326	-8.45	28
4327	-8.45	29
4327	-8	29.45
4327	-7.55	29
4327	-8	28.55
4327	-8.45	29
4328	-8.45	3
4328	-8	3.45
4328	-7.55	3
4328	-8	2.55
4328	-8.45	3
4329	-8.45	30
4329	-8	30.45
4329	-7.55	30
4329	-8	29.55
4329	-8.45	30
4330	-8.45	31
4330	-8	31.45
4330	-7.55	31
4330	-8	30.55
4330	-8.45	31
4331	-8.45	32
4331	-8	32.45
4331	-7.55	32
4331	-8	31.55
4331	-8.45	32
4332	-8.45	33
4332	-8	33.45
4332	-7.55	33
4332	-8	32.55
4332	-8.45	33
4333	-8.45	34
4333	-8	34.45
4333	-7.55	34
4333	-8	33.55
4333	-8.45	34
4334	-8.45	35
4334	-8	35.45
4334	-7.55	35
4334	-8	34.55
4334	-8.45	35
4335	-8.45	36
4335	-8	36.45
4335	-7.55	36
4335	-8	35.55
4335	-8.45	36
4336	-8.45	37
4336	-8	37.45
4336	-7.55	37
4336	-8	36.55
4336	-8.45	37
4337	-8.45	38
4337	-8	38.45
4337	-7.55	38
4337	-8	37.55
4337	-8.45	38
4338	-8.45	39
4338	-8	39.45
4338	-7.55	39
4338	-8	38.55
4338	-8.45	39
4339	-8.45	4
4339	-8	4.45
4339	-7.55	4
4339	-8	3.55
4339	-8.45	4
4340	-8.45	40
4340	-8	40.45
4340	-7.55	40
4340	-8	39.55
4340	-8.45	40
4341	-8.45	41
4341	-8	41.45
4341	-7.55	41
4341	-8	40.55
4341	-8.45	41
4342	-8.45	42
4342	-8	42.45
4342	-7.55	42
4342	-8	41.55
4342	-8.45	42
4343	-8.45	43
4343	-8	43.45
4343	-7.55	43
4343	-8	42.55
4343	-8.45	43
4344	-8.45	44
4344	-8	44.45
4344	-7.55	44
4344	-8	43.55
4344	-8.45	44
4345	-8.45	45
4345	-8	45.45
4345	-7.55	45
4345	-8	44.55
4345	-8.45	45
4346	-8.45	46
4346	-8	46.45
4346	-7.55	46
4346	-8	45.55
4346	-8.45	46
4347	-8.45	47
4347	-8	47.45
4347	-7.55	47
4347	-8	46.55
4347	-8.45	47
4348	-8.45	48
4348	-8	48.45
4348	-7.55	48
4348	-8	47.55
4348	-8.45	48
4349	-8.45	49
4349	-8	49.45
4349	-7.55	49
4349	-8	48.55
4349	-8.45	49
4350	-8.45	5
4350	-8	5.45
4350	-7.55	5
4350	-8	4.55
4350	-8.45	5
4351	-8.45	6
4351	-8	6.45
4351	-7.55	6
4351	-8	5.55
4351	-8.45	6
4352	-8.45	7
4352	-8	7.45
4352	-7.55	7
4352	-8	6.55
4352	-8.45	7
4353	-8.45	8
4353	-8	8.45
4353	-7.55	8
4353	-8	7.55
4353	-8.45	8
4354	-8.45	9
4354	-8	9.45
4354	-7.55	9
4354	-8	8.55
4354	-8.45	9
4355	-8.95	-0.5
4355	-8.5	-0.05
4355	-8.05	-0.5
4355	-8.5	-0.95
4355	-8.95	-0.5
4356	-8.95	0.5
4356	-8.5	0.95
4356	-8.05	0.5
4356	-8.5	0.05
4356	-8.95	0.5
4357	-8.95	1.5
4357	-8.5	1.95
4357	-8.05	1.5
4357	-8.5	1.05
4357	-8.95	1.5
4358	-8.95	10.5
4358	-8.5	10.95
4358	-8.05	10.5
4358	-8.5	10.05
4358	-8.95	10.5
4359	-8.95	11.5
4359	-8.5	11.95
4359	-8.05	11.5
4359	-8.5	11.05
4359	-8.95	11.5
4360	-8.95	12.5
4360	-8.5	12.95
4360	-8.05	12.5
4360	-8.5	12.05
4360	-8.95	12.5
4361	-8.95	13.5
4361	-8.5	13.95
4361	-8.05	13.5
4361	-8.5	13.05
4361	-8.95	13.5
4362	-8.95	14.5
4362	-8.5	14.95
4362	-8.05	14.5
4362	-8.5	14.05
4362	-8.95	14.5
4363	-8.95	15.5
4363	-8.5	15.95
4363	-8.05	15.5
4363	-8.5	15.05
4363	-8.95	15.5
4364	-8.95	16.5
4364	-8.5	16.95
4364	-8.05	16.5
4364	-8.5	16.05
4364	-8.95	16.5
4365	-8.95	17.5
4365	-8.5	17.95
4365	-8.05	17.5
4365	-8.5	17.05
4365	-8.95	17.5
4366	-8.95	18.5
4366	-8.5	18.95
4366	-8.05	18.5
4366	-8.5	18.05
4366	-8.95	18.5
4367	-8.95	19.5
4367	-8.5	19.95
4367	-8.05	19.5
4367	-8.5	19.05
4367	-8.95	19.5
4368	-8.95	2.5
4368	-8.5	2.95
4368	-8.05	2.5
4368	-8.5	2.05
4368	-8.95	2.5
4369	-8.95	20.5
4369	-8.5	20.95
4369	-8.05	20.5
4369	-8.5	20.05
4369	-8.95	20.5
4370	-8.95	21.5
4370	-8.5	21.95
4370	-8.05	21.5
4370	-8.5	21.05
4370	-8.95	21.5
4371	-8.95	22.5
4371	-8.5	22.95
4371	-8.05	22.5
4371	-8.5	22.05
4371	-8.95	22.5
4372	-8.95	23.5
4372	-8.5	23.95
4372	-8.05	23.5
4372	-8.5	23.05
4372	-8.95	23.5
4373	-8.95	24.5
4373	-8.5	24.95
4373	-8.05	24.5
4373	-8.5	24.05
4373	-8.95	24.5
4374	-8.95	25.5
4374	-8.5	25.95
4374	-8.05	25.5
4374	-8.5	25.05
4374	-8.95	25.5
4375	-8.95	26.5
4375	-8.5	26.95
4375	-8.05	26.5
4375	-8.5	26.05
4375	-8.95	26.5
4376	-8.95	27.5
4376	-8.5	27.95
4376	-8.05	27.5
4376	-8.5	27.05
4376	-8.95	27.5
4377	-8.95	28.5
4377	-8.5	28.95
4377	-8.05	28.5
4377	-8.5	28.05
4377	-8.95	28.5
4378	-8.95	29.5
4378	-8.5	29.95
4378	-8.05	29.5
4378	-8.5	29.05
4378	-8.95	29.5
4379	-8.95	3.5
4379	-8.5	3.95
4379	-8.05	3.5
4379	-8.5	3.05
4379	-8.95	3.5
4380	-8.95	30.5
4380	-8.5	30.95
4380	-8.05	30.5
4380	-8.5	30.05
4380	-8.95	30.5
4381	-8.95	31.5
4381	-8.5	31.95
4381	-8.05	31.5
4381	-8.5	31.05
4381	-8.95	31.5
4382	-8.95	32.5
4382	-8.5	32.95
4382	-8.05	32.5
4382	-8.5	32.05
4382	-8.95	32.5
4383	-8.95	33.5
4383	-8.5	33.95
4383	-8.05	33.5
4383	-8.5	33.05
4383	-8.95	33.5
4384	-8.95	34.5
4384	-8.5	34.95
4384	-8.05	34.5
4384	-8.5	34.05
4384	-8.95	34.5
4385	-8.95	35.5
4385	-8.5	35.95
4385	-8.05	35.5
4385	-8.5	35.05
4385	-8.95	35.5
4386	-8.95	36.5
4386	-8.5	36.95
4386	-8.05	36.5
4386	-8.5	36.05
4386	-8.95	36.5
4387	-8.95	37.5
4387	-8.5	37.95
4387	-8.05	37.5
4387	-8.5	37.05
4387	-8.95	37.5
4388	-8.95	38.5
4388	-8.5	38.95
4388	-8.05	38.5
4388	-8.5	38.05
4388	-8.95	38.5
4389	-8.95	39.5
4389	-8.5	39.95
4389	-8.05	39.5
4389	-8.5	39.05
4389	-8.95	39.5
4390	-8.95	4.5
4390	-8.5	4.95
4390	-8.05	4.5
4390	-8.5	4.05
4390	-8.95	4.5
4391	-8.95	40.5
4391	-8.5	40.95
4391	-8.05	40.5
4391	-8.5	40.05
4391	-8.95	40.5
4392	-8.95	41.5
4392	-8.5	41.95
4392	-8.05	41.5
4392	-8.5	41.05
4392	-8.95	41.5
4393	-8.95	42.5
4393	-8.5	42.95
4393	-8.05	42.5
4393	-8.5	42.05
4393	-8.95	42.5
4394	-8.95	43.5
4394	-8.5	43.95
4394	-8.05	43.5
4394	-8.5	43.05
4394	-8.95	43.5
4395	-8.95	44.5
4395	-8.5	44.95
4395	-8.05	44.5
4395	-8.5	44.05
4395	-8.95	44.5
4396	-8.95	45.5
4396	-8.5	45.95
4396	-8.05	45.5
4396	-8.5	45.05
4396	-8.95	45.5
4397	-8.95	46.5
4397	-8.5	46.95
4397	-8.05	46.5
4397	-8.5	46.05
4397	-8.95	46.5
4398	-8.95	47.5
4398	-8.5	47.95
4398	-8.05	47.5
4398	-8.5	47.05
4398	-8.95	47.5
4399	-8.95	48.5
4399	-8.5	48.95
4399	-8.05	48.5
4399	-8.5	48.05
4399	-8.95	48.5
4400	-8.95	5.5
4400	-8.5	5.95
4400	-8.05	5.5
4400	-8.5	5.05
4400	-8.95	5.5
4401	-8.95	6.5
4401	-8.5	6.95
4401	-8.05	6.5
4401	-8.5	6.05
4401	-8.95	6.5
4402	-8.95	7.5
4402	-8.5	7.95
4402	-8.05	7.5
4402	-8.5	7.05
4402	-8.95	7.5
4403	-8.95	8.5
4403	-8.5	8.95
4403	-8.05	8.5
4403	-8.5	8.05
4403	-8.95	8.5
4404	-8.95	9.5
4404	-8.5	9.95
4404	-8.05	9.5
4404	-8.5	9.05
4404	-8.95	9.5
4405	-9.45	0
4405	-9	0.45
4405	-8.55	0
4405	-9	-0.45
4405	-9.45	0
4406	-9.45	1
4406	-9	1.45
4406	-8.55	1
4406	-9	0.55
4406	-9.45	1
4407	-9.45	10
4407	-9	10.45
4407	-8.55	10
4407	-9	9.55
4407	-9.45	10
4408	-9.45	11
4408	-9	11.45
4408	-8.55	11
4408	-9	10.55
4408	-9.45	11
4409	-9.45	12
4409	-9	12.45
4409	-8.55	12
4409	-9	11.55
4409	-9.45	12
4410	-9.45	13
4410	-9	13.45
4410	-8.55	13
4410	-9	12.55
4410	-9.45	13
4411	-9.45	14
4411	-9	14.45
4411	-8.55	14
4411	-9	13.55
4411	-9.45	14
4412	-9.45	15
4412	-9	15.45
4412	-8.55	15
4412	-9	14.55
4412	-9.45	15
4413	-9.45	16
4413	-9	16.45
4413	-8.55	16
4413	-9	15.55
4413	-9.45	16
4414	-9.45	17
4414	-9	17.45
4414	-8.55	17
4414	-9	16.55
4414	-9.45	17
4415	-9.45	18
4415	-9	18.45
4415	-8.55	18
4415	-9	17.55
4415	-9.45	18
4416	-9.45	19
4416	-9	19.45
4416	-8.55	19
4416	-9	18.55
4416	-9.45	19
4417	-9.45	2
4417	-9	2.45
4417	-8.55	2
4417	-9	1.55
4417	-9.45	2
4418	-9.45	20
4418	-9	20.45
4418	-8.55	20
4418	-9	19.55
4418	-9.45	20
4419	-9.45	21
4419	-9	21.45
4419	-8.55	21
4419	-9	20.55
4419	-9.45	21
4420	-9.45	22
4420	-9	22.45
4420	-8.55	22
4420	-9	21.55
4420	-9.45	22
4421	-9.45	23
4421	-9	23.45
4421	-8.55	23
4421	-9	22.55
4421	-9.45	23
4422	-9.45	24
4422	-9	24.45
4422	-8.55	24
4422	-9	23.55
4422	-9.45	24
4423	-9.45	25
4423	-9	25.45
4423	-8.55	25
4423	-9	24.55
4423	-9.45	25
4424	-9.45	26
4424	-9	26.45
4424	-8.55	26
4424	-9	25.55
4424	-9.45	26
4425	-9.45	27
4425	-9	27.45
4425	-8.55	27
4425	-9	26.55
4425	-9.45	27
4426	-9.45	28
4426	-9	28.45
4426	-8.55	28
4426	-9	27.55
4426	-9.45	28
4427	-9.45	29
4427	-9	29.45
4427	-8.55	29
4427	-9	28.55
4427	-9.45	29
4428	-9.45	3
4428	-9	3.45
4428	-8.55	3
4428	-9	2.55
4428	-9.45	3
4429	-9.45	30
4429	-9	30.45
4429	-8.55	30
4429	-9	29.55
4429	-9.45	30
4430	-9.45	31
4430	-9	31.45
4430	-8.55	31
4430	-9	30.55
4430	-9.45	31
4431	-9.45	32
4431	-9	32.45
4431	-8.55	32
4431	-9	31.55
4431	-9.45	32
4432	-9.45	33
4432	-9	33.45
4432	-8.55	33
4432	-9	32.55
4432	-9.45	33
4433	-9.45	34
4433	-9	34.45
4433	-8.55	34
4433	-9	33.55
4433	-9.45	34
4434	-9.45	35
4434	-9	35.45
4434	-8.55	35
4434	-9	34.55
4434	-9.45	35
4435	-9.45	36
4435	-9	36.45
4435	-8.55	36
4435	-9	35.55
4435	-9.45	36
4436	-9.45	37
4436	-9	37.45
4436	-8.55	37
4436	-9	36.55
4436	-9.45	37
4437	-9.45	38
4437	-9	38.45
4437	-8.55	38
4437	-9	37.55
4437	-9.45	38
4438	-9.45	39
4438	-9	39.45
4438	-8.55	39
4438	-9	38.55
4438	-9.45	39
4439	-9.45	4
4439	-9	4.45
4439	-8.55	4
4439	-9	3.55
4439	-9.45	4
4440	-9.45	40
4440	-9	40.45
4440	-8.55	40
4440	-9	39.55
4440	-9.45	40
4441	-9.45	41
4441	-9	41.45
4441	-8.55	41
4441	-9	40.55
4441	-9.45	41
4442	-9.45	42
4442	-9	42.45
4442	-8.55	42
4442	-9	41.55
4442	-9.45	42
4443	-9.45	43
4443	-9	43.45
4443	-8.55	43
4443	-9	42.55
4443	-9.45	43
4444	-9.45	44
4444	-9	44.45
4444	-8.55	44
4444	-9	43.55
4444	-9.45	44
4445	-9.45	45
4445	-9	45.45
4445	-8.55	45
4445	-9	44.55
4445	-9.45	45
4446	-9.45	46
4446	-9	46.45
4446	-8.55	46
4446	-9	45.55
4446	-9.45	46
4447	-9.45	47
4447	-9	47.45
4447	-8.55	47
4447	-9	46.55
4447	-9.45	47
4448	-9.45	48
4448	-9	48.45
4448	-8.55	48
4448	-9	47.55
4448	-9.45	48
4449	-9.45	49
4449	-9	49.45
4449	-8.55	49
4449	-9	48.55
4449	-9.45	49
4450	-9.45	5
4450	-9	5.45
4450	-8.55	5
4450	-9	4.55
4450	-9.45	5
4451	-9.45	6
4451	-9	6.45
4451	-8.55	6
4451	-9	5.55
4451	-9.45	6
4452	-9.45	7
4452	-9	7.45
4452	-8.55	7
4452	-9	6.55
4452	-9.45	7
4453	-9.45	8
4453	-9	8.45
4453	-8.55	8
4453	-9	7.55
4453	-9.45	8
4454	-9.45	9
4454	-9	9.45
4454	-8.55	9
4454	-9	8.55
4454	-9.45	9
4455	-9.95	-0.5
4455	-9.5	-0.05
4455	-9.05	-0.5
4455	-9.5	-0.95
4455	-9.95	-0.5
4456	-9.95	0.5
4456	-9.5	0.95
4456	-9.05	0.5
4456	-9.5	0.05
4456	-9.95	0.5
4457	-9.95	1.5
4457	-9.5	1.95
4457	-9.05	1.5
4457	-9.5	1.05
4457	-9.95	1.5
4458	-9.95	10.5
4458	-9.5	10.95
4458	-9.05	10.5
4458	-9.5	10.05
4458	-9.95	10.5
4459	-9.95	11.5
4459	-9.5	11.95
4459	-9.05	11.5
4459	-9.5	11.05
4459	-9.95	11.5
4460	-9.95	12.5
4460	-9.5	12.95
4460	-9.05	12.5
4460	-9.5	12.05
4460	-9.95	12.5
4461	-9.95	13.5
4461	-9.5	13.95
4461	-9.05	13.5
4461	-9.5	13.05
4461	-9.95	13.5
4462	-9.95	14.5
4462	-9.5	14.95
4462	-9.05	14.5
4462	-9.5	14.05
4462	-9.95	14.5
4463	-9.95	15.5
4463	-9.5	15.95
4463	-9.05	15.5
4463	-9.5	15.05
4463	-9.95	15.5
4464	-9.95	16.5
4464	-9.5	16.95
4464	-9.05	16.5
4464	-9.5	16.05
4464	-9.95	16.5
4465	-9.95	17.5
4465	-9.5	17.95
4465	-9.05	17.5
4465	-9.5	17.05
4465	-9.95	17.5
4466	-9.95	18.5
4466	-9.5	18.95
4466	-9.05	18.5
4466	-9.5	18.05
4466	-9.95	18.5
4467	-9.95	19.5
4467	-9.5	19.95
4467	-9.05	19.5
4467	-9.5	19.05
4467	-9.95	19.5
4468	-9.95	2.5
4468	-9.5	2.95
4468	-9.05	2.5
4468	-9.5	2.05
4468	-9.95	2.5
4469	-9.95	20.5
4469	-9.5	20.95
4469	-9.05	20.5
4469	-9.5	20.05
4469	-9.95	20.5
4470	-9.95	21.5
4470	-9.5	21.95
4470	-9.05	21.5
4470	-9.5	21.05
4470	-9.95	21.5
4471	-9.95	22.5
4471	-9.5	22.95
4471	-9.05	22.5
4471	-9.5	22.05
4471	-9.95	22.5
4472	-9.95	23.5
4472	-9.5	23.95
4472	-9.05	23.5
4472	-9.5	23.05
4472	-9.95	23.5
4473	-9.95	24.5
4473	-9.5	24.95
4473	-9.05	24.5
4473	-9.5	24.05
4473	-9.95	24.5
4474	-9.95	25.5
4474	-9.5	25.95
4474	-9.05	25.5
4474	-9.5	25.05
4474	-9.95	25.5
4475	-9.95	26.5
4475	-9.5	26.95
4475	-9.05	26.5
4475	-9.5	26.05
4475	-9.95	26.5
4476	-9.95	27.5
4476	-9.5	27.95
4476	-9.05	27.5
4476	-9.5	27.05
4476	-9.95	27.5
4477	-9.95	28.5
4477	-9.5	28.95
4477	-9.05	28.5
4477	-9.5	28.05
4477	-9.95	28.5
4478	-9.95	29.5
4478	-9.5	29.95
4478	-9.05	29.5
4478	-9.5	29.05
4478	-9.95	29.5
4479	-9.95	3.5
4479	-9.5	3.95
4479	-9.05	3.5
4479	-9.5	3.05
4479	-9.95	3.5
4480	-9.95	30.5
4480	-9.5	30.95
4480	-9.05	30.5
4480	-9.5	30.05
4480	-9.95	30.5
4481	-9.95	31.5
4481	-9.5	31.95
4481	-9.05	31.5
4481	-9.5	31.05
4481	-9.95	31.5
4482	-9.95	32.5
4482	-9.5	32.95
4482	-9.05	32.5
4482	-9.5	32.05
4482	-9.95	32.5
4483	-9.95	33.5
4483	-9.5	33.95
4483	-9.05	33.5
4483	-9.5	33.05
4483	-9.95	33.5
4484	-9.95	34.5
4484	-9.5	34.95
4484	-9.05	34.5
4484	-9.5	34.05
4484	-9.95	34.5
4485	-9.95	35.5
4485	-9.5	35.95
4485	-9.05	35.5
4485	-9.5	35.05
4485	-9.95	35.5
4486	-9.95	36.5
4486	-9.5	36.95
4486	-9.05	36.5
4486	-9.5	36.05
4486	-9.95	36.5
4487	-9.95	37.5
4487	-9.5	37.95
4487	-9.05	37.5
4487	-9.5	37.05
4487	-9.95	37.5
4488	-9.95	38.5
4488	-9.5	38.95
4488	-9.05	38.5
4488	-9.5	38.05
4488	-9.95	38.5
4489	-9.95	39.5
4489	-9.5	39.95
4489	-9.05	39.5
4489	-9.5	39.05
4489	-9.95	39.5
4490	-9.95	4.5
4490	-9.5	4.95
4490	-9.05	4.5
4490	-9.5	4.05
4490	-9.95	4.5
4491	-9.95	40.5
4491	-9.5	40.95
4491	-9.05	40.5
4491	-9.5	40.05
4491	-9.95	40.5
4492	-9.95	41.5
4492	-9.5	41.95
4492	-9.05	41.5
4492	-9.5	41.05
4492	-9.95	41.5
4493	-9.95	42.5
4493	-9.5	42.95
4493	-9.05	42.5
4493	-9.5	42.05
4493	-9.95	42.5
4494	-9.95	43.5
4494	-9.5	43.95
4494	-9.05	43.5
4494	-9.5	43.05
4494	-9.95	43.5
4495	-9.95	44.5
4495	-9.5	44.95
4495	-9.05	44.5
4495	-9.5	44.05
4495	-9.95	44.5
4496	-9.95	45.5
4496	-9.5	45.95
4496	-9.05	45.5
4496	-9.5	45.05
4496	-9.95	45.5
4497	-9.95	46.5
4497	-9.5	46.95
4497	-9.05	46.5
4497	-9.5	46.05
4497	-9.95	46.5
4498	-9.95	47.5
4498	-9.5	47.95
4498	-9.05	47.5
4498	-9.5	47.05
4498	-9.95	47.5
4499	-9.95	48.5
4499	-9.5	48.95
4499	-9.05	48.5
4499	-9.5	48.05
4499	-9.95	48.5
4500	-9.95	5.5
4500	-9.5	5.95
4500	-9.05	5.5
4500	-9.5	5.05
4500	-9.95	5.5
4501	-9.95	6.5
4501	-9.5	6.95
4501	-9.05	6.5
4501	-9.5	6.05
4501	-9.95	6.5
4502	-9.95	7.5
4502	-9.5	7.95
4502	-9.05	7.5
4502	-9.5	7.05
4502	-9.95	7.5
4503	-9.95	8.5
4503	-9.5	8.95
4503	-9.05	8.5
4503	-9.5	8.05
4503	-9.95	8.5
4504	-9.95	9.5
4504	-9.5	9.95
4504	-9.05	9.5
4504	-9.5	9.05
4504	-9.95	9.5
4505	-0.45	0
4505	0	0.45
4505	0.45	0
4505	0	-0.45
4505	-0.45	0
4506	-0.45	1
4506	0	1.45
4506	0.45	1
4506	0	0.55
4506	-0.45	1
4507	-0.45	10
4507	0	10.45
4507	0.45	10
4507	0	9.55
4507	-0.45	10
4508	-0.45	11
4508	0	11.45
4508	0.45	11
4508	0	10.55
4508	-0.45	11
4509	-0.45	12
4509	0	12.45
4509	0.45	12
4509	0	11.55
4509	-0.45	12
4510	-0.45	13
4510	0	13.45
4510	0.45	13
4510	0	12.55
4510	-0.45	13
4511	-0.45	14
4511	0	14.45
4511	0.45	14
4511	0	13.55
4511	-0.45	14
4512	-0.45	15
4512	0	15.45
4512	0.45	15
4512	0	14.55
4512	-0.45	15
4513	-0.45	16
4513	0	16.45
4513	0.45	16
4513	0	15.55
4513	-0.45	16
4514	-0.45	17
4514	0	17.45
4514	0.45	17
4514	0	16.55
4514	-0.45	17
4515	-0.45	18
4515	0	18.45
4515	0.45	18
4515	0	17.55
4515	-0.45	18
4516	-0.45	19
4516	0	19.45
4516	0.45	19
4516	0	18.55
4516	-0.45	19
4517	-0.45	2
4517	0	2.45
4517	0.45	2
4517	0	1.55
4517	-0.45	2
4518	-0.45	20
4518	0	20.45
4518	0.45	20
4518	0	19.55
4518	-0.45	20
4519	-0.45	21
4519	0	21.45
4519	0.45	21
4519	0	20.55
4519	-0.45	21
4520	-0.45	22
4520	0	22.45
4520	0.45	22
4520	0	21.55
4520	-0.45	22
4521	-0.45	23
4521	0	23.45
4521	0.45	23
4521	0	22.55
4521	-0.45	23
4522	-0.45	24
4522	0	24.45
4522	0.45	24
4522	0	23.55
4522	-0.45	24
4523	-0.45	25
4523	0	25.45
4523	0.45	25
4523	0	24.55
4523	-0.45	25
4524	-0.45	26
4524	0	26.45
4524	0.45	26
4524	0	25.55
4524	-0.45	26
4525	-0.45	27
4525	0	27.45
4525	0.45	27
4525	0	26.55
4525	-0.45	27
4526	-0.45	28
4526	0	28.45
4526	0.45	28
4526	0	27.55
4526	-0.45	28
4527	-0.45	29
4527	0	29.45
4527	0.45	29
4527	0	28.55
4527	-0.45	29
4528	-0.45	3
4528	0	3.45
4528	0.45	3
4528	0	2.55
4528	-0.45	3
4529	-0.45	30
4529	0	30.45
4529	0.45	30
4529	0	29.55
4529	-0.45	30
4530	-0.45	31
4530	0	31.45
4530	0.45	31
4530	0	30.55
4530	-0.45	31
4531	-0.45	32
4531	0	32.45
4531	0.45	32
4531	0	31.55
4531	-0.45	32
4532	-0.45	33
4532	0	33.45
4532	0.45	33
4532	0	32.55
4532	-0.45	33
4533	-0.45	34
4533	0	34.45
4533	0.45	34
4533	0	33.55
4533	-0.45	34
4534	-0.45	35
4534	0	35.45
4534	0.45	35
4534	0	34.55
4534	-0.45	35
4535	-0.45	36
4535	0	36.45
4535	0.45	36
4535	0	35.55
4535	-0.45	36
4536	-0.45	37
4536	0	37.45
4536	0.45	37
4536	0	36.55
4536	-0.45	37
4537	-0.45	38
4537	0	38.45
4537	0.45	38
4537	0	37.55
4537	-0.45	38
4538	-0.45	39
4538	0	39.45
4538	0.45	39
4538	0	38.55
4538	-0.45	39
4539	-0.45	4
4539	0	4.45
4539	0.45	4
4539	0	3.55
4539	-0.45	4
4540	-0.45	40
4540	0	40.45
4540	0.45	40
4540	0	39.55
4540	-0.45	40
4541	-0.45	41
4541	0	41.45
4541	0.45	41
4541	0	40.55
4541	-0.45	41
4542	-0.45	42
4542	0	42.45
4542	0.45	42
4542	0	41.55
4542	-0.45	42
4543	-0.45	43
4543	0	43.45
4543	0.45	43
4543	0	42.55
4543	-0.45	43
4544	-0.45	44
4544	0	44.45
4544	0.45	44
4544	0	43.55
4544	-0.45	44
4545	-0.45	45
4545	0	45.45
4545	0.45	45
4545	0	44.55
4545	-0.45	45
4546	-0.45	46
4546	0	46.45
4546	0.45	46
4546	0	45.55
4546	-0.45	46
4547	-0.45	47
4547	0	47.45
4547	0.45	47
4547	0	46.55
4547	-0.45	47
4548	-0.45	48
4548	0	48.45
4548	0.45	48
4548	0	47.55
4548	-0.45	48
4549	-0.45	49
4549	0	49.45
4549	0.45	49
4549	0	48.55
4549	-0.45	49
4550	-0.45	5
4550	0	5.45
4550	0.45	5
4550	0	4.55
4550	-0.45	5
4551	-0.45	6
4551	0	6.45
4551	0.45	6
4551	0	5.55
4551	-0.45	6
4552	-0.45	7
4552	0	7.45
4552	0.45	7
4552	0	6.55
4552	-0.45	7
4553	-0.45	8
4553	0	8.45
4553	0.45	8
4553	0	7.55
4553	-0.45	8
4554	-0.45	9
4554	0	9.45
4554	0.45	9
4554	0	8.55
4554	-0.45	9
4555	0.05	-0.5
4555	0.5	-0.05
4555	0.95	-0.5
4555	0.5	-0.95
4555	0.05	-0.5
4556	0.05	0.5
4556	0.5	0.95
4556	0.95	0.5
4556	0.5	0.05
4556	0.05	0.5
4557	0.05	1.5
4557	0.5	1.95
4557	0.95	1.5
4557	0.5	1.05
4557	0.05	1.5
4558	0.05	10.5
4558	0.5	10.95
4558	0.95	10.5
4558	0.5	10.05
4558	0.05	10.5
4559	0.05	11.5
4559	0.5	11.95
4559	0.95	11.5
4559	0.5	11.05
4559	0.05	11.5
4560	0.05	12.5
4560	0.5	12.95
4560	0.95	12.5
4560	0.5	12.05
4560	0.05	12.5
4561	0.05	13.5
4561	0.5	13.95
4561	0.95	13.5
4561	0.5	13.05
4561	0.05	13.5
4562	0.05	14.5
4562	0.5	14.95
4562	0.95	14.5
4562	0.5	14.05
4562	0.05	14.5
4563	0.05	15.5
4563	0.5	15.95
4563	0.95	15.5
4563	0.5	15.05
4563	0.05	15.5
4564	0.05	16.5
4564	0.5	16.95
4564	0.95	16.5
4564	0.5	16.05
4564	0.05	16.5
4565	0.05	17.5
4565	0.5	17.95
4565	0.95	17.5
4565	0.5	17.05
4565	0.05	17.5
4566	0.05	18.5
4566	0.5	18.95
4566	0.95	18.5
4566	0.5	18.05
4566	0.05	18.5
4567	0.05	19.5
4567	0.5	19.95
4567	0.95	19.5
4567	0.5	19.05
4567	0.05	19.5
4568	0.05	2.5
4568	0.5	2.95
4568	0.95	2.5
4568	0.5	2.05
4568	0.05	2.5
4569	0.05	20.5
4569	0.5	20.95
4569	0.95	20.5
4569	0.5	20.05
4569	0.05	20.5
4570	0.05	21.5
4570	0.5	21.95
4570	0.95	21.5
4570	0.5	21.05
4570	0.05	21.5
4571	0.05	22.5
4571	0.5	22.95
4571	0.95	22.5
4571	0.5	22.05
4571	0.05	22.5
4572	0.05	23.5
4572	0.5	23.95
4572	0.95	23.5
4572	0.5	23.05
4572	0.05	23.5
4573	0.05	24.5
4573	0.5	24.95
4573	0.95	24.5
4573	0.5	24.05
4573	0.05	24.5
4574	0.05	25.5
4574	0.5	25.95
4574	0.95	25.5
4574	0.5	25.05
4574	0.05	25.5
4575	0.05	26.5
4575	0.5	26.95
4575	0.95	26.5
4575	0.5	26.05
4575	0.05	26.5
4576	0.05	27.5
4576	0.5	27.95
4576	0.95	27.5
4576	0.5	27.05
4576	0.05	27.5
4577	0.05	28.5
4577	0.5	28.95
4577	0.95	28.5
4577	0.5	28.05
4577	0.05	28.5
4578	0.05	29.5
4578	0.5	29.95
4578	0.95	29.5
4578	0.5	29.05
4578	0.05	29.5
4579	0.05	3.5
4579	0.5	3.95
4579	0.95	3.5
4579	0.5	3.05
4579	0.05	3.5
4580	0.05	30.5
4580	0.5	30.95
4580	0.95	30.5
4580	0.5	30.05
4580	0.05	30.5
4581	0.05	31.5
4581	0.5	31.95
4581	0.95	31.5
4581	0.5	31.05
4581	0.05	31.5
4582	0.05	32.5
4582	0.5	32.95
4582	0.95	32.5
4582	0.5	32.05
4582	0.05	32.5
4583	0.05	33.5
4583	0.5	33.95
4583	0.95	33.5
4583	0.5	33.05
4583	0.05	33.5
4584	0.05	34.5
4584	0.5	34.95
4584	0.95	34.5
4584	0.5	34.05
4584	0.05	34.5
4585	0.05	35.5
4585	0.5	35.95
4585	0.95	35.5
4585	0.5	35.05
4585	0.05	35.5
4586	0.05	36.5
4586	0.5	36.95
4586	0.95	36.5
4586	0.5	36.05
4586	0.05	36.5
4587	0.05	37.5
4587	0.5	37.95
4587	0.95	37.5
4587	0.5	37.05
4587	0.05	37.5
4588	0.05	38.5
4588	0.5	38.95
4588	0.95	38.5
4588	0.5	38.05
4588	0.05	38.5
4589	0.05	39.5
4589	0.5	39.95
4589	0.95	39.5
4589	0.5	39.05
4589	0.05	39.5
4590	0.05	4.5
4590	0.5	4.95
4590	0.95	4.5
4590	0.5	4.05
4590	0.05	4.5
4591	0.05	40.5
4591	0.5	40.95
4591	0.95	40.5
4591	0.5	40.05
4591	0.05	40.5
4592	0.05	41.5
4592	0.5	41.95
4592	0.95	41.5
4592	0.5	41.05
4592	0.05	41.5
4593	0.05	42.5
4593	0.5	42.95
4593	0.95	42.5
4593	0.5	42.05
4593	0.05	42.5
4594	0.05	43.5
4594	0.5	43.95
4594	0.95	43.5
4594	0.5	43.05
4594	0.05	43.5
4595	0.05	44.5
4595	0.5	44.95
4595	0.95	44.5
4595	0.5	44.05
4595	0.05	44.5
4596	0.05	45.5
4596	0.5	45.95
4596	0.95	45.5
4596	0.5	45.05
4596	0.05	45.5
4597	0.05	46.5
4597	0.5	46.95
4597	0.95	46.5
4597	0.5	46.05
4597	0.05	46.5
4598	0.05	47.5
4598	0.5	47.95
4598	0.95	47.5
4598	0.5	47.05
4598	0.05	47.5
4599	0.05	48.5
4599	0.5	48.95
4599	0.95	48.5
4599	0.5	48.05
4599	0.05	48.5
4600	0.05	5.5
4600	0.5	5.95
4600	0.95	5.5
4600	0.5	5.05
4600	0.05	5.5
4601	0.05	6.5
4601	0.5	6.95
4601	0.95	6.5
4601	0.5	6.05
4601	0.05	6.5
4602	0.05	7.5
4602	0.5	7.95
4602	0.95	7.5
4602	0.5	7.05
4602	0.05	7.5
4603	0.05	8.5
4603	0.5	8.95
4603	0.95	8.5
4603	0.5	8.05
4603	0.05	8.5
4604	0.05	9.5
4604	0.5	9.95
4604	0.95	9.5
4604	0.5	9.05
4604	0.05	9.5
4605	0.55	0
4605	1	0.45
4605	1.45	0
4605	1	-0.45
4605	0.55	0
4606	0.55	1
4606	1	1.45
4606	1.45	1
4606	1	0.55
4606	0.55	1
4607	0.55	10
4607	1	10.45
4607	1.45	10
4607	1	9.55
4607	0.55	10
4608	0.55	11
4608	1	11.45
4608	1.45	11
4608	1	10.55
4608	0.55	11
4609	0.55	12
4609	1	12.45
4609	1.45	12
4609	1	11.55
4609	0.55	12
4610	0.55	13
4610	1	13.45
4610	1.45	13
4610	1	12.55
4610	0.55	13
4611	0.55	14
4611	1	14.45
4611	1.45	14
4611	1	13.55
4611	0.55	14
4612	0.55	15
4612	1	15.45
4612	1.45	15
4612	1	14.55
4612	0.55	15
4613	0.55	16
4613	1	16.45
4613	1.45	16
4613	1	15.55
4613	0.55	16
4614	0.55	17
4614	1	17.45
4614	1.45	17
4614	1	16.55
4614	0.55	17
4615	0.55	18
4615	1	18.45
4615	1.45	18
4615	1	17.55
4615	0.55	18
4616	0.55	19
4616	1	19.45
4616	1.45	19
4616	1	18.55
4616	0.55	19
4617	0.55	2
4617	1	2.45
4617	1.45	2
4617	1	1.55
4617	0.55	2
4618	0.55	20
4618	1	20.45
4618	1.45	20
4618	1	19.55
4618	0.55	20
4619	0.55	21
4619	1	21.45
4619	1.45	21
4619	1	20.55
4619	0.55	21
4620	0.55	22
4620	1	22.45
4620	1.45	22
4620	1	21.55
4620	0.55	22
4621	0.55	23
4621	1	23.45
4621	1.45	23
4621	1	22.55
4621	0.55	23
4622	0.55	24
4622	1	24.45
4622	1.45	24
4622	1	23.55
4622	0.55	24
4623	0.55	25
4623	1	25.45
4623	1.45	25
4623	1	24.55
4623	0.55	25
4624	0.55	26
4624	1	26.45
4624	1.45	26
4624	1	25.55
4624	0.55	26
4625	0.55	27
4625	1	27.45
4625	1.45	27
4625	1	26.55
4625	0.55	27
4626	0.55	28
4626	1	28.45
4626	1.45	28
4626	1	27.55
4626	0.55	28
4627	0.55	29
4627	1	29.45
4627	1.45	29
4627	1	28.55
4627	0.55	29
4628	0.55	3
4628	1	3.45
4628	1.45	3
4628	1	2.55
4628	0.55	3
4629	0.55	30
4629	1	30.45
4629	1.45	30
4629	1	29.55
4629	0.55	30
4630	0.55	31
4630	1	31.45
4630	1.45	31
4630	1	30.55
4630	0.55	31
4631	0.55	32
4631	1	32.45
4631	1.45	32
4631	1	31.55
4631	0.55	32
4632	0.55	33
4632	1	33.45
4632	1.45	33
4632	1	32.55
4632	0.55	33
4633	0.55	34
4633	1	34.45
4633	1.45	34
4633	1	33.55
4633	0.55	34
4634	0.55	35
4634	1	35.45
4634	1.45	35
4634	1	34.55
4634	0.55	35
4635	0.55	36
4635	1	36.45
4635	1.45	36
4635	1	35.55
4635	0.55	36
4636	0.55	37
4636	1	37.45
4636	1.45	37
4636	1	36.55
4636	0.55	37
4637	0.55	38
4637	1	38.45
4637	1.45	38
4637	1	37.55
4637	0.55	38
4638	0.55	39
4638	1	39.45
4638	1.45	39
4638	1	38.55
4638	0.55	39
4639	0.55	4
4639	1	4.45
4639	1.45	4
4639	1	3.55
4639	0.55	4
4640	0.55	40
4640	1	40.45
4640	1.45	40
4640	1	39.55
4640	0.55	40
4641	0.55	41
4641	1	41.45
4641	1.45	41
4641	1	40.55
4641	0.55	41
4642	0.55	42
4642	1	42.45
4642	1.45	42
4642	1	41.55
4642	0.55	42
4643	0.55	43
4643	1	43.45
4643	1.45	43
4643	1	42.55
4643	0.55	43
4644	0.55	44
4644	1	44.45
4644	1.45	44
4644	1	43.55
4644	0.55	44
4645	0.55	45
4645	1	45.45
4645	1.45	45
4645	1	44.55
4645	0.55	45
4646	0.55	46
4646	1	46.45
4646	1.45	46
4646	1	45.55
4646	0.55	46
4647	0.55	47
4647	1	47.45
4647	1.45	47
4647	1	46.55
4647	0.55	47
4648	0.55	48
4648	1	48.45
4648	1.45	48
4648	1	47.55
4648	0.55	48
4649	0.55	49
4649	1	49.45
4649	1.45	49
4649	1	48.55
4649	0.55	49
4650	0.55	5
4650	1	5.45
4650	1.45	5
4650	1	4.55
4650	0.55	5
4651	0.55	6
4651	1	6.45
4651	1.45	6
4651	1	5.55
4651	0.55	6
4652	0.55	7
4652	1	7.45
4652	1.45	7
4652	1	6.55
4652	0.55	7
4653	0.55	8
4653	1	8.45
4653	1.45	8
4653	1	7.55
4653	0.55	8
4654	0.55	9
4654	1	9.45
4654	1.45	9
4654	1	8.55
4654	0.55	9
4655	1.05	-0.5
4655	1.5	-0.05
4655	1.95	-0.5
4655	1.5	-0.95
4655	1.05	-0.5
4656	1.05	0.5
4656	1.5	0.95
4656	1.95	0.5
4656	1.5	0.05
4656	1.05	0.5
4657	1.05	1.5
4657	1.5	1.95
4657	1.95	1.5
4657	1.5	1.05
4657	1.05	1.5
4658	1.05	10.5
4658	1.5	10.95
4658	1.95	10.5
4658	1.5	10.05
4658	1.05	10.5
4659	1.05	11.5
4659	1.5	11.95
4659	1.95	11.5
4659	1.5	11.05
4659	1.05	11.5
4660	1.05	12.5
4660	1.5	12.95
4660	1.95	12.5
4660	1.5	12.05
4660	1.05	12.5
4661	1.05	13.5
4661	1.5	13.95
4661	1.95	13.5
4661	1.5	13.05
4661	1.05	13.5
4662	1.05	14.5
4662	1.5	14.95
4662	1.95	14.5
4662	1.5	14.05
4662	1.05	14.5
4663	1.05	15.5
4663	1.5	15.95
4663	1.95	15.5
4663	1.5	15.05
4663	1.05	15.5
4664	1.05	16.5
4664	1.5	16.95
4664	1.95	16.5
4664	1.5	16.05
4664	1.05	16.5
4665	1.05	17.5
4665	1.5	17.95
4665	1.95	17.5
4665	1.5	17.05
4665	1.05	17.5
4666	1.05	18.5
4666	1.5	18.95
4666	1.95	18.5
4666	1.5	18.05
4666	1.05	18.5
4667	1.05	19.5
4667	1.5	19.95
4667	1.95	19.5
4667	1.5	19.05
4667	1.05	19.5
4668	1.05	2.5
4668	1.5	2.95
4668	1.95	2.5
4668	1.5	2.05
4668	1.05	2.5
4669	1.05	20.5
4669	1.5	20.95
4669	1.95	20.5
4669	1.5	20.05
4669	1.05	20.5
4670	1.05	21.5
4670	1.5	21.95
4670	1.95	21.5
4670	1.5	21.05
4670	1.05	21.5
4671	1.05	22.5
4671	1.5	22.95
4671	1.95	22.5
4671	1.5	22.05
4671	1.05	22.5
4672	1.05	23.5
4672	1.5	23.95
4672	1.95	23.5
4672	1.5	23.05
4672	1.05	23.5
4673	1.05	24.5
4673	1.5	24.95
4673	1.95	24.5
4673	1.5	24.05
4673	1.05	24.5
4674	1.05	25.5
4674	1.5	25.95
4674	1.95	25.5
4674	1.5	25.05
4674	1.05	25.5
4675	1.05	26.5
4675	1.5	26.95
4675	1.95	26.5
4675	1.5	26.05
4675	1.05	26.5
4676	1.05	27.5
4676	1.5	27.95
4676	1.95	27.5
4676	1.5	27.05
4676	1.05	27.5
4677	1.05	28.5
4677	1.5	28.95
4677	1.95	28.5
4677	1.5	28.05
4677	1.05	28.5
4678	1.05	29.5
4678	1.5	29.95
4678	1.95	29.5
4678	1.5	29.05
4678	1.05	29.5
4679	1.05	3.5
4679	1.5	3.95
4679	1.95	3.5
4679	1.5	3.05
4679	1.05	3.5
4680	1.05	30.5
4680	1.5	30.95
4680	1.95	30.5
4680	1.5	30.05
4680	1.05	30.5
4681	1.05	31.5
4681	1.5	31.95
4681	1.95	31.5
4681	1.5	31.05
4681	1.05	31.5
4682	1.05	32.5
4682	1.5	32.95
4682	1.95	32.5
4682	1.5	32.05
4682	1.05	32.5
4683	1.05	33.5
4683	1.5	33.95
4683	1.95	33.5
4683	1.5	33.05
4683	1.05	33.5
4684	1.05	34.5
4684	1.5	34.95
4684	1.95	34.5
4684	1.5	34.05
4684	1.05	34.5
4685	1.05	35.5
4685	1.5	35.95
4685	1.95	35.5
4685	1.5	35.05
4685	1.05	35.5
4686	1.05	36.5
4686	1.5	36.95
4686	1.95	36.5
4686	1.5	36.05
4686	1.05	36.5
4687	1.05	37.5
4687	1.5	37.95
4687	1.95	37.5
4687	1.5	37.05
4687	1.05	37.5
4688	1.05	38.5
4688	1.5	38.95
4688	1.95	38.5
4688	1.5	38.05
4688	1.05	38.5
4689	1.05	39.5
4689	1.5	39.95
4689	1.95	39.5
4689	1.5	39.05
4689	1.05	39.5
4690	1.05	4.5
4690	1.5	4.95
4690	1.95	4.5
4690	1.5	4.05
4690	1.05	4.5
4691	1.05	40.5
4691	1.5	40.95
4691	1.95	40.5
4691	1.5	40.05
4691	1.05	40.5
4692	1.05	41.5
4692	1.5	41.95
4692	1.95	41.5
4692	1.5	41.05
4692	1.05	41.5
4693	1.05	42.5
4693	1.5	42.95
4693	1.95	42.5
4693	1.5	42.05
4693	1.05	42.5
4694	1.05	43.5
4694	1.5	43.95
4694	1.95	43.5
4694	1.5	43.05
4694	1.05	43.5
4695	1.05	44.5
4695	1.5	44.95
4695	1.95	44.5
4695	1.5	44.05
4695	1.05	44.5
4696	1.05	45.5
4696	1.5	45.95
4696	1.95	45.5
4696	1.5	45.05
4696	1.05	45.5
4697	1.05	46.5
4697	1.5	46.95
4697	1.95	46.5
4697	1.5	46.05
4697	1.05	46.5
4698	1.05	47.5
4698	1.5	47.95
4698	1.95	47.5
4698	1.5	47.05
4698	1.05	47.5
4699	1.05	48.5
4699	1.5	48.95
4699	1.95	48.5
4699	1.5	48.05
4699	1.05	48.5
4700	1.05	5.5
4700	1.5	5.95
4700	1.95	5.5
4700	1.5	5.05
4700	1.05	5.5
4701	1.05	6.5
4701	1.5	6.95
4701	1.95	6.5
4701	1.5	6.05
4701	1.05	6.5
4702	1.05	7.5
4702	1.5	7.95
4702	1.95	7.5
4702	1.5	7.05
4702	1.05	7.5
4703	1.05	8.5
4703	1.5	8.95
4703	1.95	8.5
4703	1.5	8.05
4703	1.05	8.5
4704	1.05	9.5
4704	1.5	9.95
4704	1.95	9.5
4704	1.5	9.05
4704	1.05	9.5
4705	1.55	0
4705	2	0.45
4705	2.45	0
4705	2	-0.45
4705	1.55	0
4706	1.55	1
4706	2	1.45
4706	2.45	1
4706	2	0.55
4706	1.55	1
4707	1.55	10
4707	2	10.45
4707	2.45	10
4707	2	9.55
4707	1.55	10
4708	1.55	11
4708	2	11.45
4708	2.45	11
4708	2	10.55
4708	1.55	11
4709	1.55	12
4709	2	12.45
4709	2.45	12
4709	2	11.55
4709	1.55	12
4710	1.55	13
4710	2	13.45
4710	2.45	13
4710	2	12.55
4710	1.55	13
4711	1.55	14
4711	2	14.45
4711	2.45	14
4711	2	13.55
4711	1.55	14
4712	1.55	15
4712	2	15.45
4712	2.45	15
4712	2	14.55
4712	1.55	15
4713	1.55	16
4713	2	16.45
4713	2.45	16
4713	2	15.55
4713	1.55	16
4714	1.55	17
4714	2	17.45
4714	2.45	17
4714	2	16.55
4714	1.55	17
4715	1.55	18
4715	2	18.45
4715	2.45	18
4715	2	17.55
4715	1.55	18
4716	1.55	19
4716	2	19.45
4716	2.45	19
4716	2	18.55
4716	1.55	19
4717	1.55	2
4717	2	2.45
4717	2.45	2
4717	2	1.55
4717	1.55	2
4718	1.55	20
4718	2	20.45
4718	2.45	20
4718	2	19.55
4718	1.55	20
4719	1.55	21
4719	2	21.45
4719	2.45	21
4719	2	20.55
4719	1.55	21
4720	1.55	22
4720	2	22.45
4720	2.45	22
4720	2	21.55
4720	1.55	22
4721	1.55	23
4721	2	23.45
4721	2.45	23
4721	2	22.55
4721	1.55	23
4722	1.55	24
4722	2	24.45
4722	2.45	24
4722	2	23.55
4722	1.55	24
4723	1.55	25
4723	2	25.45
4723	2.45	25
4723	2	24.55
4723	1.55	25
4724	1.55	26
4724	2	26.45
4724	2.45	26
4724	2	25.55
4724	1.55	26
4725	1.55	27
4725	2	27.45
4725	2.45	27
4725	2	26.55
4725	1.55	27
4726	1.55	28
4726	2	28.45
4726	2.45	28
4726	2	27.55
4726	1.55	28
4727	1.55	29
4727	2	29.45
4727	2.45	29
4727	2	28.55
4727	1.55	29
4728	1.55	3
4728	2	3.45
4728	2.45	3
4728	2	2.55
4728	1.55	3
4729	1.55	30
4729	2	30.45
4729	2.45	30
4729	2	29.55
4729	1.55	30
4730	1.55	31
4730	2	31.45
4730	2.45	31
4730	2	30.55
4730	1.55	31
4731	1.55	32
4731	2	32.45
4731	2.45	32
4731	2	31.55
4731	1.55	32
4732	1.55	33
4732	2	33.45
4732	2.45	33
4732	2	32.55
4732	1.55	33
4733	1.55	34
4733	2	34.45
4733	2.45	34
4733	2	33.55
4733	1.55	34
4734	1.55	35
4734	2	35.45
4734	2.45	35
4734	2	34.55
4734	1.55	35
4735	1.55	36
4735	2	36.45
4735	2.45	36
4735	2	35.55
4735	1.55	36
4736	1.55	37
4736	2	37.45
4736	2.45	37
4736	2	36.55
4736	1.55	37
4737	1.55	38
4737	2	38.45
4737	2.45	38
4737	2	37.55
4737	1.55	38
4738	1.55	39
4738	2	39.45
4738	2.45	39
4738	2	38.55
4738	1.55	39
4739	1.55	4
4739	2	4.45
4739	2.45	4
4739	2	3.55
4739	1.55	4
4740	1.55	40
4740	2	40.45
4740	2.45	40
4740	2	39.55
4740	1.55	40
4741	1.55	41
4741	2	41.45
4741	2.45	41
4741	2	40.55
4741	1.55	41
4742	1.55	42
4742	2	42.45
4742	2.45	42
4742	2	41.55
4742	1.55	42
4743	1.55	43
4743	2	43.45
4743	2.45	43
4743	2	42.55
4743	1.55	43
4744	1.55	44
4744	2	44.45
4744	2.45	44
4744	2	43.55
4744	1.55	44
4745	1.55	45
4745	2	45.45
4745	2.45	45
4745	2	44.55
4745	1.55	45
4746	1.55	46
4746	2	46.45
4746	2.45	46
4746	2	45.55
4746	1.55	46
4747	1.55	47
4747	2	47.45
4747	2.45	47
4747	2	46.55
4747	1.55	47
4748	1.55	48
4748	2	48.45
4748	2.45	48
4748	2	47.55
4748	1.55	48
4749	1.55	49
4749	2	49.45
4749	2.45	49
4749	2	48.55
4749	1.55	49
4750	1.55	5
4750	2	5.45
4750	2.45	5
4750	2	4.55
4750	1.55	5
4751	1.55	6
4751	2	6.45
4751	2.45	6
4751	2	5.55
4751	1.55	6
4752	1.55	7
4752	2	7.45
4752	2.45	7
4752	2	6.55
4752	1.55	7
4753	1.55	8
4753	2	8.45
4753	2.45	8
4753	2	7.55
4753	1.55	8
4754	1.55	9
4754	2	9.45
4754	2.45	9
4754	2	8.55
4754	1.55	9
4755	2.05	-0.5
4755	2.5	-0.05
4755	2.95	-0.5
4755	2.5	-0.95
4755	2.05	-0.5
4756	2.05	0.5
4756	2.5	0.95
4756	2.95	0.5
4756	2.5	0.05
4756	2.05	0.5
4757	2.05	1.5
4757	2.5	1.95
4757	2.95	1.5
4757	2.5	1.05
4757	2.05	1.5
4758	2.05	10.5
4758	2.5	10.95
4758	2.95	10.5
4758	2.5	10.05
4758	2.05	10.5
4759	2.05	11.5
4759	2.5	11.95
4759	2.95	11.5
4759	2.5	11.05
4759	2.05	11.5
4760	2.05	12.5
4760	2.5	12.95
4760	2.95	12.5
4760	2.5	12.05
4760	2.05	12.5
4761	2.05	13.5
4761	2.5	13.95
4761	2.95	13.5
4761	2.5	13.05
4761	2.05	13.5
4762	2.05	14.5
4762	2.5	14.95
4762	2.95	14.5
4762	2.5	14.05
4762	2.05	14.5
4763	2.05	15.5
4763	2.5	15.95
4763	2.95	15.5
4763	2.5	15.05
4763	2.05	15.5
4764	2.05	16.5
4764	2.5	16.95
4764	2.95	16.5
4764	2.5	16.05
4764	2.05	16.5
4765	2.05	17.5
4765	2.5	17.95
4765	2.95	17.5
4765	2.5	17.05
4765	2.05	17.5
4766	2.05	18.5
4766	2.5	18.95
4766	2.95	18.5
4766	2.5	18.05
4766	2.05	18.5
4767	2.05	19.5
4767	2.5	19.95
4767	2.95	19.5
4767	2.5	19.05
4767	2.05	19.5
4768	2.05	2.5
4768	2.5	2.95
4768	2.95	2.5
4768	2.5	2.05
4768	2.05	2.5
4769	2.05	20.5
4769	2.5	20.95
4769	2.95	20.5
4769	2.5	20.05
4769	2.05	20.5
4770	2.05	21.5
4770	2.5	21.95
4770	2.95	21.5
4770	2.5	21.05
4770	2.05	21.5
4771	2.05	22.5
4771	2.5	22.95
4771	2.95	22.5
4771	2.5	22.05
4771	2.05	22.5
4772	2.05	23.5
4772	2.5	23.95
4772	2.95	23.5
4772	2.5	23.05
4772	2.05	23.5
4773	2.05	24.5
4773	2.5	24.95
4773	2.95	24.5
4773	2.5	24.05
4773	2.05	24.5
4774	2.05	25.5
4774	2.5	25.95
4774	2.95	25.5
4774	2.5	25.05
4774	2.05	25.5
4775	2.05	26.5
4775	2.5	26.95
4775	2.95	26.5
4775	2.5	26.05
4775	2.05	26.5
4776	2.05	27.5
4776	2.5	27.95
4776	2.95	27.5
4776	2.5	27.05
4776	2.05	27.5
4777	2.05	28.5
4777	2.5	28.95
4777	2.95	28.5
4777	2.5	28.05
4777	2.05	28.5
4778	2.05	29.5
4778	2.5	29.95
4778	2.95	29.5
4778	2.5	29.05
4778	2.05	29.5
4779	2.05	3.5
4779	2.5	3.95
4779	2.95	3.5
4779	2.5	3.05
4779	2.05	3.5
4780	2.05	30.5
4780	2.5	30.95
4780	2.95	30.5
4780	2.5	30.05
4780	2.05	30.5
4781	2.05	31.5
4781	2.5	31.95
4781	2.95	31.5
4781	2.5	31.05
4781	2.05	31.5
4782	2.05	32.5
4782	2.5	32.95
4782	2.95	32.5
4782	2.5	32.05
4782	2.05	32.5
4783	2.05	33.5
4783	2.5	33.95
4783	2.95	33.5
4783	2.5	33.05
4783	2.05	33.5
4784	2.05	34.5
4784	2.5	34.95
4784	2.95	34.5
4784	2.5	34.05
4784	2.05	34.5
4785	2.05	35.5
4785	2.5	35.95
4785	2.95	35.5
4785	2.5	35.05
4785	2.05	35.5
4786	2.05	36.5
4786	2.5	36.95
4786	2.95	36.5
4786	2.5	36.05
4786	2.05	36.5
4787	2.05	37.5
4787	2.5	37.95
4787	2.95	37.5
4787	2.5	37.05
4787	2.05	37.5
4788	2.05	38.5
4788	2.5	38.95
4788	2.95	38.5
4788	2.5	38.05
4788	2.05	38.5
4789	2.05	39.5
4789	2.5	39.95
4789	2.95	39.5
4789	2.5	39.05
4789	2.05	39.5
4790	2.05	4.5
4790	2.5	4.95
4790	2.95	4.5
4790	2.5	4.05
4790	2.05	4.5
4791	2.05	40.5
4791	2.5	40.95
4791	2.95	40.5
4791	2.5	40.05
4791	2.05	40.5
4792	2.05	41.5
4792	2.5	41.95
4792	2.95	41.5
4792	2.5	41.05
4792	2.05	41.5
4793	2.05	42.5
4793	2.5	42.95
4793	2.95	42.5
4793	2.5	42.05
4793	2.05	42.5
4794	2.05	43.5
4794	2.5	43.95
4794	2.95	43.5
4794	2.5	43.05
4794	2.05	43.5
4795	2.05	44.5
4795	2.5	44.95
4795	2.95	44.5
4795	2.5	44.05
4795	2.05	44.5
4796	2.05	45.5
4796	2.5	45.95
4796	2.95	45.5
4796	2.5	45.05
4796	2.05	45.5
4797	2.05	46.5
4797	2.5	46.95
4797	2.95	46.5
4797	2.5	46.05
4797	2.05	46.5
4798	2.05	47.5
4798	2.5	47.95
4798	2.95	47.5
4798	2.5	47.05
4798	2.05	47.5
4799	2.05	48.5
4799	2.5	48.95
4799	2.95	48.5
4799	2.5	48.05
4799	2.05	48.5
4800	2.05	5.5
4800	2.5	5.95
4800	2.95	5.5
4800	2.5	5.05
4800	2.05	5.5
4801	2.05	6.5
4801	2.5	6.95
4801	2.95	6.5
4801	2.5	6.05
4801	2.05	6.5
4802	2.05	7.5
4802	2.5	7.95
4802	2.95	7.5
4802	2.5	7.05
4802	2.05	7.5
4803	2.05	8.5
4803	2.5	8.95
4803	2.95	8.5
4803	2.5	8.05
4803	2.05	8.5
4804	2.05	9.5
4804	2.5	9.95
4804	2.95	9.5
4804	2.5	9.05
4804	2.05	9.5
4805	2.55	0
4805	3	0.45
4805	3.45	0
4805	3	-0.45
4805	2.55	0
4806	2.55	1
4806	3	1.45
4806	3.45	1
4806	3	0.55
4806	2.55	1
4807	2.55	10
4807	3	10.45
4807	3.45	10
4807	3	9.55
4807	2.55	10
4808	2.55	11
4808	3	11.45
4808	3.45	11
4808	3	10.55
4808	2.55	11
4809	2.55	12
4809	3	12.45
4809	3.45	12
4809	3	11.55
4809	2.55	12
4810	2.55	13
4810	3	13.45
4810	3.45	13
4810	3	12.55
4810	2.55	13
4811	2.55	14
4811	3	14.45
4811	3.45	14
4811	3	13.55
4811	2.55	14
4812	2.55	15
4812	3	15.45
4812	3.45	15
4812	3	14.55
4812	2.55	15
4813	2.55	16
4813	3	16.45
4813	3.45	16
4813	3	15.55
4813	2.55	16
4814	2.55	17
4814	3	17.45
4814	3.45	17
4814	3	16.55
4814	2.55	17
4815	2.55	18
4815	3	18.45
4815	3.45	18
4815	3	17.55
4815	2.55	18
4816	2.55	19
4816	3	19.45
4816	3.45	19
4816	3	18.55
4816	2.55	19
4817	2.55	2
4817	3	2.45
4817	3.45	2
4817	3	1.55
4817	2.55	2
4818	2.55	20
4818	3	20.45
4818	3.45	20
4818	3	19.55
4818	2.55	20
4819	2.55	21
4819	3	21.45
4819	3.45	21
4819	3	20.55
4819	2.55	21
4820	2.55	22
4820	3	22.45
4820	3.45	22
4820	3	21.55
4820	2.55	22
4821	2.55	23
4821	3	23.45
4821	3.45	23
4821	3	22.55
4821	2.55	23
4822	2.55	24
4822	3	24.45
4822	3.45	24
4822	3	23.55
4822	2.55	24
4823	2.55	25
4823	3	25.45
4823	3.45	25
4823	3	24.55
4823	2.55	25
4824	2.55	26
4824	3	26.45
4824	3.45	26
4824	3	25.55
4824	2.55	26
4825	2.55	27
4825	3	27.45
4825	3.45	27
4825	3	26.55
4825	2.55	27
4826	2.55	28
4826	3	28.45
4826	3.45	28
4826	3	27.55
4826	2.55	28
4827	2.55	29
4827	3	29.45
4827	3.45	29
4827	3	28.55
4827	2.55	29
4828	2.55	3
4828	3	3.45
4828	3.45	3
4828	3	2.55
4828	2.55	3
4829	2.55	30
4829	3	30.45
4829	3.45	30
4829	3	29.55
4829	2.55	30
4830	2.55	31
4830	3	31.45
4830	3.45	31
4830	3	30.55
4830	2.55	31
4831	2.55	32
4831	3	32.45
4831	3.45	32
4831	3	31.55
4831	2.55	32
4832	2.55	33
4832	3	33.45
4832	3.45	33
4832	3	32.55
4832	2.55	33
4833	2.55	34
4833	3	34.45
4833	3.45	34
4833	3	33.55
4833	2.55	34
4834	2.55	35
4834	3	35.45
4834	3.45	35
4834	3	34.55
4834	2.55	35
4835	2.55	36
4835	3	36.45
4835	3.45	36
4835	3	35.55
4835	2.55	36
4836	2.55	37
4836	3	37.45
4836	3.45	37
4836	3	36.55
4836	2.55	37
4837	2.55	38
4837	3	38.45
4837	3.45	38
4837	3	37.55
4837	2.55	38
4838	2.55	39
4838	3	39.45
4838	3.45	39
4838	3	38.55
4838	2.55	39
4839	2.55	4
4839	3	4.45
4839	3.45	4
4839	3	3.55
4839	2.55	4
4840	2.55	40
4840	3	40.45
4840	3.45	40
4840	3	39.55
4840	2.55	40
4841	2.55	41
4841	3	41.45
4841	3.45	41
4841	3	40.55
4841	2.55	41
4842	2.55	42
4842	3	42.45
4842	3.45	42
4842	3	41.55
4842	2.55	42
4843	2.55	43
4843	3	43.45
4843	3.45	43
4843	3	42.55
4843	2.55	43
4844	2.55	44
4844	3	44.45
4844	3.45	44
4844	3	43.55
4844	2.55	44
4845	2.55	45
4845	3	45.45
4845	3.45	45
4845	3	44.55
4845	2.55	45
4846	2.55	46
4846	3	46.45
4846	3.45	46
4846	3	45.55
4846	2.55	46
4847	2.55	47
4847	3	47.45
4847	3.45	47
4847	3	46.55
4847	2.55	47
4848	2.55	48
4848	3	48.45
4848	3.45	48
4848	3	47.55
4848	2.55	48
4849	2.55	49
4849	3	49.45
4849	3.45	49
4849	3	48.55
4849	2.55	49
4850	2.55	5
4850	3	5.45
4850	3.45	5
4850	3	4.55
4850	2.55	5
4851	2.55	6
4851	3	6.45
4851	3.45	6
4851	3	5.55
4851	2.55	6
4852	2.55	7
4852	3	7.45
4852	3.45	7
4852	3	6.55
4852	2.55	7
4853	2.55	8
4853	3	8.45
4853	3.45	8
4853	3	7.55
4853	2.55	8
4854	2.55	9
4854	3	9.45
4854	3.45	9
4854	3	8.55
4854	2.55	9
4855	3.05	-0.5
4855	3.5	-0.05
4855	3.95	-0.5
4855	3.5	-0.95
4855	3.05	-0.5
4856	3.05	0.5
4856	3.5	0.95
4856	3.95	0.5
4856	3.5	0.05
4856	3.05	0.5
4857	3.05	1.5
4857	3.5	1.95
4857	3.95	1.5
4857	3.5	1.05
4857	3.05	1.5
4858	3.05	10.5
4858	3.5	10.95
4858	3.95	10.5
4858	3.5	10.05
4858	3.05	10.5
4859	3.05	11.5
4859	3.5	11.95
4859	3.95	11.5
4859	3.5	11.05
4859	3.05	11.5
4860	3.05	12.5
4860	3.5	12.95
4860	3.95	12.5
4860	3.5	12.05
4860	3.05	12.5
4861	3.05	13.5
4861	3.5	13.95
4861	3.95	13.5
4861	3.5	13.05
4861	3.05	13.5
4862	3.05	14.5
4862	3.5	14.95
4862	3.95	14.5
4862	3.5	14.05
4862	3.05	14.5
4863	3.05	15.5
4863	3.5	15.95
4863	3.95	15.5
4863	3.5	15.05
4863	3.05	15.5
4864	3.05	16.5
4864	3.5	16.95
4864	3.95	16.5
4864	3.5	16.05
4864	3.05	16.5
4865	3.05	17.5
4865	3.5	17.95
4865	3.95	17.5
4865	3.5	17.05
4865	3.05	17.5
4866	3.05	18.5
4866	3.5	18.95
4866	3.95	18.5
4866	3.5	18.05
4866	3.05	18.5
4867	3.05	19.5
4867	3.5	19.95
4867	3.95	19.5
4867	3.5	19.05
4867	3.05	19.5
4868	3.05	2.5
4868	3.5	2.95
4868	3.95	2.5
4868	3.5	2.05
4868	3.05	2.5
4869	3.05	20.5
4869	3.5	20.95
4869	3.95	20.5
4869	3.5	20.05
4869	3.05	20.5
4870	3.05	21.5
4870	3.5	21.95
4870	3.95	21.5
4870	3.5	21.05
4870	3.05	21.5
4871	3.05	22.5
4871	3.5	22.95
4871	3.95	22.5
4871	3.5	22.05
4871	3.05	22.5
4872	3.05	23.5
4872	3.5	23.95
4872	3.95	23.5
4872	3.5	23.05
4872	3.05	23.5
4873	3.05	24.5
4873	3.5	24.95
4873	3.95	24.5
4873	3.5	24.05
4873	3.05	24.5
4874	3.05	25.5
4874	3.5	25.95
4874	3.95	25.5
4874	3.5	25.05
4874	3.05	25.5
4875	3.05	26.5
4875	3.5	26.95
4875	3.95	26.5
4875	3.5	26.05
4875	3.05	26.5
4876	3.05	27.5
4876	3.5	27.95
4876	3.95	27.5
4876	3.5	27.05
4876	3.05	27.5
4877	3.05	28.5
4877	3.5	28.95
4877	3.95	28.5
4877	3.5	28.05
4877	3.05	28.5
4878	3.05	29.5
4878	3.5	29.95
4878	3.95	29.5
4878	3.5	29.05
4878	3.05	29.5
4879	3.05	3.5
4879	3.5	3.95
4879	3.95	3.5
4879	3.5	3.05
4879	3.05	3.5
4880	3.05	30.5
4880	3.5	30.95
4880	3.95	30.5
4880	3.5	30.05
4880	3.05	30.5
4881	3.05	31.5
4881	3.5	31.95
4881	3.95	31.5
4881	3.5	31.05
4881	3.05	31.5
4882	3.05	32.5
4882	3.5	32.95
4882	3.95	32.5
4882	3.5	32.05
4882	3.05	32.5
4883	3.05	33.5
4883	3.5	33.95
4883	3.95	33.5
4883	3.5	33.05
4883	3.05	33.5
4884	3.05	34.5
4884	3.5	34.95
4884	3.95	34.5
4884	3.5	34.05
4884	3.05	34.5
4885	3.05	35.5
4885	3.5	35.95
4885	3.95	35.5
4885	3.5	35.05
4885	3.05	35.5
4886	3.05	36.5
4886	3.5	36.95
4886	3.95	36.5
4886	3.5	36.05
4886	3.05	36.5
4887	3.05	37.5
4887	3.5	37.95
4887	3.95	37.5
4887	3.5	37.05
4887	3.05	37.5
4888	3.05	38.5
4888	3.5	38.95
4888	3.95	38.5
4888	3.5	38.05
4888	3.05	38.5
4889	3.05	39.5
4889	3.5	39.95
4889	3.95	39.5
4889	3.5	39.05
4889	3.05	39.5
4890	3.05	4.5
4890	3.5	4.95
4890	3.95	4.5
4890	3.5	4.05
4890	3.05	4.5
4891	3.05	40.5
4891	3.5	40.95
4891	3.95	40.5
4891	3.5	40.05
4891	3.05	40.5
4892	3.05	41.5
4892	3.5	41.95
4892	3.95	41.5
4892	3.5	41.05
4892	3.05	41.5
4893	3.05	42.5
4893	3.5	42.95
4893	3.95	42.5
4893	3.5	42.05
4893	3.05	42.5
4894	3.05	43.5
4894	3.5	43.95
4894	3.95	43.5
4894	3.5	43.05
4894	3.05	43.5
4895	3.05	44.5
4895	3.5	44.95
4895	3.95	44.5
4895	3.5	44.05
4895	3.05	44.5
4896	3.05	45.5
4896	3.5	45.95
4896	3.95	45.5
4896	3.5	45.05
4896	3.05	45.5
4897	3.05	46.5
4897	3.5	46.95
4897	3.95	46.5
4897	3.5	46.05
4897	3.05	46.5
4898	3.05	47.5
4898	3.5	47.95
4898	3.95	47.5
4898	3.5	47.05
4898	3.05	47.5
4899	3.05	48.5
4899	3.5	48.95
4899	3.95	48.5
4899	3.5	48.05
4899	3.05	48.5
4900	3.05	5.5
4900	3.5	5.95
4900	3.95	5.5
4900	3.5	5.05
4900	3.05	5.5
4901	3.05	6.5
4901	3.5	6.95
4901	3.95	6.5
4901	3.5	6.05
4901	3.05	6.5
4902	3.05	7.5
4902	3.5	7.95
4902	3.95	7.5
4902	3.5	7.05
4902	3.05	7.5
4903	3.05	8.5
4903	3.5	8.95
4903	3.95	8.5
4903	3.5	8.05
4903	3.05	8.5
4904	3.05	9.5
4904	3.5	9.95
4904	3.95	9.5
4904	3.5	9.05
4904	3.05	9.5
4905	3.55	0
4905	4	0.45
4905	4.45	0
4905	4	-0.45
4905	3.55	0
4906	3.55	1
4906	4	1.45
4906	4.45	1
4906	4	0.55
4906	3.55	1
4907	3.55	10
4907	4	10.45
4907	4.45	10
4907	4	9.55
4907	3.55	10
4908	3.55	11
4908	4	11.45
4908	4.45	11
4908	4	10.55
4908	3.55	11
4909	3.55	12
4909	4	12.45
4909	4.45	12
4909	4	11.55
4909	3.55	12
4910	3.55	13
4910	4	13.45
4910	4.45	13
4910	4	12.55
4910	3.55	13
4911	3.55	14
4911	4	14.45
4911	4.45	14
4911	4	13.55
4911	3.55	14
4912	3.55	15
4912	4	15.45
4912	4.45	15
4912	4	14.55
4912	3.55	15
4913	3.55	16
4913	4	16.45
4913	4.45	16
4913	4	15.55
4913	3.55	16
4914	3.55	17
4914	4	17.45
4914	4.45	17
4914	4	16.55
4914	3.55	17
4915	3.55	18
4915	4	18.45
4915	4.45	18
4915	4	17.55
4915	3.55	18
4916	3.55	19
4916	4	19.45
4916	4.45	19
4916	4	18.55
4916	3.55	19
4917	3.55	2
4917	4	2.45
4917	4.45	2
4917	4	1.55
4917	3.55	2
4918	3.55	20
4918	4	20.45
4918	4.45	20
4918	4	19.55
4918	3.55	20
4919	3.55	21
4919	4	21.45
4919	4.45	21
4919	4	20.55
4919	3.55	21
4920	3.55	22
4920	4	22.45
4920	4.45	22
4920	4	21.55
4920	3.55	22
4921	3.55	23
4921	4	23.45
4921	4.45	23
4921	4	22.55
4921	3.55	23
4922	3.55	24
4922	4	24.45
4922	4.45	24
4922	4	23.55
4922	3.55	24
4923	3.55	25
4923	4	25.45
4923	4.45	25
4923	4	24.55
4923	3.55	25
4924	3.55	26
4924	4	26.45
4924	4.45	26
4924	4	25.55
4924	3.55	26
4925	3.55	27
4925	4	27.45
4925	4.45	27
4925	4	26.55
4925	3.55	27
4926	3.55	28
4926	4	28.45
4926	4.45	28
4926	4	27.55
4926	3.55	28
4927	3.55	29
4927	4	29.45
4927	4.45	29
4927	4	28.55
4927	3.55	29
4928	3.55	3
4928	4	3.45
4928	4.45	3
4928	4	2.55
4928	3.55	3
4929	3.55	30
4929	4	30.45
4929	4.45	30
4929	4	29.55
4929	3.55	30
4930	3.55	31
4930	4	31.45
4930	4.45	31
4930	4	30.55
4930	3.55	31
4931	3.55	32
4931	4	32.45
4931	4.45	32
4931	4	31.55
4931	3.55	32
4932	3.55	33
4932	4	33.45
4932	4.45	33
4932	4	32.55
4932	3.55	33
4933	3.55	34
4933	4	34.45
4933	4.45	34
4933	4	33.55
4933	3.55	34
4934	3.55	35
4934	4	35.45
4934	4.45	35
4934	4	34.55
4934	3.55	35
4935	3.55	36
4935	4	36.45
4935	4.45	36
4935	4	35.55
4935	3.55	36
4936	3.55	37
4936	4	37.45
4936	4.45	37
4936	4	36.55
4936	3.55	37
4937	3.55	38
4937	4	38.45
4937	4.45	38
4937	4	37.55
4937	3.55	38
4938	3.55	39
4938	4	39.45
4938	4.45	39
4938	4	38.55
4938	3.55	39
4939	3.55	4
4939	4	4.45
4939	4.45	4
4939	4	3.55
4939	3.55	4
4940	3.55	40
4940	4	40.45
4940	4.45	40
4940	4	39.55
4940	3.55	40
4941	3.55	41
4941	4	41.45
4941	4.45	41
4941	4	40.55
4941	3.55	41
4942	3.55	42
4942	4	42.45
4942	4.45	42
4942	4	41.55
4942	3.55	42
4943	3.55	43
4943	4	43.45
4943	4.45	43
4943	4	42.55
4943	3.55	43
4944	3.55	44
4944	4	44.45
4944	4.45	44
4944	4	43.55
4944	3.55	44
4945	3.55	45
4945	4	45.45
4945	4.45	45
4945	4	44.55
4945	3.55	45
4946	3.55	46
4946	4	46.45
4946	4.45	46
4946	4	45.55
4946	3.55	46
4947	3.55	47
4947	4	47.45
4947	4.45	47
4947	4	46.55
4947	3.55	47
4948	3.55	48
4948	4	48.45
4948	4.45	48
4948	4	47.55
4948	3.55	48
4949	3.55	49
4949	4	49.45
4949	4.45	49
4949	4	48.55
4949	3.55	49
4950	3.55	5
4950	4	5.45
4950	4.45	5
4950	4	4.55
4950	3.55	5
4951	3.55	6
4951	4	6.45
4951	4.45	6
4951	4	5.55
4951	3.55	6
4952	3.55	7
4952	4	7.45
4952	4.45	7
4952	4	6.55
4952	3.55	7
4953	3.55	8
4953	4	8.45
4953	4.45	8
4953	4	7.55
4953	3.55	8
4954	3.55	9
4954	4	9.45
4954	4.45	9
4954	4	8.55
4954	3.55	9
4955	4.05	-0.5
4955	4.5	-0.05
4955	4.95	-0.5
4955	4.5	-0.95
4955	4.05	-0.5
4956	4.05	0.5
4956	4.5	0.95
4956	4.95	0.5
4956	4.5	0.05
4956	4.05	0.5
4957	4.05	1.5
4957	4.5	1.95
4957	4.95	1.5
4957	4.5	1.05
4957	4.05	1.5
4958	4.05	10.5
4958	4.5	10.95
4958	4.95	10.5
4958	4.5	10.05
4958	4.05	10.5
4959	4.05	11.5
4959	4.5	11.95
4959	4.95	11.5
4959	4.5	11.05
4959	4.05	11.5
4960	4.05	12.5
4960	4.5	12.95
4960	4.95	12.5
4960	4.5	12.05
4960	4.05	12.5
4961	4.05	13.5
4961	4.5	13.95
4961	4.95	13.5
4961	4.5	13.05
4961	4.05	13.5
4962	4.05	14.5
4962	4.5	14.95
4962	4.95	14.5
4962	4.5	14.05
4962	4.05	14.5
4963	4.05	15.5
4963	4.5	15.95
4963	4.95	15.5
4963	4.5	15.05
4963	4.05	15.5
4964	4.05	16.5
4964	4.5	16.95
4964	4.95	16.5
4964	4.5	16.05
4964	4.05	16.5
4965	4.05	17.5
4965	4.5	17.95
4965	4.95	17.5
4965	4.5	17.05
4965	4.05	17.5
4966	4.05	18.5
4966	4.5	18.95
4966	4.95	18.5
4966	4.5	18.05
4966	4.05	18.5
4967	4.05	19.5
4967	4.5	19.95
4967	4.95	19.5
4967	4.5	19.05
4967	4.05	19.5
4968	4.05	2.5
4968	4.5	2.95
4968	4.95	2.5
4968	4.5	2.05
4968	4.05	2.5
4969	4.05	20.5
4969	4.5	20.95
4969	4.95	20.5
4969	4.5	20.05
4969	4.05	20.5
4970	4.05	21.5
4970	4.5	21.95
4970	4.95	21.5
4970	4.5	21.05
4970	4.05	21.5
4971	4.05	22.5
4971	4.5	22.95
4971	4.95	22.5
4971	4.5	22.05
4971	4.05	22.5
4972	4.05	23.5
4972	4.5	23.95
4972	4.95	23.5
4972	4.5	23.05
4972	4.05	23.5
4973	4.05	24.5
4973	4.5	24.95
4973	4.95	24.5
4973	4.5	24.05
4973	4.05	24.5
4974	4.05	25.5
4974	4.5	25.95
4974	4.95	25.5
4974	4.5	25.05
4974	4.05	25.5
4975	4.05	26.5
4975	4.5	26.95
4975	4.95	26.5
4975	4.5	26.05
4975	4.05	26.5
4976	4.05	27.5
4976	4.5	27.95
4976	4.95	27.5
4976	4.5	27.05
4976	4.05	27.5
4977	4.05	28.5
4977	4.5	28.95
4977	4.95	28.5
4977	4.5	28.05
4977	4.05	28.5
4978	4.05	29.5
4978	4.5	29.95
4978	4.95	29.5
4978	4.5	29.05
4978	4.05	29.5
4979	4.05	3.5
4979	4.5	3.95
4979	4.95	3.5
4979	4.5	3.05
4979	4.05	3.5
4980	4.05	30.5
4980	4.5	30.95
4980	4.95	30.5
4980	4.5	30.05
4980	4.05	30.5
4981	4.05	31.5
4981	4.5	31.95
4981	4.95	31.5
4981	4.5	31.05
4981	4.05	31.5
4982	4.05	32.5
4982	4.5	32.95
4982	4.95	32.5
4982	4.5	32.05
4982	4.05	32.5
4983	4.05	33.5
4983	4.5	33.95
4983	4.95	33.5
4983	4.5	33.05
4983	4.05	33.5
4984	4.05	34.5
4984	4.5	34.95
4984	4.95	34.5
4984	4.5	34.05
4984	4.05	34.5
4985	4.05	35.5
4985	4.5	35.95
4985	4.95	35.5
4985	4.5	35.05
4985	4.05	35.5
4986	4.05	36.5
4986	4.5	36.95
4986	4.95	36.5
4986	4.5	36.05
4986	4.05	36.5
4987	4.05	37.5
4987	4.5	37.95
4987	4.95	37.5
4987	4.5	37.05
4987	4.05	37.5
4988	4.05	38.5
4988	4.5	38.95
4988	4.95	38.5
4988	4.5	38.05
4988	4.05	38.5
4989	4.05	39.5
4989	4.5	39.95
4989	4.95	39.5
4989	4.5	39.05
4989	4.05	39.5
4990	4.05	4.5
4990	4.5	4.95
4990	4.95	4.5
4990	4.5	4.05
4990	4.05	4.5
4991	4.05	40.5
4991	4.5	40.95
4991	4.95	40.5
4991	4.5	40.05
4991	4.05	40.5
4992	4.05	41.5
4992	4.5	41.95
4992	4.95	41.5
4992	4.5	41.05
4992	4.05	41.5
4993	4.05	42.5
4993	4.5	42.95
4993	4.95	42.5
4993	4.5	42.05
4993	4.05	42.5
4994	4.05	43.5
4994	4.5	43.95
4994	4.95	43.5
4994	4.5	43.05
4994	4.05	43.5
4995	4.05	44.5
4995	4.5	44.95
4995	4.95	44.5
4995	4.5	44.05
4995	4.05	44.5
4996	4.05	45.5
4996	4.5	45.95
4996	4.95	45.5
4996	4.5	45.05
4996	4.05	45.5
4997	4.05	46.5
4997	4.5	46.95
4997	4.95	46.5
4997	4.5	46.05
4997	4.05	46.5
4998	4.05	47.5
4998	4.5	47.95
4998	4.95	47.5
4998	4.5	47.05
4998	4.05	47.5
4999	4.05	48.5
4999	4.5	48.95
4999	4.95	48.5
4999	4.5	48.05
4999	4.05	48.5
5000	4.05	5.5
5000	4.5	5.95
5000	4.95	5.5
5000	4.5	5.05
5000	4.05	5.5
5001	4.05	6.5
5001	4.5	6.95
5001	4.95	6.5
5001	4.5	6.05
5001	4.05	6.5
5002	4.05	7.5
5002	4.5	7.95
5002	4.95	7.5
5002	4.5	7.05
5002	4.05	7.5
5003	4.05	8.5
5003	4.5	8.95
5003	4.95	8.5
5003	4.5	8.05
5003	4.05	8.5
5004	4.05	9.5
5004	4.5	9.95
5004	4.95	9.5
5004	4.5	9.05
5004	4.05	9.5
5005	4.55	0
5005	5	0.45
5005	5.45	0
5005	5	-0.45
5005	4.55	0
5006	4.55	1
5006	5	1.45
5006	5.45	1
5006	5	0.55
5006	4.55	1
5007	4.55	10
5007	5	10.45
5007	5.45	10
5007	5	9.55
5007	4.55	10
5008	4.55	11
5008	5	11.45
5008	5.45	11
5008	5	10.55
5008	4.55	11
5009	4.55	12
5009	5	12.45
5009	5.45	12
5009	5	11.55
5009	4.55	12
5010	4.55	13
5010	5	13.45
5010	5.45	13
5010	5	12.55
5010	4.55	13
5011	4.55	14
5011	5	14.45
5011	5.45	14
5011	5	13.55
5011	4.55	14
5012	4.55	15
5012	5	15.45
5012	5.45	15
5012	5	14.55
5012	4.55	15
5013	4.55	16
5013	5	16.45
5013	5.45	16
5013	5	15.55
5013	4.55	16
5014	4.55	17
5014	5	17.45
5014	5.45	17
5014	5	16.55
5014	4.55	17
5015	4.55	18
5015	5	18.45
5015	5.45	18
5015	5	17.55
5015	4.55	18
5016	4.55	19
5016	5	19.45
5016	5.45	19
5016	5	18.55
5016	4.55	19
5017	4.55	2
5017	5	2.45
5017	5.45	2
5017	5	1.55
5017	4.55	2
5018	4.55	20
5018	5	20.45
5018	5.45	20
5018	5	19.55
5018	4.55	20
5019	4.55	21
5019	5	21.45
5019	5.45	21
5019	5	20.55
5019	4.55	21
5020	4.55	22
5020	5	22.45
5020	5.45	22
5020	5	21.55
5020	4.55	22
5021	4.55	23
5021	5	23.45
5021	5.45	23
5021	5	22.55
5021	4.55	23
5022	4.55	24
5022	5	24.45
5022	5.45	24
5022	5	23.55
5022	4.55	24
5023	4.55	25
5023	5	25.45
5023	5.45	25
5023	5	24.55
5023	4.55	25
5024	4.55	26
5024	5	26.45
5024	5.45	26
5024	5	25.55
5024	4.55	26
5025	4.55	27
5025	5	27.45
5025	5.45	27
5025	5	26.55
5025	4.55	27
5026	4.55	28
5026	5	28.45
5026	5.45	28
5026	5	27.55
5026	4.55	28
5027	4.55	29
5027	5	29.45
5027	5.45	29
5027	5	28.55
5027	4.55	29
5028	4.55	3
5028	5	3.45
5028	5.45	3
5028	5	2.55
5028	4.55	3
5029	4.55	30
5029	5	30.45
5029	5.45	30
5029	5	29.55
5029	4.55	30
5030	4.55	31
5030	5	31.45
5030	5.45	31
5030	5	30.55
5030	4.55	31
5031	4.55	32
5031	5	32.45
5031	5.45	32
5031	5	31.55
5031	4.55	32
5032	4.55	33
5032	5	33.45
5032	5.45	33
5032	5	32.55
5032	4.55	33
5033	4.55	34
5033	5	34.45
5033	5.45	34
5033	5	33.55
5033	4.55	34
5034	4.55	35
5034	5	35.45
5034	5.45	35
5034	5	34.55
5034	4.55	35
5035	4.55	36
5035	5	36.45
5035	5.45	36
5035	5	35.55
5035	4.55	36
5036	4.55	37
5036	5	37.45
5036	5.45	37
5036	5	36.55
5036	4.55	37
5037	4.55	38
5037	5	38.45
5037	5.45	38
5037	5	37.55
5037	4.55	38
5038	4.55	39
5038	5	39.45
5038	5.45	39
5038	5	38.55
5038	4.55	39
5039	4.55	4
5039	5	4.45
5039	5.45	4
5039	5	3.55
5039	4.55	4
5040	4.55	40
5040	5	40.45
5040	5.45	40
5040	5	39.55
5040	4.55	40
5041	4.55	41
5041	5	41.45
5041	5.45	41
5041	5	40.55
5041	4.55	41
5042	4.55	42
5042	5	42.45
5042	5.45	42
5042	5	41.55
5042	4.55	42
5043	4.55	43
5043	5	43.45
5043	5.45	43
5043	5	42.55
5043	4.55	43
5044	4.55	44
5044	5	44.45
5044	5.45	44
5044	5	43.55
5044	4.55	44
5045	4.55	5
5045	5	5.45
5045	5.45	5
5045	5	4.55
5045	4.55	5
5046	4.55	6
5046	5	6.45
5046	5.45	6
5046	5	5.55
5046	4.55	6
5047	4.55	7
5047	5	7.45
5047	5.45	7
5047	5	6.55
5047	4.55	7
5048	4.55	8
5048	5	8.45
5048	5.45	8
5048	5	7.55
5048	4.55	8
5049	4.55	9
5049	5	9.45
5049	5.45	9
5049	5	8.55
5049	4.55	9
