group	x	y	clickSelects	showSelected1
113	-28.25	-0.25	12	13950,0
113	-28.25	0.25	12	13950,0
113	-27.75	0.25	12	13950,0
113	-27.75	-0.25	12	13950,0
113	-28.25	-0.25	12	13950,0
113	-45.25	17.75	12	14000,0
113	-45.25	18.25	12	14000,0
113	-44.75	18.25	12	14000,0
113	-44.75	17.75	12	14000,0
113	-45.25	17.75	12	14000,0
124	-24.75	3.25	12	13950,0
124	-24.75	3.75	12	13950,0
124	-24.25	3.75	12	13950,0
124	-24.25	3.25	12	13950,0
124	-24.75	3.25	12	13950,0
124	-44.75	16.25	12	14000,0
124	-44.75	16.75	12	14000,0
124	-44.25	17.25	12	14000,0
124	-43.75	17.25	12	14000,0
124	-43.25	16.75	12	14000,0
124	-43.25	15.25	12	14000,0
124	-44.25	14.25	12	14000,0
124	-44.75	14.25	12	14000,0
124	-44.75	16.25	12	14000,0
135	-14.25	13.75	12	13950,0
135	-14.25	14.25	12	13950,0
135	-12.75	14.25	12	13950,0
135	-12.75	13.75	12	13950,0
135	-18.75	7.75	12	13950,0
135	-19.25	7.75	12	13950,0
135	-19.25	8.25	12	13950,0
135	-14.25	13.25	12	13950,0
135	-14.25	13.75	12	13950,0
135	-45.25	12.75	12	14000,0
135	-45.25	13.25	12	14000,0
135	-44.75	13.25	12	14000,0
135	-44.25	12.75	12	14000,0
135	-44.25	12.25	12	14000,0
135	-44.75	11.75	12	14000,0
135	-45.25	11.75	12	14000,0
135	-45.25	12.75	12	14000,0
144	-5.75	22.25	12	13950,0
144	-5.75	22.75	12	13950,0
144	-5.25	23.25	12	13950,0
144	-4.25	23.25	12	13950,0
144	-3.75	23.75	12	13950,0
144	-3.75	24.75	12	13950,0
144	-3.25	24.75	12	13950,0
144	-2.75	24.25	12	13950,0
144	-2.75	23.75	12	13950,0
144	-5.25	21.25	12	13950,0
144	-5.75	21.25	12	13950,0
144	-5.75	22.25	12	13950,0
144	-45.25	9.75	12	14000,0
144	-45.25	10.25	12	14000,0
144	-44.75	10.25	12	14000,0
144	-44.75	9.75	12	14000,0
144	-45.25	9.75	12	14000,0
145	-27.25	0.25	12	13950,0
145	-27.25	-0.25	12	13950,0
145	-26.75	-0.25	12	13950,0
145	-26.75	0.25	12	13950,0
145	-27.25	0.25	12	13950,0
146	-22.25	4.75	12	13950,0
146	-22.25	5.25	12	13950,0
146	-21.75	5.25	12	13950,0
146	-21.75	4.75	12	13950,0
146	-22.25	4.75	12	13950,0
147	-20.75	6.25	12	13950,0
147	-20.75	6.75	12	13950,0
147	-20.25	7.25	12	13950,0
147	-19.75	7.25	12	13950,0
147	-19.75	6.75	12	13950,0
147	-20.25	6.25	12	13950,0
147	-20.75	6.25	12	13950,0
148	-8.25	18.75	12	13950,0
148	-8.25	19.25	12	13950,0
148	-6.75	20.75	12	13950,0
148	-6.25	20.75	12	13950,0
148	-6.25	20.25	12	13950,0
148	-7.75	18.75	12	13950,0
148	-8.25	18.75	12	13950,0
149	-23.25	-0.25	12	13950,0
149	-23.25	0.25	12	13950,0
149	-22.75	0.25	12	13950,0
149	-22.75	-0.25	12	13950,0
149	-23.25	-0.25	12	13950,0
114	-22.25	0.75	12	13950,0
114	-22.25	1.25	12	13950,0
114	-21.75	1.25	12	13950,0
114	-21.75	-0.25	12	13950,0
114	-22.25	-0.25	12	13950,0
114	-22.25	0.75	12	13950,0
115	-14.25	8.75	12	13950,0
115	-14.25	9.25	12	13950,0
115	-13.75	9.25	12	13950,0
115	-13.25	8.75	12	13950,0
115	-13.25	8.25	12	13950,0
115	-13.75	8.25	12	13950,0
115	-14.25	8.75	12	13950,0
116	-3.75	19.25	12	13950,0
116	-3.75	19.75	12	13950,0
116	-3.25	19.75	12	13950,0
116	-2.75	19.25	12	13950,0
116	-2.75	18.75	12	13950,0
116	-3.25	18.75	12	13950,0
116	-3.75	19.25	12	13950,0
117	-1.75	21.25	12	13950,0
117	-1.75	21.75	12	13950,0
117	-1.25	21.75	12	13950,0
117	-1.25	21.25	12	13950,0
117	-1.75	21.25	12	13950,0
118	-18.25	3.75	12	13950,0
118	-18.25	4.25	12	13950,0
118	-17.75	4.25	12	13950,0
118	-17.75	3.75	12	13950,0
118	-18.25	3.75	12	13950,0
119	-15.75	6.25	12	13950,0
119	-15.75	6.75	12	13950,0
119	-15.25	7.25	12	13950,0
119	-14.75	7.25	12	13950,0
119	-14.75	5.75	12	13950,0
119	-15.25	5.75	12	13950,0
119	-15.75	6.25	12	13950,0
120	-12.25	9.75	12	13950,0
120	-12.25	10.25	12	13950,0
120	-11.25	11.25	12	13950,0
120	-10.75	11.25	12	13950,0
120	-10.75	10.75	12	13950,0
120	-11.25	10.25	12	13950,0
120	-11.25	9.25	12	13950,0
120	-11.75	9.25	12	13950,0
120	-12.25	9.75	12	13950,0
121	-0.75	21.75	12	13950,0
121	-0.75	21.25	12	13950,0
121	-0.25	21.25	12	13950,0
121	-0.25	21.75	12	13950,0
121	-0.75	21.75	12	13950,0
122	-21.25	0.25	12	13950,0
122	-21.25	-0.25	12	13950,0
122	-20.75	-0.25	12	13950,0
122	-20.75	0.25	12	13950,0
122	-21.25	0.25	12	13950,0
123	-19.25	-0.25	12	13950,0
123	-19.25	0.25	12	13950,0
123	-18.75	0.25	12	13950,0
123	-18.75	-0.25	12	13950,0
123	-19.25	-0.25	12	13950,0
125	-14.75	4.25	12	13950,0
125	-14.75	4.75	12	13950,0
125	-14.25	4.75	12	13950,0
125	-14.25	4.25	12	13950,0
125	-14.75	4.25	12	13950,0
126	-13.75	5.25	12	13950,0
126	-13.75	5.75	12	13950,0
126	-13.25	5.75	12	13950,0
126	-13.25	5.25	12	13950,0
126	-13.75	5.25	12	13950,0
127	-12.25	6.75	12	13950,0
127	-12.25	7.25	12	13950,0
127	-10.25	9.25	12	13950,0
127	-9.75	9.25	12	13950,0
127	-9.75	8.75	12	13950,0
127	-11.75	6.75	12	13950,0
127	-12.25	6.75	12	13950,0
128	-3.75	15.25	12	13950,0
128	-3.75	15.75	12	13950,0
128	2.25	21.75	12	13950,0
128	2.75	21.75	12	13950,0
128	2.75	21.25	12	13950,0
128	-1.75	16.75	12	13950,0
128	-1.75	16.25	12	13950,0
128	-1.25	15.75	12	13950,0
128	-1.25	15.25	12	13950,0
128	-2.75	13.75	12	13950,0
128	-3.25	13.75	12	13950,0
128	-3.25	14.25	12	13950,0
128	-2.25	15.25	12	13950,0
128	-2.25	15.75	12	13950,0
128	-2.75	15.75	12	13950,0
128	-3.25	15.25	12	13950,0
128	-3.75	15.25	12	13950,0
129	-17.25	-0.25	12	13950,0
129	-17.25	0.25	12	13950,0
129	-16.75	0.25	12	13950,0
129	-16.75	-0.25	12	13950,0
129	-17.25	-0.25	12	13950,0
130	-15.75	1.25	12	13950,0
130	-15.75	1.75	12	13950,0
130	-15.25	1.75	12	13950,0
130	-15.25	1.25	12	13950,0
130	-15.75	1.25	12	13950,0
131	-12.25	4.75	12	13950,0
131	-12.25	5.25	12	13950,0
131	-8.25	9.25	12	13950,0
131	-7.75	9.25	12	13950,0
131	-7.75	8.75	12	13950,0
131	-11.75	4.75	12	13950,0
131	-12.25	4.75	12	13950,0
132	-0.75	16.25	12	13950,0
132	-0.75	16.75	12	13950,0
132	2.25	19.75	12	13950,0
132	2.75	19.75	12	13950,0
132	2.75	19.25	12	13950,0
132	-0.25	16.25	12	13950,0
132	-0.75	16.25	12	13950,0
133	-14.75	0.25	12	13950,0
133	-14.75	0.75	12	13950,0
133	-13.25	0.75	12	13950,0
133	-12.75	0.25	12	13950,0
133	-12.75	-0.25	12	13950,0
133	-14.25	-0.25	12	13950,0
133	-14.75	0.25	12	13950,0
134	3.25	18.25	12	13950,0
134	3.25	18.75	12	13950,0
134	3.75	18.75	12	13950,0
134	3.75	18.25	12	13950,0
134	3.25	18.25	12	13950,0
136	-10.25	3.75	12	13950,0
136	-10.25	4.25	12	13950,0
136	-7.25	7.25	12	13950,0
136	-6.75	7.25	12	13950,0
136	-6.25	6.75	12	13950,0
136	-6.25	6.25	12	13950,0
136	-6.75	5.75	12	13950,0
136	-6.75	5.25	12	13950,0
136	-6.25	4.75	12	13950,0
136	-5.75	4.75	12	13950,0
136	-4.75	5.75	12	13950,0
136	-4.25	5.75	12	13950,0
136	-4.25	4.75	12	13950,0
136	-3.25	4.75	12	13950,0
136	-2.75	4.25	12	13950,0
136	-2.75	3.75	12	13950,0
136	-5.25	1.25	12	13950,0
136	-6.25	1.25	12	13950,0
136	-6.25	0.25	12	13950,0
136	-6.75	-0.25	12	13950,0
136	-10.25	-0.25	12	13950,0
136	-10.25	0.25	12	13950,0
136	-9.25	1.25	12	13950,0
136	-9.25	2.25	12	13950,0
136	-8.25	2.25	12	13950,0
136	-8.25	3.75	12	13950,0
136	-10.25	3.75	12	13950,0
137	-1.25	12.75	12	13950,0
137	-1.25	13.25	12	13950,0
137	-0.25	14.25	12	13950,0
137	0.25	14.25	12	13950,0
137	0.25	12.75	12	13950,0
137	-1.25	12.75	12	13950,0
138	0.75	14.75	12	13950,0
138	0.75	15.25	12	13950,0
138	1.75	16.25	12	13950,0
138	2.25	16.25	12	13950,0
138	2.25	15.75	12	13950,0
138	1.75	15.25	12	13950,0
138	1.75	14.25	12	13950,0
138	1.25	14.25	12	13950,0
138	0.75	14.75	12	13950,0
139	2.75	16.75	12	13950,0
139	2.75	17.25	12	13950,0
139	3.25	17.25	12	13950,0
139	3.25	16.75	12	13950,0
139	2.75	16.75	12	13950,0
140	-7.75	4.25	12	13950,0
140	-7.75	4.75	12	13950,0
140	-7.25	4.75	12	13950,0
140	-7.25	4.25	12	13950,0
140	-7.75	4.25	12	13950,0
141	4.25	15.25	12	13950,0
141	4.25	15.75	12	13950,0
141	4.75	15.75	12	13950,0
141	4.75	15.25	12	13950,0
141	4.25	15.25	12	13950,0
142	0.75	10.75	12	13950,0
142	0.75	11.25	12	13950,0
142	3.25	13.75	12	13950,0
142	4.75	13.75	12	13950,0
142	4.75	11.25	12	13950,0
142	3.75	11.25	12	13950,0
142	3.75	10.75	12	13950,0
142	4.75	9.75	12	13950,0
142	4.75	9.25	12	13950,0
142	4.25	8.75	12	13950,0
142	3.75	8.75	12	13950,0
142	3.25	9.25	12	13950,0
142	1.25	9.25	12	13950,0
142	1.25	10.25	12	13950,0
142	0.75	10.75	12	13950,0
143	2.75	11.75	12	13950,0
143	2.75	12.25	12	13950,0
143	3.25	12.25	12	13950,0
143	3.25	11.75	12	13950,0
143	2.75	11.75	12	13950,0
467	-2.75	25.25	75	13950,0
467	-2.75	25.75	75	13950,0
467	-2.25	25.75	75	13950,0
467	-1.75	25.25	75	13950,0
467	-1.75	24.75	75	13950,0
467	-2.25	24.25	75	13950,0
467	-2.75	24.25	75	13950,0
467	-2.75	25.25	75	13950,0
468	0.25	23.25	75	13950,0
468	0.25	23.75	75	13950,0
468	0.75	23.75	75	13950,0
468	1.25	23.25	75	13950,0
468	1.25	22.75	75	13950,0
468	0.25	21.75	75	13950,0
468	-0.25	21.75	75	13950,0
468	-0.25	22.25	75	13950,0
468	0.25	22.75	75	13950,0
468	0.25	23.25	75	13950,0
306	-0.75	27.25	4	13950,0
306	-0.75	27.75	4	13950,0
306	0.25	27.75	4	13950,0
306	0.25	28.75	4	13950,0
306	1.25	28.75	4	13950,0
306	1.25	29.75	4	13950,0
306	2.25	29.75	4	13950,0
306	2.25	30.75	4	13950,0
306	3.25	30.75	4	13950,0
306	4.25	31.75	4	13950,0
306	4.75	31.75	4	13950,0
306	4.75	31.25	4	13950,0
306	0.25	26.75	4	13950,0
306	-0.25	26.75	4	13950,0
306	-0.75	27.25	4	13950,0
306	-42.25	35.75	4	14000,0
306	-42.25	36.25	4	14000,0
306	-41.25	36.25	4	14000,0
306	-40.75	36.75	4	14000,0
306	-40.75	37.75	4	14000,0
306	-39.75	37.75	4	14000,0
306	-35.75	41.75	4	14000,0
306	-35.75	42.75	4	14000,0
306	-34.75	42.75	4	14000,0
306	-29.75	47.75	4	14000,0
306	-29.75	48.75	4	14000,0
306	-28.75	48.75	4	14000,0
306	-28.25	49.25	4	14000,0
306	-27.75	49.25	4	14000,0
306	-27.75	48.75	4	14000,0
306	-44.75	31.75	4	14000,0
306	-45.25	31.75	4	14000,0
306	-45.25	32.25	4	14000,0
306	-42.25	35.25	4	14000,0
306	-42.25	35.75	4	14000,0
306	-26.75	1.25	4	14000,50
306	-26.75	1.75	4	14000,50
306	-25.75	2.75	4	14000,50
306	-25.25	2.75	4	14000,50
306	-25.25	1.25	4	14000,50
306	-27.25	-0.75	4	14000,50
306	-27.75	-0.75	4	14000,50
306	-27.75	-0.25	4	14000,50
306	-26.75	0.75	4	14000,50
306	-26.75	1.25	4	14000,50
306	-37.75	40.25	4	14050,50
306	-37.75	40.75	4	14050,50
306	-29.75	48.75	4	14050,50
306	-29.25	48.75	4	14050,50
306	-29.25	47.25	4	14050,50
306	-30.75	45.75	4	14050,50
306	-31.75	45.75	4	14050,50
306	-32.75	44.75	4	14050,50
306	-32.75	43.75	4	14050,50
306	-33.75	43.75	4	14050,50
306	-34.25	43.25	4	14050,50
306	-34.25	42.25	4	14050,50
306	-34.75	41.75	4	14050,50
306	-35.75	41.75	4	14050,50
306	-35.75	40.75	4	14050,50
306	-36.25	40.25	4	14050,50
306	-37.75	40.25	4	14050,50
306	-29.25	-1.25	4	14050,100
306	-29.25	-0.75	4	14050,100
306	-27.25	1.25	4	14050,100
306	-26.75	1.25	4	14050,100
306	-26.25	0.75	4	14050,100
306	-26.25	0.25	4	14050,100
306	-27.25	0.25	4	14050,100
306	-27.25	-0.75	4	14050,100
306	-28.25	-0.75	4	14050,100
306	-28.75	-1.25	4	14050,100
306	-29.25	-1.25	4	14050,100
306	-44.75	44.25	4	14050,0
306	-44.75	44.75	4	14050,0
306	-44.25	44.75	4	14050,0
306	-44.25	43.25	4	14050,0
306	-44.75	43.25	4	14050,0
306	-44.75	44.25	4	14050,0
306	-45.25	5.75	4	14100,50
306	-45.25	6.25	4	14100,50
306	-44.75	6.25	4	14100,50
306	-44.25	5.75	4	14100,50
306	-42.25	5.75	4	14100,50
306	-40.75	4.25	4	14100,50
306	-40.75	1.75	4	14100,50
306	-41.25	1.25	4	14100,50
306	-41.75	1.25	4	14100,50
306	-42.25	1.75	4	14100,50
306	-42.75	1.75	4	14100,50
306	-44.75	-0.25	4	14100,50
306	-45.25	-0.25	4	14100,50
306	-45.25	5.75	4	14100,50
306	-45.25	45.75	4	14100,0
306	-45.25	46.25	4	14100,0
306	-44.75	46.75	4	14100,0
306	-44.25	46.75	4	14100,0
306	-44.25	45.75	4	14100,0
306	-42.75	45.75	4	14100,0
306	-42.75	46.25	4	14100,0
306	-43.25	46.75	4	14100,0
306	-43.25	47.25	4	14100,0
306	-41.25	47.25	4	14100,0
306	-41.25	48.25	4	14100,0
306	-40.75	48.75	4	14100,0
306	-40.25	48.75	4	14100,0
306	-39.75	48.25	4	14100,0
306	-37.75	48.25	4	14100,0
306	-37.75	47.25	4	14100,0
306	-35.75	47.25	4	14100,0
306	-35.25	46.75	4	14100,0
306	-35.25	44.75	4	14100,0
306	-34.25	44.75	4	14100,0
306	-33.75	44.25	4	14100,0
306	-30.75	44.25	4	14100,0
306	-28.75	42.25	4	14100,0
306	-28.75	41.75	4	14100,0
306	-29.25	41.25	4	14100,0
306	-29.25	40.75	4	14100,0
306	-28.75	40.25	4	14100,0
306	-28.75	39.75	4	14100,0
306	-29.25	39.25	4	14100,0
306	-29.25	38.25	4	14100,0
306	-30.25	37.25	4	14100,0
306	-31.25	37.25	4	14100,0
306	-31.75	36.75	4	14100,0
306	-32.75	36.75	4	14100,0
306	-32.75	35.75	4	14100,0
306	-33.25	35.75	4	14100,0
306	-33.75	36.25	4	14100,0
306	-35.25	36.25	4	14100,0
306	-36.25	35.25	4	14100,0
306	-36.25	34.75	4	14100,0
306	-35.75	34.75	4	14100,0
306	-35.25	35.25	4	14100,0
306	-34.75	35.25	4	14100,0
306	-34.25	34.75	4	14100,0
306	-34.25	34.25	4	14100,0
306	-34.75	33.75	4	14100,0
306	-35.75	33.75	4	14100,0
306	-35.75	33.25	4	14100,0
306	-35.25	32.75	4	14100,0
306	-34.75	32.75	4	14100,0
306	-31.25	36.25	4	14100,0
306	-29.25	36.25	4	14100,0
306	-28.75	36.75	4	14100,0
306	-28.75	37.75	4	14100,0
306	-28.25	37.75	4	14100,0
306	-26.25	35.75	4	14100,0
306	-26.25	34.75	4	14100,0
306	-25.75	34.75	4	14100,0
306	-25.25	35.25	4	14100,0
306	-24.75	35.25	4	14100,0
306	-24.75	34.75	4	14100,0
306	-25.75	33.75	4	14100,0
306	-25.75	33.25	4	14100,0
306	-25.25	32.75	4	14100,0
306	-24.75	32.75	4	14100,0
306	-23.75	33.75	4	14100,0
306	-23.25	33.75	4	14100,0
306	-20.75	31.25	4	14100,0
306	-19.75	31.25	4	14100,0
306	-19.25	30.75	4	14100,0
306	-18.75	30.75	4	14100,0
306	-18.25	31.25	4	14100,0
306	-17.75	31.25	4	14100,0
306	-16.75	30.25	4	14100,0
306	-16.25	30.25	4	14100,0
306	-16.25	30.75	4	14100,0
306	-17.25	31.75	4	14100,0
306	-17.25	32.25	4	14100,0
306	-15.25	34.25	4	14100,0
306	-13.25	34.25	4	14100,0
306	-12.75	34.75	4	14100,0
306	-12.25	34.75	4	14100,0
306	-11.75	34.25	4	14100,0
306	-11.75	33.75	4	14100,0
306	-12.25	33.25	4	14100,0
306	-12.25	32.75	4	14100,0
306	-11.75	32.75	4	14100,0
306	-10.25	34.25	4	14100,0
306	-10.25	35.75	4	14100,0
306	-11.25	36.75	4	14100,0
306	-12.25	36.75	4	14100,0
306	-12.25	37.25	4	14100,0
306	-11.75	37.75	4	14100,0
306	-11.75	38.25	4	14100,0
306	-12.25	38.75	4	14100,0
306	-12.25	40.25	4	14100,0
306	-11.25	40.25	4	14100,0
306	-10.75	40.75	4	14100,0
306	-10.25	40.75	4	14100,0
306	5.25	25.25	4	14100,0
306	5.25	-0.25	4	14100,0
306	-16.25	-0.25	4	14100,0
306	-33.75	17.25	4	14100,0
306	-33.75	19.25	4	14100,0
306	-34.25	19.25	4	14100,0
306	-34.75	18.75	4	14100,0
306	-35.25	18.75	4	14100,0
306	-39.75	23.25	4	14100,0
306	-41.25	23.25	4	14100,0
306	-41.25	22.25	4	14100,0
306	-41.75	21.75	4	14100,0
306	-42.75	21.75	4	14100,0
306	-43.25	21.25	4	14100,0
306	-43.25	20.25	4	14100,0
306	-44.25	20.25	4	14100,0
306	-44.25	19.25	4	14100,0
306	-44.75	18.75	4	14100,0
306	-45.25	18.75	4	14100,0
306	-45.25	45.75	4	14100,0
306	-44.75	24.25	4	14150,0
306	-44.75	24.75	4	14150,0
306	-44.25	24.75	4	14150,0
306	-19.75	0.25	4	14150,0
306	-19.75	-0.25	4	14150,0
306	-44.25	-0.25	4	14150,0
306	-44.75	0.25	4	14150,0
306	-44.75	24.25	4	14150,0
317	2.75	24.75	4	13950,0
317	2.75	25.25	4	13950,0
317	3.25	25.25	4	13950,0
317	3.25	24.75	4	13950,0
317	2.75	24.75	4	13950,0
317	-44.25	27.75	4	14000,0
317	-44.25	28.25	4	14000,0
317	-43.25	29.25	4	14000,0
317	-42.75	29.25	4	14000,0
317	-42.75	28.75	4	14000,0
317	-43.75	27.75	4	14000,0
317	-44.25	27.75	4	14000,0
317	-24.75	3.25	4	14000,50
317	-24.75	3.75	4	14000,50
317	-24.25	3.75	4	14000,50
317	-24.25	3.25	4	14000,50
317	-24.75	3.25	4	14000,50
317	-28.75	48.75	4	14050,50
317	-28.75	48.25	4	14050,50
317	-28.25	48.25	4	14050,50
317	-28.25	48.75	4	14050,50
317	-28.75	48.75	4	14050,50
317	-23.25	-1.25	4	14050,100
317	-23.25	-0.75	4	14050,100
317	-22.75	-0.25	4	14050,100
317	-22.25	-0.25	4	14050,100
317	-21.75	-0.75	4	14050,100
317	-21.75	-1.25	4	14050,100
317	-23.25	-1.25	4	14050,100
317	-44.25	41.75	4	14050,0
317	-44.25	42.25	4	14050,0
317	-43.75	42.75	4	14050,0
317	-42.75	42.75	4	14050,0
317	-42.25	43.25	4	14050,0
317	-41.25	43.25	4	14050,0
317	-41.25	44.25	4	14050,0
317	-40.75	44.25	4	14050,0
317	-40.25	43.75	4	14050,0
317	-39.25	43.75	4	14050,0
317	-39.25	42.75	4	14050,0
317	-38.75	42.25	4	14050,0
317	-38.25	42.25	4	14050,0
317	-38.25	43.25	4	14050,0
317	-37.75	43.75	4	14050,0
317	-36.75	43.75	4	14050,0
317	-36.75	44.75	4	14050,0
317	-35.75	44.75	4	14050,0
317	-35.75	45.25	4	14050,0
317	-36.25	45.75	4	14050,0
317	-37.25	45.75	4	14050,0
317	-37.25	46.25	4	14050,0
317	-36.75	46.75	4	14050,0
317	-36.75	47.75	4	14050,0
317	-35.25	49.25	4	14050,0
317	-34.75	49.25	4	14050,0
317	-34.75	48.25	4	14050,0
317	-34.25	47.75	4	14050,0
317	-32.75	47.75	4	14050,0
317	-31.75	48.75	4	14050,0
317	-31.25	48.75	4	14050,0
317	-30.25	47.75	4	14050,0
317	-28.25	47.75	4	14050,0
317	-27.75	47.25	4	14050,0
317	-27.75	46.25	4	14050,0
317	-27.25	45.75	4	14050,0
317	-26.75	45.75	4	14050,0
317	-26.25	46.25	4	14050,0
317	-25.75	46.25	4	14050,0
317	-25.25	45.75	4	14050,0
317	-25.25	44.75	4	14050,0
317	-24.75	44.25	4	14050,0
317	-24.75	43.25	4	14050,0
317	-24.25	42.75	4	14050,0
317	-24.25	42.25	4	14050,0
317	-24.75	42.25	4	14050,0
317	-25.25	42.75	4	14050,0
317	-25.75	42.75	4	14050,0
317	-25.75	41.75	4	14050,0
317	-26.25	41.75	4	14050,0
317	-26.75	42.25	4	14050,0
317	-27.25	42.25	4	14050,0
317	-27.75	41.75	4	14050,0
317	-27.75	40.75	4	14050,0
317	-28.75	39.75	4	14050,0
317	-29.75	39.75	4	14050,0
317	-30.25	39.25	4	14050,0
317	-30.25	38.75	4	14050,0
317	-28.25	38.75	4	14050,0
317	-28.25	37.75	4	14050,0
317	-27.75	37.75	4	14050,0
317	-26.75	38.75	4	14050,0
317	-25.75	38.75	4	14050,0
317	-25.75	39.25	4	14050,0
317	-26.25	39.75	4	14050,0
317	-27.25	39.75	4	14050,0
317	-27.25	40.25	4	14050,0
317	-26.75	40.75	4	14050,0
317	-26.25	40.75	4	14050,0
317	-25.75	40.25	4	14050,0
317	-25.25	40.25	4	14050,0
317	-24.75	40.75	4	14050,0
317	-24.25	40.75	4	14050,0
317	-24.25	38.25	4	14050,0
317	-25.25	37.25	4	14050,0
317	-26.25	37.25	4	14050,0
317	-26.75	36.75	4	14050,0
317	-26.75	35.25	4	14050,0
317	-26.25	35.25	4	14050,0
317	-25.75	35.75	4	14050,0
317	-25.25	35.75	4	14050,0
317	-24.75	35.25	4	14050,0
317	-24.75	34.25	4	14050,0
317	-23.75	33.25	4	14050,0
317	-23.75	32.75	4	14050,0
317	-24.25	32.75	4	14050,0
317	-24.75	33.25	4	14050,0
317	-25.25	33.25	4	14050,0
317	-25.25	32.75	4	14050,0
317	-24.25	31.75	4	14050,0
317	-24.25	31.25	4	14050,0
317	-25.75	29.75	4	14050,0
317	-26.75	29.75	4	14050,0
317	-27.75	28.75	4	14050,0
317	-27.75	28.25	4	14050,0
317	-25.75	28.25	4	14050,0
317	-25.25	27.75	4	14050,0
317	-25.25	27.25	4	14050,0
317	-26.25	27.25	4	14050,0
317	-26.75	26.75	4	14050,0
317	-26.75	26.25	4	14050,0
317	-26.25	25.75	4	14050,0
317	-26.25	25.25	4	14050,0
317	-26.75	25.25	4	14050,0
317	-27.25	25.75	4	14050,0
317	-28.25	25.75	4	14050,0
317	-28.25	26.75	4	14050,0
317	-28.75	27.25	4	14050,0
317	-28.75	29.25	4	14050,0
317	-30.25	29.25	4	14050,0
317	-30.75	28.75	4	14050,0
317	-31.25	28.75	4	14050,0
317	-31.75	29.25	4	14050,0
317	-31.75	30.75	4	14050,0
317	-31.25	31.25	4	14050,0
317	-31.25	32.25	4	14050,0
317	-30.25	33.25	4	14050,0
317	-29.75	33.25	4	14050,0
317	-29.75	32.75	4	14050,0
317	-30.25	32.25	4	14050,0
317	-30.25	31.75	4	14050,0
317	-29.75	31.25	4	14050,0
317	-29.75	30.25	4	14050,0
317	-29.25	30.25	4	14050,0
317	-28.75	30.75	4	14050,0
317	-27.75	30.75	4	14050,0
317	-27.75	32.75	4	14050,0
317	-27.25	33.25	4	14050,0
317	-27.25	34.75	4	14050,0
317	-27.75	35.25	4	14050,0
317	-29.25	35.25	4	14050,0
317	-30.25	34.25	4	14050,0
317	-31.25	34.25	4	14050,0
317	-31.75	33.75	4	14050,0
317	-31.75	32.75	4	14050,0
317	-32.25	32.25	4	14050,0
317	-32.75	32.25	4	14050,0
317	-33.25	32.75	4	14050,0
317	-33.25	33.75	4	14050,0
317	-34.75	33.75	4	14050,0
317	-34.75	33.25	4	14050,0
317	-34.25	32.75	4	14050,0
317	-34.25	32.25	4	14050,0
317	-34.75	31.75	4	14050,0
317	-36.75	31.75	4	14050,0
317	-37.25	31.25	4	14050,0
317	-37.75	31.25	4	14050,0
317	-38.75	32.25	4	14050,0
317	-39.25	32.25	4	14050,0
317	-39.75	31.75	4	14050,0
317	-39.75	31.25	4	14050,0
317	-38.75	30.25	4	14050,0
317	-36.75	30.25	4	14050,0
317	-36.75	29.75	4	14050,0
317	-37.25	29.25	4	14050,0
317	-37.25	28.75	4	14050,0
317	-36.75	28.75	4	14050,0
317	-36.25	29.25	4	14050,0
317	-35.75	29.25	4	14050,0
317	-34.75	28.25	4	14050,0
317	-34.25	28.25	4	14050,0
317	-33.75	28.75	4	14050,0
317	-33.25	28.75	4	14050,0
317	-32.75	28.25	4	14050,0
317	-32.75	26.75	4	14050,0
317	-33.75	26.75	4	14050,0
317	-33.75	26.25	4	14050,0
317	-33.25	25.75	4	14050,0
317	-33.25	25.25	4	14050,0
317	-34.25	24.25	4	14050,0
317	-34.25	23.25	4	14050,0
317	-35.25	23.25	4	14050,0
317	-35.75	22.75	4	14050,0
317	-35.75	21.75	4	14050,0
317	-37.25	21.75	4	14050,0
317	-37.25	22.75	4	14050,0
317	-39.75	22.75	4	14050,0
317	-40.75	21.75	4	14050,0
317	-40.75	21.25	4	14050,0
317	-40.25	20.75	4	14050,0
317	-40.25	19.75	4	14050,0
317	-39.75	19.75	4	14050,0
317	-38.25	21.25	4	14050,0
317	-37.75	21.25	4	14050,0
317	-37.25	20.75	4	14050,0
317	-37.25	20.25	4	14050,0
317	-37.75	19.75	4	14050,0
317	-38.75	19.75	4	14050,0
317	-38.75	18.75	4	14050,0
317	-39.75	17.75	4	14050,0
317	-40.75	17.75	4	14050,0
317	-41.25	17.25	4	14050,0
317	-41.25	16.75	4	14050,0
317	-40.75	16.25	4	14050,0
317	-40.25	16.25	4	14050,0
317	-37.25	19.25	4	14050,0
317	-36.75	19.25	4	14050,0
317	-36.25	18.75	4	14050,0
317	-36.25	18.25	4	14050,0
317	-36.75	17.75	4	14050,0
317	-36.75	16.75	4	14050,0
317	-37.25	16.25	4	14050,0
317	-38.25	16.25	4	14050,0
317	-38.75	15.75	4	14050,0
317	-38.75	14.75	4	14050,0
317	-39.75	13.75	4	14050,0
317	-39.75	13.25	4	14050,0
317	-39.25	12.75	4	14050,0
317	-38.75	12.75	4	14050,0
317	-37.75	13.75	4	14050,0
317	-37.25	13.75	4	14050,0
317	-36.75	13.25	4	14050,0
317	-36.75	12.25	4	14050,0
317	-35.25	10.75	4	14050,0
317	-34.75	10.75	4	14050,0
317	-34.75	11.25	4	14050,0
317	-35.75	12.25	4	14050,0
317	-35.75	13.25	4	14050,0
317	-36.75	14.25	4	14050,0
317	-36.75	14.75	4	14050,0
317	-35.75	15.75	4	14050,0
317	-35.25	15.75	4	14050,0
317	-35.25	14.75	4	14050,0
317	-34.75	14.25	4	14050,0
317	-34.75	13.25	4	14050,0
317	-34.25	12.75	4	14050,0
317	-31.75	12.75	4	14050,0
317	-31.25	13.25	4	14050,0
317	-30.75	13.25	4	14050,0
317	-30.25	12.75	4	14050,0
317	-29.75	12.75	4	14050,0
317	-29.75	13.25	4	14050,0
317	-30.25	13.75	4	14050,0
317	-30.25	14.25	4	14050,0
317	-29.75	14.25	4	14050,0
317	-29.25	13.75	4	14050,0
317	-28.25	13.75	4	14050,0
317	-28.25	11.75	4	14050,0
317	-27.75	11.25	4	14050,0
317	-27.75	10.75	4	14050,0
317	-28.75	10.75	4	14050,0
317	-28.75	9.75	4	14050,0
317	-29.75	8.75	4	14050,0
317	-29.75	8.25	4	14050,0
317	-29.25	8.25	4	14050,0
317	-28.75	8.75	4	14050,0
317	-28.25	8.75	4	14050,0
317	-27.75	8.25	4	14050,0
317	-27.25	8.25	4	14050,0
317	-27.25	10.25	4	14050,0
317	-25.75	10.25	4	14050,0
317	-25.75	9.25	4	14050,0
317	-24.75	8.25	4	14050,0
317	-24.25	8.25	4	14050,0
317	-24.25	10.25	4	14050,0
317	-23.75	10.25	4	14050,0
317	-23.25	9.75	4	14050,0
317	-21.75	9.75	4	14050,0
317	-21.25	10.25	4	14050,0
317	-21.25	11.25	4	14050,0
317	-19.75	11.25	4	14050,0
317	-19.25	10.75	4	14050,0
317	-17.75	10.75	4	14050,0
317	-17.75	12.75	4	14050,0
317	-16.75	12.75	4	14050,0
317	-16.75	14.25	4	14050,0
317	-17.25	14.25	4	14050,0
317	-17.75	13.75	4	14050,0
317	-18.25	13.75	4	14050,0
317	-18.75	14.25	4	14050,0
317	-21.75	14.25	4	14050,0
317	-21.75	14.75	4	14050,0
317	-20.75	15.75	4	14050,0
317	-20.75	16.25	4	14050,0
317	-22.25	17.75	4	14050,0
317	-22.25	18.25	4	14050,0
317	-21.75	18.75	4	14050,0
317	-20.25	18.75	4	14050,0
317	-20.25	18.25	4	14050,0
317	-20.75	17.75	4	14050,0
317	-20.75	17.25	4	14050,0
317	-18.75	17.25	4	14050,0
317	-18.75	15.25	4	14050,0
317	-18.25	14.75	4	14050,0
317	-17.75	14.75	4	14050,0
317	-15.75	16.75	4	14050,0
317	-15.25	16.75	4	14050,0
317	-14.75	16.25	4	14050,0
317	-14.25	16.25	4	14050,0
317	-13.75	16.75	4	14050,0
317	-13.25	16.75	4	14050,0
317	-12.75	16.25	4	14050,0
317	-12.75	15.75	4	14050,0
317	-13.25	15.25	4	14050,0
317	-14.25	15.25	4	14050,0
317	-14.25	14.75	4	14050,0
317	-13.75	14.25	4	14050,0
317	-13.25	14.25	4	14050,0
317	-12.25	15.25	4	14050,0
317	-11.25	15.25	4	14050,0
317	-11.25	15.75	4	14050,0
317	-11.75	16.25	4	14050,0
317	-11.75	17.25	4	14050,0
317	-12.75	17.25	4	14050,0
317	-13.25	17.75	4	14050,0
317	-14.25	17.75	4	14050,0
317	-14.75	18.25	4	14050,0
317	-14.75	19.25	4	14050,0
317	-15.75	19.25	4	14050,0
317	-15.75	19.75	4	14050,0
317	-15.25	20.25	4	14050,0
317	-15.25	20.75	4	14050,0
317	-16.25	21.75	4	14050,0
317	-17.25	21.75	4	14050,0
317	-17.75	22.25	4	14050,0
317	-18.75	22.25	4	14050,0
317	-18.75	22.75	4	14050,0
317	-18.25	23.25	4	14050,0
317	-18.25	24.25	4	14050,0
317	-17.75	24.75	4	14050,0
317	-17.25	24.75	4	14050,0
317	-16.25	23.75	4	14050,0
317	-16.25	22.75	4	14050,0
317	-15.75	22.25	4	14050,0
317	-15.25	22.25	4	14050,0
317	-14.75	22.75	4	14050,0
317	-14.75	23.75	4	14050,0
317	-13.25	23.75	4	14050,0
317	-12.75	23.25	4	14050,0
317	-12.75	22.75	4	14050,0
317	-13.25	22.25	4	14050,0
317	-13.25	21.75	4	14050,0
317	-12.75	21.25	4	14050,0
317	-12.25	21.25	4	14050,0
317	-12.25	22.25	4	14050,0
317	-11.75	22.75	4	14050,0
317	-11.75	23.75	4	14050,0
317	-10.75	24.75	4	14050,0
317	-10.75	25.25	4	14050,0
317	-11.75	26.25	4	14050,0
317	-11.75	27.25	4	14050,0
317	-12.25	27.25	4	14050,0
317	-12.75	26.75	4	14050,0
317	-13.25	26.75	4	14050,0
317	-13.75	27.25	4	14050,0
317	-14.75	27.25	4	14050,0
317	-15.25	27.75	4	14050,0
317	-15.25	28.75	4	14050,0
317	-16.25	28.75	4	14050,0
317	-16.25	30.75	4	14050,0
317	-16.75	31.25	4	14050,0
317	-16.75	33.25	4	14050,0
317	-17.25	33.25	4	14050,0
317	-18.25	32.25	4	14050,0
317	-18.75	32.25	4	14050,0
317	-18.75	33.75	4	14050,0
317	-18.25	34.25	4	14050,0
317	-16.25	34.25	4	14050,0
317	-15.75	34.75	4	14050,0
317	-15.75	35.25	4	14050,0
317	-16.75	35.25	4	14050,0
317	-17.25	35.75	4	14050,0
317	-17.25	36.75	4	14050,0
317	-17.75	37.25	4	14050,0
317	-18.75	37.25	4	14050,0
317	-18.75	37.75	4	14050,0
317	-18.25	38.25	4	14050,0
317	-18.25	38.75	4	14050,0
317	-19.25	38.75	4	14050,0
317	-19.25	39.75	4	14050,0
317	-20.25	40.75	4	14050,0
317	-20.25	41.75	4	14050,0
317	-20.75	42.25	4	14050,0
317	-20.75	42.75	4	14050,0
317	-20.25	43.25	4	14050,0
317	-20.25	43.75	4	14050,0
317	-20.75	44.25	4	14050,0
317	-21.25	44.25	4	14050,0
317	-21.75	43.75	4	14050,0
317	-21.75	42.75	4	14050,0
317	-22.25	42.25	4	14050,0
317	-22.75	42.25	4	14050,0
317	-22.75	44.25	4	14050,0
317	-23.75	45.25	4	14050,0
317	-23.75	46.75	4	14050,0
317	-23.25	47.25	4	14050,0
317	-22.75	47.25	4	14050,0
317	-22.75	45.25	4	14050,0
317	-22.25	45.25	4	14050,0
317	-21.75	45.75	4	14050,0
317	-20.75	45.75	4	14050,0
317	-20.75	46.75	4	14050,0
317	-20.25	46.75	4	14050,0
317	-19.25	45.75	4	14050,0
317	-19.25	45.25	4	14050,0
317	-20.25	45.25	4	14050,0
317	-20.25	44.75	4	14050,0
317	-19.25	43.75	4	14050,0
317	-19.25	43.25	4	14050,0
317	-19.75	42.75	4	14050,0
317	-19.75	42.25	4	14050,0
317	-19.25	42.25	4	14050,0
317	-18.75	42.75	4	14050,0
317	-18.25	42.75	4	14050,0
317	-18.25	42.25	4	14050,0
317	-19.25	41.25	4	14050,0
317	-19.25	40.75	4	14050,0
317	-16.75	38.25	4	14050,0
317	-16.75	37.25	4	14050,0
317	-16.25	37.25	4	14050,0
317	-15.75	37.75	4	14050,0
317	-15.25	37.75	4	14050,0
317	-14.25	36.75	4	14050,0
317	-13.75	36.75	4	14050,0
317	-13.75	37.75	4	14050,0
317	-12.75	38.75	4	14050,0
317	-12.75	39.75	4	14050,0
317	-11.75	40.75	4	14050,0
317	-11.25	40.75	4	14050,0
317	-10.75	40.25	4	14050,0
317	-9.25	40.25	4	14050,0
317	-9.25	40.75	4	14050,0
317	-9.75	41.25	4	14050,0
317	-10.75	41.25	4	14050,0
317	-10.75	42.25	4	14050,0
317	-11.75	42.25	4	14050,0
317	-11.75	42.75	4	14050,0
317	-11.25	43.25	4	14050,0
317	-11.25	44.75	4	14050,0
317	-11.75	45.25	4	14050,0
317	-11.75	45.75	4	14050,0
317	-10.25	47.25	4	14050,0
317	-8.25	47.25	4	14050,0
317	-7.25	48.25	4	14050,0
317	-6.25	48.25	4	14050,0
317	-6.25	49.25	4	14050,0
317	4.25	49.25	4	14050,0
317	4.25	47.25	4	14050,0
317	4.75	46.75	4	14050,0
317	4.75	19.25	4	14050,0
317	3.25	17.75	4	14050,0
317	3.25	16.75	4	14050,0
317	2.75	16.75	4	14050,0
317	2.25	17.25	4	14050,0
317	1.75	17.25	4	14050,0
317	1.75	16.75	4	14050,0
317	2.25	16.25	4	14050,0
317	2.25	15.75	4	14050,0
317	-13.75	-0.25	4	14050,0
317	-44.25	-0.25	4	14050,0
317	-44.75	0.25	4	14050,0
317	-44.75	39.75	4	14050,0
317	-43.75	40.75	4	14050,0
317	-43.75	41.25	4	14050,0
317	-44.25	41.75	4	14050,0
317	-42.75	7.25	4	14100,50
317	-42.75	7.75	4	14100,50
317	-42.25	8.25	4	14100,50
317	-41.75	8.25	4	14100,50
317	-40.75	7.25	4	14100,50
317	-40.25	7.25	4	14100,50
317	-40.25	7.75	4	14100,50
317	-40.75	8.25	4	14100,50
317	-40.75	8.75	4	14100,50
317	-39.75	8.75	4	14100,50
317	-39.25	9.25	4	14100,50
317	-39.25	10.25	4	14100,50
317	-38.75	10.75	4	14100,50
317	-38.25	10.75	4	14100,50
317	-38.25	8.25	4	14100,50
317	-38.75	7.75	4	14100,50
317	-39.75	7.75	4	14100,50
317	-39.75	6.75	4	14100,50
317	-40.75	5.75	4	14100,50
317	-41.25	5.75	4	14100,50
317	-42.75	7.25	4	14100,50
328	3.75	25.75	4	13950,0
328	3.75	26.25	4	13950,0
328	4.25	26.75	4	13950,0
328	4.75	26.75	4	13950,0
328	4.75	26.25	4	13950,0
328	4.25	25.75	4	13950,0
328	3.75	25.75	4	13950,0
328	-38.75	33.25	4	14000,0
328	-38.75	33.75	4	14000,0
328	-38.25	33.75	4	14000,0
328	-38.25	33.25	4	14000,0
328	-38.75	33.25	4	14000,0
328	-20.25	0.75	4	14000,50
328	-20.25	1.25	4	14000,50
328	-19.75	1.75	4	14000,50
328	-19.25	1.75	4	14000,50
328	-19.25	1.25	4	14000,50
328	-19.75	0.75	4	14000,50
328	-20.25	0.75	4	14000,50
328	-35.25	37.75	4	14050,50
328	-35.25	38.25	4	14050,50
328	-26.75	46.75	4	14050,50
328	-26.25	46.75	4	14050,50
328	-26.25	46.25	4	14050,50
328	-27.75	44.75	4	14050,50
328	-27.75	44.25	4	14050,50
328	-27.25	44.25	4	14050,50
328	-24.75	46.75	4	14050,50
328	-24.75	47.75	4	14050,50
328	-23.75	47.75	4	14050,50
328	-23.75	48.75	4	14050,50
328	-22.25	48.75	4	14050,50
328	-22.25	48.25	4	14050,50
328	-34.75	35.75	4	14050,50
328	-35.25	35.75	4	14050,50
328	-35.75	36.25	4	14050,50
328	-35.75	36.75	4	14050,50
328	-34.75	36.75	4	14050,50
328	-34.75	37.25	4	14050,50
328	-35.25	37.75	4	14050,50
328	-37.75	48.25	4	14050,0
328	-37.75	48.75	4	14050,0
328	-37.25	48.75	4	14050,0
328	-37.25	48.25	4	14050,0
328	-37.75	48.25	4	14050,0
328	-40.25	4.75	4	14100,50
328	-40.25	5.25	4	14100,50
328	-39.75	5.75	4	14100,50
328	-39.25	5.75	4	14100,50
328	-38.75	5.25	4	14100,50
328	-38.75	4.75	4	14100,50
328	-39.25	4.25	4	14100,50
328	-39.75	4.25	4	14100,50
328	-40.25	4.75	4	14100,50
339	3.25	22.25	4	13950,0
339	3.25	22.75	4	13950,0
339	4.25	23.75	4	13950,0
339	4.75	23.75	4	13950,0
339	4.75	23.25	4	13950,0
339	3.75	22.25	4	13950,0
339	3.25	22.25	4	13950,0
339	-23.25	48.75	4	14000,0
339	-23.25	49.25	4	14000,0
339	-22.75	49.25	4	14000,0
339	-22.25	48.75	4	14000,0
339	-22.25	48.25	4	14000,0
339	-23.25	47.25	4	14000,0
339	-23.75	47.25	4	14000,0
339	-23.75	47.75	4	14000,0
339	-23.25	48.25	4	14000,0
339	-23.25	48.75	4	14000,0
339	-17.75	-0.75	4	14000,50
339	-17.75	-0.25	4	14000,50
339	-17.25	0.25	4	14000,50
339	-16.75	0.25	4	14000,50
339	-16.75	-0.25	4	14000,50
339	-17.25	-0.75	4	14000,50
339	-17.75	-0.75	4	14000,50
339	-25.75	47.25	4	14050,50
339	-25.75	47.75	4	14050,50
339	-25.25	47.75	4	14050,50
339	-25.25	47.25	4	14050,50
339	-25.75	47.25	4	14050,50
343	4.25	21.25	4	13950,0
343	4.25	21.75	4	13950,0
343	4.75	21.75	4	13950,0
343	4.75	21.25	4	13950,0
343	4.25	21.25	4	13950,0
343	-34.75	36.25	4	14000,0
343	-34.75	36.75	4	14000,0
343	-32.75	38.75	4	14000,0
343	-32.25	38.75	4	14000,0
343	-32.25	38.25	4	14000,0
343	-34.25	36.25	4	14000,0
343	-34.75	36.25	4	14000,0
343	-10.75	-0.75	4	14000,50
343	-10.75	-0.25	4	14000,50
343	-10.25	0.25	4	14000,50
343	-9.75	0.25	4	14000,50
343	-9.75	-0.25	4	14000,50
343	-10.25	-0.75	4	14000,50
343	-10.75	-0.75	4	14000,50
343	-33.75	38.25	4	14050,50
343	-33.75	38.75	4	14050,50
343	-33.25	39.25	4	14050,50
343	-32.75	39.25	4	14050,50
343	-32.75	38.75	4	14050,50
343	-33.25	38.25	4	14050,50
343	-33.75	38.25	4	14050,50
344	-31.75	39.25	4	14000,0
344	-31.75	39.75	4	14000,0
344	-31.25	39.75	4	14000,0
344	-31.25	39.25	4	14000,0
344	-31.75	39.25	4	14000,0
344	-32.25	39.75	4	14050,50
344	-32.25	40.25	4	14050,50
344	-31.75	40.25	4	14050,50
344	-31.75	39.75	4	14050,50
344	-32.25	39.75	4	14050,50
345	-29.25	41.75	4	14000,0
345	-29.25	42.25	4	14000,0
345	-28.75	42.25	4	14000,0
345	-28.75	41.75	4	14000,0
345	-29.25	41.75	4	14000,0
345	-30.75	41.25	4	14050,50
345	-30.75	41.75	4	14050,50
345	-30.25	42.25	4	14050,50
345	-29.75	42.25	4	14050,50
345	-29.75	41.75	4	14050,50
345	-30.25	41.25	4	14050,50
345	-30.75	41.25	4	14050,50
346	-45.25	23.75	4	14000,0
346	-45.25	24.25	4	14000,0
346	-42.75	26.75	4	14000,0
346	-42.25	26.75	4	14000,0
346	-42.25	26.25	4	14000,0
346	-44.75	23.75	4	14000,0
346	-45.25	23.75	4	14000,0
346	-29.25	42.75	4	14050,50
346	-29.25	43.25	4	14050,50
346	-28.75	43.75	4	14050,50
346	-28.25	43.75	4	14050,50
346	-28.25	43.25	4	14050,50
346	-28.75	42.75	4	14050,50
346	-29.25	42.75	4	14050,50
347	-40.75	28.25	4	14000,0
347	-40.75	28.75	4	14000,0
347	-40.25	29.25	4	14000,0
347	-39.75	29.25	4	14000,0
347	-39.75	28.75	4	14000,0
347	-40.25	28.25	4	14000,0
347	-40.75	28.25	4	14000,0
347	-36.75	32.25	4	14050,50
347	-36.75	32.75	4	14050,50
347	-36.25	32.75	4	14050,50
347	-36.25	32.25	4	14050,50
347	-36.75	32.25	4	14050,50
307	-38.75	30.25	4	14000,0
307	-38.75	30.75	4	14000,0
307	-36.25	33.25	4	14000,0
307	-35.75	33.25	4	14000,0
307	-35.75	32.75	4	14000,0
307	-38.25	30.25	4	14000,0
307	-38.75	30.25	4	14000,0
307	-34.25	34.75	4	14050,50
307	-34.25	35.25	4	14050,50
307	-33.75	35.75	4	14050,50
307	-33.25	35.75	4	14050,50
307	-33.25	35.25	4	14050,50
307	-33.75	34.75	4	14050,50
307	-34.25	34.75	4	14050,50
308	-35.25	33.75	4	14000,0
308	-35.25	34.25	4	14000,0
308	-34.25	35.25	4	14000,0
308	-33.75	35.25	4	14000,0
308	-33.75	34.75	4	14000,0
308	-34.75	33.75	4	14000,0
308	-35.25	33.75	4	14000,0
308	-32.25	36.75	4	14050,50
308	-32.25	37.25	4	14050,50
308	-31.75	37.25	4	14050,50
308	-31.75	36.75	4	14050,50
308	-32.25	36.75	4	14050,50
309	-32.25	36.75	4	14000,0
309	-32.25	37.25	4	14000,0
309	-31.25	38.25	4	14000,0
309	-30.75	38.25	4	14000,0
309	-30.75	37.75	4	14000,0
309	-31.75	36.75	4	14000,0
309	-32.25	36.75	4	14000,0
309	-35.75	31.25	4	14050,50
309	-35.75	31.75	4	14050,50
309	-35.25	31.75	4	14050,50
309	-35.25	31.25	4	14050,50
309	-35.75	31.25	4	14050,50
310	-27.75	41.25	4	14000,0
310	-27.75	41.75	4	14000,0
310	-23.75	45.75	4	14000,0
310	-23.25	45.75	4	14000,0
310	-23.25	45.25	4	14000,0
310	-27.25	41.25	4	14000,0
310	-27.75	41.25	4	14000,0
310	-34.75	32.25	4	14050,50
310	-34.75	32.75	4	14050,50
310	-33.75	33.75	4	14050,50
310	-33.25	33.75	4	14050,50
310	-33.25	33.25	4	14050,50
310	-34.25	32.25	4	14050,50
310	-34.75	32.25	4	14050,50
311	-22.75	46.25	4	14000,0
311	-22.75	46.75	4	14000,0
311	-22.25	47.25	4	14000,0
311	-21.75	47.25	4	14000,0
311	-21.75	46.75	4	14000,0
311	-22.25	46.25	4	14000,0
311	-22.75	46.25	4	14000,0
311	-32.75	34.25	4	14050,50
311	-32.75	34.75	4	14050,50
311	-32.25	35.25	4	14050,50
311	-31.75	35.25	4	14050,50
311	-31.75	34.75	4	14050,50
311	-32.25	34.25	4	14050,50
311	-32.75	34.25	4	14050,50
312	-45.25	21.75	4	14000,0
312	-45.25	22.25	4	14000,0
312	-41.25	26.25	4	14000,0
312	-40.75	26.25	4	14000,0
312	-40.75	25.75	4	14000,0
312	-44.75	21.75	4	14000,0
312	-45.25	21.75	4	14000,0
312	-31.25	35.75	4	14050,50
312	-31.25	36.25	4	14050,50
312	-30.75	36.25	4	14050,50
312	-30.75	35.75	4	14050,50
312	-31.25	35.75	4	14050,50
313	-40.25	26.75	4	14000,0
313	-40.25	27.25	4	14000,0
313	-33.75	33.75	4	14000,0
313	-33.25	33.75	4	14000,0
313	-33.25	33.25	4	14000,0
313	-39.75	26.75	4	14000,0
313	-40.25	26.75	4	14000,0
313	-29.25	37.75	4	14050,50
313	-29.25	38.25	4	14050,50
313	-28.75	38.25	4	14050,50
313	-28.75	37.75	4	14050,50
313	-29.25	37.75	4	14050,50
314	-32.25	34.75	4	14000,0
314	-32.25	35.25	4	14000,0
314	-27.75	39.75	4	14000,0
314	-27.25	39.75	4	14000,0
314	-27.25	39.25	4	14000,0
314	-31.75	34.75	4	14000,0
314	-32.25	34.75	4	14000,0
314	-24.25	42.75	4	14050,50
314	-24.25	43.25	4	14050,50
314	-23.75	43.25	4	14050,50
314	-23.75	41.75	4	14050,50
314	-24.25	41.75	4	14050,50
314	-24.25	42.75	4	14050,50
315	-26.75	40.25	4	14000,0
315	-26.75	40.75	4	14000,0
315	-18.25	49.25	4	14000,0
315	-17.75	49.25	4	14000,0
315	-17.75	48.75	4	14000,0
315	-26.25	40.25	4	14000,0
315	-26.75	40.25	4	14000,0
315	-22.75	44.25	4	14050,50
315	-22.75	44.75	4	14050,50
315	-22.25	44.75	4	14050,50
315	-22.25	44.25	4	14050,50
315	-22.75	44.25	4	14050,50
316	-41.25	23.75	4	14000,0
316	-41.25	24.25	4	14000,0
316	-40.25	24.25	4	14000,0
316	-39.75	24.75	4	14000,0
316	-39.25	24.75	4	14000,0
316	-39.25	24.25	4	14000,0
316	-40.25	23.25	4	14000,0
316	-40.25	22.25	4	14000,0
316	-41.25	21.25	4	14000,0
316	-42.25	21.25	4	14000,0
316	-42.75	20.75	4	14000,0
316	-42.75	19.75	4	14000,0
316	-43.25	19.75	4	14000,0
316	-43.75	20.25	4	14000,0
316	-43.75	20.75	4	14000,0
316	-41.25	23.25	4	14000,0
316	-41.25	23.75	4	14000,0
316	-34.25	29.75	4	14050,50
316	-34.25	30.25	4	14050,50
316	-30.75	33.75	4	14050,50
316	-30.25	33.75	4	14050,50
316	-30.25	33.25	4	14050,50
316	-33.75	29.75	4	14050,50
316	-34.25	29.75	4	14050,50
318	-38.75	25.25	4	14000,0
318	-38.75	25.75	4	14000,0
318	-38.25	25.75	4	14000,0
318	-37.75	25.25	4	14000,0
318	-37.75	24.75	4	14000,0
318	-38.25	24.75	4	14000,0
318	-38.75	25.25	4	14000,0
318	-32.25	29.75	4	14050,50
318	-32.25	30.25	4	14050,50
318	-31.75	30.75	4	14050,50
318	-31.25	30.75	4	14050,50
318	-31.25	30.25	4	14050,50
318	-31.75	29.75	4	14050,50
318	-32.25	29.75	4	14050,50
319	-37.75	26.25	4	14000,0
319	-37.75	26.75	4	14000,0
319	-33.75	30.75	4	14000,0
319	-33.25	30.75	4	14000,0
319	-33.25	30.25	4	14000,0
319	-33.75	29.75	4	14000,0
319	-33.75	28.75	4	14000,0
319	-34.25	28.25	4	14000,0
319	-35.25	28.25	4	14000,0
319	-36.25	27.25	4	14000,0
319	-36.25	26.25	4	14000,0
319	-37.75	26.25	4	14000,0
319	-28.75	33.25	4	14050,50
319	-28.75	33.75	4	14050,50
319	-28.25	34.25	4	14050,50
319	-27.75	34.25	4	14050,50
319	-27.75	33.75	4	14050,50
319	-28.25	33.25	4	14050,50
319	-28.25	31.75	4	14050,50
319	-27.75	31.25	4	14050,50
319	-27.25	31.25	4	14050,50
319	-27.25	33.25	4	14050,50
319	-26.75	33.75	4	14050,50
319	-26.25	33.75	4	14050,50
319	-26.25	33.25	4	14050,50
319	-26.75	32.75	4	14050,50
319	-26.75	32.25	4	14050,50
319	-26.25	32.25	4	14050,50
319	-25.75	32.75	4	14050,50
319	-25.75	33.75	4	14050,50
319	-24.75	33.75	4	14050,50
319	-24.25	34.25	4	14050,50
319	-23.75	34.25	4	14050,50
319	-23.75	32.75	4	14050,50
319	-24.75	32.75	4	14050,50
319	-25.25	32.25	4	14050,50
319	-25.25	31.75	4	14050,50
319	-23.75	31.75	4	14050,50
319	-21.75	33.75	4	14050,50
319	-21.25	33.75	4	14050,50
319	-21.25	33.25	4	14050,50
319	-22.25	32.25	4	14050,50
319	-22.25	31.25	4	14050,50
319	-23.25	31.25	4	14050,50
319	-23.25	29.75	4	14050,50
319	-22.75	29.25	4	14050,50
319	-22.25	29.25	4	14050,50
319	-21.75	29.75	4	14050,50
319	-21.75	30.75	4	14050,50
319	-20.25	30.75	4	14050,50
319	-19.75	30.25	4	14050,50
319	-19.75	29.75	4	14050,50
319	-20.25	29.25	4	14050,50
319	-21.25	29.25	4	14050,50
319	-21.25	28.75	4	14050,50
319	-20.75	28.25	4	14050,50
319	-20.75	27.75	4	14050,50
319	-21.25	27.25	4	14050,50
319	-22.25	27.25	4	14050,50
319	-23.75	25.75	4	14050,50
319	-23.75	24.75	4	14050,50
319	-24.75	24.75	4	14050,50
319	-24.75	23.75	4	14050,50
319	-25.25	23.25	4	14050,50
319	-26.25	23.25	4	14050,50
319	-27.75	21.75	4	14050,50
319	-28.25	21.75	4	14050,50
319	-29.25	22.75	4	14050,50
319	-29.25	24.75	4	14050,50
319	-29.75	24.75	4	14050,50
319	-30.25	24.25	4	14050,50
319	-30.75	24.25	4	14050,50
319	-30.75	25.25	4	14050,50
319	-31.25	25.75	4	14050,50
319	-31.75	25.75	4	14050,50
319	-33.25	24.25	4	14050,50
319	-33.75	24.25	4	14050,50
319	-33.75	24.75	4	14050,50
319	-33.25	25.25	4	14050,50
319	-33.25	27.25	4	14050,50
319	-32.25	27.25	4	14050,50
319	-32.25	27.75	4	14050,50
319	-32.75	28.25	4	14050,50
319	-32.75	28.75	4	14050,50
319	-31.75	28.75	4	14050,50
319	-30.25	30.25	4	14050,50
319	-29.25	30.25	4	14050,50
319	-29.25	31.25	4	14050,50
319	-28.75	31.75	4	14050,50
319	-28.75	33.25	4	14050,50
320	-32.75	31.25	4	14000,0
320	-32.75	31.75	4	14000,0
320	-32.25	32.25	4	14000,0
320	-31.75	32.25	4	14000,0
320	-31.75	31.75	4	14000,0
320	-32.25	31.25	4	14000,0
320	-32.75	31.25	4	14000,0
320	-19.75	42.25	4	14050,50
320	-19.75	42.75	4	14050,50
320	-19.25	43.25	4	14050,50
320	-18.75	43.25	4	14050,50
320	-18.75	42.75	4	14050,50
320	-19.25	42.25	4	14050,50
320	-19.75	42.25	4	14050,50
321	-30.75	33.25	4	14000,0
321	-30.75	33.75	4	14000,0
321	-26.75	37.75	4	14000,0
321	-26.25	37.75	4	14000,0
321	-26.25	35.25	4	14000,0
321	-26.75	35.25	4	14000,0
321	-26.75	36.25	4	14000,0
321	-27.25	36.25	4	14000,0
321	-27.25	34.25	4	14000,0
321	-27.75	33.75	4	14000,0
321	-28.25	33.75	4	14000,0
321	-28.25	34.75	4	14000,0
321	-28.75	34.75	4	14000,0
321	-29.75	33.75	4	14000,0
321	-29.75	32.75	4	14000,0
321	-30.25	32.75	4	14000,0
321	-30.75	33.25	4	14000,0
321	-18.25	43.75	4	14050,50
321	-18.25	44.25	4	14050,50
321	-17.75	44.25	4	14050,50
321	-17.75	43.75	4	14050,50
321	-18.25	43.75	4	14050,50
322	-25.25	38.75	4	14000,0
322	-25.25	39.25	4	14000,0
322	-20.25	44.25	4	14000,0
322	-19.75	44.25	4	14000,0
322	-19.75	43.75	4	14000,0
322	-20.75	42.75	4	14000,0
322	-20.75	40.75	4	14000,0
322	-22.75	40.75	4	14000,0
322	-22.75	39.75	4	14000,0
322	-23.75	39.75	4	14000,0
322	-23.75	37.75	4	14000,0
322	-24.25	37.75	4	14000,0
322	-25.25	38.75	4	14000,0
322	-21.25	39.75	4	14050,50
322	-21.25	40.25	4	14050,50
322	-20.75	40.25	4	14050,50
322	-19.25	38.75	4	14050,50
322	-19.25	38.25	4	14050,50
322	-19.75	38.25	4	14050,50
322	-21.25	39.75	4	14050,50
323	-19.25	44.75	4	14000,0
323	-19.25	45.25	4	14000,0
323	-15.75	48.75	4	14000,0
323	-15.25	48.75	4	14000,0
323	-15.25	48.25	4	14000,0
323	-17.25	46.25	4	14000,0
323	-17.25	44.25	4	14000,0
323	-17.75	44.25	4	14000,0
323	-17.75	45.25	4	14000,0
323	-18.25	45.25	4	14000,0
323	-18.75	44.75	4	14000,0
323	-19.25	44.75	4	14000,0
323	-23.25	34.75	4	14050,50
323	-23.25	35.25	4	14050,50
323	-22.75	35.25	4	14050,50
323	-22.75	33.75	4	14050,50
323	-23.25	33.75	4	14050,50
323	-23.25	34.75	4	14050,50
324	-32.75	29.25	4	14000,0
324	-32.75	29.75	4	14000,0
324	-32.25	29.75	4	14000,0
324	-32.25	28.75	4	14000,0
324	-31.75	28.75	4	14000,0
324	-30.75	29.75	4	14000,0
324	-29.75	29.75	4	14000,0
324	-29.75	30.75	4	14000,0
324	-18.25	42.25	4	14000,0
324	-17.75	42.25	4	14000,0
324	-17.75	41.25	4	14000,0
324	-17.25	41.25	4	14000,0
324	-14.75	43.75	4	14000,0
324	-14.75	44.25	4	14000,0
324	-15.25	44.75	4	14000,0
324	-15.25	45.25	4	14000,0
324	-14.25	46.25	4	14000,0
324	-14.25	47.25	4	14000,0
324	-13.25	47.25	4	14000,0
324	-12.75	47.75	4	14000,0
324	-11.75	47.75	4	14000,0
324	-11.75	48.75	4	14000,0
324	-11.25	49.25	4	14000,0
324	-10.75	49.25	4	14000,0
324	-9.25	47.75	4	14000,0
324	-8.25	47.75	4	14000,0
324	-8.25	47.25	4	14000,0
324	-8.75	46.75	4	14000,0
324	-8.75	46.25	4	14000,0
324	-7.25	46.25	4	14000,0
324	-5.25	48.25	4	14000,0
324	-4.75	48.25	4	14000,0
324	-4.75	46.25	4	14000,0
324	-3.75	45.25	4	14000,0
324	-3.75	44.75	4	14000,0
324	-4.75	44.75	4	14000,0
324	-4.75	43.75	4	14000,0
324	-5.75	43.75	4	14000,0
324	-7.75	41.75	4	14000,0
324	-7.75	40.75	4	14000,0
324	-8.75	40.75	4	14000,0
324	-11.75	37.75	4	14000,0
324	-11.75	36.75	4	14000,0
324	-12.75	36.75	4	14000,0
324	-13.25	36.25	4	14000,0
324	-13.25	35.25	4	14000,0
324	-14.25	35.25	4	14000,0
324	-14.25	34.25	4	14000,0
324	-15.25	34.25	4	14000,0
324	-15.25	33.25	4	14000,0
324	-19.25	29.25	4	14000,0
324	-20.25	29.25	4	14000,0
324	-20.25	28.25	4	14000,0
324	-21.25	28.25	4	14000,0
324	-21.25	27.25	4	14000,0
324	-21.75	26.75	4	14000,0
324	-22.75	26.75	4	14000,0
324	-22.75	25.75	4	14000,0
324	-23.75	25.75	4	14000,0
324	-29.25	20.25	4	14000,0
324	-29.75	20.25	4	14000,0
324	-32.25	22.75	4	14000,0
324	-33.25	22.75	4	14000,0
324	-33.75	23.25	4	14000,0
324	-34.25	23.25	4	14000,0
324	-36.25	21.25	4	14000,0
324	-36.25	20.25	4	14000,0
324	-37.25	20.25	4	14000,0
324	-39.25	18.25	4	14000,0
324	-39.25	16.25	4	14000,0
324	-40.75	16.25	4	14000,0
324	-41.25	16.75	4	14000,0
324	-42.25	16.75	4	14000,0
324	-42.25	17.25	4	14000,0
324	-41.75	17.75	4	14000,0
324	-41.75	18.75	4	14000,0
324	-40.75	19.75	4	14000,0
324	-39.75	19.75	4	14000,0
324	-39.25	20.25	4	14000,0
324	-39.25	21.25	4	14000,0
324	-38.25	21.25	4	14000,0
324	-38.25	23.25	4	14000,0
324	-37.75	23.25	4	14000,0
324	-37.25	22.75	4	14000,0
324	-36.75	22.75	4	14000,0
324	-35.75	23.75	4	14000,0
324	-35.75	24.75	4	14000,0
324	-34.75	25.75	4	14000,0
324	-34.25	25.75	4	14000,0
324	-33.75	25.25	4	14000,0
324	-33.25	25.25	4	14000,0
324	-33.25	26.25	4	14000,0
324	-32.75	26.75	4	14000,0
324	-32.75	29.25	4	14000,0
324	-21.75	36.25	4	14050,50
324	-21.75	36.75	4	14050,50
324	-21.25	37.25	4	14050,50
324	-20.75	37.25	4	14050,50
324	-20.75	36.75	4	14050,50
324	-21.25	36.25	4	14050,50
324	-21.75	36.25	4	14050,50
325	-16.75	43.25	4	14000,0
325	-16.75	43.75	4	14000,0
325	-16.25	44.25	4	14000,0
325	-15.75	44.25	4	14000,0
325	-15.75	43.75	4	14000,0
325	-16.25	43.25	4	14000,0
325	-16.75	43.25	4	14000,0
325	-26.75	30.25	4	14050,50
325	-26.75	30.75	4	14050,50
325	-26.25	30.75	4	14050,50
325	-26.25	29.25	4	14050,50
325	-26.75	29.25	4	14050,50
325	-26.75	30.25	4	14050,50
326	-32.25	24.75	4	14000,0
326	-32.25	25.25	4	14000,0
326	-31.75	25.25	4	14000,0
326	-31.25	24.75	4	14000,0
326	-31.25	24.25	4	14000,0
326	-31.75	23.75	4	14000,0
326	-32.25	23.75	4	14000,0
326	-32.25	24.75	4	14000,0
326	-15.75	40.25	4	14050,50
326	-15.75	40.75	4	14050,50
326	-15.25	40.75	4	14050,50
326	-14.75	40.25	4	14050,50
326	-14.75	39.75	4	14050,50
326	-15.25	39.25	4	14050,50
326	-15.25	38.75	4	14050,50
326	-14.75	38.25	4	14050,50
326	-14.75	37.75	4	14050,50
326	-15.25	37.25	4	14050,50
326	-16.25	37.25	4	14050,50
326	-16.25	36.25	4	14050,50
326	-17.25	36.25	4	14050,50
326	-18.75	34.75	4	14050,50
326	-19.25	34.75	4	14050,50
326	-19.75	35.25	4	14050,50
326	-19.75	35.75	4	14050,50
326	-17.25	38.25	4	14050,50
326	-16.25	38.25	4	14050,50
326	-16.25	39.25	4	14050,50
326	-15.75	39.75	4	14050,50
326	-15.75	40.25	4	14050,50
327	-30.75	26.25	4	14000,0
327	-30.75	26.75	4	14000,0
327	-30.25	27.25	4	14000,0
327	-29.75	27.25	4	14000,0
327	-29.25	26.75	4	14000,0
327	-29.25	26.25	4	14000,0
327	-29.75	25.75	4	14000,0
327	-30.25	25.75	4	14000,0
327	-30.75	26.25	4	14000,0
327	-20.75	34.25	4	14050,50
327	-20.75	34.75	4	14050,50
327	-20.25	34.75	4	14050,50
327	-20.25	34.25	4	14050,50
327	-20.75	34.25	4	14050,50
329	-25.25	31.75	4	14000,0
329	-25.25	32.25	4	14000,0
329	-24.25	33.25	4	14000,0
329	-23.75	33.25	4	14000,0
329	-23.75	32.75	4	14000,0
329	-24.75	31.75	4	14000,0
329	-25.25	31.75	4	14000,0
329	-29.25	20.75	4	14050,50
329	-29.25	21.25	4	14050,50
329	-28.75	21.25	4	14050,50
329	-28.75	20.75	4	14050,50
329	-29.25	20.75	4	14050,50
330	-23.25	33.75	4	14000,0
330	-23.25	34.25	4	14000,0
330	-22.75	34.25	4	14000,0
330	-22.75	33.75	4	14000,0
330	-23.25	33.75	4	14000,0
330	-19.25	30.75	4	14050,50
330	-19.25	31.25	4	14050,50
330	-18.75	31.25	4	14050,50
330	-18.75	30.75	4	14050,50
330	-19.25	30.75	4	14050,50
331	-18.75	38.25	4	14000,0
331	-18.75	38.75	4	14000,0
331	-18.25	38.75	4	14000,0
331	-18.25	38.25	4	14000,0
331	-18.75	38.25	4	14000,0
331	-12.25	36.75	4	14050,50
331	-12.25	37.25	4	14050,50
331	-11.75	37.25	4	14050,50
331	-11.75	36.75	4	14050,50
331	-12.25	36.75	4	14050,50
332	-17.75	39.25	4	14000,0
332	-17.75	39.75	4	14000,0
332	-13.75	43.75	4	14000,0
332	-13.25	43.75	4	14000,0
332	-13.25	43.25	4	14000,0
332	-13.75	42.75	4	14000,0
332	-13.75	41.75	4	14000,0
332	-14.75	41.75	4	14000,0
332	-14.75	39.75	4	14000,0
332	-15.25	39.25	4	14000,0
332	-15.75	39.25	4	14000,0
332	-15.75	40.25	4	14000,0
332	-16.25	40.25	4	14000,0
332	-16.25	39.25	4	14000,0
332	-17.75	39.25	4	14000,0
332	-7.75	32.25	4	14050,50
332	-7.75	32.75	4	14050,50
332	-7.25	32.75	4	14050,50
332	-7.25	32.25	4	14050,50
332	-7.75	32.25	4	14050,50
333	-12.25	44.75	4	14000,0
333	-12.25	45.25	4	14000,0
333	-11.25	45.25	4	14000,0
333	-10.75	45.75	4	14000,0
333	-10.75	46.75	4	14000,0
333	-10.25	46.75	4	14000,0
333	-9.75	46.25	4	14000,0
333	-9.75	45.75	4	14000,0
333	-10.75	44.75	4	14000,0
333	-10.75	43.75	4	14000,0
333	-11.25	43.75	4	14000,0
333	-12.25	44.75	4	14000,0
333	-23.75	15.25	4	14050,50
333	-23.75	15.75	4	14050,50
333	-23.25	15.75	4	14050,50
333	-21.75	14.25	4	14050,50
333	-21.75	13.75	4	14050,50
333	-22.25	13.75	4	14050,50
333	-22.75	14.25	4	14050,50
333	-23.75	14.25	4	14050,50
333	-23.75	15.25	4	14050,50
334	-3.75	46.25	4	14000,0
334	-3.75	46.75	4	14000,0
334	-3.25	46.75	4	14000,0
334	-3.25	46.25	4	14000,0
334	-3.75	46.25	4	14000,0
334	-22.25	16.75	4	14050,50
334	-22.25	17.25	4	14050,50
334	-21.25	17.25	4	14050,50
334	-20.75	17.75	4	14050,50
334	-20.75	18.75	4	14050,50
334	-18.75	20.75	4	14050,50
334	-17.75	20.75	4	14050,50
334	-16.75	21.75	4	14050,50
334	-15.75	21.75	4	14050,50
334	-12.25	25.25	4	14050,50
334	-10.75	25.25	4	14050,50
334	-10.75	24.75	4	14050,50
334	-11.25	24.25	4	14050,50
334	-12.25	24.25	4	14050,50
334	-12.25	23.25	4	14050,50
334	-13.75	21.75	4	14050,50
334	-13.75	21.25	4	14050,50
334	-13.25	21.25	4	14050,50
334	-12.75	21.75	4	14050,50
334	-11.25	21.75	4	14050,50
334	-10.75	21.25	4	14050,50
334	-10.25	21.25	4	14050,50
334	-9.25	22.25	4	14050,50
334	-8.25	22.25	4	14050,50
334	-7.75	22.75	4	14050,50
334	-7.75	23.25	4	14050,50
334	-9.25	24.75	4	14050,50
334	-9.25	25.25	4	14050,50
334	-7.25	27.25	4	14050,50
334	-6.75	27.25	4	14050,50
334	-6.25	26.75	4	14050,50
334	-5.25	26.75	4	14050,50
334	-5.25	25.75	4	14050,50
334	-4.25	25.75	4	14050,50
334	-3.75	25.25	4	14050,50
334	-3.75	24.75	4	14050,50
334	-4.75	24.75	4	14050,50
334	-5.75	23.75	4	14050,50
334	-5.75	23.25	4	14050,50
334	-5.25	23.25	4	14050,50
334	-4.75	23.75	4	14050,50
334	-4.25	23.75	4	14050,50
334	-4.25	21.75	4	14050,50
334	-3.75	21.25	4	14050,50
334	-3.25	21.25	4	14050,50
334	-2.75	21.75	4	14050,50
334	-1.75	21.75	4	14050,50
334	-1.25	22.25	4	14050,50
334	-0.75	22.25	4	14050,50
334	-0.75	21.75	4	14050,50
334	-1.25	21.25	4	14050,50
334	-1.25	20.25	4	14050,50
334	-2.25	20.25	4	14050,50
334	-2.25	16.25	4	14050,50
334	-2.75	15.75	4	14050,50
334	-2.75	15.25	4	14050,50
334	-2.25	14.75	4	14050,50
334	-2.25	13.25	4	14050,50
334	-2.75	13.25	4	14050,50
334	-3.25	13.75	4	14050,50
334	-4.25	13.75	4	14050,50
334	-4.25	14.25	4	14050,50
334	-3.75	14.75	4	14050,50
334	-3.75	16.25	4	14050,50
334	-4.25	16.25	4	14050,50
334	-4.75	15.75	4	14050,50
334	-4.75	14.75	4	14050,50
334	-5.75	13.75	4	14050,50
334	-5.75	13.25	4	14050,50
334	-5.25	12.75	4	14050,50
334	-5.25	11.75	4	14050,50
334	-4.25	11.75	4	14050,50
334	-4.25	10.75	4	14050,50
334	-3.75	10.75	4	14050,50
334	-3.25	11.25	4	14050,50
334	-3.25	12.25	4	14050,50
334	-2.75	12.25	4	14050,50
334	-2.25	11.75	4	14050,50
334	-1.75	11.75	4	14050,50
334	-1.75	12.75	4	14050,50
334	-0.25	12.75	4	14050,50
334	-0.25	12.25	4	14050,50
334	-0.75	11.75	4	14050,50
334	-0.75	10.75	4	14050,50
334	-1.75	9.75	4	14050,50
334	-2.75	9.75	4	14050,50
334	-2.75	9.25	4	14050,50
334	-1.75	8.25	4	14050,50
334	0.25	8.25	4	14050,50
334	0.25	7.25	4	14050,50
334	1.25	6.25	4	14050,50
334	1.25	5.25	4	14050,50
334	1.75	4.75	4	14050,50
334	2.25	4.75	4	14050,50
334	2.25	7.25	4	14050,50
334	1.75	7.75	4	14050,50
334	1.75	8.25	4	14050,50
334	2.25	8.75	4	14050,50
334	2.75	8.75	4	14050,50
334	4.75	6.75	4	14050,50
334	4.75	-0.75	4	14050,50
334	-5.75	-0.75	4	14050,50
334	-6.75	0.25	4	14050,50
334	-8.25	0.25	4	14050,50
334	-8.75	-0.25	4	14050,50
334	-9.25	-0.25	4	14050,50
334	-9.75	0.25	4	14050,50
334	-10.75	0.25	4	14050,50
334	-10.75	0.75	4	14050,50
334	-10.25	1.25	4	14050,50
334	-9.75	1.25	4	14050,50
334	-9.25	0.75	4	14050,50
334	-8.75	0.75	4	14050,50
334	-8.75	1.25	4	14050,50
334	-9.25	1.75	4	14050,50
334	-9.25	2.25	4	14050,50
334	-7.75	3.75	4	14050,50
334	-7.75	4.25	4	14050,50
334	-8.25	4.75	4	14050,50
334	-8.25	8.25	4	14050,50
334	-7.25	9.25	4	14050,50
334	-7.25	9.75	4	14050,50
334	-7.75	10.25	4	14050,50
334	-8.25	10.25	4	14050,50
334	-8.75	9.75	4	14050,50
334	-10.75	9.75	4	14050,50
334	-10.75	8.75	4	14050,50
334	-11.75	8.75	4	14050,50
334	-12.25	8.25	4	14050,50
334	-12.75	8.25	4	14050,50
334	-12.75	8.75	4	14050,50
334	-12.25	9.25	4	14050,50
334	-12.25	9.75	4	14050,50
334	-13.25	9.75	4	14050,50
334	-13.25	10.25	4	14050,50
334	-12.75	10.75	4	14050,50
334	-12.25	10.75	4	14050,50
334	-11.75	10.25	4	14050,50
334	-11.25	10.25	4	14050,50
334	-10.25	11.25	4	14050,50
334	-10.25	12.25	4	14050,50
334	-9.75	12.75	4	14050,50
334	-9.75	13.25	4	14050,50
334	-10.25	13.75	4	14050,50
334	-11.25	13.75	4	14050,50
334	-11.75	14.25	4	14050,50
334	-12.25	14.25	4	14050,50
334	-12.25	13.25	4	14050,50
334	-12.75	12.75	4	14050,50
334	-17.25	12.75	4	14050,50
334	-17.25	14.25	4	14050,50
334	-16.25	14.25	4	14050,50
334	-15.75	14.75	4	14050,50
334	-15.75	15.25	4	14050,50
334	-17.25	15.25	4	14050,50
334	-18.25	14.25	4	14050,50
334	-18.75	14.25	4	14050,50
334	-18.75	14.75	4	14050,50
334	-18.25	15.25	4	14050,50
334	-18.25	16.25	4	14050,50
334	-16.25	16.25	4	14050,50
334	-16.25	16.75	4	14050,50
334	-16.75	17.25	4	14050,50
334	-16.75	17.75	4	14050,50
334	-14.25	20.25	4	14050,50
334	-14.25	20.75	4	14050,50
334	-14.75	20.75	4	14050,50
334	-16.75	18.75	4	14050,50
334	-17.75	18.75	4	14050,50
334	-18.75	17.75	4	14050,50
334	-19.75	17.75	4	14050,50
334	-21.25	16.25	4	14050,50
334	-21.75	16.25	4	14050,50
334	-22.25	16.75	4	14050,50
335	-2.75	46.75	4	14000,0
335	-2.75	46.25	4	14000,0
335	-2.25	46.25	4	14000,0
335	-1.75	46.75	4	14000,0
335	-1.75	47.25	4	14000,0
335	-2.25	47.25	4	14000,0
335	-2.75	46.75	4	14000,0
335	-36.25	-0.25	4	14050,50
335	-36.25	0.25	4	14050,50
335	-35.75	0.25	4	14050,50
335	-35.75	-0.25	4	14050,50
335	-36.25	-0.25	4	14050,50
336	-1.25	47.75	4	14000,0
336	-1.25	48.25	4	14000,0
336	-0.75	48.25	4	14000,0
336	-0.75	47.75	4	14000,0
336	-1.25	47.75	4	14000,0
336	-10.25	25.75	4	14050,50
336	-10.25	26.25	4	14050,50
336	-9.75	26.25	4	14050,50
336	-9.75	25.75	4	14050,50
336	-10.25	25.75	4	14050,50
337	-13.75	33.25	4	14000,0
337	-13.75	33.75	4	14000,0
337	-13.25	33.75	4	14000,0
337	-13.25	33.25	4	14000,0
337	-13.75	33.25	4	14000,0
337	-9.25	26.75	4	14050,50
337	-9.25	27.25	4	14050,50
337	-8.75	27.25	4	14050,50
337	-8.75	26.75	4	14050,50
337	-9.25	26.75	4	14050,50
338	-23.75	15.25	4	14000,0
338	-23.75	15.75	4	14000,0
338	-4.25	35.25	4	14000,0
338	-3.25	35.25	4	14000,0
338	-3.25	36.25	4	14000,0
338	4.75	44.25	4	14000,0
338	5.25	44.25	4	14000,0
338	5.25	42.75	4	14000,0
338	4.75	42.25	4	14000,0
338	4.75	41.75	4	14000,0
338	5.25	41.25	4	14000,0
338	5.25	-0.25	4	14000,0
338	-9.25	-0.25	4	14000,0
338	-23.75	14.25	4	14000,0
338	-23.75	15.25	4	14000,0
338	-8.25	27.75	4	14050,50
338	-8.25	28.25	4	14050,50
338	-7.75	28.25	4	14050,50
338	-7.75	27.75	4	14050,50
338	-8.25	27.75	4	14050,50
340	-1.25	33.75	4	14000,0
340	-1.25	34.25	4	14000,0
340	-0.75	34.25	4	14000,0
340	-0.75	33.75	4	14000,0
340	-1.25	33.75	4	14000,0
340	-10.25	22.75	4	14050,50
340	-10.25	23.25	4	14050,50
340	-9.75	23.25	4	14050,50
340	-9.75	22.75	4	14050,50
340	-10.25	22.75	4	14050,50
248	-23.25	4.75	29	14000,50
248	-23.25	5.25	29	14000,50
248	-21.75	5.25	29	14000,50
248	-21.75	4.75	29	14000,50
248	-23.75	2.75	29	14000,50
248	-24.25	2.75	29	14000,50
248	-24.25	3.25	29	14000,50
248	-23.25	4.25	29	14000,50
248	-23.25	4.75	29	14000,50
248	-21.25	47.75	29	14000,0
248	-21.25	48.25	29	14000,0
248	-20.25	49.25	29	14000,0
248	-19.75	49.25	29	14000,0
248	-19.75	48.75	29	14000,0
248	-20.75	47.75	29	14000,0
248	-21.25	47.75	29	14000,0
249	-25.25	1.75	29	14000,50
249	-25.25	2.25	29	14000,50
249	-24.75	2.25	29	14000,50
249	-24.75	1.75	29	14000,50
249	-25.25	1.75	29	14000,50
249	-15.25	48.75	29	14000,0
249	-15.25	49.25	29	14000,0
249	-14.75	49.25	29	14000,0
249	-14.75	48.75	29	14000,0
249	-15.25	48.75	29	14000,0
250	-18.75	2.25	29	14000,50
250	-18.75	2.75	29	14000,50
250	-18.25	2.75	29	14000,50
250	-18.25	2.25	29	14000,50
250	-18.75	2.25	29	14000,50
251	-17.25	3.75	29	14000,50
251	-17.25	4.25	29	14000,50
251	-16.75	4.25	29	14000,50
251	-16.75	3.75	29	14000,50
251	-17.25	3.75	29	14000,50
252	-15.75	5.25	29	14000,50
252	-15.75	5.75	29	14000,50
252	-15.25	5.75	29	14000,50
252	-15.25	5.25	29	14000,50
252	-15.75	5.25	29	14000,50
253	-19.75	-0.75	29	14000,50
253	-19.75	-0.25	29	14000,50
253	-19.25	-0.25	29	14000,50
253	-19.25	-0.75	29	14000,50
253	-19.75	-0.75	29	14000,50
254	-18.75	0.25	29	14000,50
254	-18.75	0.75	29	14000,50
254	-17.75	1.75	29	14000,50
254	-17.25	1.75	29	14000,50
254	-17.25	1.25	29	14000,50
254	-18.25	0.25	29	14000,50
254	-18.75	0.25	29	14000,50
255	-16.25	2.75	29	14000,50
255	-16.25	3.25	29	14000,50
255	-15.75	3.25	29	14000,50
255	-15.75	2.75	29	14000,50
255	-16.25	2.75	29	14000,50
256	-16.75	0.25	29	14000,50
256	-16.75	0.75	29	14000,50
256	-16.25	0.75	29	14000,50
256	-16.25	0.25	29	14000,50
256	-16.75	0.25	29	14000,50
109	-22.75	5.25	118	14000,50
109	-22.75	5.75	118	14000,50
109	-22.25	6.25	118	14000,50
109	-21.75	6.25	118	14000,50
109	-21.75	5.75	118	14000,50
109	-22.25	5.25	118	14000,50
109	-22.75	5.25	118	14000,50
110	-20.25	7.75	118	14000,50
110	-20.25	8.25	118	14000,50
110	-19.75	8.25	118	14000,50
110	-19.75	7.75	118	14000,50
110	-20.25	7.75	118	14000,50
111	-18.75	9.25	118	14000,50
111	-18.75	9.75	118	14000,50
111	-18.25	10.25	118	14000,50
111	-17.75	10.25	118	14000,50
111	-17.75	8.75	118	14000,50
111	-18.25	8.75	118	14000,50
111	-18.75	9.25	118	14000,50
416	-17.25	10.75	60	14000,50
416	-17.25	11.25	60	14000,50
416	-16.25	11.25	60	14000,50
416	-15.25	12.25	60	14000,50
416	-15.25	13.25	60	14000,50
416	-14.25	13.25	60	14000,50
416	-13.75	13.75	60	14000,50
416	-13.75	14.75	60	14000,50
416	-12.75	15.75	60	14000,50
416	-12.25	15.75	60	14000,50
416	-11.75	15.25	60	14000,50
416	-11.75	14.75	60	14000,50
416	-17.25	9.25	60	14000,50
416	-17.75	9.25	60	14000,50
416	-17.75	9.75	60	14000,50
416	-17.25	10.25	60	14000,50
416	-17.25	10.75	60	14000,50
416	-10.25	48.75	60	14000,0
416	-10.25	49.25	60	14000,0
416	-8.75	49.25	60	14000,0
416	-8.25	48.75	60	14000,0
416	-8.25	48.25	60	14000,0
416	-8.75	47.75	60	14000,0
416	-9.25	47.75	60	14000,0
416	-10.25	48.75	60	14000,0
416	-44.75	7.25	60	14050,50
416	-44.75	7.75	60	14050,50
416	-44.25	8.25	60	14050,50
416	-43.25	8.25	60	14050,50
416	-42.75	8.75	60	14050,50
416	-42.25	8.75	60	14050,50
416	-42.25	7.25	60	14050,50
416	-43.25	6.25	60	14050,50
416	-43.25	5.25	60	14050,50
416	-44.75	5.25	60	14050,50
416	-44.75	7.25	60	14050,50
416	-44.25	44.75	60	14050,0
416	-44.25	45.25	60	14050,0
416	-42.25	47.25	60	14050,0
416	-41.75	47.25	60	14050,0
416	-40.25	45.75	60	14050,0
416	-40.25	44.75	60	14050,0
416	-39.75	44.75	60	14050,0
416	-39.25	45.25	60	14050,0
416	-39.25	46.75	60	14050,0
416	-40.75	48.25	60	14050,0
416	-40.75	48.75	60	14050,0
416	-40.25	49.25	60	14050,0
416	-39.75	49.25	60	14050,0
416	-39.75	48.25	60	14050,0
416	-39.25	48.25	60	14050,0
416	-38.25	49.25	60	14050,0
416	-37.75	49.25	60	14050,0
416	-37.75	47.25	60	14050,0
416	-36.75	47.25	60	14050,0
416	-36.75	46.75	60	14050,0
416	-37.25	46.25	60	14050,0
416	-37.25	45.75	60	14050,0
416	-36.25	45.75	60	14050,0
416	-35.75	45.25	60	14050,0
416	-35.75	44.75	60	14050,0
416	-36.75	44.75	60	14050,0
416	-36.75	43.75	60	14050,0
416	-37.75	43.75	60	14050,0
416	-38.25	43.25	60	14050,0
416	-38.25	42.25	60	14050,0
416	-38.75	42.25	60	14050,0
416	-39.25	42.75	60	14050,0
416	-39.25	43.75	60	14050,0
416	-40.25	43.75	60	14050,0
416	-40.75	44.25	60	14050,0
416	-41.25	44.25	60	14050,0
416	-41.25	43.25	60	14050,0
416	-42.25	43.25	60	14050,0
416	-42.75	42.75	60	14050,0
416	-43.75	42.75	60	14050,0
416	-44.25	42.25	60	14050,0
416	-44.25	41.75	60	14050,0
416	-43.75	41.25	60	14050,0
416	-43.75	40.75	60	14050,0
416	-44.25	40.25	60	14050,0
416	-44.75	40.25	60	14050,0
416	-44.75	42.75	60	14050,0
416	-44.25	43.25	60	14050,0
416	-44.25	44.75	60	14050,0
427	-21.75	5.25	60	14000,50
427	-21.75	5.75	60	14000,50
427	-18.75	8.75	60	14000,50
427	-18.25	8.75	60	14000,50
427	-18.25	8.25	60	14000,50
427	-21.25	5.25	60	14000,50
427	-21.75	5.25	60	14000,50
427	-7.75	48.75	60	14000,0
427	-7.75	47.75	60	14000,0
427	-8.75	46.75	60	14000,0
427	-8.75	46.25	60	14000,0
427	-7.25	46.25	60	14000,0
427	-5.25	48.25	60	14000,0
427	-4.75	48.25	60	14000,0
427	-4.75	46.25	60	14000,0
427	-4.25	45.75	60	14000,0
427	-3.75	45.75	60	14000,0
427	-3.75	46.75	60	14000,0
427	-2.75	46.75	60	14000,0
427	-0.75	48.75	60	14000,0
427	-0.75	49.25	60	14000,0
427	-7.25	49.25	60	14000,0
427	-7.75	48.75	60	14000,0
427	-37.25	11.75	60	14050,50
427	-37.25	12.25	60	14050,50
427	-36.75	12.25	60	14050,50
427	-36.75	11.75	60	14050,50
427	-37.25	11.75	60	14050,50
427	-37.25	49.25	60	14050,0
427	-37.25	48.75	60	14050,0
427	-36.75	48.75	60	14050,0
427	-36.75	49.25	60	14050,0
427	-37.25	49.25	60	14050,0
430	-17.25	4.75	60	14000,50
430	-17.25	5.25	60	14000,50
430	-16.75	5.25	60	14000,50
430	-16.75	4.75	60	14000,50
430	-17.25	4.75	60	14000,50
430	4.75	41.75	60	14000,0
430	4.75	42.25	60	14000,0
430	5.25	42.25	60	14000,0
430	5.25	41.75	60	14000,0
430	4.75	41.75	60	14000,0
430	-34.75	14.25	60	14050,50
430	-34.75	14.75	60	14050,50
430	-34.25	14.75	60	14050,50
430	-34.25	14.25	60	14050,50
430	-34.75	14.25	60	14050,50
431	-16.25	5.75	60	14000,50
431	-16.25	6.25	60	14000,50
431	-15.75	6.25	60	14000,50
431	-15.75	5.75	60	14000,50
431	-16.25	5.75	60	14000,50
431	-38.25	0.75	60	14050,50
431	-38.25	1.25	60	14050,50
431	-37.75	1.25	60	14050,50
431	-37.75	0.25	60	14050,50
431	-36.75	0.25	60	14050,50
431	-36.75	-0.25	60	14050,50
431	-37.25	-0.75	60	14050,50
431	-38.75	-0.75	60	14050,50
431	-38.75	-0.25	60	14050,50
431	-38.25	0.25	60	14050,50
431	-38.25	0.75	60	14050,50
432	-14.75	7.25	60	14000,50
432	-14.75	7.75	60	14000,50
432	-14.25	8.25	60	14000,50
432	-13.75	8.25	60	14000,50
432	-13.75	7.75	60	14000,50
432	-14.25	7.25	60	14000,50
432	-14.25	6.25	60	14000,50
432	-14.75	6.25	60	14000,50
432	-14.75	7.25	60	14000,50
432	-37.25	1.75	60	14050,50
432	-37.25	2.25	60	14050,50
432	-36.75	2.25	60	14050,50
432	-36.75	1.75	60	14050,50
432	-37.25	1.75	60	14050,50
433	-12.25	9.75	60	14000,50
433	-12.25	10.25	60	14000,50
433	-11.75	10.25	60	14000,50
433	-11.75	8.75	60	14000,50
433	-12.75	7.75	60	14000,50
433	-13.25	7.75	60	14000,50
433	-13.25	8.25	60	14000,50
433	-12.25	9.25	60	14000,50
433	-12.25	9.75	60	14000,50
433	-29.75	9.25	60	14050,50
433	-29.75	9.75	60	14050,50
433	-29.25	9.75	60	14050,50
433	-29.25	9.25	60	14050,50
433	-29.75	9.25	60	14050,50
434	-11.25	10.75	60	14000,50
434	-11.25	11.25	60	14000,50
434	-10.75	11.25	60	14000,50
434	-10.75	10.75	60	14000,50
434	-11.25	10.75	60	14000,50
435	-17.75	3.25	60	14000,50
435	-17.75	3.75	60	14000,50
435	-17.25	3.75	60	14000,50
435	-17.25	3.25	60	14000,50
435	-17.75	3.25	60	14000,50
436	-15.75	3.25	60	14000,50
436	-15.75	3.75	60	14000,50
436	-14.75	4.75	60	14000,50
436	-14.25	4.75	60	14000,50
436	-14.25	4.25	60	14000,50
436	-15.25	3.25	60	14000,50
436	-15.75	3.25	60	14000,50
417	-13.75	5.25	60	14000,50
417	-13.75	5.75	60	14000,50
417	-12.75	6.75	60	14000,50
417	-12.25	6.75	60	14000,50
417	-12.25	6.25	60	14000,50
417	-13.25	5.25	60	14000,50
417	-13.75	5.25	60	14000,50
418	-11.75	7.25	60	14000,50
418	-11.75	7.75	60	14000,50
418	-10.25	9.25	60	14000,50
418	-9.75	9.25	60	14000,50
418	-9.75	8.75	60	14000,50
418	-11.25	7.25	60	14000,50
418	-11.75	7.25	60	14000,50
419	-8.75	10.25	60	14000,50
419	-8.75	10.75	60	14000,50
419	-8.25	11.25	60	14000,50
419	-7.75	11.25	60	14000,50
419	-7.75	10.75	60	14000,50
419	-8.25	10.25	60	14000,50
419	-8.75	10.25	60	14000,50
420	-15.25	1.75	60	14000,50
420	-15.25	2.25	60	14000,50
420	-13.75	3.75	60	14000,50
420	-13.25	3.75	60	14000,50
420	-13.25	3.25	60	14000,50
420	-14.75	1.75	60	14000,50
420	-15.25	1.75	60	14000,50
421	-12.75	4.25	60	14000,50
421	-12.75	4.75	60	14000,50
421	-8.25	9.25	60	14000,50
421	-7.75	9.25	60	14000,50
421	-7.75	8.75	60	14000,50
421	-12.25	4.25	60	14000,50
421	-12.75	4.25	60	14000,50
422	-6.25	8.75	60	14000,50
422	-6.25	9.25	60	14000,50
422	-5.25	9.25	60	14000,50
422	-4.75	9.75	60	14000,50
422	-4.25	9.75	60	14000,50
422	-4.25	9.25	60	14000,50
422	-6.75	6.75	60	14000,50
422	-6.75	5.75	60	14000,50
422	-7.25	5.75	60	14000,50
422	-7.75	6.25	60	14000,50
422	-7.75	6.75	60	14000,50
422	-6.25	8.25	60	14000,50
422	-6.25	8.75	60	14000,50
423	-13.75	0.25	60	14000,50
423	-13.75	0.75	60	14000,50
423	-12.75	1.75	60	14000,50
423	-12.25	1.75	60	14000,50
423	-12.25	1.25	60	14000,50
423	-13.25	0.25	60	14000,50
423	-13.75	0.25	60	14000,50
424	-11.25	2.75	60	14000,50
424	-11.25	3.25	60	14000,50
424	-10.75	3.25	60	14000,50
424	-10.75	2.75	60	14000,50
424	-11.25	2.75	60	14000,50
425	-10.25	3.75	60	14000,50
425	-10.25	4.25	60	14000,50
425	-8.75	5.75	60	14000,50
425	-8.25	5.75	60	14000,50
425	-8.25	5.25	60	14000,50
425	-9.75	3.75	60	14000,50
425	-10.25	3.75	60	14000,50
426	-5.75	4.25	60	14000,50
426	-5.75	4.75	60	14000,50
426	-4.75	5.75	60	14000,50
426	-4.25	5.75	60	14000,50
426	-3.75	5.25	60	14000,50
426	-3.25	5.25	60	14000,50
426	-3.25	6.25	60	14000,50
426	-2.75	6.25	60	14000,50
426	-1.75	5.25	60	14000,50
426	-1.25	5.25	60	14000,50
426	-1.25	5.75	60	14000,50
426	-1.75	6.25	60	14000,50
426	-1.75	7.75	60	14000,50
426	-0.75	8.75	60	14000,50
426	-0.75	9.75	60	14000,50
426	-0.25	10.25	60	14000,50
426	0.25	10.25	60	14000,50
426	0.25	9.75	60	14000,50
426	-0.25	9.25	60	14000,50
426	-0.25	8.75	60	14000,50
426	0.25	8.75	60	14000,50
426	0.75	9.25	60	14000,50
426	1.25	9.25	60	14000,50
426	1.25	8.75	60	14000,50
426	0.75	8.25	60	14000,50
426	0.75	7.75	60	14000,50
426	1.75	7.75	60	14000,50
426	1.75	7.25	60	14000,50
426	0.75	6.25	60	14000,50
426	0.75	5.75	60	14000,50
426	1.75	4.75	60	14000,50
426	2.25	4.75	60	14000,50
426	2.75	5.25	60	14000,50
426	3.25	5.25	60	14000,50
426	3.75	4.75	60	14000,50
426	4.25	4.75	60	14000,50
426	4.25	5.75	60	14000,50
426	4.75	6.25	60	14000,50
426	4.75	7.75	60	14000,50
426	4.25	7.75	60	14000,50
426	3.75	7.25	60	14000,50
426	3.75	6.25	60	14000,50
426	3.25	6.25	60	14000,50
426	2.75	6.75	60	14000,50
426	2.75	7.25	60	14000,50
426	4.25	8.75	60	14000,50
426	4.75	8.75	60	14000,50
426	5.25	8.25	60	14000,50
426	5.25	5.75	60	14000,50
426	4.75	5.25	60	14000,50
426	4.75	4.25	60	14000,50
426	2.75	2.25	60	14000,50
426	2.75	1.25	60	14000,50
426	1.75	0.25	60	14000,50
426	0.75	0.25	60	14000,50
426	0.75	-0.75	60	14000,50
426	-6.75	-0.75	60	14000,50
426	-6.75	-0.25	60	14000,50
426	-4.75	1.75	60	14000,50
426	-4.75	2.25	60	14000,50
426	-5.25	2.75	60	14000,50
426	-5.25	3.75	60	14000,50
426	-5.75	4.25	60	14000,50
428	-9.75	-0.75	60	14000,50
428	-9.75	-0.25	60	14000,50
428	-7.75	1.75	60	14000,50
428	-6.25	1.75	60	14000,50
428	-6.25	1.25	60	14000,50
428	-8.25	-0.75	60	14000,50
428	-9.75	-0.75	60	14000,50
429	-0.25	5.75	60	14000,50
429	-0.25	6.25	60	14000,50
429	0.25	6.25	60	14000,50
429	0.25	5.75	60	14000,50
429	-0.25	5.75	60	14000,50
86	-11.75	16.25	110	14000,50
86	-11.75	16.75	110	14000,50
86	-9.75	18.75	110	14000,50
86	-9.25	18.75	110	14000,50
86	-8.75	18.25	110	14000,50
86	-8.75	17.75	110	14000,50
86	-9.75	17.75	110	14000,50
86	-9.75	16.75	110	14000,50
86	-11.25	15.25	110	14000,50
86	-11.75	15.25	110	14000,50
86	-11.75	16.25	110	14000,50
89	-8.75	19.25	110	14000,50
89	-8.75	19.75	110	14000,50
89	-7.75	19.75	110	14000,50
89	-7.25	20.25	110	14000,50
89	-6.75	20.25	110	14000,50
89	-6.75	19.75	110	14000,50
89	-7.75	18.75	110	14000,50
89	-8.25	18.75	110	14000,50
89	-8.75	19.25	110	14000,50
90	-6.25	20.75	110	14000,50
90	-6.25	21.25	110	14000,50
90	-5.75	21.25	110	14000,50
90	-5.75	20.75	110	14000,50
90	-6.25	20.75	110	14000,50
91	-5.75	17.25	110	14000,50
91	-5.75	17.75	110	14000,50
91	-5.25	17.75	110	14000,50
91	-4.75	17.25	110	14000,50
91	-4.75	15.75	110	14000,50
91	-5.25	15.75	110	14000,50
91	-5.75	16.25	110	14000,50
91	-5.75	17.25	110	14000,50
92	-8.75	13.25	110	14000,50
92	-8.75	13.75	110	14000,50
92	-8.25	13.75	110	14000,50
92	-7.75	13.25	110	14000,50
92	-7.75	12.75	110	14000,50
92	-8.25	12.75	110	14000,50
92	-8.75	13.25	110	14000,50
93	-6.75	15.25	110	14000,50
93	-6.75	15.75	110	14000,50
93	-6.25	15.75	110	14000,50
93	-5.75	15.25	110	14000,50
93	-5.75	14.75	110	14000,50
93	-6.25	14.75	110	14000,50
93	-6.75	15.25	110	14000,50
94	-7.75	11.25	110	14000,50
94	-7.75	11.75	110	14000,50
94	-7.25	12.25	110	14000,50
94	-6.75	12.25	110	14000,50
94	-6.75	11.75	110	14000,50
94	-7.25	11.25	110	14000,50
94	-7.75	11.25	110	14000,50
95	-6.25	12.75	110	14000,50
95	-6.25	13.25	110	14000,50
95	-5.25	14.25	110	14000,50
95	-4.75	14.25	110	14000,50
95	-4.75	13.75	110	14000,50
95	-5.75	12.75	110	14000,50
95	-6.25	12.75	110	14000,50
96	-4.25	14.75	110	14000,50
96	-4.25	15.25	110	14000,50
96	-3.75	15.25	110	14000,50
96	-3.75	14.75	110	14000,50
96	-4.25	14.75	110	14000,50
87	-7.75	9.25	110	14000,50
87	-7.75	9.75	110	14000,50
87	-4.25	13.25	110	14000,50
87	-3.75	13.25	110	14000,50
87	-3.75	12.75	110	14000,50
87	-7.25	9.25	110	14000,50
87	-7.75	9.25	110	14000,50
88	-5.75	9.25	110	14000,50
88	-5.75	9.75	110	14000,50
88	-4.75	10.75	110	14000,50
88	-4.25	10.75	110	14000,50
88	-3.75	10.25	110	14000,50
88	-3.75	9.75	110	14000,50
88	-4.75	9.75	110	14000,50
88	-5.25	9.25	110	14000,50
88	-5.75	9.25	110	14000,50
399	-9.25	18.75	52	14000,50
399	-9.25	19.25	52	14000,50
399	-8.75	19.25	52	14000,50
399	-8.25	18.75	52	14000,50
399	-8.25	18.25	52	14000,50
399	-8.75	18.25	52	14000,50
399	-9.25	18.75	52	14000,50
400	-6.25	15.75	52	14000,50
400	-6.25	16.25	52	14000,50
400	-5.75	16.25	52	14000,50
400	-5.25	15.75	52	14000,50
400	-5.25	15.25	52	14000,50
400	-5.75	15.25	52	14000,50
400	-6.25	15.75	52	14000,50
401	-3.75	13.25	52	14000,50
401	-3.75	13.75	52	14000,50
401	-3.25	14.25	52	14000,50
401	-2.75	14.25	52	14000,50
401	-2.75	13.75	52	14000,50
401	-3.25	13.25	52	14000,50
401	-3.75	13.25	52	14000,50
49	-8.25	19.75	10	14000,50
49	-8.25	20.25	10	14000,50
49	-4.25	24.25	10	14000,50
49	-3.75	24.25	10	14000,50
49	-3.25	23.75	10	14000,50
49	-3.25	23.25	10	14000,50
49	-4.25	23.25	10	14000,50
49	-7.75	19.75	10	14000,50
49	-8.25	19.75	10	14000,50
49	-41.75	22.25	10	14050,50
49	-41.75	22.75	10	14050,50
49	-41.25	22.75	10	14050,50
49	-41.25	22.25	10	14050,50
49	-41.75	22.25	10	14050,50
49	-34.75	48.25	10	14050,0
49	-34.75	48.75	10	14050,0
49	-34.25	49.25	10	14050,0
49	-31.75	49.25	10	14050,0
49	-31.75	48.75	10	14050,0
49	-32.75	47.75	10	14050,0
49	-34.25	47.75	10	14050,0
49	-34.75	48.25	10	14050,0
57	-3.75	19.25	10	14000,50
57	-3.75	19.75	10	14000,50
57	-3.25	19.75	10	14000,50
57	-3.25	19.25	10	14000,50
57	-3.75	19.25	10	14000,50
57	-42.25	17.75	10	14050,50
57	-42.25	18.25	10	14050,50
57	-41.75	18.25	10	14050,50
57	-41.25	17.75	10	14050,50
57	-40.75	17.75	10	14050,50
57	-39.75	18.75	10	14050,50
57	-39.75	19.25	10	14050,50
57	-40.25	19.75	10	14050,50
57	-40.25	20.25	10	14050,50
57	-39.75	20.75	10	14050,50
57	-38.75	20.75	10	14050,50
57	-38.75	21.75	10	14050,50
57	-38.25	22.25	10	14050,50
57	-37.25	22.25	10	14050,50
57	-35.75	23.75	10	14050,50
57	-35.25	23.75	10	14050,50
57	-35.25	23.25	10	14050,50
57	-36.75	21.75	10	14050,50
57	-36.75	21.25	10	14050,50
57	-36.25	20.75	10	14050,50
57	-36.25	19.75	10	14050,50
57	-35.75	19.75	10	14050,50
57	-35.75	21.75	10	14050,50
57	-35.25	21.75	10	14050,50
57	-34.75	21.25	10	14050,50
57	-34.75	20.75	10	14050,50
57	-35.25	20.25	10	14050,50
57	-35.25	19.75	10	14050,50
57	-34.25	18.75	10	14050,50
57	-34.25	18.25	10	14050,50
57	-34.75	17.75	10	14050,50
57	-34.75	16.75	10	14050,50
57	-35.25	16.75	10	14050,50
57	-35.75	17.25	10	14050,50
57	-35.75	18.25	10	14050,50
57	-36.75	18.25	10	14050,50
57	-37.25	18.75	10	14050,50
57	-37.75	18.75	10	14050,50
57	-37.75	17.75	10	14050,50
57	-38.25	17.75	10	14050,50
57	-38.75	18.25	10	14050,50
57	-39.25	18.25	10	14050,50
57	-41.75	15.75	10	14050,50
57	-42.25	15.75	10	14050,50
57	-42.25	16.25	10	14050,50
57	-41.75	16.75	10	14050,50
57	-41.75	17.25	10	14050,50
57	-42.25	17.75	10	14050,50
57	-31.25	49.25	10	14050,0
57	-31.25	48.75	10	14050,0
57	-30.75	48.75	10	14050,0
57	-30.75	49.25	10	14050,0
57	-31.25	49.25	10	14050,0
58	-4.75	17.25	10	14000,50
58	-4.75	17.75	10	14000,50
58	-4.25	18.25	10	14000,50
58	-3.75	18.25	10	14000,50
58	-3.75	17.75	10	14000,50
58	-4.25	17.25	10	14000,50
58	-4.75	17.25	10	14000,50
58	-41.25	18.75	10	14050,50
58	-41.25	19.25	10	14050,50
58	-40.75	19.25	10	14050,50
58	-40.75	18.75	10	14050,50
58	-41.25	18.75	10	14050,50
59	-2.75	18.25	10	14000,50
59	-2.75	18.75	10	14000,50
59	-2.25	19.25	10	14000,50
59	-1.75	19.25	10	14000,50
59	-1.75	18.75	10	14000,50
59	-2.25	18.25	10	14000,50
59	-2.75	18.25	10	14000,50
59	-44.75	14.25	10	14050,50
59	-44.75	14.75	10	14050,50
59	-44.25	15.25	10	14050,50
59	-43.75	15.25	10	14050,50
59	-43.75	13.25	10	14050,50
59	-43.25	12.75	10	14050,50
59	-42.75	12.75	10	14050,50
59	-42.75	13.25	10	14050,50
59	-43.25	13.75	10	14050,50
59	-43.25	14.25	10	14050,50
59	-41.25	14.25	10	14050,50
59	-40.75	14.75	10	14050,50
59	-40.75	15.75	10	14050,50
59	-40.25	16.25	10	14050,50
59	-39.25	16.25	10	14050,50
59	-38.75	16.75	10	14050,50
59	-38.25	16.75	10	14050,50
59	-38.25	15.25	10	14050,50
59	-38.75	14.75	10	14050,50
59	-38.75	14.25	10	14050,50
59	-38.25	14.25	10	14050,50
59	-37.25	15.25	10	14050,50
59	-36.75	15.25	10	14050,50
59	-36.75	14.75	10	14050,50
59	-38.25	13.25	10	14050,50
59	-38.25	12.75	10	14050,50
59	-37.75	12.75	10	14050,50
59	-36.25	14.25	10	14050,50
59	-35.75	14.25	10	14050,50
59	-35.75	13.75	10	14050,50
59	-39.75	9.75	10	14050,50
59	-41.75	9.75	10	14050,50
59	-43.25	8.25	10	14050,50
59	-43.75	8.25	10	14050,50
59	-43.75	9.25	10	14050,50
59	-44.25	9.25	10	14050,50
59	-44.25	8.25	10	14050,50
59	-44.75	8.25	10	14050,50
59	-44.75	11.75	10	14050,50
59	-43.75	11.75	10	14050,50
59	-43.75	12.25	10	14050,50
59	-44.75	13.25	10	14050,50
59	-44.75	14.25	10	14050,50
60	-1.25	19.75	10	14000,50
60	-1.25	20.25	10	14000,50
60	-0.75	20.25	10	14000,50
60	-0.75	19.75	10	14000,50
60	-1.25	19.75	10	14000,50
60	-37.25	19.75	10	14050,50
60	-37.25	20.25	10	14050,50
60	-36.75	20.25	10	14050,50
60	-36.75	19.75	10	14050,50
60	-37.25	19.75	10	14050,50
61	-0.25	20.75	10	14000,50
61	-0.25	21.25	10	14000,50
61	0.25	21.25	10	14000,50
61	0.25	20.75	10	14000,50
61	-0.25	20.75	10	14000,50
61	-42.25	7.75	10	14050,50
61	-42.25	8.25	10	14050,50
61	-41.75	8.75	10	14050,50
61	-41.25	8.75	10	14050,50
61	-41.25	8.25	10	14050,50
61	-41.75	7.75	10	14050,50
61	-42.25	7.75	10	14050,50
62	-1.75	17.25	10	14000,50
62	-1.75	17.75	10	14000,50
62	-1.25	18.25	10	14000,50
62	-0.75	18.25	10	14000,50
62	-0.75	17.75	10	14000,50
62	-1.25	17.25	10	14000,50
62	-1.75	17.25	10	14000,50
62	-36.75	2.25	10	14050,50
62	-36.75	2.75	10	14050,50
62	-35.75	2.75	10	14050,50
62	-35.25	3.25	10	14050,50
62	-34.25	3.25	10	14050,50
62	-34.25	3.75	10	14050,50
62	-34.75	4.25	10	14050,50
62	-34.75	4.75	10	14050,50
62	-34.25	5.25	10	14050,50
62	-33.75	5.25	10	14050,50
62	-33.75	4.25	10	14050,50
62	-32.75	3.25	10	14050,50
62	-32.75	2.75	10	14050,50
62	-33.25	2.25	10	14050,50
62	-33.25	0.75	10	14050,50
62	-32.75	0.75	10	14050,50
62	-32.25	1.25	10	14050,50
62	-31.25	1.25	10	14050,50
62	-31.25	3.75	10	14050,50
62	-32.25	3.75	10	14050,50
62	-32.75	4.25	10	14050,50
62	-32.75	5.25	10	14050,50
62	-33.25	5.75	10	14050,50
62	-33.25	6.25	10	14050,50
62	-32.25	6.25	10	14050,50
62	-32.25	7.25	10	14050,50
62	-31.25	7.25	10	14050,50
62	-30.75	7.75	10	14050,50
62	-29.25	7.75	10	14050,50
62	-28.75	7.25	10	14050,50
62	-27.75	7.25	10	14050,50
62	-27.75	6.75	10	14050,50
62	-28.25	6.25	10	14050,50
62	-28.25	5.75	10	14050,50
62	-27.75	5.25	10	14050,50
62	-27.75	4.25	10	14050,50
62	-27.25	4.25	10	14050,50
62	-26.75	4.75	10	14050,50
62	-26.25	4.75	10	14050,50
62	-25.75	4.25	10	14050,50
62	-25.25	4.25	10	14050,50
62	-25.25	5.25	10	14050,50
62	-23.75	5.25	10	14050,50
62	-23.75	4.75	10	14050,50
62	-24.25	4.25	10	14050,50
62	-24.25	3.75	10	14050,50
62	-23.25	2.75	10	14050,50
62	-23.25	2.25	10	14050,50
62	-23.75	1.75	10	14050,50
62	-23.75	0.75	10	14050,50
62	-24.25	0.25	10	14050,50
62	-24.75	0.25	10	14050,50
62	-24.75	1.25	10	14050,50
62	-26.75	1.25	10	14050,50
62	-28.25	2.75	10	14050,50
62	-28.75	2.75	10	14050,50
62	-29.25	2.25	10	14050,50
62	-29.25	0.25	10	14050,50
62	-29.75	-0.25	10	14050,50
62	-30.75	-0.25	10	14050,50
62	-31.25	-0.75	10	14050,50
62	-34.75	-0.75	10	14050,50
62	-34.75	-0.25	10	14050,50
62	-33.75	0.75	10	14050,50
62	-33.75	1.25	10	14050,50
62	-34.25	1.25	10	14050,50
62	-35.25	0.25	10	14050,50
62	-37.75	0.25	10	14050,50
62	-37.75	0.75	10	14050,50
62	-36.75	1.75	10	14050,50
62	-36.75	2.25	10	14050,50
63	-0.25	18.75	10	14000,50
63	-0.25	19.25	10	14000,50
63	0.25	19.25	10	14000,50
63	0.25	18.75	10	14000,50
63	-0.25	18.75	10	14000,50
63	-30.75	4.25	10	14050,50
63	-30.75	4.75	10	14050,50
63	-30.25	4.75	10	14050,50
63	-30.25	4.25	10	14050,50
63	-30.75	4.25	10	14050,50
64	-2.75	14.25	10	14000,50
64	-2.75	14.75	10	14000,50
64	-2.25	15.25	10	14000,50
64	-1.75	15.25	10	14000,50
64	-1.75	14.75	10	14000,50
64	-2.25	14.25	10	14000,50
64	-2.75	14.25	10	14000,50
64	-29.25	5.75	10	14050,50
64	-29.25	6.25	10	14050,50
64	-28.75	6.25	10	14050,50
64	-28.75	5.75	10	14050,50
64	-29.25	5.75	10	14050,50
50	-0.75	16.25	10	14000,50
50	-0.75	16.75	10	14000,50
50	0.25	17.75	10	14000,50
50	0.75	17.75	10	14000,50
50	0.75	17.25	10	14000,50
50	-0.25	16.25	10	14000,50
50	-0.75	16.25	10	14000,50
51	1.25	18.25	10	14000,50
51	1.25	18.75	10	14000,50
51	2.25	19.75	10	14000,50
51	2.75	19.75	10	14000,50
51	2.75	19.25	10	14000,50
51	1.75	18.25	10	14000,50
51	1.25	18.25	10	14000,50
52	-2.25	12.75	10	14000,50
52	-2.25	13.25	10	14000,50
52	-0.75	13.25	10	14000,50
52	-0.75	12.75	10	14000,50
52	-1.75	11.75	10	14000,50
52	-2.25	11.75	10	14000,50
52	-2.25	12.75	10	14000,50
53	-0.75	14.25	10	14000,50
53	-0.75	14.75	10	14000,50
53	3.25	18.75	10	14000,50
53	3.75	18.75	10	14000,50
53	4.25	18.25	10	14000,50
53	4.25	17.75	10	14000,50
53	2.75	16.25	10	14000,50
53	1.75	16.25	10	14000,50
53	1.25	15.75	10	14000,50
53	1.25	14.75	10	14000,50
53	0.25	13.75	10	14000,50
53	-0.25	13.75	10	14000,50
53	-0.75	14.25	10	14000,50
54	0.25	10.25	10	14000,50
54	0.25	10.75	10	14000,50
54	0.75	11.25	10	14000,50
54	2.75	11.25	10	14000,50
54	2.75	12.25	10	14000,50
54	3.75	13.25	10	14000,50
54	3.75	14.25	10	14000,50
54	5.25	14.25	10	14000,50
54	5.25	8.75	10	14000,50
54	4.25	8.75	10	14000,50
54	2.75	7.25	10	14000,50
54	2.75	6.75	10	14000,50
54	3.25	6.25	10	14000,50
54	3.75	6.25	10	14000,50
54	3.75	7.25	10	14000,50
54	4.25	7.75	10	14000,50
54	4.75	7.75	10	14000,50
54	4.75	6.25	10	14000,50
54	4.25	5.75	10	14000,50
54	4.25	4.75	10	14000,50
54	3.75	4.75	10	14000,50
54	3.25	5.25	10	14000,50
54	2.75	5.25	10	14000,50
54	2.25	4.75	10	14000,50
54	1.75	4.75	10	14000,50
54	0.75	5.75	10	14000,50
54	0.75	6.25	10	14000,50
54	1.75	7.25	10	14000,50
54	1.75	8.25	10	14000,50
54	2.25	8.75	10	14000,50
54	2.25	9.25	10	14000,50
54	0.25	9.25	10	14000,50
54	0.25	10.25	10	14000,50
55	0.75	7.75	10	14000,50
55	0.75	8.25	10	14000,50
55	1.25	8.25	10	14000,50
55	1.25	7.75	10	14000,50
55	0.75	7.75	10	14000,50
56	3.75	10.75	10	14000,50
56	3.75	11.25	10	14000,50
56	4.25	11.75	10	14000,50
56	4.75	11.75	10	14000,50
56	4.75	10.25	10	14000,50
56	3.25	8.75	10	14000,50
56	2.75	8.75	10	14000,50
56	2.75	9.25	10	14000,50
56	3.75	10.25	10	14000,50
56	3.75	10.75	10	14000,50
497	-3.75	24.25	81	14000,50
497	-3.75	24.75	81	14000,50
497	-3.25	24.75	81	14000,50
497	-2.75	24.25	81	14000,50
497	-2.75	23.75	81	14000,50
497	-3.25	23.75	81	14000,50
497	-3.75	24.25	81	14000,50
497	-44.75	24.25	81	14050,50
497	-44.75	24.75	81	14050,50
497	-44.25	25.25	81	14050,50
497	-43.75	25.25	81	14050,50
497	-43.75	24.75	81	14050,50
497	-44.25	24.25	81	14050,50
497	-44.75	24.25	81	14050,50
499	-5.25	21.75	81	14000,50
499	-5.25	22.25	81	14000,50
499	-4.25	23.25	81	14000,50
499	-3.75	23.25	81	14000,50
499	-3.75	22.75	81	14000,50
499	-4.75	21.75	81	14000,50
499	-5.25	21.75	81	14000,50
499	-43.75	23.25	81	14050,50
499	-43.75	23.75	81	14050,50
499	-43.25	23.75	81	14050,50
499	-43.25	23.25	81	14050,50
499	-43.75	23.25	81	14050,50
500	-2.75	20.25	81	14000,50
500	-2.75	20.75	81	14000,50
500	-0.25	23.25	81	14000,50
500	0.25	23.25	81	14000,50
500	0.25	22.75	81	14000,50
500	-1.25	21.25	81	14000,50
500	-1.25	19.25	81	14000,50
500	-1.75	19.25	81	14000,50
500	-1.75	20.25	81	14000,50
500	-2.25	20.25	81	14000,50
500	-2.25	19.25	81	14000,50
500	-2.75	19.25	81	14000,50
500	-2.75	20.25	81	14000,50
500	-43.75	21.25	81	14050,50
500	-43.75	21.75	81	14050,50
500	-42.25	21.75	81	14050,50
500	-42.25	21.25	81	14050,50
500	-44.25	19.25	81	14050,50
500	-44.75	19.25	81	14050,50
500	-44.75	19.75	81	14050,50
500	-43.75	20.75	81	14050,50
500	-43.75	21.25	81	14050,50
501	3.25	25.25	81	14000,50
501	3.25	25.75	81	14000,50
501	4.25	26.75	81	14000,50
501	4.75	26.75	81	14000,50
501	4.75	25.25	81	14000,50
501	3.75	25.25	81	14000,50
501	3.75	24.25	81	14000,50
501	3.25	24.25	81	14000,50
501	3.25	25.25	81	14000,50
501	-41.75	23.25	81	14050,50
501	-41.75	23.75	81	14050,50
501	-41.25	23.75	81	14050,50
501	-40.75	23.25	81	14050,50
501	-40.75	22.75	81	14050,50
501	-41.25	22.75	81	14050,50
501	-41.75	23.25	81	14050,50
502	0.25	21.25	81	14000,50
502	0.25	21.75	81	14000,50
502	0.75	22.25	81	14000,50
502	1.25	22.25	81	14000,50
502	1.25	21.75	81	14000,50
502	0.75	21.25	81	14000,50
502	0.25	21.25	81	14000,50
502	-40.25	23.75	81	14050,50
502	-40.25	24.25	81	14050,50
502	-39.75	24.25	81	14050,50
502	-39.75	23.75	81	14050,50
502	-40.25	23.75	81	14050,50
503	2.75	21.75	81	14000,50
503	2.75	22.25	81	14000,50
503	3.25	22.25	81	14000,50
503	3.25	21.75	81	14000,50
503	2.75	21.75	81	14000,50
503	-44.25	17.75	81	14050,50
503	-44.25	18.25	81	14050,50
503	-43.75	18.25	81	14050,50
503	-43.75	17.75	81	14050,50
503	-44.25	17.75	81	14050,50
504	3.75	22.75	81	14000,50
504	3.75	23.25	81	14000,50
504	4.25	23.75	81	14000,50
504	4.75	23.75	81	14000,50
504	4.75	23.25	81	14000,50
504	4.25	22.75	81	14000,50
504	3.75	22.75	81	14000,50
504	-42.75	19.25	81	14050,50
504	-42.75	19.75	81	14050,50
504	-42.25	19.75	81	14050,50
504	-42.25	19.25	81	14050,50
504	-42.75	19.25	81	14050,50
505	3.25	20.25	81	14000,50
505	3.25	20.75	81	14000,50
505	4.25	21.75	81	14000,50
505	4.75	21.75	81	14000,50
505	4.75	21.25	81	14000,50
505	3.75	20.25	81	14000,50
505	3.25	20.25	81	14000,50
505	-41.25	20.75	81	14050,50
505	-41.25	21.25	81	14050,50
505	-40.75	21.25	81	14050,50
505	-40.75	19.75	81	14050,50
505	-41.25	19.25	81	14050,50
505	-41.75	19.25	81	14050,50
505	-41.75	19.75	81	14050,50
505	-41.25	20.25	81	14050,50
505	-41.25	20.75	81	14050,50
506	3.75	18.75	81	14000,50
506	3.75	19.25	81	14000,50
506	4.75	20.25	81	14000,50
506	5.25	20.25	81	14000,50
506	5.25	19.75	81	14000,50
506	4.75	19.25	81	14000,50
506	4.75	18.25	81	14000,50
506	4.25	18.25	81	14000,50
506	3.75	18.75	81	14000,50
506	-39.25	22.75	81	14050,50
506	-39.25	23.25	81	14050,50
506	-38.75	23.25	81	14050,50
506	-38.75	22.75	81	14050,50
506	-39.25	22.75	81	14050,50
218	-3.25	24.75	21	14000,50
218	-3.25	25.25	21	14000,50
218	-2.75	25.75	21	14000,50
218	-1.75	25.75	21	14000,50
218	-0.75	26.75	21	14000,50
218	-0.25	26.75	21	14000,50
218	-0.25	26.25	21	14000,50
218	-2.25	24.25	21	14000,50
218	-2.75	24.25	21	14000,50
218	-3.25	24.75	21	14000,50
218	-44.75	33.25	21	14050,50
218	-44.75	33.75	21	14050,50
218	-44.25	33.75	21	14050,50
218	-44.25	32.25	21	14050,50
218	-44.75	32.25	21	14050,50
218	-44.75	33.25	21	14050,50
229	-0.25	27.75	21	14000,50
229	-0.25	28.25	21	14000,50
229	1.25	29.75	21	14000,50
229	2.25	29.75	21	14000,50
229	2.25	30.75	21	14000,50
229	2.75	31.25	21	14000,50
229	3.75	31.25	21	14000,50
229	3.75	32.25	21	14000,50
229	4.75	32.25	21	14000,50
229	4.75	33.25	21	14000,50
229	5.25	33.25	21	14000,50
229	5.25	31.75	21	14000,50
229	1.75	28.25	21	14000,50
229	0.75	28.25	21	14000,50
229	0.25	27.75	21	14000,50
229	-0.25	27.75	21	14000,50
229	-43.25	29.75	21	14050,50
229	-43.25	30.25	21	14050,50
229	-42.75	30.25	21	14050,50
229	-42.75	29.25	21	14050,50
229	-41.75	29.25	21	14050,50
229	-41.75	28.75	21	14050,50
229	-42.25	28.25	21	14050,50
229	-42.75	28.25	21	14050,50
229	-43.25	28.75	21	14050,50
229	-43.25	29.75	21	14050,50
232	0.25	23.25	21	14000,50
232	0.25	23.75	21	14000,50
232	2.75	26.25	21	14000,50
232	3.25	26.25	21	14000,50
232	3.25	23.75	21	14000,50
232	1.75	22.25	21	14000,50
232	1.25	22.25	21	14000,50
232	1.25	23.25	21	14000,50
232	0.25	23.25	21	14000,50
232	-44.75	27.25	21	14050,50
232	-44.75	27.75	21	14050,50
232	-44.25	27.75	21	14050,50
232	-44.25	26.25	21	14050,50
232	-44.75	26.25	21	14050,50
232	-44.75	27.25	21	14050,50
233	3.75	26.75	21	14000,50
233	3.75	27.25	21	14000,50
233	4.75	28.25	21	14000,50
233	5.25	28.25	21	14000,50
233	5.25	27.75	21	14000,50
233	4.25	26.75	21	14000,50
233	3.75	26.75	21	14000,50
233	-41.25	30.75	21	14050,50
233	-41.25	31.25	21	14050,50
233	-40.25	32.25	21	14050,50
233	-38.75	32.25	21	14050,50
233	-38.75	31.75	21	14050,50
233	-40.25	30.25	21	14050,50
233	-40.75	30.25	21	14050,50
233	-41.25	30.75	21	14050,50
234	3.75	25.25	21	14000,50
234	3.75	24.75	21	14000,50
234	4.25	24.75	21	14000,50
234	4.25	25.25	21	14000,50
234	3.75	25.25	21	14000,50
234	-43.75	27.75	21	14050,50
234	-43.75	27.25	21	14050,50
234	-43.25	27.25	21	14050,50
234	-43.25	27.75	21	14050,50
234	-43.75	27.75	21	14050,50
235	4.75	25.75	21	14000,50
235	4.75	26.25	21	14000,50
235	5.25	26.25	21	14000,50
235	5.25	25.75	21	14000,50
235	4.75	25.75	21	14000,50
235	-43.25	25.75	21	14050,50
235	-43.25	26.25	21	14050,50
235	-42.75	26.25	21	14050,50
235	-42.75	25.75	21	14050,50
235	-43.25	25.75	21	14050,50
236	0.25	19.25	21	14000,50
236	0.25	19.75	21	14000,50
236	0.75	19.75	21	14000,50
236	0.75	19.25	21	14000,50
236	0.25	19.25	21	14000,50
236	-41.75	27.25	21	14050,50
236	-41.75	27.75	21	14050,50
236	-41.25	27.75	21	14050,50
236	-41.25	27.25	21	14050,50
236	-41.75	27.25	21	14050,50
237	2.25	21.25	21	14000,50
237	2.25	21.75	21	14000,50
237	2.75	21.75	21	14000,50
237	2.75	21.25	21	14000,50
237	2.25	21.25	21	14000,50
237	-39.75	29.25	21	14050,50
237	-39.75	29.75	21	14050,50
237	-39.25	29.75	21	14050,50
237	-39.25	29.25	21	14050,50
237	-39.75	29.25	21	14050,50
238	4.75	21.75	21	14000,50
238	4.75	22.25	21	14000,50
238	5.25	22.25	21	14000,50
238	5.25	21.75	21	14000,50
238	4.75	21.75	21	14000,50
238	-44.25	22.75	21	14050,50
238	-44.25	23.25	21	14050,50
238	-43.75	23.25	21	14050,50
238	-43.75	22.75	21	14050,50
238	-44.25	22.75	21	14050,50
219	0.25	13.25	21	14000,50
219	0.25	13.75	21	14000,50
219	0.75	13.75	21	14000,50
219	0.75	13.25	21	14000,50
219	0.25	13.25	21	14000,50
219	-43.25	23.75	21	14050,50
219	-43.25	24.25	21	14050,50
219	-42.25	25.25	21	14050,50
219	-41.75	25.25	21	14050,50
219	-41.75	24.75	21	14050,50
219	-42.75	23.75	21	14050,50
219	-43.25	23.75	21	14050,50
395	-2.25	25.75	50	14000,50
395	-2.25	26.25	50	14000,50
395	-1.75	26.25	50	14000,50
395	-1.75	25.75	50	14000,50
395	-2.25	25.75	50	14000,50
396	-1.25	26.75	50	14000,50
396	-1.25	27.25	50	14000,50
396	-0.75	27.75	50	14000,50
396	0.25	27.75	50	14000,50
396	0.75	28.25	50	14000,50
396	1.25	28.25	50	14000,50
396	1.25	27.75	50	14000,50
396	0.25	26.75	50	14000,50
396	-1.25	26.75	50	14000,50
397	1.25	25.25	50	14000,50
397	1.25	25.75	50	14000,50
397	1.75	25.75	50	14000,50
397	1.75	25.25	50	14000,50
397	1.25	25.25	50	14000,50
220	-41.25	25.75	21	14050,50
220	-41.25	26.25	21	14050,50
220	-39.25	28.25	21	14050,50
220	-38.75	28.25	21	14050,50
220	-38.75	27.75	21	14050,50
220	-40.75	25.75	21	14050,50
220	-41.25	25.75	21	14050,50
221	-37.75	29.25	21	14050,50
221	-37.75	29.75	21	14050,50
221	-37.25	30.25	21	14050,50
221	-36.75	30.25	21	14050,50
221	-36.75	29.75	21	14050,50
221	-37.25	29.25	21	14050,50
221	-37.75	29.25	21	14050,50
222	-44.75	20.25	21	14050,50
222	-44.75	20.75	21	14050,50
222	-44.25	21.25	21	14050,50
222	-43.75	21.25	21	14050,50
222	-43.75	20.75	21	14050,50
222	-44.25	20.25	21	14050,50
222	-44.75	20.25	21	14050,50
223	-43.25	21.75	21	14050,50
223	-43.25	22.25	21	14050,50
223	-42.75	22.25	21	14050,50
223	-42.75	21.75	21	14050,50
223	-43.25	21.75	21	14050,50
224	-42.25	22.75	21	14050,50
224	-42.25	23.25	21	14050,50
224	-41.75	23.25	21	14050,50
224	-41.75	22.75	21	14050,50
224	-42.25	22.75	21	14050,50
225	-41.25	23.75	21	14050,50
225	-41.25	24.25	21	14050,50
225	-40.75	24.75	21	14050,50
225	-40.25	24.75	21	14050,50
225	-40.25	24.25	21	14050,50
225	-40.75	23.75	21	14050,50
225	-41.25	23.75	21	14050,50
226	-39.75	24.75	21	14050,50
226	-39.75	24.25	21	14050,50
226	-39.25	24.25	21	14050,50
226	-39.25	24.75	21	14050,50
226	-39.75	24.75	21	14050,50
227	-38.75	25.25	21	14050,50
227	-38.75	25.75	21	14050,50
227	-35.25	29.25	21	14050,50
227	-34.75	29.25	21	14050,50
227	-34.25	28.75	21	14050,50
227	-34.25	28.25	21	14050,50
227	-35.25	28.25	21	14050,50
227	-37.75	25.75	21	14050,50
227	-37.75	25.25	21	14050,50
227	-37.25	24.75	21	14050,50
227	-36.25	24.75	21	14050,50
227	-36.25	24.25	21	14050,50
227	-36.75	23.75	21	14050,50
227	-37.75	23.75	21	14050,50
227	-38.25	23.25	21	14050,50
227	-38.75	23.25	21	14050,50
227	-38.75	25.25	21	14050,50
228	-41.75	21.25	21	14050,50
228	-41.75	21.75	21	14050,50
228	-41.25	21.75	21	14050,50
228	-41.25	21.25	21	14050,50
228	-41.75	21.25	21	14050,50
230	-21.25	41.75	21	14050,50
230	-21.25	42.25	21	14050,50
230	-20.75	42.25	21	14050,50
230	-20.75	41.75	21	14050,50
230	-21.25	41.75	21	14050,50
231	-40.75	20.25	21	14050,50
231	-40.75	20.75	21	14050,50
231	-40.25	20.75	21	14050,50
231	-40.25	20.25	21	14050,50
231	-40.75	20.25	21	14050,50
1	-44.25	33.75	1	14050,50
1	-44.25	34.25	1	14050,50
1	-43.75	34.75	1	14050,50
1	-43.25	34.75	1	14050,50
1	-42.75	34.25	1	14050,50
1	-42.75	33.75	1	14050,50
1	-43.75	32.75	1	14050,50
1	-44.25	32.75	1	14050,50
1	-44.25	33.75	1	14050,50
12	-41.75	31.25	1	14050,50
12	-41.75	31.75	1	14050,50
12	-41.25	31.75	1	14050,50
12	-41.25	30.75	1	14050,50
12	-40.75	30.25	1	14050,50
12	-40.75	29.75	1	14050,50
12	-41.75	29.75	1	14050,50
12	-42.25	29.25	1	14050,50
12	-42.75	29.25	1	14050,50
12	-42.75	29.75	1	14050,50
12	-41.75	30.75	1	14050,50
12	-41.75	31.25	1	14050,50
23	-40.75	32.25	1	14050,50
23	-40.75	32.75	1	14050,50
23	-39.75	33.75	1	14050,50
23	-39.25	33.75	1	14050,50
23	-39.25	32.25	1	14050,50
23	-40.75	32.25	1	14050,50
34	-38.75	34.25	1	14050,50
34	-38.75	34.75	1	14050,50
34	-38.25	35.25	1	14050,50
34	-37.75	35.25	1	14050,50
34	-37.75	32.75	1	14050,50
34	-38.25	32.25	1	14050,50
34	-38.75	32.25	1	14050,50
34	-38.75	32.75	1	14050,50
34	-38.25	33.25	1	14050,50
34	-38.25	33.75	1	14050,50
34	-38.75	34.25	1	14050,50
44	-36.25	35.75	1	14050,50
44	-36.25	36.25	1	14050,50
44	-35.75	36.25	1	14050,50
44	-35.25	35.75	1	14050,50
44	-35.25	35.25	1	14050,50
44	-35.75	35.25	1	14050,50
44	-36.25	35.75	1	14050,50
45	-37.25	34.25	1	14050,50
45	-37.25	33.75	1	14050,50
45	-36.75	33.75	1	14050,50
45	-36.25	34.25	1	14050,50
45	-36.25	34.75	1	14050,50
45	-36.75	34.75	1	14050,50
45	-37.25	34.25	1	14050,50
46	-38.25	30.75	1	14050,50
46	-38.25	31.25	1	14050,50
46	-37.75	31.75	1	14050,50
46	-37.25	31.75	1	14050,50
46	-37.25	31.25	1	14050,50
46	-37.75	30.75	1	14050,50
46	-38.25	30.75	1	14050,50
47	-35.75	33.25	1	14050,50
47	-35.75	33.75	1	14050,50
47	-34.75	34.75	1	14050,50
47	-34.25	34.75	1	14050,50
47	-34.25	34.25	1	14050,50
47	-35.25	33.25	1	14050,50
47	-35.75	33.25	1	14050,50
48	-24.75	44.25	1	14050,50
48	-24.75	44.75	1	14050,50
48	-24.25	44.75	1	14050,50
48	-24.25	44.25	1	14050,50
48	-24.75	44.25	1	14050,50
2	-22.25	46.75	1	14050,50
2	-22.25	47.25	1	14050,50
2	-21.75	47.25	1	14050,50
2	-21.75	46.75	1	14050,50
2	-22.25	46.75	1	14050,50
3	-38.25	28.75	1	14050,50
3	-38.25	29.25	1	14050,50
3	-37.75	29.25	1	14050,50
3	-37.75	28.75	1	14050,50
3	-38.25	28.75	1	14050,50
4	-36.75	30.25	1	14050,50
4	-36.75	30.75	1	14050,50
4	-36.25	31.25	1	14050,50
4	-35.75	31.25	1	14050,50
4	-35.75	30.75	1	14050,50
4	-36.25	30.25	1	14050,50
4	-36.75	30.25	1	14050,50
5	-35.25	31.75	1	14050,50
5	-35.25	32.25	1	14050,50
5	-34.75	32.25	1	14050,50
5	-34.75	31.75	1	14050,50
5	-35.25	31.75	1	14050,50
6	-33.25	33.75	1	14050,50
6	-33.25	34.25	1	14050,50
6	-32.75	34.25	1	14050,50
6	-32.75	33.75	1	14050,50
6	-33.25	33.75	1	14050,50
7	-30.75	36.25	1	14050,50
7	-30.75	36.75	1	14050,50
7	-30.25	36.75	1	14050,50
7	-30.25	36.25	1	14050,50
7	-30.75	36.25	1	14050,50
8	-23.75	43.25	1	14050,50
8	-23.75	43.75	1	14050,50
8	-23.25	43.75	1	14050,50
8	-23.25	43.25	1	14050,50
8	-23.75	43.25	1	14050,50
9	-21.25	45.75	1	14050,50
9	-21.25	46.25	1	14050,50
9	-20.75	46.25	1	14050,50
9	-20.75	45.75	1	14050,50
9	-21.25	45.75	1	14050,50
10	-38.75	26.25	1	14050,50
10	-38.75	26.75	1	14050,50
10	-37.25	28.25	1	14050,50
10	-36.75	28.25	1	14050,50
10	-36.75	27.75	1	14050,50
10	-38.25	26.25	1	14050,50
10	-38.75	26.25	1	14050,50
11	-36.25	28.75	1	14050,50
11	-36.25	29.25	1	14050,50
11	-35.75	29.25	1	14050,50
11	-35.75	28.75	1	14050,50
11	-36.25	28.75	1	14050,50
13	-35.25	29.75	1	14050,50
13	-35.25	30.25	1	14050,50
13	-34.75	30.25	1	14050,50
13	-34.25	29.75	1	14050,50
13	-34.25	29.25	1	14050,50
13	-34.75	29.25	1	14050,50
13	-35.25	29.75	1	14050,50
14	-33.75	31.25	1	14050,50
14	-33.75	31.75	1	14050,50
14	-33.25	31.75	1	14050,50
14	-33.25	31.25	1	14050,50
14	-33.75	31.25	1	14050,50
15	-32.25	32.75	1	14050,50
15	-32.25	33.25	1	14050,50
15	-31.75	33.25	1	14050,50
15	-31.75	32.75	1	14050,50
15	-32.25	32.75	1	14050,50
16	-29.75	35.25	1	14050,50
16	-29.75	35.75	1	14050,50
16	-29.25	35.75	1	14050,50
16	-29.25	35.25	1	14050,50
16	-29.75	35.25	1	14050,50
17	-27.75	37.25	1	14050,50
17	-27.75	37.75	1	14050,50
17	-27.25	38.25	1	14050,50
17	-26.75	38.25	1	14050,50
17	-26.25	37.75	1	14050,50
17	-26.25	37.25	1	14050,50
17	-27.25	36.25	1	14050,50
17	-27.75	36.25	1	14050,50
17	-27.75	37.25	1	14050,50
18	-22.75	42.25	1	14050,50
18	-22.75	42.75	1	14050,50
18	-22.25	42.75	1	14050,50
18	-22.25	42.25	1	14050,50
18	-22.75	42.25	1	14050,50
19	-21.75	43.25	1	14050,50
19	-21.75	43.75	1	14050,50
19	-21.25	43.75	1	14050,50
19	-21.25	42.25	1	14050,50
19	-21.75	42.25	1	14050,50
19	-21.75	43.25	1	14050,50
20	-20.25	44.75	1	14050,50
20	-20.25	45.25	1	14050,50
20	-19.75	45.25	1	14050,50
20	-19.25	44.75	1	14050,50
20	-19.25	44.25	1	14050,50
20	-19.75	44.25	1	14050,50
20	-20.25	44.75	1	14050,50
21	-30.25	33.75	1	14050,50
21	-30.25	34.25	1	14050,50
21	-29.75	34.25	1	14050,50
21	-29.75	33.75	1	14050,50
21	-30.25	33.75	1	14050,50
22	-24.75	37.25	1	14050,50
22	-24.75	37.75	1	14050,50
22	-24.25	37.75	1	14050,50
22	-24.25	37.25	1	14050,50
22	-24.75	37.25	1	14050,50
24	-20.75	41.25	1	14050,50
24	-20.75	41.75	1	14050,50
24	-20.25	41.75	1	14050,50
24	-20.25	40.75	1	14050,50
24	-19.25	39.75	1	14050,50
24	-18.75	39.75	1	14050,50
24	-18.25	40.25	1	14050,50
24	-17.75	40.25	1	14050,50
24	-17.75	39.75	1	14050,50
24	-18.25	39.25	1	14050,50
24	-18.25	38.25	1	14050,50
24	-18.75	38.25	1	14050,50
24	-20.75	40.25	1	14050,50
24	-20.75	41.25	1	14050,50
25	-17.75	44.25	1	14050,50
25	-17.75	44.75	1	14050,50
25	-17.25	45.25	1	14050,50
25	-16.75	45.25	1	14050,50
25	-15.75	44.25	1	14050,50
25	-15.25	44.25	1	14050,50
25	-14.75	44.75	1	14050,50
25	-14.25	44.75	1	14050,50
25	-14.25	44.25	1	14050,50
25	-16.75	41.75	1	14050,50
25	-17.25	41.75	1	14050,50
25	-18.25	42.75	1	14050,50
25	-18.25	43.25	1	14050,50
25	-17.75	43.75	1	14050,50
25	-17.75	44.25	1	14050,50
26	-33.25	27.75	1	14050,50
26	-33.25	28.25	1	14050,50
26	-32.75	28.25	1	14050,50
26	-32.25	27.75	1	14050,50
26	-32.25	27.25	1	14050,50
26	-32.75	27.25	1	14050,50
26	-33.25	27.75	1	14050,50
27	-25.25	35.75	1	14050,50
27	-25.25	36.25	1	14050,50
27	-24.75	36.25	1	14050,50
27	-24.75	35.25	1	14050,50
27	-23.75	35.25	1	14050,50
27	-23.25	34.75	1	14050,50
27	-23.25	34.25	1	14050,50
27	-24.25	34.25	1	14050,50
27	-24.75	33.75	1	14050,50
27	-26.25	33.75	1	14050,50
27	-26.25	34.25	1	14050,50
27	-25.25	35.25	1	14050,50
27	-25.25	35.75	1	14050,50
28	-21.75	39.25	1	14050,50
28	-21.75	39.75	1	14050,50
28	-21.25	39.75	1	14050,50
28	-20.75	39.25	1	14050,50
28	-20.75	38.75	1	14050,50
28	-21.25	38.75	1	14050,50
28	-21.75	39.25	1	14050,50
29	-17.25	44.25	1	14050,50
29	-17.25	42.75	1	14050,50
29	-16.75	42.75	1	14050,50
29	-16.25	43.25	1	14050,50
29	-16.25	43.75	1	14050,50
29	-16.75	44.25	1	14050,50
29	-17.25	44.25	1	14050,50
30	-23.75	36.25	1	14050,50
30	-23.75	36.75	1	14050,50
30	-23.25	36.75	1	14050,50
30	-23.25	36.25	1	14050,50
30	-23.75	36.25	1	14050,50
31	-22.75	37.25	1	14050,50
31	-22.75	37.75	1	14050,50
31	-22.25	37.75	1	14050,50
31	-21.75	37.25	1	14050,50
31	-21.75	36.75	1	14050,50
31	-22.25	36.75	1	14050,50
31	-22.75	37.25	1	14050,50
32	-19.25	40.75	1	14050,50
32	-19.25	41.25	1	14050,50
32	-18.75	41.75	1	14050,50
32	-18.25	41.75	1	14050,50
32	-18.25	41.25	1	14050,50
32	-18.75	40.75	1	14050,50
32	-19.25	40.75	1	14050,50
33	-22.75	35.25	1	14050,50
33	-22.75	35.75	1	14050,50
33	-22.25	35.75	1	14050,50
33	-22.25	35.25	1	14050,50
33	-22.75	35.25	1	14050,50
35	-21.25	35.75	1	14050,50
35	-21.25	36.25	1	14050,50
35	-20.75	36.75	1	14050,50
35	-20.25	36.75	1	14050,50
35	-20.25	36.25	1	14050,50
35	-20.75	35.75	1	14050,50
35	-21.25	35.75	1	14050,50
36	-19.75	37.25	1	14050,50
36	-19.75	37.75	1	14050,50
36	-19.25	37.75	1	14050,50
36	-19.25	37.25	1	14050,50
36	-19.75	37.25	1	14050,50
37	-20.25	34.75	1	14050,50
37	-20.25	35.25	1	14050,50
37	-19.75	35.25	1	14050,50
37	-19.25	34.75	1	14050,50
37	-19.25	34.25	1	14050,50
37	-19.75	33.75	1	14050,50
37	-19.75	33.25	1	14050,50
37	-18.75	32.25	1	14050,50
37	-18.75	31.75	1	14050,50
37	-19.25	31.75	1	14050,50
37	-20.75	33.25	1	14050,50
37	-20.75	33.75	1	14050,50
37	-20.25	34.25	1	14050,50
37	-20.25	34.75	1	14050,50
38	-16.75	38.25	1	14050,50
38	-16.75	38.75	1	14050,50
38	-16.25	38.75	1	14050,50
38	-16.25	38.25	1	14050,50
38	-16.75	38.25	1	14050,50
39	-18.75	34.75	1	14050,50
39	-18.75	34.25	1	14050,50
39	-18.25	33.75	1	14050,50
39	-17.75	33.75	1	14050,50
39	-17.25	34.25	1	14050,50
39	-17.25	35.25	1	14050,50
39	-15.75	35.25	1	14050,50
39	-15.75	34.75	1	14050,50
39	-16.75	33.75	1	14050,50
39	-16.75	33.25	1	14050,50
39	-16.25	33.25	1	14050,50
39	-14.25	35.25	1	14050,50
39	-14.25	35.75	1	14050,50
39	-15.25	35.75	1	14050,50
39	-15.75	36.25	1	14050,50
39	-17.25	36.25	1	14050,50
39	-17.75	35.75	1	14050,50
39	-17.75	34.75	1	14050,50
39	-18.75	34.75	1	14050,50
40	-9.75	29.25	1	14050,50
40	-9.75	29.75	1	14050,50
40	-8.75	30.75	1	14050,50
40	-8.25	30.75	1	14050,50
40	-8.25	30.25	1	14050,50
40	-8.75	29.75	1	14050,50
40	-8.75	29.25	1	14050,50
40	-7.75	29.25	1	14050,50
40	-7.25	28.75	1	14050,50
40	-7.25	28.25	1	14050,50
40	-8.25	28.25	1	14050,50
40	-8.25	27.75	1	14050,50
40	-7.75	27.25	1	14050,50
40	-7.75	26.75	1	14050,50
40	-8.25	26.75	1	14050,50
40	-8.75	27.25	1	14050,50
40	-9.75	27.25	1	14050,50
40	-10.25	27.75	1	14050,50
40	-10.25	28.25	1	14050,50
40	-9.75	28.75	1	14050,50
40	-9.75	29.25	1	14050,50
41	-7.75	31.25	1	14050,50
41	-7.75	31.75	1	14050,50
41	-7.25	31.75	1	14050,50
41	-7.25	31.25	1	14050,50
41	-7.75	31.25	1	14050,50
42	-11.25	26.75	1	14050,50
42	-11.25	27.25	1	14050,50
42	-10.75	27.25	1	14050,50
42	-10.75	26.75	1	14050,50
42	-11.25	26.75	1	14050,50
43	-13.75	21.25	1	14050,50
43	-13.75	21.75	1	14050,50
43	-13.25	21.75	1	14050,50
43	-13.25	21.25	1	14050,50
43	-13.75	21.25	1	14050,50
370	-43.25	34.75	43	14050,50
370	-43.25	35.25	43	14050,50
370	-42.25	36.25	43	14050,50
370	-41.75	36.25	43	14050,50
370	-41.25	35.75	43	14050,50
370	-41.25	35.25	43	14050,50
370	-42.25	35.25	43	14050,50
370	-42.25	34.25	43	14050,50
370	-42.75	34.25	43	14050,50
370	-43.25	34.75	43	14050,50
152	-41.75	36.25	122	14050,50
152	-41.75	36.75	122	14050,50
152	-41.25	36.75	122	14050,50
152	-40.75	36.25	122	14050,50
152	-40.75	35.75	122	14050,50
152	-41.25	35.75	122	14050,50
152	-41.75	36.25	122	14050,50
153	-40.75	37.25	122	14050,50
153	-40.75	37.75	122	14050,50
153	-40.25	37.75	122	14050,50
153	-40.25	37.25	122	14050,50
153	-40.75	37.25	122	14050,50
154	-39.75	38.25	122	14050,50
154	-39.75	38.75	122	14050,50
154	-38.25	40.25	122	14050,50
154	-36.75	40.25	122	14050,50
154	-36.75	39.75	122	14050,50
154	-37.75	38.75	122	14050,50
154	-38.75	38.75	122	14050,50
154	-39.25	38.25	122	14050,50
154	-39.75	38.25	122	14050,50
155	-36.25	36.75	122	14050,50
155	-36.25	37.25	122	14050,50
155	-35.75	37.75	122	14050,50
155	-35.25	37.75	122	14050,50
155	-34.75	37.25	122	14050,50
155	-34.75	36.75	122	14050,50
155	-36.25	36.75	122	14050,50
341	-8.75	18.25	4	14050,50
341	-8.75	18.75	4	14050,50
341	-8.25	19.25	4	14050,50
341	-7.25	19.25	4	14050,50
341	-7.25	20.25	4	14050,50
341	-5.75	21.75	4	14050,50
341	-5.25	21.75	4	14050,50
341	-5.25	19.25	4	14050,50
341	-6.25	18.25	4	14050,50
341	-6.25	17.75	4	14050,50
341	-5.25	17.75	4	14050,50
341	-5.25	17.25	4	14050,50
341	-6.25	16.25	4	14050,50
341	-6.75	16.25	4	14050,50
341	-6.75	17.25	4	14050,50
341	-7.75	18.25	4	14050,50
341	-8.75	18.25	4	14050,50
342	-6.25	19.75	4	14050,50
342	-6.25	20.25	4	14050,50
342	-5.75	20.25	4	14050,50
342	-5.75	19.75	4	14050,50
342	-6.25	19.75	4	14050,50
406	-26.75	1.25	56	14050,100
406	-26.75	1.75	56	14050,100
406	-26.25	1.75	56	14050,100
406	-25.75	1.25	56	14050,100
406	-25.75	0.75	56	14050,100
406	-26.25	0.75	56	14050,100
406	-26.75	1.25	56	14050,100
406	-25.25	47.75	56	14050,50
406	-25.25	48.25	56	14050,50
406	-24.75	48.75	56	14050,50
406	-24.25	48.75	56	14050,50
406	-24.25	48.25	56	14050,50
406	-24.75	47.75	56	14050,50
406	-25.25	47.75	56	14050,50
407	-27.25	-0.25	56	14050,100
407	-27.25	0.25	56	14050,100
407	-26.75	0.25	56	14050,100
407	-26.75	-0.25	56	14050,100
407	-27.25	-0.25	56	14050,100
408	-24.25	-1.25	56	14050,100
408	-24.25	-0.75	56	14050,100
408	-23.75	-0.25	56	14050,100
408	-23.25	-0.25	56	14050,100
408	-23.25	-0.75	56	14050,100
408	-23.75	-1.25	56	14050,100
408	-24.25	-1.25	56	14050,100
78	-26.25	1.75	108	14050,100
78	-26.25	2.25	108	14050,100
78	-25.75	2.75	108	14050,100
78	-25.25	2.75	108	14050,100
78	-24.75	2.25	108	14050,100
78	-24.75	1.75	108	14050,100
78	-26.25	1.75	108	14050,100
78	-20.25	46.75	108	14050,50
78	-20.25	47.25	108	14050,50
78	-19.75	47.75	108	14050,50
78	-19.25	47.75	108	14050,50
78	-19.25	47.25	108	14050,50
78	-19.75	46.75	108	14050,50
78	-20.25	46.75	108	14050,50
79	-23.25	-0.25	108	14050,100
79	-23.25	0.25	108	14050,100
79	-22.25	1.25	108	14050,100
79	-21.75	1.25	108	14050,100
79	-21.75	0.25	108	14050,100
79	-20.75	0.25	108	14050,100
79	-20.75	-0.25	108	14050,100
79	-21.25	-0.75	108	14050,100
79	-21.75	-0.75	108	14050,100
79	-22.25	-0.25	108	14050,100
79	-23.25	-0.25	108	14050,100
79	-18.75	48.25	108	14050,50
79	-18.75	48.75	108	14050,50
79	-18.25	48.75	108	14050,50
79	-18.25	48.25	108	14050,50
79	-18.75	48.25	108	14050,50
245	-25.25	2.75	26	14050,100
245	-25.25	3.25	26	14050,100
245	-24.25	4.25	26	14050,100
245	-23.75	4.25	26	14050,100
245	-23.75	2.75	26	14050,100
245	-24.25	2.25	26	14050,100
245	-24.75	2.25	26	14050,100
245	-25.25	2.75	26	14050,100
348	-1.75	25.25	40	13950,0
348	-1.75	25.75	40	13950,0
348	-0.75	26.75	40	13950,0
348	-0.25	26.75	40	13950,0
348	-0.25	26.25	40	13950,0
348	-1.25	25.25	40	13950,0
348	-1.75	25.25	40	13950,0
348	-37.25	35.75	40	14000,0
348	-37.25	36.25	40	14000,0
348	-36.75	36.25	40	14000,0
348	-36.25	35.75	40	14000,0
348	-36.25	35.25	40	14000,0
348	-36.75	35.25	40	14000,0
348	-37.25	35.75	40	14000,0
348	-14.75	8.25	40	14000,50
348	-14.75	8.75	40	14000,50
348	-14.25	8.75	40	14000,50
348	-14.25	8.25	40	14000,50
348	-14.75	8.25	40	14000,50
358	1.25	24.25	40	13950,0
358	1.25	24.75	40	13950,0
358	1.75	24.75	40	13950,0
358	1.75	23.25	40	13950,0
358	1.25	23.25	40	13950,0
358	1.25	24.25	40	13950,0
358	-30.25	42.75	40	14000,0
358	-30.25	43.25	40	14000,0
358	-29.75	43.25	40	14000,0
358	-29.75	42.75	40	14000,0
358	-30.25	42.75	40	14000,0
358	-9.25	13.75	40	14000,50
358	-9.25	14.25	40	14000,50
358	-8.25	15.25	40	14000,50
358	-7.75	15.25	40	14000,50
358	-7.25	14.75	40	14000,50
358	-7.25	14.25	40	14000,50
358	-7.75	13.75	40	14000,50
358	-9.25	13.75	40	14000,50
359	2.75	25.75	40	13950,0
359	2.75	26.25	40	13950,0
359	3.25	26.25	40	13950,0
359	3.25	25.75	40	13950,0
359	2.75	25.75	40	13950,0
359	-28.25	44.75	40	14000,0
359	-28.25	45.25	40	14000,0
359	-27.75	45.25	40	14000,0
359	-27.75	44.75	40	14000,0
359	-28.25	44.75	40	14000,0
359	-6.25	16.75	40	14000,50
359	-6.25	17.25	40	14000,50
359	-5.75	17.25	40	14000,50
359	-5.75	16.75	40	14000,50
359	-6.25	16.75	40	14000,50
360	2.25	23.75	40	13950,0
360	2.25	23.25	40	13950,0
360	2.75	23.25	40	13950,0
360	2.75	23.75	40	13950,0
360	2.25	23.75	40	13950,0
360	-32.75	39.25	40	14000,0
360	-32.75	39.75	40	14000,0
360	-32.25	39.75	40	14000,0
360	-32.25	39.25	40	14000,0
360	-32.75	39.25	40	14000,0
360	-6.75	12.25	40	14000,50
360	-6.75	12.75	40	14000,50
360	-6.25	12.75	40	14000,50
360	-6.25	12.25	40	14000,50
360	-6.75	12.25	40	14000,50
361	2.75	21.75	40	13950,0
361	2.75	22.25	40	13950,0
361	3.25	22.25	40	13950,0
361	3.25	21.75	40	13950,0
361	2.75	21.75	40	13950,0
361	-30.75	41.25	40	14000,0
361	-30.75	41.75	40	14000,0
361	-30.25	41.75	40	14000,0
361	-30.25	41.25	40	14000,0
361	-30.75	41.25	40	14000,0
362	2.75	19.75	40	13950,0
362	2.75	20.25	40	13950,0
362	3.75	21.25	40	13950,0
362	4.25	21.25	40	13950,0
362	4.25	20.75	40	13950,0
362	3.25	19.75	40	13950,0
362	2.75	19.75	40	13950,0
362	-29.25	43.25	40	14000,0
362	-29.25	42.75	40	14000,0
362	-28.75	42.75	40	14000,0
362	-28.25	43.25	40	14000,0
362	-28.25	43.75	40	14000,0
362	-28.75	43.75	40	14000,0
362	-29.25	43.25	40	14000,0
363	2.25	16.25	40	13950,0
363	2.25	16.75	40	13950,0
363	2.75	16.75	40	13950,0
363	2.75	16.25	40	13950,0
363	2.25	16.25	40	13950,0
363	-25.25	46.75	40	14000,0
363	-25.25	47.25	40	14000,0
363	-24.75	47.25	40	14000,0
363	-24.75	46.75	40	14000,0
363	-25.25	46.75	40	14000,0
364	3.25	17.25	40	13950,0
364	3.25	17.75	40	13950,0
364	4.25	18.75	40	13950,0
364	4.75	18.75	40	13950,0
364	4.75	18.25	40	13950,0
364	3.75	17.25	40	13950,0
364	3.25	17.25	40	13950,0
364	-23.75	48.25	40	14000,0
364	-23.75	48.75	40	14000,0
364	-23.25	48.75	40	14000,0
364	-23.25	48.25	40	14000,0
364	-23.75	48.25	40	14000,0
365	3.25	14.25	40	13950,0
365	3.25	14.75	40	13950,0
365	4.75	14.75	40	13950,0
365	4.75	14.25	40	13950,0
365	4.25	13.75	40	13950,0
365	3.75	13.75	40	13950,0
365	3.25	14.25	40	13950,0
365	-45.25	25.75	40	14000,0
365	-45.25	26.25	40	14000,0
365	-44.75	26.25	40	14000,0
365	-44.75	25.75	40	14000,0
365	-45.25	25.75	40	14000,0
173	-24.75	2.25	129	14000,50
173	-24.75	2.75	129	14000,50
173	-24.25	2.75	129	14000,50
173	-24.25	2.25	129	14000,50
173	-24.75	2.25	129	14000,50
173	-27.75	42.25	129	14050,50
173	-27.75	42.75	129	14050,50
173	-27.25	42.75	129	14050,50
173	-27.25	42.25	129	14050,50
173	-27.75	42.25	129	14050,50
174	-21.75	-0.75	129	14000,50
174	-21.75	-0.25	129	14000,50
174	-21.25	0.25	129	14000,50
174	-20.75	0.25	129	14000,50
174	-20.25	-0.25	129	14000,50
174	-20.25	-0.75	129	14000,50
174	-21.75	-0.75	129	14000,50
495	-9.75	17.25	80	14000,50
495	-9.75	17.75	80	14000,50
495	-9.25	17.75	80	14000,50
495	-9.25	17.25	80	14000,50
495	-9.75	17.25	80	14000,50
496	-6.75	14.25	80	14000,50
496	-6.75	14.75	80	14000,50
496	-6.25	14.75	80	14000,50
496	-6.25	14.25	80	14000,50
496	-6.75	14.25	80	14000,50
203	-40.75	36.25	18	14050,50
203	-40.75	36.75	18	14050,50
203	-38.75	38.75	18	14050,50
203	-38.25	38.75	18	14050,50
203	-38.25	38.25	18	14050,50
203	-40.25	36.25	18	14050,50
203	-40.75	36.25	18	14050,50
204	-36.75	36.25	18	14050,50
204	-36.75	36.75	18	14050,50
204	-36.25	36.75	18	14050,50
204	-36.25	36.25	18	14050,50
204	-36.75	36.25	18	14050,50
205	-36.25	34.75	18	14050,50
205	-36.25	35.25	18	14050,50
205	-35.75	35.25	18	14050,50
205	-35.75	34.75	18	14050,50
205	-36.25	34.75	18	14050,50
349	-31.25	39.75	40	14000,0
349	-31.25	40.25	40	14000,0
349	-30.75	40.25	40	14000,0
349	-30.75	39.75	40	14000,0
349	-31.25	39.75	40	14000,0
350	-30.75	38.25	40	14000,0
350	-30.75	38.75	40	14000,0
350	-30.25	39.25	40	14000,0
350	-29.75	39.25	40	14000,0
350	-29.75	38.75	40	14000,0
350	-30.25	38.25	40	14000,0
350	-30.75	38.25	40	14000,0
351	-29.25	39.75	40	14000,0
351	-29.25	40.25	40	14000,0
351	-28.25	41.25	40	14000,0
351	-27.75	41.25	40	14000,0
351	-27.75	40.75	40	14000,0
351	-28.75	39.75	40	14000,0
351	-29.25	39.75	40	14000,0
352	-27.25	39.75	40	14000,0
352	-27.25	40.25	40	14000,0
352	-26.75	40.25	40	14000,0
352	-26.75	39.75	40	14000,0
352	-27.25	39.75	40	14000,0
353	-44.75	20.25	40	14000,0
353	-44.75	20.75	40	14000,0
353	-44.25	20.75	40	14000,0
353	-43.75	20.25	40	14000,0
353	-43.75	18.75	40	14000,0
353	-45.25	18.75	40	14000,0
353	-45.25	19.25	40	14000,0
353	-44.75	19.75	40	14000,0
353	-44.75	20.25	40	14000,0
354	-25.75	38.25	40	14000,0
354	-25.75	38.75	40	14000,0
354	-25.25	38.75	40	14000,0
354	-25.25	38.25	40	14000,0
354	-25.75	38.25	40	14000,0
355	-25.75	36.25	40	14000,0
355	-25.75	36.75	40	14000,0
355	-25.25	36.75	40	14000,0
355	-25.25	36.25	40	14000,0
355	-25.75	36.25	40	14000,0
356	-24.75	37.25	40	14000,0
356	-24.75	37.75	40	14000,0
356	-24.25	37.75	40	14000,0
356	-24.25	37.25	40	14000,0
356	-24.75	37.25	40	14000,0
357	-45.25	14.75	40	14000,0
357	-45.25	15.25	40	14000,0
357	-44.75	15.25	40	14000,0
357	-44.75	14.25	40	14000,0
357	-44.25	14.25	40	14000,0
357	-43.25	15.25	40	14000,0
357	-43.25	17.25	40	14000,0
357	-42.25	18.25	40	14000,0
357	-41.75	18.25	40	14000,0
357	-41.75	17.75	40	14000,0
357	-42.25	17.25	40	14000,0
357	-42.25	16.75	40	14000,0
357	-41.25	16.75	40	14000,0
357	-41.25	16.25	40	14000,0
357	-41.75	15.75	40	14000,0
357	-41.75	14.75	40	14000,0
357	-43.25	13.25	40	14000,0
357	-44.75	13.25	40	14000,0
357	-45.25	13.75	40	14000,0
357	-45.25	14.75	40	14000,0
98	-4.25	18.75	112	14000,50
98	-4.25	19.25	112	14000,50
98	-3.75	19.25	112	14000,50
98	-3.75	18.75	112	14000,50
98	-4.25	18.75	112	14000,50
99	-4.75	16.25	112	14000,50
99	-4.75	16.75	112	14000,50
99	-4.25	16.75	112	14000,50
99	-4.25	16.25	112	14000,50
99	-4.75	16.25	112	14000,50
100	-3.75	17.25	112	14000,50
100	-3.75	17.75	112	14000,50
100	-3.25	18.25	112	14000,50
100	-2.75	18.25	112	14000,50
100	-2.75	17.75	112	14000,50
100	-3.25	17.25	112	14000,50
100	-3.75	17.25	112	14000,50
101	-3.75	15.25	112	14000,50
101	-3.75	15.75	112	14000,50
101	-3.25	15.75	112	14000,50
101	-3.25	15.25	112	14000,50
101	-3.75	15.25	112	14000,50
102	-1.75	15.25	112	14000,50
102	-1.75	15.75	112	14000,50
102	-1.25	16.25	112	14000,50
102	-0.75	16.25	112	14000,50
102	-0.75	15.75	112	14000,50
102	-1.25	15.25	112	14000,50
102	-1.75	15.25	112	14000,50
410	-44.75	28.25	58	14050,50
410	-44.75	28.75	58	14050,50
410	-44.25	28.75	58	14050,50
410	-43.75	28.25	58	14050,50
410	-43.75	27.75	58	14050,50
410	-44.25	27.75	58	14050,50
410	-44.75	28.25	58	14050,50
411	-43.75	29.25	58	14050,50
411	-43.75	29.75	58	14050,50
411	-43.25	29.75	58	14050,50
411	-43.25	29.25	58	14050,50
411	-43.75	29.25	58	14050,50
150	-26.25	46.75	120	14050,50
150	-26.25	47.25	120	14050,50
150	-25.75	47.25	120	14050,50
150	-25.75	46.75	120	14050,50
150	-26.25	46.75	120	14050,50
75	-2.25	19.75	105	13950,0
75	-2.25	20.25	105	13950,0
75	-1.25	21.25	105	13950,0
75	-0.75	21.25	105	13950,0
75	-0.25	20.75	105	13950,0
75	-0.25	20.25	105	13950,0
75	-1.25	20.25	105	13950,0
75	-1.75	19.75	105	13950,0
75	-2.25	19.75	105	13950,0
532	-41.25	30.75	97	14000,0
532	-41.25	31.25	97	14000,0
532	-40.75	31.75	97	14000,0
532	-40.25	31.75	97	14000,0
532	-40.25	31.25	97	14000,0
532	-40.75	30.75	97	14000,0
532	-41.25	30.75	97	14000,0
533	-39.75	32.25	97	14000,0
533	-39.75	32.75	97	14000,0
533	-39.25	33.25	97	14000,0
533	-38.75	33.25	97	14000,0
533	-38.75	32.75	97	14000,0
533	-39.25	32.25	97	14000,0
533	-39.75	32.25	97	14000,0
534	-39.75	29.25	97	14000,0
534	-39.75	29.75	97	14000,0
534	-39.25	30.25	97	14000,0
534	-38.75	30.25	97	14000,0
534	-38.75	29.75	97	14000,0
534	-39.25	29.25	97	14000,0
534	-39.75	29.25	97	14000,0
186	-20.75	1.25	135	14000,50
186	-20.75	1.75	135	14000,50
186	-20.25	1.75	135	14000,50
186	-20.25	1.25	135	14000,50
186	-20.75	1.25	135	14000,50
187	-19.75	2.25	135	14000,50
187	-19.75	2.75	135	14000,50
187	-19.25	2.75	135	14000,50
187	-19.25	2.25	135	14000,50
187	-19.75	2.25	135	14000,50
188	-18.75	3.25	135	14000,50
188	-18.75	3.75	135	14000,50
188	-18.25	3.75	135	14000,50
188	-18.25	3.25	135	14000,50
188	-18.75	3.25	135	14000,50
189	-17.75	4.25	135	14000,50
189	-17.75	4.75	135	14000,50
189	-17.25	4.75	135	14000,50
189	-17.25	4.25	135	14000,50
189	-17.75	4.25	135	14000,50
190	-16.25	0.75	135	14000,50
190	-16.25	1.25	135	14000,50
190	-15.75	1.25	135	14000,50
190	-15.75	0.75	135	14000,50
190	-16.25	0.75	135	14000,50
191	-14.75	-0.75	135	14000,50
191	-14.75	-0.25	135	14000,50
191	-14.25	-0.25	135	14000,50
191	-14.25	-0.75	135	14000,50
191	-14.75	-0.75	135	14000,50
275	-15.75	6.25	34	14000,50
275	-15.75	6.75	34	14000,50
275	-15.25	6.75	34	14000,50
275	-15.25	6.25	34	14000,50
275	-15.75	6.25	34	14000,50
275	-28.25	36.75	34	14000,0
275	-28.25	37.25	34	14000,0
275	-27.75	37.25	34	14000,0
275	-27.75	36.75	34	14000,0
275	-28.25	36.75	34	14000,0
278	-14.25	4.75	34	14000,50
278	-14.25	5.25	34	14000,50
278	-13.75	5.25	34	14000,50
278	-13.75	4.75	34	14000,50
278	-14.25	4.75	34	14000,50
278	-16.75	45.25	34	14000,0
278	-16.75	45.75	34	14000,0
278	-16.25	45.75	34	14000,0
278	-16.25	45.25	34	14000,0
278	-16.75	45.25	34	14000,0
279	-12.25	2.75	34	14000,50
279	-12.25	3.25	34	14000,50
279	-11.75	3.25	34	14000,50
279	-11.25	2.75	34	14000,50
279	-11.25	2.25	34	14000,50
279	-11.75	2.25	34	14000,50
279	-12.25	2.75	34	14000,50
279	-17.25	42.75	34	14000,0
279	-17.25	43.25	34	14000,0
279	-16.25	43.25	34	14000,0
279	-15.75	43.75	34	14000,0
279	-15.75	44.75	34	14000,0
279	-15.25	44.75	34	14000,0
279	-14.75	44.25	34	14000,0
279	-14.75	43.75	34	14000,0
279	-16.25	42.25	34	14000,0
279	-16.75	42.25	34	14000,0
279	-17.25	42.75	34	14000,0
280	-11.25	3.75	34	14000,50
280	-11.25	4.25	34	14000,50
280	-10.75	4.25	34	14000,50
280	-10.75	3.75	34	14000,50
280	-11.25	3.75	34	14000,50
281	-10.25	4.75	34	14000,50
281	-10.25	5.25	34	14000,50
281	-9.75	5.25	34	14000,50
281	-9.75	4.75	34	14000,50
281	-10.25	4.75	34	14000,50
282	-8.75	6.25	34	14000,50
282	-8.75	6.75	34	14000,50
282	-8.25	6.75	34	14000,50
282	-7.75	6.25	34	14000,50
282	-7.75	5.25	34	14000,50
282	-7.25	4.75	34	14000,50
282	-7.25	4.25	34	14000,50
282	-7.75	4.25	34	14000,50
282	-8.25	4.75	34	14000,50
282	-8.25	5.75	34	14000,50
282	-8.75	6.25	34	14000,50
283	-12.25	-0.25	34	14000,50
283	-12.25	0.25	34	14000,50
283	-11.75	0.25	34	14000,50
283	-11.75	-0.25	34	14000,50
283	-12.25	-0.25	34	14000,50
284	-6.25	5.75	34	14000,50
284	-6.25	6.25	34	14000,50
284	-5.75	6.25	34	14000,50
284	-5.75	5.75	34	14000,50
284	-6.25	5.75	34	14000,50
285	-9.75	0.25	34	14000,50
285	-9.75	0.75	34	14000,50
285	-9.25	0.75	34	14000,50
285	-9.25	0.25	34	14000,50
285	-9.75	0.25	34	14000,50
276	-8.75	1.25	34	14000,50
276	-8.75	1.75	34	14000,50
276	-8.25	1.75	34	14000,50
276	-8.25	1.25	34	14000,50
276	-8.75	1.25	34	14000,50
277	-6.75	3.25	34	14000,50
277	-6.75	3.75	34	14000,50
277	-6.25	4.25	34	14000,50
277	-5.75	4.25	34	14000,50
277	-5.25	3.75	34	14000,50
277	-5.25	2.75	34	14000,50
277	-4.75	2.25	34	14000,50
277	-4.75	1.75	34	14000,50
277	-6.75	-0.25	34	14000,50
277	-7.25	-0.25	34	14000,50
277	-7.25	0.25	34	14000,50
277	-6.25	1.25	34	14000,50
277	-6.25	1.75	34	14000,50
277	-6.75	2.25	34	14000,50
277	-6.75	3.25	34	14000,50
526	-9.75	12.25	93	14000,50
526	-9.75	12.75	93	14000,50
526	-9.25	12.75	93	14000,50
526	-8.75	12.25	93	14000,50
526	-8.75	11.75	93	14000,50
526	-9.25	11.75	93	14000,50
526	-9.75	12.25	93	14000,50
527	-10.25	10.75	93	14000,50
527	-10.25	11.25	93	14000,50
527	-9.75	11.25	93	14000,50
527	-9.75	10.75	93	14000,50
527	-10.25	10.75	93	14000,50
528	-9.75	9.25	93	14000,50
528	-9.75	9.75	93	14000,50
528	-9.25	10.25	93	14000,50
528	-8.75	10.25	93	14000,50
528	-8.75	9.75	93	14000,50
528	-9.25	9.25	93	14000,50
528	-9.75	9.25	93	14000,50
529	-9.25	12.75	94	14000,50
529	-9.25	13.25	94	14000,50
529	-8.75	13.25	94	14000,50
529	-8.25	12.75	94	14000,50
529	-8.25	12.25	94	14000,50
529	-8.75	12.25	94	14000,50
529	-9.25	12.75	94	14000,50
530	-39.25	32.75	95	14050,50
530	-39.25	33.25	95	14050,50
530	-38.75	33.75	95	14050,50
530	-38.25	33.75	95	14050,50
530	-38.25	33.25	95	14050,50
530	-38.75	32.75	95	14050,50
530	-39.25	32.75	95	14050,50
461	-44.75	26.25	73	14000,0
461	-44.75	26.75	73	14000,0
461	-44.25	26.75	73	14000,0
461	-44.25	26.25	73	14000,0
461	-44.75	26.25	73	14000,0
462	-40.25	30.75	73	14000,0
462	-40.25	31.25	73	14000,0
462	-39.75	31.25	73	14000,0
462	-39.75	30.75	73	14000,0
462	-40.25	30.75	73	14000,0
463	-37.75	33.25	73	14000,0
463	-37.75	33.75	73	14000,0
463	-37.25	33.75	73	14000,0
463	-37.25	33.25	73	14000,0
463	-37.75	33.25	73	14000,0
464	-36.75	34.25	73	14000,0
464	-36.75	34.75	73	14000,0
464	-36.25	34.75	73	14000,0
464	-36.25	34.25	73	14000,0
464	-36.75	34.25	73	14000,0
465	-35.25	35.75	73	14000,0
465	-35.25	36.25	73	14000,0
465	-34.75	36.25	73	14000,0
465	-34.75	35.75	73	14000,0
465	-35.25	35.75	73	14000,0
206	-14.25	4.75	19	13950,0
206	-14.25	5.25	19	13950,0
206	-13.75	5.25	19	13950,0
206	-13.75	4.75	19	13950,0
206	-14.25	4.75	19	13950,0
207	-14.75	2.25	19	13950,0
207	-14.75	2.75	19	13950,0
207	-14.25	2.75	19	13950,0
207	-14.25	2.25	19	13950,0
207	-14.75	2.25	19	13950,0
208	-13.75	3.25	19	13950,0
208	-13.75	3.75	19	13950,0
208	-12.75	4.75	19	13950,0
208	-12.25	4.75	19	13950,0
208	-12.25	4.25	19	13950,0
208	-13.25	3.25	19	13950,0
208	-13.75	3.25	19	13950,0
209	-12.75	1.25	19	13950,0
209	-12.75	1.75	19	13950,0
209	-10.75	3.75	19	13950,0
209	-10.25	3.75	19	13950,0
209	-10.25	3.25	19	13950,0
209	-10.75	2.75	19	13950,0
209	-10.75	2.25	19	13950,0
209	-10.25	1.75	19	13950,0
209	-10.25	0.25	19	13950,0
209	-10.75	-0.25	19	13950,0
209	-11.25	-0.25	19	13950,0
209	-12.75	1.25	19	13950,0
210	-11.25	0.75	19	13950,0
210	-11.25	1.25	19	13950,0
210	-10.75	1.25	19	13950,0
210	-10.75	0.75	19	13950,0
210	-11.25	0.75	19	13950,0
211	-9.75	2.25	19	13950,0
211	-9.75	2.75	19	13950,0
211	-9.25	2.75	19	13950,0
211	-9.25	2.25	19	13950,0
211	-9.75	2.25	19	13950,0
471	-42.25	26.75	77	14000,0
471	-42.25	27.25	77	14000,0
471	-41.25	28.25	77	14000,0
471	-40.75	28.25	77	14000,0
471	-40.75	27.75	77	14000,0
471	-41.75	26.75	77	14000,0
471	-42.25	26.75	77	14000,0
472	-40.75	26.25	77	14000,0
472	-40.75	26.75	77	14000,0
472	-40.25	26.75	77	14000,0
472	-40.25	26.25	77	14000,0
472	-40.75	26.25	77	14000,0
473	-39.25	24.75	77	14000,0
473	-39.25	25.25	77	14000,0
473	-38.75	25.25	77	14000,0
473	-38.75	24.75	77	14000,0
473	-39.25	24.75	77	14000,0
474	-38.25	25.75	77	14000,0
474	-38.25	26.25	77	14000,0
474	-37.75	26.25	77	14000,0
474	-37.75	25.75	77	14000,0
474	-38.25	25.75	77	14000,0
475	-36.25	26.75	77	14000,0
475	-36.25	27.25	77	14000,0
475	-35.75	27.25	77	14000,0
475	-35.75	26.75	77	14000,0
475	-36.25	26.75	77	14000,0
476	-37.25	23.75	77	14000,0
476	-37.25	24.25	77	14000,0
476	-35.75	24.25	77	14000,0
476	-35.75	23.75	77	14000,0
476	-36.75	22.75	77	14000,0
476	-37.25	22.75	77	14000,0
476	-37.25	23.75	77	14000,0
477	-35.75	25.25	77	14000,0
477	-35.75	25.75	77	14000,0
477	-35.25	26.25	77	14000,0
477	-34.75	26.25	77	14000,0
477	-34.75	25.75	77	14000,0
477	-35.25	25.25	77	14000,0
477	-35.75	25.25	77	14000,0
167	-33.75	35.25	128	14000,0
167	-33.75	35.75	128	14000,0
167	-32.75	36.75	128	14000,0
167	-32.25	36.75	128	14000,0
167	-32.25	36.25	128	14000,0
167	-33.25	35.25	128	14000,0
167	-33.75	35.25	128	14000,0
168	-33.25	33.75	128	14000,0
168	-33.25	34.25	128	14000,0
168	-32.75	34.75	128	14000,0
168	-32.25	34.75	128	14000,0
168	-32.25	34.25	128	14000,0
168	-32.75	33.75	128	14000,0
168	-33.25	33.75	128	14000,0
169	-31.75	32.25	128	14000,0
169	-31.75	32.75	128	14000,0
169	-31.25	32.75	128	14000,0
169	-31.25	32.25	128	14000,0
169	-31.75	32.25	128	14000,0
170	-26.25	37.75	128	14000,0
170	-26.25	38.25	128	14000,0
170	-25.75	38.25	128	14000,0
170	-25.75	37.75	128	14000,0
170	-26.25	37.75	128	14000,0
171	-30.25	30.75	128	14000,0
171	-30.25	31.25	128	14000,0
171	-29.75	31.25	128	14000,0
171	-29.75	30.75	128	14000,0
171	-30.25	30.75	128	14000,0
172	-24.75	36.25	128	14000,0
172	-24.75	36.75	128	14000,0
172	-24.25	36.75	128	14000,0
172	-24.25	36.25	128	14000,0
172	-24.75	36.25	128	14000,0
498	-43.25	16.75	81	14050,50
498	-43.25	17.25	81	14050,50
498	-42.75	17.75	81	14050,50
498	-42.25	17.75	81	14050,50
498	-41.75	17.25	81	14050,50
498	-41.75	16.75	81	14050,50
498	-42.75	16.75	81	14050,50
498	-42.75	16.25	81	14050,50
498	-42.25	15.75	81	14050,50
498	-41.25	15.75	81	14050,50
498	-40.75	15.25	81	14050,50
498	-40.75	14.75	81	14050,50
498	-41.75	14.75	81	14050,50
498	-42.25	14.25	81	14050,50
498	-43.75	14.25	81	14050,50
498	-43.75	15.75	81	14050,50
498	-43.25	16.25	81	14050,50
498	-43.25	16.75	81	14050,50
510	-15.75	1.25	83	14000,50
510	-15.75	1.75	83	14000,50
510	-15.25	1.75	83	14000,50
510	-15.25	1.25	83	14000,50
510	-15.75	1.25	83	14000,50
510	-15.75	47.25	83	14000,0
510	-15.75	47.75	83	14000,0
510	-15.25	47.75	83	14000,0
510	-15.25	47.25	83	14000,0
510	-15.75	47.25	83	14000,0
511	-14.25	-0.25	83	14000,50
511	-14.25	0.25	83	14000,50
511	-13.75	0.25	83	14000,50
511	-13.25	-0.25	83	14000,50
511	-13.25	-0.75	83	14000,50
511	-13.75	-0.75	83	14000,50
511	-14.25	-0.25	83	14000,50
386	-27.25	39.75	49	14050,50
386	-27.25	40.25	49	14050,50
386	-26.75	40.25	49	14050,50
386	-26.75	39.75	49	14050,50
386	-27.25	39.75	49	14050,50
387	-26.25	40.75	49	14050,50
387	-26.25	41.25	49	14050,50
387	-25.75	41.25	49	14050,50
387	-25.75	40.75	49	14050,50
387	-26.25	40.75	49	14050,50
388	-25.25	39.75	49	14050,50
388	-25.25	40.25	49	14050,50
388	-24.75	40.25	49	14050,50
388	-24.25	39.75	49	14050,50
388	-24.25	39.25	49	14050,50
388	-24.75	39.25	49	14050,50
388	-25.25	39.75	49	14050,50
389	-24.25	40.75	49	14050,50
389	-24.25	41.25	49	14050,50
389	-23.75	41.25	49	14050,50
389	-23.75	40.75	49	14050,50
389	-24.25	40.75	49	14050,50
390	-25.75	38.25	49	14050,50
390	-25.75	38.75	49	14050,50
390	-25.25	38.75	49	14050,50
390	-25.25	38.25	49	14050,50
390	-25.75	38.25	49	14050,50
391	-22.25	41.75	49	14050,50
391	-22.25	42.25	49	14050,50
391	-21.75	42.25	49	14050,50
391	-21.75	41.75	49	14050,50
391	-22.25	41.75	49	14050,50
80	-15.75	44.25	108	14050,50
80	-15.75	44.75	108	14050,50
80	-15.25	44.75	108	14050,50
80	-15.25	44.25	108	14050,50
80	-15.75	44.25	108	14050,50
454	-36.75	28.25	70	14000,0
454	-36.75	28.75	70	14000,0
454	-36.25	28.75	70	14000,0
454	-36.25	28.25	70	14000,0
454	-36.75	28.25	70	14000,0
455	-35.25	29.75	70	14000,0
455	-35.25	30.25	70	14000,0
455	-34.75	30.25	70	14000,0
455	-34.75	29.75	70	14000,0
455	-35.25	29.75	70	14000,0
456	-31.75	33.25	70	14000,0
456	-31.75	33.75	70	14000,0
456	-31.25	33.75	70	14000,0
456	-30.75	33.25	70	14000,0
456	-30.75	32.75	70	14000,0
456	-31.25	32.75	70	14000,0
456	-31.75	33.25	70	14000,0
457	-30.25	31.75	70	14000,0
457	-30.25	32.25	70	14000,0
457	-29.75	32.75	70	14000,0
457	-29.25	32.75	70	14000,0
457	-29.25	32.25	70	14000,0
457	-29.75	31.75	70	14000,0
457	-30.25	31.75	70	14000,0
290	-4.25	10.75	38	14000,50
290	-4.25	11.25	38	14000,50
290	-3.25	11.25	38	14000,50
290	-3.25	12.25	38	14000,50
290	-2.75	12.25	38	14000,50
290	-1.75	11.25	38	14000,50
290	-1.75	10.75	38	14000,50
290	-2.75	10.75	38	14000,50
290	-2.75	10.25	38	14000,50
290	-2.25	9.75	38	14000,50
290	-2.25	9.25	38	14000,50
290	-2.75	8.75	38	14000,50
290	-3.25	8.75	38	14000,50
290	-3.25	9.75	38	14000,50
290	-4.25	10.75	38	14000,50
296	-12.25	1.75	38	14000,50
296	-12.25	2.25	38	14000,50
296	-11.75	2.25	38	14000,50
296	-11.25	1.75	38	14000,50
296	-11.25	1.25	38	14000,50
296	-11.75	1.25	38	14000,50
296	-12.25	1.75	38	14000,50
297	-0.75	13.25	38	14000,50
297	-0.75	13.75	38	14000,50
297	-0.25	13.75	38	14000,50
297	-0.25	13.25	38	14000,50
297	-0.75	13.25	38	14000,50
298	1.25	15.25	38	14000,50
298	1.25	15.75	38	14000,50
298	1.75	16.25	38	14000,50
298	2.25	16.25	38	14000,50
298	2.25	15.75	38	14000,50
298	1.75	15.25	38	14000,50
298	1.25	15.25	38	14000,50
299	-9.75	3.25	38	14000,50
299	-9.75	3.75	38	14000,50
299	-9.25	3.75	38	14000,50
299	-9.25	3.25	38	14000,50
299	-9.75	3.25	38	14000,50
300	-8.75	4.25	38	14000,50
300	-8.75	4.75	38	14000,50
300	-8.25	4.75	38	14000,50
300	-8.25	4.25	38	14000,50
300	-8.75	4.25	38	14000,50
301	-6.25	6.75	38	14000,50
301	-6.25	7.25	38	14000,50
301	-5.75	7.75	38	14000,50
301	-5.25	7.75	38	14000,50
301	-5.25	7.25	38	14000,50
301	-5.75	6.75	38	14000,50
301	-6.25	6.75	38	14000,50
302	-4.75	7.75	38	14000,50
302	-4.75	6.75	38	14000,50
302	-5.25	6.25	38	14000,50
302	-5.25	5.75	38	14000,50
302	-4.25	5.75	38	14000,50
302	-3.75	5.25	38	14000,50
302	-3.25	5.25	38	14000,50
302	-3.25	6.75	38	14000,50
302	-4.25	6.75	38	14000,50
302	-4.25	7.75	38	14000,50
302	-4.75	7.75	38	14000,50
303	-0.75	11.25	38	14000,50
303	-0.75	11.75	38	14000,50
303	-0.25	12.25	38	14000,50
303	0.25	12.25	38	14000,50
303	0.25	11.75	38	14000,50
303	-0.25	11.25	38	14000,50
303	-0.75	11.25	38	14000,50
291	3.75	15.75	38	14000,50
291	3.75	16.25	38	14000,50
291	4.25	16.25	38	14000,50
291	5.25	15.25	38	14000,50
291	5.25	14.75	38	14000,50
291	4.75	14.75	38	14000,50
291	3.75	15.75	38	14000,50
292	-11.75	-0.75	38	14000,50
292	-11.75	-0.25	38	14000,50
292	-11.25	0.25	38	14000,50
292	-10.75	0.25	38	14000,50
292	-10.75	-0.25	38	14000,50
292	-11.25	-0.75	38	14000,50
292	-11.75	-0.75	38	14000,50
293	-8.25	2.75	38	14000,50
293	-8.25	3.25	38	14000,50
293	-6.75	3.25	38	14000,50
293	-6.75	1.75	38	14000,50
293	-8.25	1.75	38	14000,50
293	-8.25	2.75	38	14000,50
294	3.25	14.25	38	14000,50
294	3.25	14.75	38	14000,50
294	3.75	14.75	38	14000,50
294	3.75	13.25	38	14000,50
294	3.25	12.75	38	14000,50
294	2.75	12.75	38	14000,50
294	2.75	13.25	38	14000,50
294	3.25	13.75	38	14000,50
294	3.25	14.25	38	14000,50
295	1.25	11.25	38	14000,50
295	1.25	11.75	38	14000,50
295	1.75	12.25	38	14000,50
295	2.25	12.25	38	14000,50
295	2.75	11.75	38	14000,50
295	2.75	11.25	38	14000,50
295	1.25	11.25	38	14000,50
70	-6.75	7.25	103	13950,0
70	-6.75	7.75	103	13950,0
70	-6.25	7.75	103	13950,0
70	-6.25	7.25	103	13950,0
70	-6.75	7.25	103	13950,0
71	-1.75	12.25	103	13950,0
71	-1.75	12.75	103	13950,0
71	-0.25	12.75	103	13950,0
71	-0.25	12.25	103	13950,0
71	-0.75	11.75	103	13950,0
71	-1.25	11.75	103	13950,0
71	-1.75	12.25	103	13950,0
72	0.25	10.25	103	13950,0
72	0.25	10.75	103	13950,0
72	0.75	10.75	103	13950,0
72	1.25	10.25	103	13950,0
72	1.25	9.75	103	13950,0
72	0.75	9.75	103	13950,0
72	0.25	10.25	103	13950,0
73	-4.25	4.75	103	13950,0
73	-4.25	5.25	103	13950,0
73	-3.75	5.25	103	13950,0
73	-3.75	4.75	103	13950,0
73	-4.25	4.75	103	13950,0
375	-33.25	30.75	45	14000,0
375	-33.25	31.25	45	14000,0
375	-32.75	31.25	45	14000,0
375	-32.25	30.75	45	14000,0
375	-32.25	30.25	45	14000,0
375	-32.75	29.75	45	14000,0
375	-33.25	29.75	45	14000,0
375	-33.25	30.75	45	14000,0
376	-31.75	31.25	45	14000,0
376	-31.75	31.75	45	14000,0
376	-31.25	31.75	45	14000,0
376	-31.25	31.25	45	14000,0
376	-31.75	31.25	45	14000,0
377	-30.75	30.25	45	14000,0
377	-30.75	30.75	45	14000,0
377	-30.25	30.75	45	14000,0
377	-29.75	30.25	45	14000,0
377	-29.75	29.75	45	14000,0
377	-30.25	29.75	45	14000,0
377	-30.75	30.25	45	14000,0
287	-19.75	44.25	36	14000,0
287	-19.75	44.75	36	14000,0
287	-19.25	44.75	36	14000,0
287	-19.25	44.25	36	14000,0
287	-19.75	44.25	36	14000,0
288	-17.75	42.25	36	14000,0
288	-17.75	42.75	36	14000,0
288	-17.25	42.75	36	14000,0
288	-16.75	42.25	36	14000,0
288	-16.75	41.75	36	14000,0
288	-17.25	41.25	36	14000,0
288	-17.75	41.25	36	14000,0
288	-17.75	42.25	36	14000,0
512	4.75	18.75	84	14000,50
512	4.75	19.25	84	14000,50
512	5.25	19.25	84	14000,50
512	5.25	18.75	84	14000,50
512	4.75	18.75	84	14000,50
518	-10.75	2.25	89	13950,0
518	-10.75	2.75	89	13950,0
518	-10.25	2.75	89	13950,0
518	-9.25	1.75	89	13950,0
518	-9.25	1.25	89	13950,0
518	-9.75	0.75	89	13950,0
518	-10.25	0.75	89	13950,0
518	-10.25	1.75	89	13950,0
518	-10.75	2.25	89	13950,0
519	-9.75	3.25	89	13950,0
519	-9.75	3.75	89	13950,0
519	-9.25	3.75	89	13950,0
519	-9.25	3.25	89	13950,0
519	-9.75	3.25	89	13950,0
520	-8.75	2.25	89	13950,0
520	-8.75	2.75	89	13950,0
520	-8.25	2.75	89	13950,0
520	-8.25	2.25	89	13950,0
520	-8.75	2.25	89	13950,0
402	-40.25	22.75	53	14000,0
402	-40.25	23.25	53	14000,0
402	-39.75	23.25	53	14000,0
402	-39.25	22.75	53	14000,0
402	-39.25	22.25	53	14000,0
402	-39.75	22.25	53	14000,0
402	-40.25	22.75	53	14000,0
402	-6.75	5.25	53	13950,0
402	-6.75	5.75	53	13950,0
402	-6.25	6.25	53	13950,0
402	-5.75	6.25	53	13950,0
402	-5.75	4.75	53	13950,0
402	-6.25	4.75	53	13950,0
402	-6.75	5.25	53	13950,0
403	-41.25	20.75	53	14000,0
403	-41.25	21.25	53	14000,0
403	-40.75	21.75	53	14000,0
403	-40.25	21.75	53	14000,0
403	-40.25	21.25	53	14000,0
403	-40.75	20.75	53	14000,0
403	-41.25	20.75	53	14000,0
403	2.25	14.25	53	13950,0
403	2.25	14.75	53	13950,0
403	2.75	14.75	53	13950,0
403	3.25	14.25	53	13950,0
403	3.25	13.75	53	13950,0
403	2.75	13.75	53	13950,0
403	2.25	14.25	53	13950,0
458	-35.75	27.25	71	14000,0
458	-35.75	27.75	71	14000,0
458	-35.25	28.25	71	14000,0
458	-34.75	28.25	71	14000,0
458	-34.25	27.75	71	14000,0
458	-34.25	27.25	71	14000,0
458	-34.75	26.75	71	14000,0
458	-35.25	26.75	71	14000,0
458	-35.75	27.25	71	14000,0
459	-33.75	27.75	71	14000,0
459	-33.75	26.75	71	14000,0
459	-34.25	26.25	71	14000,0
459	-34.25	25.75	71	14000,0
459	-33.75	25.25	71	14000,0
459	-33.25	25.25	71	14000,0
459	-33.25	26.25	71	14000,0
459	-32.75	26.75	71	14000,0
459	-32.75	27.25	71	14000,0
459	-33.25	27.75	71	14000,0
459	-33.75	27.75	71	14000,0
241	-5.25	7.75	24	14000,50
241	-5.25	8.25	24	14000,50
241	-4.75	8.75	24	14000,50
241	-4.25	8.75	24	14000,50
241	-4.25	8.25	24	14000,50
241	-4.75	7.75	24	14000,50
241	-5.25	7.75	24	14000,50
242	-3.75	8.75	24	14000,50
242	-3.75	8.25	24	14000,50
242	-3.25	8.25	24	14000,50
242	-3.25	8.75	24	14000,50
242	-3.75	8.75	24	14000,50
243	-3.25	6.75	24	14000,50
243	-3.25	7.25	24	14000,50
243	-1.25	9.25	24	14000,50
243	-0.75	9.25	24	14000,50
243	-0.75	8.75	24	14000,50
243	-1.75	7.75	24	14000,50
243	-1.75	6.25	24	14000,50
243	-1.25	5.75	24	14000,50
243	-1.25	5.25	24	14000,50
243	-1.75	5.25	24	14000,50
243	-3.25	6.75	24	14000,50
163	-23.25	38.75	127	14000,0
163	-23.25	39.25	127	14000,0
163	-22.75	39.25	127	14000,0
163	-22.25	38.75	127	14000,0
163	-22.25	38.25	127	14000,0
163	-22.75	38.25	127	14000,0
163	-23.25	38.75	127	14000,0
164	-23.75	37.25	127	14000,0
164	-23.75	37.75	127	14000,0
164	-23.25	37.75	127	14000,0
164	-23.25	37.25	127	14000,0
164	-23.75	37.25	127	14000,0
165	-20.75	40.25	127	14000,0
165	-20.75	40.75	127	14000,0
165	-20.25	40.75	127	14000,0
165	-20.25	40.25	127	14000,0
165	-20.75	40.25	127	14000,0
166	-19.75	41.25	127	14000,0
166	-19.75	41.75	127	14000,0
166	-19.25	41.75	127	14000,0
166	-19.25	41.25	127	14000,0
166	-19.75	41.25	127	14000,0
409	4.25	16.25	57	14000,50
409	4.25	16.75	57	14000,50
409	4.75	16.75	57	14000,50
409	5.25	16.25	57	14000,50
409	5.25	15.75	57	14000,50
409	4.75	15.75	57	14000,50
409	4.25	16.25	57	14000,50
409	-44.75	16.25	57	14050,50
409	-44.75	16.75	57	14050,50
409	-43.25	16.75	57	14050,50
409	-43.25	16.25	57	14050,50
409	-44.25	15.25	57	14050,50
409	-44.75	15.25	57	14050,50
409	-44.75	16.25	57	14050,50
371	-36.75	25.25	44	14050,50
371	-36.75	25.75	44	14050,50
371	-36.25	26.25	44	14050,50
371	-35.75	26.25	44	14050,50
371	-35.75	25.75	44	14050,50
371	-36.25	25.25	44	14050,50
371	-36.75	25.25	44	14050,50
372	-34.75	27.25	44	14050,50
372	-34.75	27.75	44	14050,50
372	-34.25	27.75	44	14050,50
372	-34.25	27.25	44	14050,50
372	-34.75	27.25	44	14050,50
373	-33.25	28.75	44	14050,50
373	-33.25	29.25	44	14050,50
373	-32.75	29.75	44	14050,50
373	-32.25	29.75	44	14050,50
373	-32.25	29.25	44	14050,50
373	-32.75	28.75	44	14050,50
373	-33.25	28.75	44	14050,50
374	-37.75	22.25	44	14050,50
374	-37.75	22.75	44	14050,50
374	-34.25	26.25	44	14050,50
374	-33.75	26.25	44	14050,50
374	-33.75	24.75	44	14050,50
374	-34.25	24.25	44	14050,50
374	-35.25	24.25	44	14050,50
374	-37.25	22.25	44	14050,50
374	-37.75	22.25	44	14050,50
469	-40.75	20.25	76	14000,0
469	-40.75	20.75	76	14000,0
469	-39.25	20.75	76	14000,0
469	-39.25	20.25	76	14000,0
469	-39.75	19.75	76	14000,0
469	-40.25	19.75	76	14000,0
469	-40.75	20.25	76	14000,0
470	-39.25	21.75	76	14000,0
470	-39.25	22.25	76	14000,0
470	-38.75	22.75	76	14000,0
470	-38.25	22.75	76	14000,0
470	-38.25	21.25	76	14000,0
470	-38.75	21.25	76	14000,0
470	-39.25	21.75	76	14000,0
304	-31.75	29.25	39	14050,50
304	-31.75	29.75	39	14050,50
304	-31.25	30.25	39	14050,50
304	-30.75	30.25	39	14050,50
304	-30.75	29.75	39	14050,50
304	-31.25	29.25	39	14050,50
304	-31.75	29.25	39	14050,50
305	-30.25	30.75	39	14050,50
305	-30.25	31.25	39	14050,50
305	-29.75	31.25	39	14050,50
305	-29.25	30.75	39	14050,50
305	-29.25	30.25	39	14050,50
305	-29.75	30.25	39	14050,50
305	-30.25	30.75	39	14050,50
522	-41.75	18.25	90	14050,50
522	-41.75	18.75	90	14050,50
522	-41.25	18.75	90	14050,50
522	-40.75	18.25	90	14050,50
522	-40.75	17.75	90	14050,50
522	-41.25	17.75	90	14050,50
522	-41.75	18.25	90	14050,50
523	-40.75	19.25	90	14050,50
523	-40.75	19.75	90	14050,50
523	-40.25	19.75	90	14050,50
523	-39.75	19.25	90	14050,50
523	-39.75	18.75	90	14050,50
523	-40.25	18.75	90	14050,50
523	-40.75	19.25	90	14050,50
513	-19.75	40.25	85	14050,50
513	-19.75	40.75	85	14050,50
513	-19.25	40.75	85	14050,50
513	-18.75	40.25	85	14050,50
513	-18.75	39.75	85	14050,50
513	-19.25	39.75	85	14050,50
513	-19.75	40.25	85	14050,50
514	-18.25	41.75	85	14050,50
514	-18.25	42.25	85	14050,50
514	-17.75	42.25	85	14050,50
514	-17.25	41.75	85	14050,50
514	-17.25	40.75	85	14050,50
514	-16.75	40.25	85	14050,50
514	-15.75	40.25	85	14050,50
514	-15.75	39.75	85	14050,50
514	-16.25	39.25	85	14050,50
514	-16.75	39.25	85	14050,50
514	-18.25	40.75	85	14050,50
514	-18.25	41.75	85	14050,50
192	-16.75	43.25	136	14050,50
192	-16.75	43.75	136	14050,50
192	-16.25	43.75	136	14050,50
192	-16.25	43.25	136	14050,50
192	-16.75	43.25	136	14050,50
257	-35.25	23.75	3	14050,50
257	-35.25	24.25	3	14050,50
257	-33.75	24.25	3	14050,50
257	-33.75	23.25	3	14050,50
257	-32.25	23.25	3	14050,50
257	-32.25	24.25	3	14050,50
257	-31.25	24.25	3	14050,50
257	-31.25	24.75	3	14050,50
257	-31.75	25.25	3	14050,50
257	-31.75	25.75	3	14050,50
257	-31.25	25.75	3	14050,50
257	-30.75	25.25	3	14050,50
257	-30.75	24.25	3	14050,50
257	-30.25	24.25	3	14050,50
257	-29.75	24.75	3	14050,50
257	-29.25	24.75	3	14050,50
257	-29.25	22.75	3	14050,50
257	-28.75	22.25	3	14050,50
257	-28.75	21.75	3	14050,50
257	-29.25	21.25	3	14050,50
257	-29.25	20.25	3	14050,50
257	-31.25	18.25	3	14050,50
257	-31.25	17.25	3	14050,50
257	-32.25	17.25	3	14050,50
257	-33.25	16.25	3	14050,50
257	-34.25	16.25	3	14050,50
257	-34.75	15.75	3	14050,50
257	-34.75	14.75	3	14050,50
257	-35.25	14.25	3	14050,50
257	-36.25	14.25	3	14050,50
257	-37.75	12.75	3	14050,50
257	-38.25	12.75	3	14050,50
257	-38.25	13.25	3	14050,50
257	-36.75	14.75	3	14050,50
257	-36.75	15.25	3	14050,50
257	-37.25	15.25	3	14050,50
257	-38.25	14.25	3	14050,50
257	-38.75	14.25	3	14050,50
257	-38.75	14.75	3	14050,50
257	-38.25	15.25	3	14050,50
257	-38.25	17.25	3	14050,50
257	-37.25	18.25	3	14050,50
257	-35.75	18.25	3	14050,50
257	-35.75	17.25	3	14050,50
257	-35.25	16.75	3	14050,50
257	-34.75	16.75	3	14050,50
257	-34.75	17.75	3	14050,50
257	-34.25	18.25	3	14050,50
257	-34.25	18.75	3	14050,50
257	-35.25	19.75	3	14050,50
257	-35.25	20.25	3	14050,50
257	-34.75	20.75	3	14050,50
257	-34.75	21.25	3	14050,50
257	-35.25	21.75	3	14050,50
257	-35.75	21.75	3	14050,50
257	-35.75	20.75	3	14050,50
257	-36.25	20.75	3	14050,50
257	-36.75	21.25	3	14050,50
257	-36.75	21.75	3	14050,50
257	-35.25	23.25	3	14050,50
257	-35.25	23.75	3	14050,50
257	-30.75	48.25	3	14050,0
257	-30.75	48.75	3	14050,0
257	-30.25	49.25	3	14050,0
257	-6.75	49.25	3	14050,0
257	-6.25	48.75	3	14050,0
257	-6.25	48.25	3	14050,0
257	-7.25	48.25	3	14050,0
257	-8.25	47.25	3	14050,0
257	-10.25	47.25	3	14050,0
257	-11.75	45.75	3	14050,0
257	-11.75	45.25	3	14050,0
257	-11.25	44.75	3	14050,0
257	-11.25	43.25	3	14050,0
257	-11.75	42.75	3	14050,0
257	-11.75	42.25	3	14050,0
257	-10.75	42.25	3	14050,0
257	-10.75	41.25	3	14050,0
257	-9.75	41.25	3	14050,0
257	-9.25	40.75	3	14050,0
257	-9.25	40.25	3	14050,0
257	-10.75	40.25	3	14050,0
257	-11.25	40.75	3	14050,0
257	-11.75	40.75	3	14050,0
257	-12.75	39.75	3	14050,0
257	-12.75	38.75	3	14050,0
257	-13.75	37.75	3	14050,0
257	-13.75	36.75	3	14050,0
257	-14.25	36.75	3	14050,0
257	-15.25	37.75	3	14050,0
257	-15.75	37.75	3	14050,0
257	-16.25	37.25	3	14050,0
257	-16.75	37.25	3	14050,0
257	-16.75	38.25	3	14050,0
257	-19.25	40.75	3	14050,0
257	-19.25	41.25	3	14050,0
257	-18.25	42.25	3	14050,0
257	-18.25	42.75	3	14050,0
257	-18.75	42.75	3	14050,0
257	-19.25	42.25	3	14050,0
257	-19.75	42.25	3	14050,0
257	-19.75	42.75	3	14050,0
257	-19.25	43.25	3	14050,0
257	-19.25	43.75	3	14050,0
257	-20.25	44.75	3	14050,0
257	-20.25	45.25	3	14050,0
257	-19.25	45.25	3	14050,0
257	-19.25	45.75	3	14050,0
257	-20.25	46.75	3	14050,0
257	-20.75	46.75	3	14050,0
257	-20.75	45.75	3	14050,0
257	-21.75	45.75	3	14050,0
257	-22.25	45.25	3	14050,0
257	-22.75	45.25	3	14050,0
257	-22.75	47.25	3	14050,0
257	-23.25	47.25	3	14050,0
257	-23.75	46.75	3	14050,0
257	-23.75	45.25	3	14050,0
257	-22.75	44.25	3	14050,0
257	-22.75	42.25	3	14050,0
257	-22.25	42.25	3	14050,0
257	-21.75	42.75	3	14050,0
257	-21.75	43.75	3	14050,0
257	-21.25	44.25	3	14050,0
257	-20.75	44.25	3	14050,0
257	-20.25	43.75	3	14050,0
257	-20.25	43.25	3	14050,0
257	-20.75	42.75	3	14050,0
257	-20.75	42.25	3	14050,0
257	-20.25	41.75	3	14050,0
257	-20.25	40.75	3	14050,0
257	-19.25	39.75	3	14050,0
257	-19.25	38.75	3	14050,0
257	-18.25	38.75	3	14050,0
257	-18.25	38.25	3	14050,0
257	-18.75	37.75	3	14050,0
257	-18.75	37.25	3	14050,0
257	-17.75	37.25	3	14050,0
257	-17.25	36.75	3	14050,0
257	-17.25	35.75	3	14050,0
257	-16.75	35.25	3	14050,0
257	-15.75	35.25	3	14050,0
257	-15.75	34.75	3	14050,0
257	-16.25	34.25	3	14050,0
257	-18.25	34.25	3	14050,0
257	-18.75	33.75	3	14050,0
257	-18.75	32.25	3	14050,0
257	-18.25	32.25	3	14050,0
257	-17.25	33.25	3	14050,0
257	-16.75	33.25	3	14050,0
257	-16.75	31.25	3	14050,0
257	-16.25	30.75	3	14050,0
257	-16.25	28.75	3	14050,0
257	-15.25	28.75	3	14050,0
257	-15.25	27.75	3	14050,0
257	-14.75	27.25	3	14050,0
257	-13.75	27.25	3	14050,0
257	-13.25	26.75	3	14050,0
257	-12.75	26.75	3	14050,0
257	-12.25	27.25	3	14050,0
257	-11.75	27.25	3	14050,0
257	-11.75	26.25	3	14050,0
257	-10.75	25.25	3	14050,0
257	-10.75	24.75	3	14050,0
257	-11.75	23.75	3	14050,0
257	-11.75	22.75	3	14050,0
257	-12.25	22.25	3	14050,0
257	-12.25	21.25	3	14050,0
257	-12.75	21.25	3	14050,0
257	-13.25	21.75	3	14050,0
257	-13.25	22.25	3	14050,0
257	-12.75	22.75	3	14050,0
257	-12.75	23.25	3	14050,0
257	-13.25	23.75	3	14050,0
257	-14.75	23.75	3	14050,0
257	-14.75	22.75	3	14050,0
257	-15.25	22.25	3	14050,0
257	-15.75	22.25	3	14050,0
257	-16.25	22.75	3	14050,0
257	-16.25	23.75	3	14050,0
257	-17.25	24.75	3	14050,0
257	-17.75	24.75	3	14050,0
257	-18.25	24.25	3	14050,0
257	-18.25	23.25	3	14050,0
257	-18.75	22.75	3	14050,0
257	-18.75	22.25	3	14050,0
257	-17.75	22.25	3	14050,0
257	-17.25	21.75	3	14050,0
257	-16.25	21.75	3	14050,0
257	-15.25	20.75	3	14050,0
257	-15.25	20.25	3	14050,0
257	-15.75	19.75	3	14050,0
257	-15.75	19.25	3	14050,0
257	-14.75	19.25	3	14050,0
257	-14.75	18.25	3	14050,0
257	-14.25	17.75	3	14050,0
257	-13.25	17.75	3	14050,0
257	-12.75	17.25	3	14050,0
257	-11.75	17.25	3	14050,0
257	-11.75	16.25	3	14050,0
257	-11.25	15.75	3	14050,0
257	-11.25	15.25	3	14050,0
257	-12.25	15.25	3	14050,0
257	-13.25	14.25	3	14050,0
257	-13.75	14.25	3	14050,0
257	-14.25	14.75	3	14050,0
257	-14.25	15.25	3	14050,0
257	-13.25	15.25	3	14050,0
257	-12.75	15.75	3	14050,0
257	-12.75	16.25	3	14050,0
257	-13.25	16.75	3	14050,0
257	-13.75	16.75	3	14050,0
257	-14.25	16.25	3	14050,0
257	-14.75	16.25	3	14050,0
257	-15.25	16.75	3	14050,0
257	-15.75	16.75	3	14050,0
257	-17.75	14.75	3	14050,0
257	-18.25	14.75	3	14050,0
257	-18.75	15.25	3	14050,0
257	-18.75	17.25	3	14050,0
257	-20.75	17.25	3	14050,0
257	-20.75	17.75	3	14050,0
257	-20.25	18.25	3	14050,0
257	-20.25	18.75	3	14050,0
257	-21.75	18.75	3	14050,0
257	-22.25	18.25	3	14050,0
257	-22.25	17.75	3	14050,0
257	-20.75	16.25	3	14050,0
257	-20.75	15.75	3	14050,0
257	-21.75	14.75	3	14050,0
257	-21.75	14.25	3	14050,0
257	-18.75	14.25	3	14050,0
257	-18.25	13.75	3	14050,0
257	-17.75	13.75	3	14050,0
257	-17.25	14.25	3	14050,0
257	-16.75	14.25	3	14050,0
257	-16.75	12.75	3	14050,0
257	-17.75	12.75	3	14050,0
257	-17.75	10.75	3	14050,0
257	-19.25	10.75	3	14050,0
257	-19.75	11.25	3	14050,0
257	-21.25	11.25	3	14050,0
257	-21.25	10.25	3	14050,0
257	-21.75	9.75	3	14050,0
257	-23.25	9.75	3	14050,0
257	-23.75	10.25	3	14050,0
257	-24.25	10.25	3	14050,0
257	-24.25	8.25	3	14050,0
257	-24.75	8.25	3	14050,0
257	-25.75	9.25	3	14050,0
257	-25.75	10.25	3	14050,0
257	-27.25	10.25	3	14050,0
257	-27.25	8.25	3	14050,0
257	-27.75	8.25	3	14050,0
257	-28.25	8.75	3	14050,0
257	-28.75	8.75	3	14050,0
257	-29.25	8.25	3	14050,0
257	-29.75	8.25	3	14050,0
257	-29.75	8.75	3	14050,0
257	-28.75	9.75	3	14050,0
257	-28.75	10.75	3	14050,0
257	-27.75	10.75	3	14050,0
257	-27.75	11.25	3	14050,0
257	-28.25	11.75	3	14050,0
257	-28.25	13.75	3	14050,0
257	-29.25	13.75	3	14050,0
257	-29.75	14.25	3	14050,0
257	-30.25	14.25	3	14050,0
257	-30.25	13.75	3	14050,0
257	-29.75	13.25	3	14050,0
257	-29.75	12.75	3	14050,0
257	-30.25	12.75	3	14050,0
257	-30.75	13.25	3	14050,0
257	-31.25	13.25	3	14050,0
257	-31.75	12.75	3	14050,0
257	-34.25	12.75	3	14050,0
257	-34.75	13.25	3	14050,0
257	-34.75	14.25	3	14050,0
257	-35.25	14.75	3	14050,0
257	-35.25	15.75	3	14050,0
257	-35.75	15.75	3	14050,0
257	-36.75	14.75	3	14050,0
257	-36.75	14.25	3	14050,0
257	-35.75	13.25	3	14050,0
257	-35.75	12.25	3	14050,0
257	-34.75	11.25	3	14050,0
257	-34.75	10.75	3	14050,0
257	-35.25	10.75	3	14050,0
257	-36.75	12.25	3	14050,0
257	-36.75	13.25	3	14050,0
257	-37.25	13.75	3	14050,0
257	-37.75	13.75	3	14050,0
257	-38.75	12.75	3	14050,0
257	-39.25	12.75	3	14050,0
257	-39.75	13.25	3	14050,0
257	-39.75	13.75	3	14050,0
257	-38.75	14.75	3	14050,0
257	-38.75	15.75	3	14050,0
257	-38.25	16.25	3	14050,0
257	-37.25	16.25	3	14050,0
257	-36.75	16.75	3	14050,0
257	-36.75	17.75	3	14050,0
257	-36.25	18.25	3	14050,0
257	-36.25	18.75	3	14050,0
257	-36.75	19.25	3	14050,0
257	-37.25	19.25	3	14050,0
257	-40.25	16.25	3	14050,0
257	-40.75	16.25	3	14050,0
257	-41.25	16.75	3	14050,0
257	-41.25	17.25	3	14050,0
257	-40.75	17.75	3	14050,0
257	-39.75	17.75	3	14050,0
257	-38.75	18.75	3	14050,0
257	-38.75	19.75	3	14050,0
257	-37.75	19.75	3	14050,0
257	-37.25	20.25	3	14050,0
257	-37.25	20.75	3	14050,0
257	-37.75	21.25	3	14050,0
257	-38.25	21.25	3	14050,0
257	-39.75	19.75	3	14050,0
257	-40.25	19.75	3	14050,0
257	-40.25	20.75	3	14050,0
257	-40.75	21.25	3	14050,0
257	-40.75	21.75	3	14050,0
257	-39.75	22.75	3	14050,0
257	-37.25	22.75	3	14050,0
257	-37.25	21.75	3	14050,0
257	-35.75	21.75	3	14050,0
257	-35.75	22.75	3	14050,0
257	-35.25	23.25	3	14050,0
257	-34.25	23.25	3	14050,0
257	-34.25	24.25	3	14050,0
257	-33.25	25.25	3	14050,0
257	-33.25	25.75	3	14050,0
257	-33.75	26.25	3	14050,0
257	-33.75	26.75	3	14050,0
257	-32.75	26.75	3	14050,0
257	-32.75	28.25	3	14050,0
257	-33.25	28.75	3	14050,0
257	-33.75	28.75	3	14050,0
257	-34.25	28.25	3	14050,0
257	-34.75	28.25	3	14050,0
257	-35.75	29.25	3	14050,0
257	-36.25	29.25	3	14050,0
257	-36.75	28.75	3	14050,0
257	-37.25	28.75	3	14050,0
257	-37.25	29.25	3	14050,0
257	-36.75	29.75	3	14050,0
257	-36.75	30.25	3	14050,0
257	-38.75	30.25	3	14050,0
257	-39.75	31.25	3	14050,0
257	-39.75	31.75	3	14050,0
257	-39.25	32.25	3	14050,0
257	-38.75	32.25	3	14050,0
257	-37.75	31.25	3	14050,0
257	-37.25	31.25	3	14050,0
257	-36.75	31.75	3	14050,0
257	-34.75	31.75	3	14050,0
257	-34.25	32.25	3	14050,0
257	-34.25	32.75	3	14050,0
257	-34.75	33.25	3	14050,0
257	-34.75	33.75	3	14050,0
257	-33.25	33.75	3	14050,0
257	-33.25	32.75	3	14050,0
257	-32.75	32.25	3	14050,0
257	-32.25	32.25	3	14050,0
257	-31.75	32.75	3	14050,0
257	-31.75	33.75	3	14050,0
257	-31.25	34.25	3	14050,0
257	-30.25	34.25	3	14050,0
257	-29.25	35.25	3	14050,0
257	-27.75	35.25	3	14050,0
257	-27.25	34.75	3	14050,0
257	-27.25	33.25	3	14050,0
257	-27.75	32.75	3	14050,0
257	-27.75	30.75	3	14050,0
257	-28.75	30.75	3	14050,0
257	-29.25	30.25	3	14050,0
257	-29.75	30.25	3	14050,0
257	-29.75	31.25	3	14050,0
257	-30.25	31.75	3	14050,0
257	-30.25	32.25	3	14050,0
257	-29.75	32.75	3	14050,0
257	-29.75	33.25	3	14050,0
257	-30.25	33.25	3	14050,0
257	-31.25	32.25	3	14050,0
257	-31.25	31.25	3	14050,0
257	-31.75	30.75	3	14050,0
257	-31.75	29.25	3	14050,0
257	-31.25	28.75	3	14050,0
257	-30.75	28.75	3	14050,0
257	-30.25	29.25	3	14050,0
257	-28.75	29.25	3	14050,0
257	-28.75	27.25	3	14050,0
257	-28.25	26.75	3	14050,0
257	-28.25	25.75	3	14050,0
257	-27.25	25.75	3	14050,0
257	-26.75	25.25	3	14050,0
257	-26.25	25.25	3	14050,0
257	-26.25	25.75	3	14050,0
257	-26.75	26.25	3	14050,0
257	-26.75	26.75	3	14050,0
257	-26.25	27.25	3	14050,0
257	-25.25	27.25	3	14050,0
257	-25.25	27.75	3	14050,0
257	-25.75	28.25	3	14050,0
257	-27.75	28.25	3	14050,0
257	-27.75	28.75	3	14050,0
257	-26.75	29.75	3	14050,0
257	-25.75	29.75	3	14050,0
257	-24.25	31.25	3	14050,0
257	-24.25	31.75	3	14050,0
257	-25.25	32.75	3	14050,0
257	-25.25	33.25	3	14050,0
257	-24.75	33.25	3	14050,0
257	-24.25	32.75	3	14050,0
257	-23.75	32.75	3	14050,0
257	-23.75	33.25	3	14050,0
257	-24.75	34.25	3	14050,0
257	-24.75	35.25	3	14050,0
257	-25.25	35.75	3	14050,0
257	-25.75	35.75	3	14050,0
257	-26.25	35.25	3	14050,0
257	-26.75	35.25	3	14050,0
257	-26.75	36.75	3	14050,0
257	-26.25	37.25	3	14050,0
257	-25.25	37.25	3	14050,0
257	-24.25	38.25	3	14050,0
257	-24.25	40.75	3	14050,0
257	-24.75	40.75	3	14050,0
257	-25.25	40.25	3	14050,0
257	-25.75	40.25	3	14050,0
257	-26.25	40.75	3	14050,0
257	-26.75	40.75	3	14050,0
257	-27.25	40.25	3	14050,0
257	-27.25	39.75	3	14050,0
257	-26.25	39.75	3	14050,0
257	-25.75	39.25	3	14050,0
257	-25.75	38.75	3	14050,0
257	-26.75	38.75	3	14050,0
257	-27.75	37.75	3	14050,0
257	-28.25	37.75	3	14050,0
257	-28.25	38.75	3	14050,0
257	-30.25	38.75	3	14050,0
257	-30.25	39.25	3	14050,0
257	-29.75	39.75	3	14050,0
257	-28.75	39.75	3	14050,0
257	-27.75	40.75	3	14050,0
257	-27.75	41.75	3	14050,0
257	-27.25	42.25	3	14050,0
257	-26.75	42.25	3	14050,0
257	-26.25	41.75	3	14050,0
257	-25.75	41.75	3	14050,0
257	-25.75	42.75	3	14050,0
257	-25.25	42.75	3	14050,0
257	-24.75	42.25	3	14050,0
257	-24.25	42.25	3	14050,0
257	-24.25	42.75	3	14050,0
257	-24.75	43.25	3	14050,0
257	-24.75	44.25	3	14050,0
257	-25.25	44.75	3	14050,0
257	-25.25	45.75	3	14050,0
257	-25.75	46.25	3	14050,0
257	-26.25	46.25	3	14050,0
257	-26.75	45.75	3	14050,0
257	-27.25	45.75	3	14050,0
257	-27.75	46.25	3	14050,0
257	-27.75	47.25	3	14050,0
257	-28.25	47.75	3	14050,0
257	-30.25	47.75	3	14050,0
257	-30.75	48.25	3	14050,0
258	-31.25	21.75	3	14050,50
258	-31.25	22.25	3	14050,50
258	-30.75	22.25	3	14050,50
258	-30.75	21.75	3	14050,50
258	-31.25	21.75	3	14050,50
259	-31.75	7.25	3	14050,50
259	-31.75	7.75	3	14050,50
259	-31.25	7.75	3	14050,50
259	-31.25	7.25	3	14050,50
259	-31.75	7.25	3	14050,50
260	-30.75	8.25	3	14050,50
260	-30.75	8.75	3	14050,50
260	-30.25	9.25	3	14050,50
260	-27.75	9.25	3	14050,50
260	-27.25	8.75	3	14050,50
260	-27.25	8.25	3	14050,50
260	-28.25	7.25	3	14050,50
260	-28.75	7.25	3	14050,50
260	-29.25	7.75	3	14050,50
260	-30.25	7.75	3	14050,50
260	-30.75	8.25	3	14050,50
261	-27.25	11.75	3	14050,50
261	-27.25	12.25	3	14050,50
261	-24.25	15.25	3	14050,50
261	-23.75	15.25	3	14050,50
261	-23.75	14.25	3	14050,50
261	-22.75	14.25	3	14050,50
261	-22.25	13.75	3	14050,50
261	-22.25	13.25	3	14050,50
261	-22.75	12.75	3	14050,50
261	-22.75	12.25	3	14050,50
261	-22.25	12.25	3	14050,50
261	-19.75	14.75	3	14050,50
261	-19.75	15.25	3	14050,50
261	-20.25	15.25	3	14050,50
261	-21.25	14.25	3	14050,50
261	-21.75	14.25	3	14050,50
261	-22.75	15.25	3	14050,50
261	-22.75	16.75	3	14050,50
261	-22.25	16.75	3	14050,50
261	-21.75	16.25	3	14050,50
261	-21.25	16.25	3	14050,50
261	-19.75	17.75	3	14050,50
261	-18.75	17.75	3	14050,50
261	-17.75	18.75	3	14050,50
261	-17.25	18.75	3	14050,50
261	-16.75	18.25	3	14050,50
261	-16.75	17.25	3	14050,50
261	-16.25	16.75	3	14050,50
261	-16.25	16.25	3	14050,50
261	-17.75	16.25	3	14050,50
261	-17.75	17.25	3	14050,50
261	-18.25	17.25	3	14050,50
261	-18.25	15.25	3	14050,50
261	-18.75	14.75	3	14050,50
261	-18.75	14.25	3	14050,50
261	-18.25	14.25	3	14050,50
261	-17.25	15.25	3	14050,50
261	-15.75	15.25	3	14050,50
261	-15.75	14.75	3	14050,50
261	-16.25	14.25	3	14050,50
261	-17.25	14.25	3	14050,50
261	-17.25	12.75	3	14050,50
261	-16.25	12.75	3	14050,50
261	-16.25	12.25	3	14050,50
261	-18.25	10.25	3	14050,50
261	-18.75	10.25	3	14050,50
261	-19.25	10.75	3	14050,50
261	-19.25	11.25	3	14050,50
261	-18.75	11.75	3	14050,50
261	-18.75	12.25	3	14050,50
261	-19.25	12.75	3	14050,50
261	-19.75	12.75	3	14050,50
261	-19.75	11.75	3	14050,50
261	-20.25	11.75	3	14050,50
261	-20.75	12.25	3	14050,50
261	-21.25	12.25	3	14050,50
261	-21.25	11.25	3	14050,50
261	-22.25	11.25	3	14050,50
261	-22.25	10.75	3	14050,50
261	-21.75	10.25	3	14050,50
261	-19.75	10.25	3	14050,50
261	-19.75	8.75	3	14050,50
261	-21.25	8.75	3	14050,50
261	-22.25	9.75	3	14050,50
261	-23.25	9.75	3	14050,50
261	-23.75	10.25	3	14050,50
261	-23.75	11.25	3	14050,50
261	-25.25	11.25	3	14050,50
261	-25.75	10.75	3	14050,50
261	-26.25	10.75	3	14050,50
261	-27.25	11.75	3	14050,50
262	-16.25	18.75	3	14050,50
262	-16.25	19.25	3	14050,50
262	-15.25	20.25	3	14050,50
262	-14.75	20.25	3	14050,50
262	-14.75	19.75	3	14050,50
262	-15.75	18.75	3	14050,50
262	-16.25	18.75	3	14050,50
263	-28.25	5.75	3	14050,50
263	-28.25	6.25	3	14050,50
263	-26.25	8.25	3	14050,50
263	-25.75	8.25	3	14050,50
263	-25.75	7.25	3	14050,50
263	-23.75	7.25	3	14050,50
263	-23.25	6.75	3	14050,50
263	-22.25	6.75	3	14050,50
263	-22.25	5.75	3	14050,50
263	-21.75	5.25	3	14050,50
263	-19.75	5.25	3	14050,50
263	-19.75	4.75	3	14050,50
263	-20.25	4.25	3	14050,50
263	-20.25	3.75	3	14050,50
263	-17.75	3.75	3	14050,50
263	-16.75	4.75	3	14050,50
263	-16.75	5.25	3	14050,50
263	-17.25	5.75	3	14050,50
263	-18.25	5.75	3	14050,50
263	-18.25	6.25	3	14050,50
263	-17.75	6.75	3	14050,50
263	-17.75	7.25	3	14050,50
263	-18.75	8.25	3	14050,50
263	-18.75	8.75	3	14050,50
263	-18.25	8.75	3	14050,50
263	-17.75	8.25	3	14050,50
263	-16.75	8.25	3	14050,50
263	-15.75	7.25	3	14050,50
263	-15.25	7.25	3	14050,50
263	-15.25	7.75	3	14050,50
263	-15.75	8.25	3	14050,50
263	-15.75	8.75	3	14050,50
263	-14.75	8.75	3	14050,50
263	-14.25	9.25	3	14050,50
263	-14.25	10.25	3	14050,50
263	-13.25	11.25	3	14050,50
263	-13.25	11.75	3	14050,50
263	-13.75	11.75	3	14050,50
263	-14.25	11.25	3	14050,50
263	-15.75	11.25	3	14050,50
263	-15.75	12.75	3	14050,50
263	-12.75	12.75	3	14050,50
263	-12.25	13.25	3	14050,50
263	-12.25	14.25	3	14050,50
263	-11.75	14.25	3	14050,50
263	-11.25	13.75	3	14050,50
263	-10.25	13.75	3	14050,50
263	-9.75	13.25	3	14050,50
263	-9.75	12.75	3	14050,50
263	-10.25	12.25	3	14050,50
263	-10.25	11.25	3	14050,50
263	-11.25	10.25	3	14050,50
263	-11.75	10.25	3	14050,50
263	-12.25	10.75	3	14050,50
263	-12.75	10.75	3	14050,50
263	-13.25	10.25	3	14050,50
263	-13.25	9.75	3	14050,50
263	-12.25	9.75	3	14050,50
263	-12.25	9.25	3	14050,50
263	-12.75	8.75	3	14050,50
263	-12.75	8.25	3	14050,50
263	-12.25	8.25	3	14050,50
263	-11.75	8.75	3	14050,50
263	-10.75	8.75	3	14050,50
263	-10.75	9.75	3	14050,50
263	-8.75	9.75	3	14050,50
263	-8.25	10.25	3	14050,50
263	-7.75	10.25	3	14050,50
263	-7.25	9.75	3	14050,50
263	-7.25	9.25	3	14050,50
263	-8.25	8.25	3	14050,50
263	-8.25	4.75	3	14050,50
263	-7.75	4.25	3	14050,50
263	-7.75	3.75	3	14050,50
263	-9.25	2.25	3	14050,50
263	-9.25	1.75	3	14050,50
263	-8.75	1.25	3	14050,50
263	-8.75	0.75	3	14050,50
263	-9.25	0.75	3	14050,50
263	-9.75	1.25	3	14050,50
263	-10.25	1.25	3	14050,50
263	-10.75	0.75	3	14050,50
263	-10.75	0.25	3	14050,50
263	-9.75	0.25	3	14050,50
263	-9.25	-0.25	3	14050,50
263	-9.25	-0.75	3	14050,50
263	-29.75	-0.75	3	14050,50
263	-29.75	-0.25	3	14050,50
263	-29.25	0.25	3	14050,50
263	-29.25	2.25	3	14050,50
263	-28.75	2.75	3	14050,50
263	-28.25	2.75	3	14050,50
263	-26.75	1.25	3	14050,50
263	-24.75	1.25	3	14050,50
263	-24.75	0.25	3	14050,50
263	-24.25	0.25	3	14050,50
263	-23.75	0.75	3	14050,50
263	-23.75	1.75	3	14050,50
263	-23.25	2.25	3	14050,50
263	-23.25	2.75	3	14050,50
263	-24.25	3.75	3	14050,50
263	-24.25	4.25	3	14050,50
263	-23.75	4.75	3	14050,50
263	-23.75	5.25	3	14050,50
263	-25.25	5.25	3	14050,50
263	-25.25	4.25	3	14050,50
263	-25.75	4.25	3	14050,50
263	-26.25	4.75	3	14050,50
263	-26.75	4.75	3	14050,50
263	-27.25	4.25	3	14050,50
263	-27.75	4.25	3	14050,50
263	-27.75	5.25	3	14050,50
263	-28.25	5.75	3	14050,50
264	-30.75	-0.75	3	14050,50
264	-30.75	-0.25	3	14050,50
264	-30.25	-0.25	3	14050,50
264	-30.25	-0.75	3	14050,50
264	-30.75	-0.75	3	14050,50
265	-8.75	-0.25	3	14050,50
265	-8.75	-0.75	3	14050,50
265	-6.25	-0.75	3	14050,50
265	-6.25	-0.25	3	14050,50
265	-6.75	0.25	3	14050,50
265	-8.25	0.25	3	14050,50
265	-8.75	-0.25	3	14050,50
515	-17.25	40.75	86	14050,50
515	-17.25	41.25	86	14050,50
515	-16.75	41.25	86	14050,50
515	-16.25	40.75	86	14050,50
515	-16.25	40.25	86	14050,50
515	-16.75	40.25	86	14050,50
515	-17.25	40.75	86	14050,50
213	-16.75	41.25	20	14050,50
213	-16.75	41.75	20	14050,50
213	-14.25	44.25	20	14050,50
213	-13.75	44.25	20	14050,50
213	-13.25	43.75	20	14050,50
213	-13.25	43.25	20	14050,50
213	-14.25	43.25	20	14050,50
213	-14.75	42.75	20	14050,50
213	-14.75	40.75	20	14050,50
213	-15.25	40.75	20	14050,50
213	-15.25	41.75	20	14050,50
213	-15.75	41.75	20	14050,50
213	-15.75	40.75	20	14050,50
213	-16.25	40.75	20	14050,50
213	-16.75	41.25	20	14050,50
214	-13.25	41.75	20	14050,50
214	-13.25	42.25	20	14050,50
214	-12.75	42.75	20	14050,50
214	-12.25	42.75	20	14050,50
214	-9.75	40.25	20	14050,50
214	-9.75	39.75	20	14050,50
214	-11.25	39.75	20	14050,50
214	-12.25	40.75	20	14050,50
214	-12.75	40.75	20	14050,50
214	-13.25	40.25	20	14050,50
214	-13.25	39.75	20	14050,50
214	-12.75	39.25	20	14050,50
214	-11.75	39.25	20	14050,50
214	-11.75	37.75	20	14050,50
214	-12.25	37.25	20	14050,50
214	-13.25	37.25	20	14050,50
214	-13.25	36.25	20	14050,50
214	-15.75	36.25	20	14050,50
214	-15.75	36.75	20	14050,50
214	-14.75	37.75	20	14050,50
214	-14.75	38.25	20	14050,50
214	-15.25	38.75	20	14050,50
214	-15.25	39.25	20	14050,50
214	-13.25	41.25	20	14050,50
214	-13.25	41.75	20	14050,50
215	-5.25	33.75	20	14050,50
215	-5.25	34.25	20	14050,50
215	-4.75	34.75	20	14050,50
215	-4.25	34.75	20	14050,50
215	-2.75	33.25	20	14050,50
215	-2.75	32.75	20	14050,50
215	-4.75	30.75	20	14050,50
215	-5.75	30.75	20	14050,50
215	-6.25	30.25	20	14050,50
215	-6.25	28.25	20	14050,50
215	-6.75	28.25	20	14050,50
215	-7.75	29.25	20	14050,50
215	-8.75	29.25	20	14050,50
215	-8.75	29.75	20	14050,50
215	-8.25	30.25	20	14050,50
215	-7.25	30.25	20	14050,50
215	-7.25	31.25	20	14050,50
215	-5.25	33.25	20	14050,50
215	-5.25	33.75	20	14050,50
216	-5.75	28.75	20	14050,50
216	-5.75	28.25	20	14050,50
216	-5.25	28.25	20	14050,50
216	-5.25	28.75	20	14050,50
216	-5.75	28.75	20	14050,50
217	-3.75	30.25	20	14050,50
217	-3.75	30.75	20	14050,50
217	-2.25	32.25	20	14050,50
217	-1.75	32.25	20	14050,50
217	-1.25	31.75	20	14050,50
217	-1.25	30.25	20	14050,50
217	-1.75	30.25	20	14050,50
217	-2.25	30.75	20	14050,50
217	-2.75	30.75	20	14050,50
217	-3.25	30.25	20	14050,50
217	-3.75	30.25	20	14050,50
82	-6.25	0.75	11	13950,0
82	-6.25	1.25	11	13950,0
82	-5.25	1.25	11	13950,0
82	-3.25	3.25	11	13950,0
82	-1.75	3.25	11	13950,0
82	1.25	0.25	11	13950,0
82	1.25	-0.25	11	13950,0
82	0.75	-0.25	11	13950,0
82	-1.75	2.25	11	13950,0
82	-3.25	2.25	11	13950,0
82	-3.25	1.25	11	13950,0
82	-3.75	0.75	11	13950,0
82	-4.75	0.75	11	13950,0
82	-5.75	-0.25	11	13950,0
82	-6.25	-0.25	11	13950,0
82	-6.25	0.75	11	13950,0
82	-44.25	12.75	11	14000,0
82	-44.25	13.25	11	14000,0
82	-43.25	13.25	11	14000,0
82	-41.75	14.75	11	14000,0
82	-41.75	15.75	11	14000,0
82	-41.25	15.75	11	14000,0
82	-40.75	15.25	11	14000,0
82	-40.25	15.25	11	14000,0
82	-40.25	16.25	11	14000,0
82	-39.25	16.25	11	14000,0
82	-39.25	17.25	11	14000,0
82	-38.25	17.25	11	14000,0
82	-38.25	19.25	11	14000,0
82	-37.75	19.75	11	14000,0
82	-37.25	19.75	11	14000,0
82	-36.75	19.25	11	14000,0
82	-36.25	19.25	11	14000,0
82	-36.25	21.25	11	14000,0
82	-34.25	21.25	11	14000,0
82	-34.25	22.25	11	14000,0
82	-33.75	22.75	11	14000,0
82	-32.25	22.75	11	14000,0
82	-29.75	20.25	11	14000,0
82	-29.75	18.75	11	14000,0
82	-31.75	16.75	11	14000,0
82	-32.75	16.75	11	14000,0
82	-35.25	14.25	11	14000,0
82	-35.25	13.25	11	14000,0
82	-36.25	13.25	11	14000,0
82	-37.75	11.75	11	14000,0
82	-37.75	10.75	11	14000,0
82	-38.25	10.25	11	14000,0
82	-39.25	10.25	11	14000,0
82	-40.25	9.25	11	14000,0
82	-40.25	8.25	11	14000,0
82	-40.75	7.75	11	14000,0
82	-41.75	7.75	11	14000,0
82	-42.25	7.25	11	14000,0
82	-42.25	6.25	11	14000,0
82	-43.25	6.25	11	14000,0
82	-43.75	5.75	11	14000,0
82	-43.75	4.75	11	14000,0
82	-44.25	4.75	11	14000,0
82	-45.25	5.75	11	14000,0
82	-45.25	9.25	11	14000,0
82	-44.75	9.75	11	14000,0
82	-44.75	10.25	11	14000,0
82	-45.25	10.75	11	14000,0
82	-45.25	11.25	11	14000,0
82	-44.25	12.25	11	14000,0
82	-44.25	12.75	11	14000,0
83	1.75	8.75	11	13950,0
83	1.75	9.25	11	13950,0
83	3.25	9.25	11	13950,0
83	3.75	8.75	11	13950,0
83	4.75	8.75	11	13950,0
83	4.75	6.25	11	13950,0
83	4.25	6.25	11	13950,0
83	1.75	8.75	11	13950,0
83	-44.25	8.75	11	14000,0
83	-44.25	9.25	11	14000,0
83	-43.75	9.25	11	14000,0
83	-43.25	8.75	11	14000,0
83	-43.25	8.25	11	14000,0
83	-43.75	8.25	11	14000,0
83	-44.25	8.75	11	14000,0
84	-39.25	-0.25	11	14000,0
84	-39.25	0.25	11	14000,0
84	-37.75	1.75	11	14000,0
84	-36.75	1.75	11	14000,0
84	-36.75	2.75	11	14000,0
84	-24.25	15.25	11	14000,0
84	-23.75	15.25	11	14000,0
84	-23.75	14.25	11	14000,0
84	-22.25	12.75	11	14000,0
84	-22.25	12.25	11	14000,0
84	-34.75	-0.25	11	14000,0
84	-35.25	-0.25	11	14000,0
84	-36.25	0.75	11	14000,0
84	-37.75	0.75	11	14000,0
84	-38.75	-0.25	11	14000,0
84	-39.25	-0.25	11	14000,0
85	-36.25	2.25	11	14000,0
85	-36.25	1.75	11	14000,0
85	-35.25	0.75	11	14000,0
85	-34.75	0.75	11	14000,0
85	-27.25	8.25	11	14000,0
85	-27.25	9.25	11	14000,0
85	-26.25	9.25	11	14000,0
85	-26.25	9.75	11	14000,0
85	-26.75	10.25	11	14000,0
85	-27.25	10.25	11	14000,0
85	-29.25	8.25	11	14000,0
85	-30.25	8.25	11	14000,0
85	-30.75	7.75	11	14000,0
85	-30.75	6.75	11	14000,0
85	-32.25	5.25	11	14000,0
85	-32.25	4.25	11	14000,0
85	-33.25	4.25	11	14000,0
85	-33.25	3.25	11	14000,0
85	-34.25	3.25	11	14000,0
85	-34.75	2.75	11	14000,0
85	-35.75	2.75	11	14000,0
85	-36.25	2.25	11	14000,0
105	-39.25	17.75	115	14000,0
105	-39.25	18.25	115	14000,0
105	-38.75	18.75	115	14000,0
105	-38.25	18.75	115	14000,0
105	-38.25	17.25	115	14000,0
105	-38.75	17.25	115	14000,0
105	-39.25	17.75	115	14000,0
446	-37.25	19.75	67	14000,0
446	-37.25	20.25	67	14000,0
446	-36.75	20.25	67	14000,0
446	-36.25	19.75	67	14000,0
446	-36.25	19.25	67	14000,0
446	-36.75	19.25	67	14000,0
446	-37.25	19.75	67	14000,0
112	-35.75	21.25	119	14000,0
112	-35.75	21.75	119	14000,0
112	-34.25	23.25	119	14000,0
112	-33.75	23.25	119	14000,0
112	-33.75	22.75	119	14000,0
112	-34.25	22.25	119	14000,0
112	-34.25	21.25	119	14000,0
112	-35.75	21.25	119	14000,0
178	-30.75	26.25	130	14000,0
178	-30.75	26.75	130	14000,0
178	-30.25	27.25	130	14000,0
178	-29.75	27.25	130	14000,0
178	-29.25	26.75	130	14000,0
178	-29.25	26.25	130	14000,0
178	-29.75	25.75	130	14000,0
178	-30.25	25.75	130	14000,0
178	-30.75	26.25	130	14000,0
535	-25.25	31.75	98	14000,0
535	-25.25	32.25	98	14000,0
535	-24.25	33.25	98	14000,0
535	-23.75	33.25	98	14000,0
535	-23.75	32.75	98	14000,0
535	-24.75	31.75	98	14000,0
535	-25.25	31.75	98	14000,0
367	-17.25	39.75	42	14000,0
367	-17.25	40.25	42	14000,0
367	-16.75	40.25	42	14000,0
367	-16.25	39.75	42	14000,0
367	-16.25	39.25	42	14000,0
367	-16.75	39.25	42	14000,0
367	-17.25	39.75	42	14000,0
368	-16.25	40.75	42	14000,0
368	-16.25	41.25	42	14000,0
368	-15.75	41.75	42	14000,0
368	-15.25	41.75	42	14000,0
368	-15.25	40.75	42	14000,0
368	-14.75	40.25	42	14000,0
368	-14.75	39.75	42	14000,0
368	-15.25	39.25	42	14000,0
368	-15.75	39.25	42	14000,0
368	-15.75	40.25	42	14000,0
368	-16.25	40.75	42	14000,0
369	-14.75	42.25	42	14000,0
369	-14.75	42.75	42	14000,0
369	-13.75	43.75	42	14000,0
369	-13.25	43.75	42	14000,0
369	-13.25	43.25	42	14000,0
369	-13.75	42.75	42	14000,0
369	-13.75	41.75	42	14000,0
369	-14.25	41.75	42	14000,0
369	-14.75	42.25	42	14000,0
466	-10.75	46.25	74	14000,0
466	-10.75	46.75	74	14000,0
466	-10.25	46.75	74	14000,0
466	-9.75	46.25	74	14000,0
466	-9.75	45.75	74	14000,0
466	-10.75	44.75	74	14000,0
466	-10.75	43.75	74	14000,0
466	-11.25	43.75	74	14000,0
466	-11.75	44.25	74	14000,0
466	-11.75	44.75	74	14000,0
466	-10.75	45.75	74	14000,0
466	-10.75	46.25	74	14000,0
507	-41.25	15.75	82	14050,50
507	-41.25	16.25	82	14050,50
507	-40.75	16.25	82	14050,50
507	-40.75	15.75	82	14050,50
507	-41.25	15.75	82	14050,50
508	-40.25	16.75	82	14050,50
508	-40.25	17.25	82	14050,50
508	-39.75	17.25	82	14050,50
508	-39.75	16.75	82	14050,50
508	-40.25	16.75	82	14050,50
509	-39.25	17.75	82	14050,50
509	-39.25	18.25	82	14050,50
509	-38.75	18.25	82	14050,50
509	-38.25	17.75	82	14050,50
509	-38.25	17.25	82	14050,50
509	-38.75	17.25	82	14050,50
509	-39.25	17.75	82	14050,50
448	-14.75	42.25	69	14050,50
448	-14.75	42.75	69	14050,50
448	-14.25	43.25	69	14050,50
448	-13.75	43.25	69	14050,50
448	-13.75	42.25	69	14050,50
448	-13.25	41.75	69	14050,50
448	-13.25	41.25	69	14050,50
448	-14.25	40.25	69	14050,50
448	-14.75	40.25	69	14050,50
448	-14.75	40.75	69	14050,50
448	-14.25	41.25	69	14050,50
448	-14.25	41.75	69	14050,50
448	-14.75	42.25	69	14050,50
517	-32.25	23.75	88	14000,0
517	-32.25	24.25	88	14000,0
517	-31.75	24.75	88	14000,0
517	-31.25	24.75	88	14000,0
517	-31.25	24.25	88	14000,0
517	-31.75	23.75	88	14000,0
517	-32.25	23.75	88	14000,0
405	-5.25	-0.25	55	13950,0
405	-5.25	0.25	55	13950,0
405	-4.75	0.75	55	13950,0
405	-4.25	0.75	55	13950,0
405	-3.75	0.25	55	13950,0
405	-3.75	-0.25	55	13950,0
405	-5.25	-0.25	55	13950,0
239	-3.25	1.75	22	13950,0
239	-3.25	2.25	22	13950,0
239	-1.75	2.25	22	13950,0
239	-0.75	1.25	22	13950,0
239	-0.75	0.75	22	13950,0
239	-1.75	0.75	22	13950,0
239	-2.75	-0.25	22	13950,0
239	-3.25	-0.25	22	13950,0
239	-3.75	0.25	22	13950,0
239	-3.75	0.75	22	13950,0
239	-3.25	1.25	22	13950,0
239	-3.25	1.75	22	13950,0
193	-23.25	30.75	137	14050,50
193	-23.25	31.25	137	14050,50
193	-22.25	31.25	137	14050,50
193	-21.75	31.75	137	14050,50
193	-20.25	31.75	137	14050,50
193	-19.75	31.25	137	14050,50
193	-19.75	30.75	137	14050,50
193	-21.75	30.75	137	14050,50
193	-21.75	29.75	137	14050,50
193	-22.25	29.25	137	14050,50
193	-22.75	29.25	137	14050,50
193	-22.75	30.25	137	14050,50
193	-23.25	30.75	137	14050,50
65	-21.75	32.25	100	14050,50
65	-21.75	32.75	100	14050,50
65	-21.25	33.25	100	14050,50
65	-20.75	33.25	100	14050,50
65	-20.75	31.75	100	14050,50
65	-21.25	31.75	100	14050,50
65	-21.75	32.25	100	14050,50
66	-20.25	32.25	100	14050,50
66	-20.25	31.75	100	14050,50
66	-19.75	31.25	100	14050,50
66	-19.25	31.25	100	14050,50
66	-19.25	31.75	100	14050,50
66	-19.75	32.25	100	14050,50
66	-20.25	32.25	100	14050,50
157	-44.25	8.75	124	14000,0
157	-44.25	9.25	124	14000,0
157	-43.75	9.25	124	14000,0
157	-43.25	8.75	124	14000,0
157	-43.25	8.25	124	14000,0
157	-43.75	8.25	124	14000,0
157	-44.25	8.75	124	14000,0
516	-13.25	39.75	87	14050,50
516	-13.25	40.25	87	14050,50
516	-11.75	40.25	87	14050,50
516	-11.25	39.75	87	14050,50
516	-10.25	39.75	87	14050,50
516	-10.25	39.25	87	14050,50
516	-11.25	38.25	87	14050,50
516	-11.75	38.25	87	14050,50
516	-11.75	39.25	87	14050,50
516	-12.75	39.25	87	14050,50
516	-13.25	39.75	87	14050,50
536	-2.25	-0.25	99	13950,0
536	-2.25	0.25	99	13950,0
536	-1.75	0.75	99	13950,0
536	-0.25	0.75	99	13950,0
536	0.25	0.25	99	13950,0
536	0.25	-0.25	99	13950,0
536	-2.25	-0.25	99	13950,0
482	-18.75	33.25	79	14050,50
482	-18.75	33.75	79	14050,50
482	-18.25	33.75	79	14050,50
482	-17.25	32.75	79	14050,50
482	-17.25	32.25	79	14050,50
482	-17.75	32.25	79	14050,50
482	-18.75	33.25	79	14050,50
483	-17.25	33.75	79	14050,50
483	-17.25	34.25	79	14050,50
483	-16.75	34.25	79	14050,50
483	-16.75	33.75	79	14050,50
483	-17.25	33.75	79	14050,50
484	-16.25	34.75	79	14050,50
484	-16.25	35.25	79	14050,50
484	-15.75	35.25	79	14050,50
484	-15.75	34.75	79	14050,50
484	-16.25	34.75	79	14050,50
485	-13.25	25.75	79	14050,50
485	-13.25	26.25	79	14050,50
485	-12.75	26.25	79	14050,50
485	-12.25	25.75	79	14050,50
485	-12.25	25.25	79	14050,50
485	-12.75	25.25	79	14050,50
485	-13.25	25.75	79	14050,50
486	-10.25	28.75	79	14050,50
486	-10.25	29.25	79	14050,50
486	-9.75	29.25	79	14050,50
486	-9.75	28.75	79	14050,50
486	-10.25	28.75	79	14050,50
487	-13.75	24.25	79	14050,50
487	-13.75	24.75	79	14050,50
487	-13.25	24.75	79	14050,50
487	-13.25	24.25	79	14050,50
487	-13.75	24.25	79	14050,50
488	-11.75	26.25	79	14050,50
488	-11.75	26.75	79	14050,50
488	-11.25	26.75	79	14050,50
488	-10.75	26.25	79	14050,50
488	-10.75	25.75	79	14050,50
488	-11.25	25.75	79	14050,50
488	-11.75	26.25	79	14050,50
489	-10.75	27.25	79	14050,50
489	-10.75	27.75	79	14050,50
489	-10.25	27.75	79	14050,50
489	-9.75	27.25	79	14050,50
489	-9.75	26.75	79	14050,50
489	-10.25	26.75	79	14050,50
489	-10.75	27.25	79	14050,50
438	-42.25	8.75	62	14050,50
438	-42.25	9.25	62	14050,50
438	-41.75	9.75	62	14050,50
438	-40.25	9.75	62	14050,50
438	-40.25	9.25	62	14050,50
438	-40.75	8.75	62	14050,50
438	-42.25	8.75	62	14050,50
439	-35.75	3.25	62	14050,50
439	-35.75	3.75	62	14050,50
439	-35.25	3.75	62	14050,50
439	-35.25	3.25	62	14050,50
439	-35.75	3.25	62	14050,50
440	-34.75	3.75	62	14050,50
440	-34.75	3.25	62	14050,50
440	-34.25	3.25	62	14050,50
440	-34.25	3.75	62	14050,50
440	-34.75	3.75	62	14050,50
267	4.75	4.75	31	14000,50
267	4.75	5.25	31	14000,50
267	5.25	5.25	31	14000,50
267	5.25	4.75	31	14000,50
267	4.75	4.75	31	14000,50
267	-44.75	4.25	31	14050,50
267	-44.75	4.75	31	14050,50
267	-44.25	4.75	31	14050,50
267	-44.25	4.25	31	14050,50
267	-44.75	4.25	31	14050,50
267	-41.75	47.25	31	14050,0
267	-41.75	47.75	31	14050,0
267	-41.25	48.25	31	14050,0
267	-40.75	48.25	31	14050,0
267	-39.25	46.75	31	14050,0
267	-39.25	45.25	31	14050,0
267	-39.75	44.75	31	14050,0
267	-40.25	44.75	31	14050,0
267	-40.25	45.75	31	14050,0
267	-41.75	47.25	31	14050,0
268	3.25	2.25	31	14000,50
268	3.25	2.75	31	14000,50
268	4.25	3.75	31	14000,50
268	4.75	3.75	31	14000,50
268	4.75	3.25	31	14000,50
268	3.75	2.25	31	14000,50
268	3.25	2.25	31	14000,50
268	-39.75	-0.75	31	14050,50
268	-39.75	-0.25	31	14050,50
268	-39.25	-0.25	31	14050,50
268	-39.25	-0.75	31	14050,50
268	-39.75	-0.75	31	14050,50
268	-39.75	48.25	31	14050,0
268	-39.75	48.75	31	14050,0
268	-39.25	49.25	31	14050,0
268	-38.75	49.25	31	14050,0
268	-38.75	48.75	31	14050,0
268	-39.25	48.25	31	14050,0
268	-39.75	48.25	31	14050,0
196	-34.75	15.25	16	14050,50
196	-34.75	15.75	16	14050,50
196	-34.25	16.25	16	14050,50
196	-33.75	16.25	16	14050,50
196	-33.75	15.75	16	14050,50
196	-34.25	15.25	16	14050,50
196	-34.75	15.25	16	14050,50
197	-29.25	9.75	16	14050,50
197	-29.25	10.25	16	14050,50
197	-27.75	11.75	16	14050,50
197	-27.25	11.75	16	14050,50
197	-26.25	10.75	16	14050,50
197	-25.75	10.75	16	14050,50
197	-25.25	11.25	16	14050,50
197	-24.75	11.25	16	14050,50
197	-24.75	10.75	16	14050,50
197	-26.25	9.25	16	14050,50
197	-28.75	9.25	16	14050,50
197	-29.25	9.75	16	14050,50
198	-25.75	8.25	16	14050,50
198	-25.75	8.75	16	14050,50
198	-24.75	8.75	16	14050,50
198	-24.75	9.75	16	14050,50
198	-24.25	10.25	16	14050,50
198	-23.75	10.25	16	14050,50
198	-23.25	9.75	16	14050,50
198	-22.25	9.75	16	14050,50
198	-21.25	8.75	16	14050,50
198	-19.75	8.75	16	14050,50
198	-19.75	10.25	16	14050,50
198	-21.75	10.25	16	14050,50
198	-22.25	10.75	16	14050,50
198	-22.25	11.25	16	14050,50
198	-21.25	11.25	16	14050,50
198	-21.25	12.25	16	14050,50
198	-20.75	12.25	16	14050,50
198	-20.25	11.75	16	14050,50
198	-19.75	11.75	16	14050,50
198	-19.75	12.75	16	14050,50
198	-19.25	12.75	16	14050,50
198	-18.75	12.25	16	14050,50
198	-18.75	11.75	16	14050,50
198	-19.25	11.25	16	14050,50
198	-19.25	10.75	16	14050,50
198	-18.75	10.25	16	14050,50
198	-18.25	10.25	16	14050,50
198	-16.25	12.25	16	14050,50
198	-15.75	12.25	16	14050,50
198	-15.75	11.25	16	14050,50
198	-14.25	11.25	16	14050,50
198	-13.75	11.75	16	14050,50
198	-13.25	11.75	16	14050,50
198	-13.25	11.25	16	14050,50
198	-14.25	10.25	16	14050,50
198	-14.25	9.25	16	14050,50
198	-14.75	8.75	16	14050,50
198	-15.75	8.75	16	14050,50
198	-15.75	8.25	16	14050,50
198	-15.25	7.75	16	14050,50
198	-15.25	7.25	16	14050,50
198	-15.75	7.25	16	14050,50
198	-16.75	8.25	16	14050,50
198	-17.75	8.25	16	14050,50
198	-18.25	8.75	16	14050,50
198	-18.75	8.75	16	14050,50
198	-18.75	8.25	16	14050,50
198	-17.75	7.25	16	14050,50
198	-17.75	6.75	16	14050,50
198	-18.25	6.25	16	14050,50
198	-18.25	5.75	16	14050,50
198	-17.25	5.75	16	14050,50
198	-16.75	5.25	16	14050,50
198	-16.75	4.75	16	14050,50
198	-17.75	3.75	16	14050,50
198	-20.25	3.75	16	14050,50
198	-20.25	4.25	16	14050,50
198	-19.75	4.75	16	14050,50
198	-19.75	5.25	16	14050,50
198	-21.75	5.25	16	14050,50
198	-22.25	5.75	16	14050,50
198	-22.25	6.75	16	14050,50
198	-23.25	6.75	16	14050,50
198	-23.75	7.25	16	14050,50
198	-25.75	7.25	16	14050,50
198	-25.75	8.25	16	14050,50
270	-21.25	28.75	32	14050,50
270	-21.25	29.25	32	14050,50
270	-20.75	29.25	32	14050,50
270	-20.75	28.75	32	14050,50
270	-21.25	28.75	32	14050,50
271	-16.75	22.25	32	14050,50
271	-16.75	22.75	32	14050,50
271	-16.25	23.25	32	14050,50
271	-14.75	23.25	32	14050,50
271	-14.75	22.75	32	14050,50
271	-15.75	21.75	32	14050,50
271	-16.25	21.75	32	14050,50
271	-16.75	22.25	32	14050,50
184	-43.75	5.25	133	14000,0
184	-43.75	5.75	133	14000,0
184	-43.25	6.25	133	14000,0
184	-42.75	6.25	133	14000,0
184	-42.75	5.75	133	14000,0
184	-43.25	5.25	133	14000,0
184	-43.75	5.25	133	14000,0
183	-41.75	7.25	132	14000,0
183	-41.75	7.75	132	14000,0
183	-41.25	7.75	132	14000,0
183	-41.25	7.25	132	14000,0
183	-41.75	7.25	132	14000,0
161	-37.75	11.25	126	14000,0
161	-37.75	11.75	126	14000,0
161	-37.25	11.75	126	14000,0
161	-37.25	11.25	126	14000,0
161	-37.75	11.25	126	14000,0
162	-36.75	12.25	126	14000,0
162	-36.75	12.75	126	14000,0
162	-36.25	13.25	126	14000,0
162	-35.75	13.25	126	14000,0
162	-35.75	12.75	126	14000,0
162	-36.25	12.25	126	14000,0
162	-36.75	12.25	126	14000,0
460	-34.75	14.25	72	14000,0
460	-34.75	14.75	72	14000,0
460	-33.25	16.25	72	14000,0
460	-32.75	16.25	72	14000,0
460	-32.75	15.75	72	14000,0
460	-34.25	14.25	72	14000,0
460	-34.75	14.25	72	14000,0
478	-29.75	19.25	78	14000,0
478	-29.75	19.75	78	14000,0
478	-29.25	20.25	78	14000,0
478	-28.75	20.25	78	14000,0
478	-28.75	19.75	78	14000,0
478	-29.25	19.25	78	14000,0
478	-29.75	19.25	78	14000,0
479	-28.25	20.75	78	14000,0
479	-28.25	21.25	78	14000,0
479	-27.75	21.25	78	14000,0
479	-27.75	20.75	78	14000,0
479	-28.25	20.75	78	14000,0
480	-26.25	22.75	78	14000,0
480	-26.25	23.25	78	14000,0
480	-25.75	23.75	78	14000,0
480	-25.25	23.75	78	14000,0
480	-25.25	23.25	78	14000,0
480	-25.75	22.75	78	14000,0
480	-26.25	22.75	78	14000,0
481	-24.25	24.75	78	14000,0
481	-24.25	25.25	78	14000,0
481	-23.75	25.25	78	14000,0
481	-23.75	24.75	78	14000,0
481	-24.25	24.75	78	14000,0
179	-11.75	37.25	131	14000,0
179	-11.75	37.75	131	14000,0
179	-11.25	37.75	131	14000,0
179	-11.25	37.25	131	14000,0
179	-11.75	37.25	131	14000,0
180	-10.25	38.75	131	14000,0
180	-10.25	39.25	131	14000,0
180	-9.75	39.25	131	14000,0
180	-9.75	38.75	131	14000,0
180	-10.25	38.75	131	14000,0
181	-8.75	40.25	131	14000,0
181	-8.75	40.75	131	14000,0
181	-8.25	40.75	131	14000,0
181	-8.25	40.25	131	14000,0
181	-8.75	40.25	131	14000,0
182	-3.75	35.25	131	14000,0
182	-3.75	35.75	131	14000,0
182	-3.25	35.75	131	14000,0
182	-3.25	35.25	131	14000,0
182	-3.75	35.25	131	14000,0
158	-0.75	48.25	125	14000,0
158	-0.75	48.75	125	14000,0
158	-0.25	49.25	125	14000,0
158	0.25	49.25	125	14000,0
158	0.25	48.75	125	14000,0
158	-0.25	48.25	125	14000,0
158	-0.75	48.25	125	14000,0
158	-31.25	17.75	125	14050,50
158	-31.25	18.25	125	14050,50
158	-30.75	18.75	125	14050,50
158	-30.25	18.75	125	14050,50
158	-30.25	18.25	125	14050,50
158	-30.75	17.75	125	14050,50
158	-31.25	17.75	125	14050,50
159	3.75	44.75	125	14000,0
159	3.75	45.25	125	14000,0
159	4.25	45.25	125	14000,0
159	4.25	44.75	125	14000,0
159	3.75	44.75	125	14000,0
159	-26.25	22.75	125	14050,50
159	-26.25	23.25	125	14050,50
159	-25.75	23.25	125	14050,50
159	-25.75	22.75	125	14050,50
159	-26.25	22.75	125	14050,50
269	-38.75	0.25	31	14050,50
269	-38.75	0.75	31	14050,50
269	-38.25	0.75	31	14050,50
269	-38.25	0.25	31	14050,50
269	-38.75	0.25	31	14050,50
160	-22.25	18.75	125	14050,50
160	-22.25	19.25	125	14050,50
160	-21.75	19.25	125	14050,50
160	-21.75	18.75	125	14050,50
160	-22.25	18.75	125	14050,50
443	-33.75	5.25	64	14050,50
443	-33.75	5.75	64	14050,50
443	-33.25	5.75	64	14050,50
443	-32.75	5.25	64	14050,50
443	-32.75	4.25	64	14050,50
443	-32.25	3.75	64	14050,50
443	-31.25	3.75	64	14050,50
443	-31.25	1.25	64	14050,50
443	-32.25	1.25	64	14050,50
443	-32.75	0.75	64	14050,50
443	-33.25	0.75	64	14050,50
443	-33.25	2.25	64	14050,50
443	-32.25	2.25	64	14050,50
443	-32.25	2.75	64	14050,50
443	-33.75	4.25	64	14050,50
443	-33.75	5.25	64	14050,50
106	-21.75	17.25	116	14050,50
106	-21.75	17.75	116	14050,50
106	-21.25	18.25	116	14050,50
106	-20.75	18.25	116	14050,50
106	-20.75	17.75	116	14050,50
106	-21.25	17.25	116	14050,50
106	-21.75	17.25	116	14050,50
412	-38.25	-0.25	59	14000,0
412	-38.25	0.25	59	14000,0
412	-37.75	0.75	59	14000,0
412	-36.25	0.75	59	14000,0
412	-35.75	0.25	59	14000,0
412	-35.75	-0.25	59	14000,0
412	-38.25	-0.25	59	14000,0
240	-36.25	1.75	23	14000,0
240	-36.25	2.25	23	14000,0
240	-35.75	2.75	23	14000,0
240	-34.75	2.75	23	14000,0
240	-34.25	3.25	23	14000,0
240	-33.25	3.25	23	14000,0
240	-33.25	4.25	23	14000,0
240	-32.25	4.25	23	14000,0
240	-32.25	5.25	23	14000,0
240	-30.75	6.75	23	14000,0
240	-30.75	7.75	23	14000,0
240	-30.25	8.25	23	14000,0
240	-29.25	8.25	23	14000,0
240	-27.25	10.25	23	14000,0
240	-26.75	10.25	23	14000,0
240	-26.25	9.75	23	14000,0
240	-26.25	9.25	23	14000,0
240	-27.25	9.25	23	14000,0
240	-27.25	8.25	23	14000,0
240	-34.75	0.75	23	14000,0
240	-35.25	0.75	23	14000,0
240	-36.25	1.75	23	14000,0
441	-36.75	-0.75	63	14050,50
441	-36.75	-0.25	63	14050,50
441	-36.25	-0.25	63	14050,50
441	-36.25	-0.75	63	14050,50
441	-36.75	-0.75	63	14050,50
441	-37.75	47.25	63	14050,0
441	-37.75	47.75	63	14050,0
441	-37.25	47.75	63	14050,0
441	-37.25	47.25	63	14050,0
441	-37.75	47.25	63	14050,0
442	-34.75	0.25	63	14050,50
442	-34.75	0.75	63	14050,50
442	-34.25	0.75	63	14050,50
442	-34.25	0.25	63	14050,50
442	-34.75	0.25	63	14050,50
442	-36.25	48.75	63	14050,0
442	-36.25	49.25	63	14050,0
442	-35.75	49.25	63	14050,0
442	-35.75	48.75	63	14050,0
442	-36.25	48.75	63	14050,0
382	-27.25	8.75	48	14050,50
382	-27.25	9.25	48	14050,50
382	-26.75	9.25	48	14050,50
382	-26.25	8.75	48	14050,50
382	-26.25	8.25	48	14050,50
382	-26.75	8.25	48	14050,50
382	-27.25	8.75	48	14050,50
383	-27.75	7.25	48	14050,50
383	-27.75	7.75	48	14050,50
383	-27.25	7.75	48	14050,50
383	-27.25	7.25	48	14050,50
383	-27.75	7.25	48	14050,50
384	-25.75	9.25	48	14050,50
384	-25.75	9.75	48	14050,50
384	-25.25	9.75	48	14050,50
384	-24.75	9.25	48	14050,50
384	-24.75	8.75	48	14050,50
384	-25.25	8.75	48	14050,50
384	-25.75	9.25	48	14050,50
385	-24.75	10.25	48	14050,50
385	-24.75	10.75	48	14050,50
385	-24.25	10.75	48	14050,50
385	-24.25	10.25	48	14050,50
385	-24.75	10.25	48	14050,50
380	-10.75	25.25	47	14050,50
380	-10.75	25.75	47	14050,50
380	-10.25	25.75	47	14050,50
380	-10.25	25.25	47	14050,50
380	-10.75	25.25	47	14050,50
381	-12.25	21.75	47	14050,50
381	-12.25	22.25	47	14050,50
381	-11.75	22.75	47	14050,50
381	-9.75	22.75	47	14050,50
381	-9.75	24.75	47	14050,50
381	-9.25	24.75	47	14050,50
381	-7.75	23.25	47	14050,50
381	-7.75	22.75	47	14050,50
381	-8.25	22.25	47	14050,50
381	-8.75	22.25	47	14050,50
381	-8.75	23.25	47	14050,50
381	-9.25	23.25	47	14050,50
381	-9.25	22.25	47	14050,50
381	-10.25	21.25	47	14050,50
381	-10.75	21.25	47	14050,50
381	-11.25	21.75	47	14050,50
381	-12.25	21.75	47	14050,50
413	-6.25	29.75	6	14050,50
413	-6.25	30.25	6	14050,50
413	-5.75	30.75	6	14050,50
413	-5.25	30.75	6	14050,50
413	-5.25	30.25	6	14050,50
413	-5.75	29.75	6	14050,50
413	-6.25	29.75	6	14050,50
413	-45.25	24.75	6	14100,50
413	-45.25	25.25	6	14100,50
413	-44.75	25.25	6	14100,50
413	-43.75	24.25	6	14100,50
413	-43.75	23.75	6	14100,50
413	-44.75	22.75	6	14100,50
413	-45.25	22.75	6	14100,50
413	-45.25	24.75	6	14100,50
414	-6.75	27.25	6	14050,50
414	-6.75	27.75	6	14050,50
414	-6.25	28.25	6	14050,50
414	-5.25	28.25	6	14050,50
414	-5.25	29.25	6	14050,50
414	-4.25	30.25	6	14050,50
414	-3.25	30.25	6	14050,50
414	-2.75	30.75	6	14050,50
414	-2.25	30.75	6	14050,50
414	-1.75	30.25	6	14050,50
414	-1.25	30.25	6	14050,50
414	-1.25	31.25	6	14050,50
414	-0.75	31.25	6	14050,50
414	4.75	25.75	6	14050,50
414	4.75	20.25	6	14050,50
414	3.75	20.25	6	14050,50
414	3.75	18.25	6	14050,50
414	3.25	17.75	6	14050,50
414	3.25	17.25	6	14050,50
414	3.75	16.75	6	14050,50
414	4.75	16.75	6	14050,50
414	4.75	14.25	6	14050,50
414	2.25	14.25	6	14050,50
414	2.25	14.75	6	14050,50
414	2.75	15.25	6	14050,50
414	2.75	15.75	6	14050,50
414	1.75	15.75	6	14050,50
414	1.25	16.25	6	14050,50
414	0.75	16.25	6	14050,50
414	0.75	15.75	6	14050,50
414	1.25	15.25	6	14050,50
414	1.25	14.75	6	14050,50
414	-0.75	14.75	6	14050,50
414	-0.75	14.25	6	14050,50
414	0.25	13.25	6	14050,50
414	1.25	13.25	6	14050,50
414	1.75	12.75	6	14050,50
414	1.75	12.25	6	14050,50
414	0.75	12.25	6	14050,50
414	0.75	11.75	6	14050,50
414	1.25	11.25	6	14050,50
414	1.25	10.75	6	14050,50
414	0.75	10.75	6	14050,50
414	-0.25	11.75	6	14050,50
414	-0.25	12.75	6	14050,50
414	-1.75	12.75	6	14050,50
414	-1.75	11.75	6	14050,50
414	-2.25	11.75	6	14050,50
414	-2.75	12.25	6	14050,50
414	-3.25	12.25	6	14050,50
414	-3.25	11.25	6	14050,50
414	-3.75	10.75	6	14050,50
414	-4.25	10.75	6	14050,50
414	-4.25	11.75	6	14050,50
414	-5.25	11.75	6	14050,50
414	-5.25	12.75	6	14050,50
414	-5.75	13.25	6	14050,50
414	-5.75	13.75	6	14050,50
414	-4.75	14.75	6	14050,50
414	-4.75	15.75	6	14050,50
414	-4.25	16.25	6	14050,50
414	-3.75	16.25	6	14050,50
414	-3.75	14.75	6	14050,50
414	-4.25	14.25	6	14050,50
414	-4.25	13.75	6	14050,50
414	-3.25	13.75	6	14050,50
414	-2.75	13.25	6	14050,50
414	-2.25	13.25	6	14050,50
414	-2.25	14.75	6	14050,50
414	-2.75	15.25	6	14050,50
414	-2.75	15.75	6	14050,50
414	-2.25	16.25	6	14050,50
414	-2.25	20.25	6	14050,50
414	-1.25	20.25	6	14050,50
414	-1.25	21.25	6	14050,50
414	-0.75	21.75	6	14050,50
414	-0.75	22.25	6	14050,50
414	-1.25	22.25	6	14050,50
414	-1.75	21.75	6	14050,50
414	-2.75	21.75	6	14050,50
414	-3.25	21.25	6	14050,50
414	-3.75	21.25	6	14050,50
414	-4.25	21.75	6	14050,50
414	-4.25	23.75	6	14050,50
414	-4.75	23.75	6	14050,50
414	-5.25	23.25	6	14050,50
414	-5.75	23.25	6	14050,50
414	-5.75	23.75	6	14050,50
414	-4.75	24.75	6	14050,50
414	-3.75	24.75	6	14050,50
414	-3.75	25.25	6	14050,50
414	-4.25	25.75	6	14050,50
414	-5.25	25.75	6	14050,50
414	-5.25	26.75	6	14050,50
414	-6.25	26.75	6	14050,50
414	-6.75	27.25	6	14050,50
414	-45.25	20.75	6	14100,50
414	-45.25	21.25	6	14100,50
414	-44.75	21.75	6	14100,50
414	-44.25	21.75	6	14100,50
414	-44.25	21.25	6	14100,50
414	-44.75	20.75	6	14100,50
414	-44.75	20.25	6	14100,50
414	-44.25	20.25	6	14100,50
414	-43.75	20.75	6	14100,50
414	-43.25	20.75	6	14100,50
414	-42.75	20.25	6	14100,50
414	-42.75	19.75	6	14100,50
414	-43.75	18.75	6	14100,50
414	-43.75	17.75	6	14100,50
414	-45.25	17.75	6	14100,50
414	-45.25	20.75	6	14100,50
415	-1.75	15.25	6	14050,50
415	-1.75	15.75	6	14050,50
415	-1.25	15.75	6	14050,50
415	-1.25	15.25	6	14050,50
415	-1.75	15.25	6	14050,50
415	-45.25	15.75	6	14100,50
415	-45.25	16.25	6	14100,50
415	-44.75	16.25	6	14100,50
415	-44.75	14.75	6	14100,50
415	-45.25	14.75	6	14100,50
415	-45.25	15.75	6	14100,50
107	-21.75	13.25	117	14050,50
107	-21.75	13.75	117	14050,50
107	-21.25	13.75	117	14050,50
107	-21.25	13.25	117	14050,50
107	-21.75	13.25	117	14050,50
108	-20.75	14.25	117	14050,50
108	-20.75	14.75	117	14050,50
108	-20.25	15.25	117	14050,50
108	-19.75	15.25	117	14050,50
108	-19.75	14.75	117	14050,50
108	-20.25	14.25	117	14050,50
108	-20.75	14.25	117	14050,50
195	-34.25	-0.25	15	14000,0
195	-34.25	0.25	15	14000,0
195	-33.75	0.75	15	14000,0
195	-31.75	0.75	15	14000,0
195	-29.25	3.25	15	14000,0
195	-28.75	3.25	15	14000,0
195	-27.75	2.25	15	14000,0
195	-27.75	1.75	15	14000,0
195	-29.75	-0.25	15	14000,0
195	-34.25	-0.25	15	14000,0
366	-33.25	0.75	41	14000,0
366	-33.25	1.25	41	14000,0
366	-29.25	5.25	41	14000,0
366	-28.25	5.25	41	14000,0
366	-27.75	5.75	41	14000,0
366	-26.25	5.75	41	14000,0
366	-25.75	5.25	41	14000,0
366	-25.75	4.25	41	14000,0
366	-24.75	4.25	41	14000,0
366	-24.25	3.75	41	14000,0
366	-24.25	2.75	41	14000,0
366	-23.75	2.25	41	14000,0
366	-23.75	1.75	41	14000,0
366	-24.25	1.75	41	14000,0
366	-24.75	2.25	41	14000,0
366	-25.75	2.25	41	14000,0
366	-25.75	3.25	41	14000,0
366	-26.75	3.25	41	14000,0
366	-27.75	4.25	41	14000,0
366	-28.25	4.25	41	14000,0
366	-31.75	0.75	41	14000,0
366	-33.25	0.75	41	14000,0
521	-28.75	5.25	9	14000,0
521	-28.75	5.75	9	14000,0
521	-22.25	12.25	9	14000,0
521	-21.75	12.25	9	14000,0
521	-13.75	4.25	9	14000,0
521	-13.75	2.75	9	14000,0
521	-15.25	2.75	9	14000,0
521	-15.25	3.25	9	14000,0
521	-14.75	3.75	9	14000,0
521	-14.75	4.25	9	14000,0
521	-15.25	4.25	9	14000,0
521	-15.75	3.75	9	14000,0
521	-16.25	3.75	9	14000,0
521	-17.25	4.75	9	14000,0
521	-18.25	4.75	9	14000,0
521	-18.75	5.25	9	14000,0
521	-19.25	5.25	9	14000,0
521	-19.75	4.75	9	14000,0
521	-20.25	4.75	9	14000,0
521	-20.25	6.75	9	14000,0
521	-21.75	6.75	9	14000,0
521	-21.75	6.25	9	14000,0
521	-21.25	5.75	9	14000,0
521	-21.25	4.25	9	14000,0
521	-21.75	4.25	9	14000,0
521	-22.25	4.75	9	14000,0
521	-22.75	4.75	9	14000,0
521	-22.75	1.75	9	14000,0
521	-23.25	1.75	9	14000,0
521	-24.25	2.75	9	14000,0
521	-24.25	3.75	9	14000,0
521	-24.75	4.25	9	14000,0
521	-25.75	4.25	9	14000,0
521	-25.75	5.25	9	14000,0
521	-26.25	5.75	9	14000,0
521	-27.75	5.75	9	14000,0
521	-28.25	5.25	9	14000,0
521	-28.75	5.25	9	14000,0
104	-28.75	3.25	114	14000,0
104	-28.75	3.75	114	14000,0
104	-28.25	4.25	114	14000,0
104	-27.75	4.25	114	14000,0
104	-26.75	3.25	114	14000,0
104	-25.75	3.25	114	14000,0
104	-25.75	2.25	114	14000,0
104	-24.75	2.25	114	14000,0
104	-24.25	1.75	114	14000,0
104	-23.25	1.75	114	14000,0
104	-23.25	1.25	114	14000,0
104	-23.75	0.75	114	14000,0
104	-24.25	0.75	114	14000,0
104	-24.75	1.25	114	14000,0
104	-25.25	1.25	114	14000,0
104	-25.75	0.75	114	14000,0
104	-26.25	0.75	114	14000,0
104	-28.75	3.25	114	14000,0
437	-29.25	-0.25	61	14000,0
437	-29.25	0.25	61	14000,0
437	-27.75	1.75	61	14000,0
437	-27.25	1.75	61	14000,0
437	-26.25	0.75	61	14000,0
437	-25.75	0.75	61	14000,0
437	-25.25	1.25	61	14000,0
437	-24.75	1.25	61	14000,0
437	-24.25	0.75	61	14000,0
437	-23.75	0.75	61	14000,0
437	-23.25	1.25	61	14000,0
437	-22.75	1.25	61	14000,0
437	-22.25	0.75	61	14000,0
437	-16.75	0.75	61	14000,0
437	-16.25	1.25	61	14000,0
437	-14.75	1.25	61	14000,0
437	-13.75	0.25	61	14000,0
437	-13.75	-0.25	61	14000,0
437	-29.25	-0.25	61	14000,0
525	-21.75	6.25	92	14000,0
525	-21.75	6.75	92	14000,0
525	-20.25	6.75	92	14000,0
525	-20.25	4.75	92	14000,0
525	-19.75	4.75	92	14000,0
525	-19.25	5.25	92	14000,0
525	-18.75	5.25	92	14000,0
525	-18.25	4.75	92	14000,0
525	-17.25	4.75	92	14000,0
525	-16.25	3.75	92	14000,0
525	-15.75	3.75	92	14000,0
525	-15.25	4.25	92	14000,0
525	-14.75	4.25	92	14000,0
525	-14.75	3.75	92	14000,0
525	-15.25	3.25	92	14000,0
525	-15.25	2.75	92	14000,0
525	-13.75	2.75	92	14000,0
525	-13.75	3.75	92	14000,0
525	-13.25	3.75	92	14000,0
525	-10.75	1.25	92	14000,0
525	-10.75	0.75	92	14000,0
525	-12.25	0.75	92	14000,0
525	-13.25	1.75	92	14000,0
525	-13.75	1.75	92	14000,0
525	-14.25	1.25	92	14000,0
525	-16.25	1.25	92	14000,0
525	-16.75	0.75	92	14000,0
525	-17.25	0.75	92	14000,0
525	-20.25	3.75	92	14000,0
525	-20.75	3.75	92	14000,0
525	-22.25	2.25	92	14000,0
525	-22.75	2.25	92	14000,0
525	-22.75	4.75	92	14000,0
525	-22.25	4.75	92	14000,0
525	-21.75	4.25	92	14000,0
525	-21.25	4.25	92	14000,0
525	-21.25	5.75	92	14000,0
525	-21.75	6.25	92	14000,0
398	-8.75	18.25	51	14050,50
398	-8.75	18.75	51	14050,50
398	-8.25	19.25	51	14050,50
398	-7.25	19.25	51	14050,50
398	-7.25	20.25	51	14050,50
398	-6.75	20.25	51	14050,50
398	-6.25	19.75	51	14050,50
398	-5.75	19.75	51	14050,50
398	-5.75	20.25	51	14050,50
398	-6.25	20.75	51	14050,50
398	-6.25	21.25	51	14050,50
398	-5.75	21.75	51	14050,50
398	-5.25	21.75	51	14050,50
398	-5.25	19.25	51	14050,50
398	-6.25	18.25	51	14050,50
398	-6.25	17.75	51	14050,50
398	-5.25	17.75	51	14050,50
398	-5.25	17.25	51	14050,50
398	-6.25	16.25	51	14050,50
398	-6.75	16.25	51	14050,50
398	-6.75	17.25	51	14050,50
398	-7.75	18.25	51	14050,50
398	-8.75	18.25	51	14050,50
404	-22.75	1.25	54	14000,0
404	-22.75	1.75	54	14000,0
404	-20.75	3.75	54	14000,0
404	-20.25	3.75	54	14000,0
404	-17.75	1.25	54	14000,0
404	-17.75	0.75	54	14000,0
404	-22.25	0.75	54	14000,0
404	-22.75	1.25	54	14000,0
212	-45.25	21.75	2	14100,50
212	-45.25	22.25	2	14100,50
212	-43.75	23.75	2	14100,50
212	-43.25	23.75	2	14100,50
212	-39.75	20.25	2	14100,50
212	-39.75	19.25	2	14100,50
212	-38.75	19.25	2	14100,50
212	-37.75	18.25	2	14100,50
212	-37.75	16.75	2	14100,50
212	-38.25	16.75	2	14100,50
212	-38.75	17.25	2	14100,50
212	-39.25	17.25	2	14100,50
212	-39.25	16.25	2	14100,50
212	-40.25	15.25	2	14100,50
212	-40.75	15.25	2	14100,50
212	-41.25	15.75	2	14100,50
212	-41.25	16.75	2	14100,50
212	-42.25	16.75	2	14100,50
212	-42.75	17.25	2	14100,50
212	-43.25	17.25	2	14100,50
212	-43.25	16.75	2	14100,50
212	-42.25	15.75	2	14100,50
212	-42.25	15.25	2	14100,50
212	-44.75	15.25	2	14100,50
212	-44.75	16.25	2	14100,50
212	-45.25	16.75	2	14100,50
212	-45.25	17.25	2	14100,50
212	-44.75	17.75	2	14100,50
212	-43.75	17.75	2	14100,50
212	-43.75	18.75	2	14100,50
212	-42.75	19.75	2	14100,50
212	-42.75	20.25	2	14100,50
212	-43.25	20.75	2	14100,50
212	-43.75	20.75	2	14100,50
212	-44.25	20.25	2	14100,50
212	-44.75	20.25	2	14100,50
212	-44.75	20.75	2	14100,50
212	-44.25	21.25	2	14100,50
212	-44.25	21.75	2	14100,50
212	-45.25	21.75	2	14100,50
212	3.75	19.75	2	14050,50
212	3.75	20.25	2	14050,50
212	4.25	20.25	2	14050,50
212	4.75	19.75	2	14050,50
212	4.75	17.25	2	14050,50
212	4.25	16.75	2	14050,50
212	3.75	16.75	2	14050,50
212	3.25	17.25	2	14050,50
212	3.25	17.75	2	14050,50
212	3.75	18.25	2	14050,50
212	3.75	19.75	2	14050,50
156	-14.25	0.75	123	14000,0
156	-14.25	1.25	123	14000,0
156	-13.75	1.75	123	14000,0
156	-13.25	1.75	123	14000,0
156	-12.75	1.25	123	14000,0
156	-12.75	0.75	123	14000,0
156	-13.25	0.25	123	14000,0
156	-13.75	0.25	123	14000,0
156	-14.25	0.75	123	14000,0
449	-0.75	14.25	7	14050,50
449	-0.75	14.75	7	14050,50
449	1.25	14.75	7	14050,50
449	1.25	15.25	7	14050,50
449	0.75	15.75	7	14050,50
449	0.75	16.25	7	14050,50
449	1.25	16.25	7	14050,50
449	1.75	15.75	7	14050,50
449	2.75	15.75	7	14050,50
449	2.75	15.25	7	14050,50
449	1.75	14.25	7	14050,50
449	1.75	13.75	7	14050,50
449	2.25	13.25	7	14050,50
449	2.75	13.25	7	14050,50
449	3.75	14.25	7	14050,50
449	4.25	14.25	7	14050,50
449	4.75	13.75	7	14050,50
449	4.75	13.25	7	14050,50
449	3.75	13.25	7	14050,50
449	3.75	12.75	7	14050,50
449	4.75	11.75	7	14050,50
449	4.75	11.25	7	14050,50
449	3.75	11.25	7	14050,50
449	3.25	10.75	7	14050,50
449	3.25	10.25	7	14050,50
449	4.75	8.75	7	14050,50
449	4.75	7.25	7	14050,50
449	4.25	7.25	7	14050,50
449	3.75	7.75	7	14050,50
449	3.75	8.75	7	14050,50
449	2.75	9.75	7	14050,50
449	1.75	9.75	7	14050,50
449	1.75	10.75	7	14050,50
449	0.75	11.75	7	14050,50
449	0.75	12.25	7	14050,50
449	1.25	12.25	7	14050,50
449	1.75	11.75	7	14050,50
449	2.25	11.75	7	14050,50
449	2.25	12.25	7	14050,50
449	1.25	13.25	7	14050,50
449	0.25	13.25	7	14050,50
449	-0.75	14.25	7	14050,50
449	-45.25	13.75	7	14100,50
449	-45.25	14.25	7	14100,50
449	-44.75	14.75	7	14100,50
449	-44.25	14.75	7	14100,50
449	-44.25	13.25	7	14100,50
449	-44.75	12.75	7	14100,50
449	-44.75	12.25	7	14100,50
449	-43.75	12.25	7	14100,50
449	-43.75	11.75	7	14100,50
449	-44.25	11.25	7	14100,50
449	-44.75	11.25	7	14100,50
449	-45.25	11.75	7	14100,50
449	-45.25	13.75	7	14100,50
450	-0.75	11.25	7	14050,50
450	-0.75	11.75	7	14050,50
450	-0.25	11.75	7	14050,50
450	1.25	10.25	7	14050,50
450	1.25	9.75	7	14050,50
450	-0.25	9.75	7	14050,50
450	-0.25	10.75	7	14050,50
450	-0.75	11.25	7	14050,50
450	-42.25	12.75	7	14100,50
450	-42.25	13.25	7	14100,50
450	-41.25	13.25	7	14100,50
450	-40.75	13.75	7	14100,50
450	-39.25	13.75	7	14100,50
450	-39.25	12.25	7	14100,50
450	-40.25	11.25	7	14100,50
450	-40.25	10.25	7	14100,50
450	-41.75	10.25	7	14100,50
450	-42.25	10.75	7	14100,50
450	-42.25	12.75	7	14100,50
289	-13.25	-0.25	37	14000,0
289	-13.25	0.25	37	14000,0
289	-12.75	0.75	37	14000,0
289	-10.25	0.75	37	14000,0
289	-9.75	0.25	37	14000,0
289	-9.75	-0.25	37	14000,0
289	-13.25	-0.25	37	14000,0
246	-2.75	9.25	27	14050,50
246	-2.75	9.75	27	14050,50
246	-1.75	9.75	27	14050,50
246	-0.75	10.75	27	14050,50
246	-0.25	10.75	27	14050,50
246	-0.25	9.75	27	14050,50
246	2.75	9.75	27	14050,50
246	3.75	8.75	27	14050,50
246	3.75	8.25	27	14050,50
246	3.25	8.25	27	14050,50
246	2.75	8.75	27	14050,50
246	2.25	8.75	27	14050,50
246	1.75	8.25	27	14050,50
246	1.75	7.75	27	14050,50
246	2.25	7.25	27	14050,50
246	2.25	4.75	27	14050,50
246	1.75	4.75	27	14050,50
246	1.25	5.25	27	14050,50
246	1.25	6.25	27	14050,50
246	0.25	7.25	27	14050,50
246	0.25	8.25	27	14050,50
246	-1.75	8.25	27	14050,50
246	-2.75	9.25	27	14050,50
531	1.75	13.75	96	14050,50
531	1.75	14.25	96	14050,50
531	3.25	14.25	96	14050,50
531	3.25	13.75	96	14050,50
531	2.75	13.25	96	14050,50
531	2.25	13.25	96	14050,50
531	1.75	13.75	96	14050,50
199	-43.25	16.75	17	14100,50
199	-43.25	17.25	17	14100,50
199	-42.75	17.25	17	14100,50
199	-42.25	16.75	17	14100,50
199	-41.25	16.75	17	14100,50
199	-41.25	15.75	17	14100,50
199	-40.75	15.25	17	14100,50
199	-40.25	15.25	17	14100,50
199	-39.25	16.25	17	14100,50
199	-39.25	17.25	17	14100,50
199	-38.75	17.25	17	14100,50
199	-38.25	16.75	17	14100,50
199	-37.75	16.75	17	14100,50
199	-37.75	17.75	17	14100,50
199	-37.25	17.75	17	14100,50
199	-35.75	16.25	17	14100,50
199	-35.75	15.75	17	14100,50
199	-36.75	14.75	17	14100,50
199	-36.75	14.25	17	14100,50
199	-36.25	13.75	17	14100,50
199	-36.25	12.75	17	14100,50
199	-35.75	12.25	17	14100,50
199	-34.75	12.25	17	14100,50
199	-34.25	11.75	17	14100,50
199	-34.25	11.25	17	14100,50
199	-34.75	10.75	17	14100,50
199	-34.75	10.25	17	14100,50
199	-34.25	9.75	17	14100,50
199	-34.25	8.75	17	14100,50
199	-33.75	8.25	17	14100,50
199	-32.25	8.25	17	14100,50
199	-32.25	9.25	17	14100,50
199	-31.75	9.75	17	14100,50
199	-31.25	9.75	17	14100,50
199	-31.25	8.75	17	14100,50
199	-30.75	8.25	17	14100,50
199	-30.75	7.25	17	14100,50
199	-30.25	7.25	17	14100,50
199	-29.75	7.75	17	14100,50
199	-29.25	7.75	17	14100,50
199	-28.25	6.75	17	14100,50
199	-28.25	5.75	17	14100,50
199	-27.75	5.75	17	14100,50
199	-26.75	6.75	17	14100,50
199	-26.25	6.75	17	14100,50
199	-19.25	-0.25	17	14100,50
199	-19.25	-0.75	17	14100,50
199	-20.75	-0.75	17	14100,50
199	-21.75	0.25	17	14100,50
199	-22.25	0.25	17	14100,50
199	-23.25	-0.75	17	14100,50
199	-24.75	-0.75	17	14100,50
199	-25.25	-0.25	17	14100,50
199	-25.75	-0.25	17	14100,50
199	-26.25	-0.75	17	14100,50
199	-26.75	-0.75	17	14100,50
199	-27.25	-0.25	17	14100,50
199	-28.25	-0.25	17	14100,50
199	-28.25	0.25	17	14100,50
199	-27.75	0.75	17	14100,50
199	-27.75	1.75	17	14100,50
199	-27.25	2.25	17	14100,50
199	-25.75	2.25	17	14100,50
199	-25.25	1.75	17	14100,50
199	-23.75	1.75	17	14100,50
199	-23.75	2.25	17	14100,50
199	-24.75	3.25	17	14100,50
199	-25.75	3.25	17	14100,50
199	-26.25	3.75	17	14100,50
199	-26.25	5.75	17	14100,50
199	-26.75	5.75	17	14100,50
199	-27.75	4.75	17	14100,50
199	-27.75	3.75	17	14100,50
199	-28.25	3.25	17	14100,50
199	-31.25	3.25	17	14100,50
199	-31.25	2.25	17	14100,50
199	-31.75	1.75	17	14100,50
199	-31.75	0.75	17	14100,50
199	-32.25	0.75	17	14100,50
199	-34.75	3.25	17	14100,50
199	-35.75	3.25	17	14100,50
199	-36.25	3.75	17	14100,50
199	-36.25	4.25	17	14100,50
199	-35.75	4.75	17	14100,50
199	-35.75	5.25	17	14100,50
199	-37.75	5.25	17	14100,50
199	-38.75	6.25	17	14100,50
199	-38.75	7.75	17	14100,50
199	-38.25	8.25	17	14100,50
199	-38.25	10.75	17	14100,50
199	-38.75	10.75	17	14100,50
199	-39.25	10.25	17	14100,50
199	-39.25	9.25	17	14100,50
199	-39.75	8.75	17	14100,50
199	-40.75	8.75	17	14100,50
199	-40.75	8.25	17	14100,50
199	-40.25	7.75	17	14100,50
199	-40.25	7.25	17	14100,50
199	-40.75	7.25	17	14100,50
199	-41.75	8.25	17	14100,50
199	-41.75	9.75	17	14100,50
199	-41.25	10.25	17	14100,50
199	-40.25	10.25	17	14100,50
199	-40.25	11.25	17	14100,50
199	-39.25	12.25	17	14100,50
199	-39.25	13.75	17	14100,50
199	-40.75	13.75	17	14100,50
199	-41.25	13.25	17	14100,50
199	-42.25	13.25	17	14100,50
199	-42.25	10.25	17	14100,50
199	-42.75	10.25	17	14100,50
199	-43.25	10.75	17	14100,50
199	-43.75	10.75	17	14100,50
199	-44.25	10.25	17	14100,50
199	-44.25	9.75	17	14100,50
199	-43.75	9.25	17	14100,50
199	-43.75	8.75	17	14100,50
199	-44.75	7.75	17	14100,50
199	-45.25	7.75	17	14100,50
199	-45.25	8.25	17	14100,50
199	-44.75	8.75	17	14100,50
199	-44.75	9.25	17	14100,50
199	-45.25	9.75	17	14100,50
199	-45.25	11.25	17	14100,50
199	-44.25	11.25	17	14100,50
199	-43.75	11.75	17	14100,50
199	-43.75	12.25	17	14100,50
199	-44.75	12.25	17	14100,50
199	-44.75	12.75	17	14100,50
199	-44.25	13.25	17	14100,50
199	-44.25	15.25	17	14100,50
199	-42.25	15.25	17	14100,50
199	-42.25	15.75	17	14100,50
199	-43.25	16.75	17	14100,50
199	3.75	10.75	17	14050,50
199	3.75	11.25	17	14050,50
199	4.25	11.25	17	14050,50
199	4.75	10.75	17	14050,50
199	4.75	10.25	17	14050,50
199	4.25	10.25	17	14050,50
199	3.75	10.75	17	14050,50
199	-34.25	47.75	17	14100,0
199	-34.25	48.25	17	14100,0
199	-33.25	49.25	17	14100,0
199	-32.75	49.25	17	14100,0
199	-32.75	48.75	17	14100,0
199	-33.75	47.75	17	14100,0
199	-34.25	47.75	17	14100,0
200	-36.25	9.75	17	14100,50
200	-36.25	10.25	17	14100,50
200	-35.75	10.25	17	14100,50
200	-35.75	9.75	17	14100,50
200	-36.25	9.75	17	14100,50
200	-30.75	48.25	17	14100,0
200	-30.75	48.75	17	14100,0
200	-30.25	49.25	17	14100,0
200	-27.75	49.25	17	14100,0
200	-26.75	48.25	17	14100,0
200	-26.75	45.25	17	14100,0
200	-26.25	44.75	17	14100,0
200	-25.75	44.75	17	14100,0
200	-25.75	45.75	17	14100,0
200	-24.75	45.75	17	14100,0
200	-23.75	46.75	17	14100,0
200	-23.25	46.75	17	14100,0
200	-23.25	44.75	17	14100,0
200	-22.25	44.75	17	14100,0
200	-21.75	44.25	17	14100,0
200	-21.75	43.25	17	14100,0
200	-21.25	43.25	17	14100,0
200	-20.25	44.25	17	14100,0
200	-19.75	44.25	17	14100,0
200	-19.75	43.25	17	14100,0
200	-18.75	43.25	17	14100,0
200	-18.75	42.75	17	14100,0
200	-19.25	42.25	17	14100,0
200	-19.75	42.25	17	14100,0
200	-20.25	42.75	17	14100,0
200	-20.75	42.75	17	14100,0
200	-20.75	41.25	17	14100,0
200	-18.25	41.25	17	14100,0
200	-18.25	42.25	17	14100,0
200	-16.25	42.25	17	14100,0
200	-15.75	42.75	17	14100,0
200	-15.75	43.25	17	14100,0
200	-16.25	43.75	17	14100,0
200	-16.75	43.75	17	14100,0
200	-17.25	43.25	17	14100,0
200	-17.75	43.25	17	14100,0
200	-17.75	44.25	17	14100,0
200	-18.75	44.25	17	14100,0
200	-19.25	44.75	17	14100,0
200	-19.25	45.25	17	14100,0
200	-18.75	45.75	17	14100,0
200	-18.75	46.25	17	14100,0
200	-19.25	46.25	17	14100,0
200	-19.75	45.75	17	14100,0
200	-20.25	45.75	17	14100,0
200	-20.25	47.25	17	14100,0
200	-19.25	47.25	17	14100,0
200	-19.25	47.75	17	14100,0
200	-20.25	48.75	17	14100,0
200	-20.25	49.25	17	14100,0
200	-18.75	49.25	17	14100,0
200	-10.75	41.25	17	14100,0
200	-10.75	40.75	17	14100,0
200	-11.25	40.25	17	14100,0
200	-12.25	40.25	17	14100,0
200	-12.25	38.75	17	14100,0
200	-11.75	38.25	17	14100,0
200	-11.75	37.75	17	14100,0
200	-12.25	37.25	17	14100,0
200	-12.25	36.75	17	14100,0
200	-11.25	36.75	17	14100,0
200	-10.25	35.75	17	14100,0
200	-10.25	34.25	17	14100,0
200	-11.75	32.75	17	14100,0
200	-12.25	32.75	17	14100,0
200	-12.25	33.25	17	14100,0
200	-11.75	33.75	17	14100,0
200	-11.75	34.25	17	14100,0
200	-12.25	34.75	17	14100,0
200	-12.75	34.75	17	14100,0
200	-13.25	34.25	17	14100,0
200	-13.75	34.25	17	14100,0
200	-14.25	34.75	17	14100,0
200	-14.25	35.75	17	14100,0
200	-15.25	36.75	17	14100,0
200	-15.25	37.75	17	14100,0
200	-15.75	37.75	17	14100,0
200	-17.25	36.25	17	14100,0
200	-18.25	36.25	17	14100,0
200	-18.75	35.75	17	14100,0
200	-19.25	35.75	17	14100,0
200	-19.25	36.25	17	14100,0
200	-18.75	36.75	17	14100,0
200	-18.75	37.25	17	14100,0
200	-19.75	37.25	17	14100,0
200	-20.25	37.75	17	14100,0
200	-20.25	38.25	17	14100,0
200	-18.25	38.25	17	14100,0
200	-18.25	38.75	17	14100,0
200	-18.75	39.25	17	14100,0
200	-20.25	39.25	17	14100,0
200	-20.75	38.75	17	14100,0
200	-21.25	38.75	17	14100,0
200	-21.75	39.25	17	14100,0
200	-21.75	40.25	17	14100,0
200	-22.75	40.25	17	14100,0
200	-23.25	40.75	17	14100,0
200	-24.25	40.75	17	14100,0
200	-24.25	41.75	17	14100,0
200	-25.25	41.75	17	14100,0
200	-25.25	43.25	17	14100,0
200	-24.75	43.75	17	14100,0
200	-24.75	44.25	17	14100,0
200	-25.25	44.25	17	14100,0
200	-26.25	43.25	17	14100,0
200	-26.25	41.75	17	14100,0
200	-24.75	40.25	17	14100,0
200	-24.75	39.75	17	14100,0
200	-25.25	39.75	17	14100,0
200	-25.75	40.25	17	14100,0
200	-26.75	40.25	17	14100,0
200	-27.25	40.75	17	14100,0
200	-28.25	40.75	17	14100,0
200	-28.75	41.25	17	14100,0
200	-28.75	41.75	17	14100,0
200	-28.25	42.25	17	14100,0
200	-28.25	42.75	17	14100,0
200	-29.25	42.75	17	14100,0
200	-29.25	43.75	17	14100,0
200	-30.75	45.25	17	14100,0
200	-31.25	45.25	17	14100,0
200	-32.25	44.25	17	14100,0
200	-33.75	44.25	17	14100,0
200	-33.75	44.75	17	14100,0
200	-33.25	45.25	17	14100,0
200	-32.25	45.25	17	14100,0
200	-31.75	45.75	17	14100,0
200	-31.75	46.75	17	14100,0
200	-30.75	47.75	17	14100,0
200	-30.75	48.25	17	14100,0
201	-35.25	6.75	17	14100,50
201	-35.25	7.25	17	14100,50
201	-34.75	7.75	17	14100,50
201	-34.25	7.75	17	14100,50
201	-34.25	5.75	17	14100,50
201	-33.75	5.75	17	14100,50
201	-32.25	7.25	17	14100,50
201	-31.75	7.25	17	14100,50
201	-31.75	6.25	17	14100,50
201	-31.25	5.75	17	14100,50
201	-31.25	4.25	17	14100,50
201	-32.25	4.25	17	14100,50
201	-32.25	3.25	17	14100,50
201	-32.75	3.25	17	14100,50
201	-33.25	3.75	17	14100,50
201	-33.25	4.25	17	14100,50
201	-32.25	5.25	17	14100,50
201	-32.25	5.75	17	14100,50
201	-32.75	5.75	17	14100,50
201	-34.25	4.25	17	14100,50
201	-34.75	4.25	17	14100,50
201	-34.75	5.25	17	14100,50
201	-35.25	5.75	17	14100,50
201	-35.25	6.75	17	14100,50
201	-25.75	48.25	17	14100,0
201	-25.75	48.75	17	14100,0
201	-25.25	49.25	17	14100,0
201	-24.75	49.25	17	14100,0
201	-24.75	48.75	17	14100,0
201	-25.25	48.25	17	14100,0
201	-25.75	48.25	17	14100,0
202	-34.75	0.25	17	14100,50
202	-34.75	0.75	17	14100,50
202	-33.25	0.75	17	14100,50
202	-32.25	-0.25	17	14100,50
202	-32.25	-0.75	17	14100,50
202	-34.75	-0.75	17	14100,50
202	-34.75	0.25	17	14100,50
202	-24.25	49.25	17	14100,0
202	-24.25	47.75	17	14100,0
202	-21.75	47.75	17	14100,0
202	-21.75	49.25	17	14100,0
202	-24.25	49.25	17	14100,0
97	3.75	12.75	111	14050,50
97	3.75	13.25	111	14050,50
97	4.25	13.25	111	14050,50
97	4.75	12.75	111	14050,50
97	4.75	12.25	111	14050,50
97	4.25	12.25	111	14050,50
97	3.75	12.75	111	14050,50
451	-45.25	8.75	7	14100,50
451	-45.25	9.25	7	14100,50
451	-44.75	9.25	7	14100,50
451	-44.75	8.75	7	14100,50
451	-45.25	8.75	7	14100,50
452	-44.25	9.75	7	14100,50
452	-44.25	10.25	7	14100,50
452	-43.75	10.75	7	14100,50
452	-43.25	10.75	7	14100,50
452	-43.25	9.75	7	14100,50
452	-42.25	9.75	7	14100,50
452	-41.75	9.25	7	14100,50
452	-41.75	8.75	7	14100,50
452	-42.75	7.75	7	14100,50
452	-42.75	6.75	7	14100,50
452	-43.75	5.75	7	14100,50
452	-44.25	5.75	7	14100,50
452	-45.25	6.75	7	14100,50
452	-45.25	7.25	7	14100,50
452	-43.75	8.75	7	14100,50
452	-43.75	9.25	7	14100,50
452	-44.25	9.75	7	14100,50
453	-44.25	6.75	7	14100,50
453	-44.25	7.25	7	14100,50
453	-43.75	7.75	7	14100,50
453	-43.25	7.75	7	14100,50
453	-43.25	7.25	7	14100,50
453	-43.75	6.75	7	14100,50
453	-44.25	6.75	7	14100,50
69	-39.75	19.25	102	14100,50
69	-39.75	19.75	102	14100,50
69	-39.25	19.75	102	14100,50
69	-39.25	19.25	102	14100,50
69	-39.75	19.25	102	14100,50
74	-44.25	6.75	104	14100,50
74	-44.25	7.25	104	14100,50
74	-43.75	7.75	104	14100,50
74	-43.25	7.75	104	14100,50
74	-43.25	7.25	104	14100,50
74	-43.75	6.75	104	14100,50
74	-44.25	6.75	104	14100,50
244	-36.75	14.25	25	14100,50
244	-36.75	14.75	25	14100,50
244	-35.75	15.75	25	14100,50
244	-35.25	15.75	25	14100,50
244	-26.75	7.25	25	14100,50
244	-26.75	6.75	25	14100,50
244	-27.75	5.75	25	14100,50
244	-28.25	5.75	25	14100,50
244	-28.25	6.75	25	14100,50
244	-29.25	7.75	25	14100,50
244	-29.75	7.75	25	14100,50
244	-30.25	7.25	25	14100,50
244	-30.75	7.25	25	14100,50
244	-30.75	8.25	25	14100,50
244	-31.25	8.75	25	14100,50
244	-31.25	9.75	25	14100,50
244	-31.75	9.75	25	14100,50
244	-32.25	9.25	25	14100,50
244	-32.25	8.25	25	14100,50
244	-33.75	8.25	25	14100,50
244	-34.25	8.75	25	14100,50
244	-34.25	9.75	25	14100,50
244	-34.75	10.25	25	14100,50
244	-34.75	10.75	25	14100,50
244	-34.25	11.25	25	14100,50
244	-34.25	11.75	25	14100,50
244	-34.75	12.25	25	14100,50
244	-35.75	12.25	25	14100,50
244	-36.25	12.75	25	14100,50
244	-36.25	13.75	25	14100,50
244	-36.75	14.25	25	14100,50
272	-43.25	5.75	33	14100,50
272	-43.25	6.25	33	14100,50
272	-42.75	6.75	33	14100,50
272	-42.25	6.75	33	14100,50
272	-41.75	6.25	33	14100,50
272	-41.75	5.75	33	14100,50
272	-43.25	5.75	33	14100,50
273	-41.25	4.75	33	14100,50
273	-41.25	5.25	33	14100,50
273	-39.25	7.25	33	14100,50
273	-38.75	7.25	33	14100,50
273	-38.75	6.25	33	14100,50
273	-37.75	5.25	33	14100,50
273	-36.75	5.25	33	14100,50
273	-36.75	4.75	33	14100,50
273	-37.25	4.25	33	14100,50
273	-38.25	4.25	33	14100,50
273	-38.25	3.75	33	14100,50
273	-37.75	3.25	33	14100,50
273	-37.75	2.75	33	14100,50
273	-38.25	2.75	33	14100,50
273	-39.25	3.75	33	14100,50
273	-39.25	4.25	33	14100,50
273	-38.75	4.75	33	14100,50
273	-38.75	5.25	33	14100,50
273	-39.25	5.75	33	14100,50
273	-39.75	5.75	33	14100,50
273	-40.75	4.75	33	14100,50
273	-41.25	4.75	33	14100,50
274	-39.25	1.75	33	14100,50
274	-39.25	2.25	33	14100,50
274	-38.75	2.25	33	14100,50
274	-38.75	1.75	33	14100,50
274	-39.25	1.75	33	14100,50
490	4.25	48.25	8	14050,0
490	4.25	48.75	8	14050,0
490	4.75	48.75	8	14050,0
490	4.75	47.25	8	14050,0
490	4.25	47.25	8	14050,0
490	4.25	48.25	8	14050,0
490	-45.25	48.75	8	14100,0
490	-45.25	49.25	8	14100,0
490	-40.75	49.25	8	14100,0
490	-40.75	48.75	8	14100,0
490	-41.25	48.25	8	14100,0
490	-41.25	47.25	8	14100,0
490	-43.25	47.25	8	14100,0
490	-43.25	46.75	8	14100,0
490	-42.75	46.25	8	14100,0
490	-42.75	45.75	8	14100,0
490	-44.25	45.75	8	14100,0
490	-44.25	46.75	8	14100,0
490	-45.25	46.75	8	14100,0
490	-45.25	48.75	8	14100,0
490	-44.75	-0.75	8	14100,50
490	-44.75	-0.25	8	14100,50
490	-44.25	-0.25	8	14100,50
490	-44.25	-0.75	8	14100,50
490	-44.75	-0.75	8	14100,50
491	-40.25	49.25	8	14100,0
491	-40.25	48.75	8	14100,0
491	-39.75	48.25	8	14100,0
491	-37.75	48.25	8	14100,0
491	-37.75	47.25	8	14100,0
491	-36.25	47.25	8	14100,0
491	-36.25	47.75	8	14100,0
491	-37.75	49.25	8	14100,0
491	-40.25	49.25	8	14100,0
491	-43.75	0.25	8	14100,50
491	-43.75	0.75	8	14100,50
491	-42.75	1.75	8	14100,50
491	-42.25	1.75	8	14100,50
491	-41.75	1.25	8	14100,50
491	-41.25	1.25	8	14100,50
491	-40.75	1.75	8	14100,50
491	-40.75	3.75	8	14100,50
491	-40.25	3.75	8	14100,50
491	-39.75	3.25	8	14100,50
491	-38.75	3.25	8	14100,50
491	-38.75	2.75	8	14100,50
491	-39.75	1.75	8	14100,50
491	-39.75	1.25	8	14100,50
491	-39.25	1.25	8	14100,50
491	-37.75	2.75	8	14100,50
491	-37.75	3.25	8	14100,50
491	-38.25	3.75	8	14100,50
491	-38.25	4.25	8	14100,50
491	-37.25	4.25	8	14100,50
491	-36.25	5.25	8	14100,50
491	-35.75	5.25	8	14100,50
491	-35.75	4.75	8	14100,50
491	-36.25	4.25	8	14100,50
491	-36.25	3.25	8	14100,50
491	-37.75	1.75	8	14100,50
491	-37.75	1.25	8	14100,50
491	-37.25	0.75	8	14100,50
491	-36.75	0.75	8	14100,50
491	-36.75	1.75	8	14100,50
491	-36.25	1.75	8	14100,50
491	-36.25	0.75	8	14100,50
491	-35.75	0.75	8	14100,50
491	-35.75	1.75	8	14100,50
491	-33.25	1.75	8	14100,50
491	-32.25	0.75	8	14100,50
491	-31.75	0.75	8	14100,50
491	-31.75	1.75	8	14100,50
491	-31.25	2.25	8	14100,50
491	-31.25	3.25	8	14100,50
491	-28.25	3.25	8	14100,50
491	-27.75	3.75	8	14100,50
491	-27.75	4.75	8	14100,50
491	-26.75	5.75	8	14100,50
491	-26.25	5.75	8	14100,50
491	-26.25	3.75	8	14100,50
491	-25.75	3.25	8	14100,50
491	-24.75	3.25	8	14100,50
491	-23.75	2.25	8	14100,50
491	-23.75	1.75	8	14100,50
491	-25.25	1.75	8	14100,50
491	-25.75	2.25	8	14100,50
491	-27.25	2.25	8	14100,50
491	-27.75	1.75	8	14100,50
491	-27.75	0.75	8	14100,50
491	-28.25	0.25	8	14100,50
491	-28.25	-0.75	8	14100,50
491	-31.75	-0.75	8	14100,50
491	-33.25	0.75	8	14100,50
491	-34.75	0.75	8	14100,50
491	-34.75	-0.25	8	14100,50
491	-35.25	-0.75	8	14100,50
491	-36.75	-0.75	8	14100,50
491	-37.75	0.25	8	14100,50
491	-38.25	0.25	8	14100,50
491	-38.25	-0.75	8	14100,50
491	-43.75	-0.75	8	14100,50
491	-43.75	0.25	8	14100,50
492	-36.25	48.75	8	14100,0
492	-36.25	49.25	8	14100,0
492	-34.75	49.25	8	14100,0
492	-34.75	48.25	8	14100,0
492	-32.25	45.75	8	14100,0
492	-32.25	45.25	8	14100,0
492	-33.25	45.25	8	14100,0
492	-33.75	44.75	8	14100,0
492	-34.25	44.75	8	14100,0
492	-34.25	45.25	8	14100,0
492	-33.75	45.75	8	14100,0
492	-33.75	46.25	8	14100,0
492	-34.75	46.25	8	14100,0
492	-34.75	47.25	8	14100,0
492	-36.25	48.75	8	14100,0
493	-34.25	49.25	8	14100,0
493	-34.25	48.75	8	14100,0
493	-33.75	48.75	8	14100,0
493	-33.75	49.25	8	14100,0
493	-34.25	49.25	8	14100,0
494	-33.25	47.75	8	14100,0
494	-33.25	48.25	8	14100,0
494	-32.25	49.25	8	14100,0
494	-30.75	49.25	8	14100,0
494	-30.75	48.75	8	14100,0
494	-31.25	48.25	8	14100,0
494	-32.25	48.25	8	14100,0
494	-32.25	47.75	8	14100,0
494	-31.75	47.25	8	14100,0
494	-31.75	46.75	8	14100,0
494	-32.25	46.75	8	14100,0
494	-33.25	47.75	8	14100,0
76	-44.25	-0.25	106	14100,50
76	-44.25	0.25	106	14100,50
76	-43.75	0.25	106	14100,50
76	-43.75	-0.25	106	14100,50
76	-44.25	-0.25	106	14100,50
77	-35.25	6.75	107	14100,50
77	-35.25	7.25	107	14100,50
77	-34.75	7.75	107	14100,50
77	-34.25	7.75	107	14100,50
77	-34.25	5.75	107	14100,50
77	-33.75	5.75	107	14100,50
77	-32.25	7.25	107	14100,50
77	-31.75	7.25	107	14100,50
77	-31.75	6.25	107	14100,50
77	-31.25	5.75	107	14100,50
77	-31.25	4.25	107	14100,50
77	-32.25	4.25	107	14100,50
77	-32.25	3.25	107	14100,50
77	-32.75	3.25	107	14100,50
77	-33.25	3.75	107	14100,50
77	-33.25	4.25	107	14100,50
77	-32.25	5.25	107	14100,50
77	-32.25	5.75	107	14100,50
77	-32.75	5.75	107	14100,50
77	-34.25	4.25	107	14100,50
77	-34.75	4.25	107	14100,50
77	-34.75	5.25	107	14100,50
77	-35.25	5.75	107	14100,50
77	-35.25	6.75	107	14100,50
185	-37.25	1.75	134	14100,50
185	-37.25	2.25	134	14100,50
185	-36.25	3.25	134	14100,50
185	-34.75	3.25	134	14100,50
185	-33.75	2.25	134	14100,50
185	-33.75	1.75	134	14100,50
185	-34.25	1.75	134	14100,50
185	-34.75	2.25	134	14100,50
185	-35.25	2.25	134	14100,50
185	-35.75	1.75	134	14100,50
185	-37.25	1.75	134	14100,50
67	-37.75	-0.75	101	14100,50
67	-37.75	-0.25	101	14100,50
67	-37.25	-0.25	101	14100,50
67	-37.25	-0.75	101	14100,50
67	-37.75	-0.75	101	14100,50
67	-36.75	48.25	101	14100,0
67	-36.75	48.75	101	14100,0
67	-36.25	48.75	101	14100,0
67	-36.25	48.25	101	14100,0
67	-36.75	48.25	101	14100,0
68	-35.75	47.25	101	14100,0
68	-35.75	47.75	101	14100,0
68	-35.25	47.75	101	14100,0
68	-34.75	47.25	101	14100,0
68	-34.75	46.75	101	14100,0
68	-35.25	46.75	101	14100,0
68	-35.75	47.25	101	14100,0
447	-35.25	45.75	68	14100,0
447	-35.25	46.25	68	14100,0
447	-33.75	46.25	68	14100,0
447	-33.75	45.75	68	14100,0
447	-34.75	44.75	68	14100,0
447	-35.25	44.75	68	14100,0
447	-35.25	45.75	68	14100,0
524	-32.25	47.75	91	14100,0
524	-32.25	48.25	91	14100,0
524	-30.75	48.25	91	14100,0
524	-30.75	47.75	91	14100,0
524	-31.25	47.25	91	14100,0
524	-31.75	47.25	91	14100,0
524	-32.25	47.75	91	14100,0
392	-27.75	-0.75	5	14100,50
392	-27.75	-0.25	5	14100,50
392	-27.25	-0.25	5	14100,50
392	-27.25	-0.75	5	14100,50
392	-27.75	-0.75	5	14100,50
392	-27.25	48.75	5	14100,0
392	-27.25	49.25	5	14100,0
392	-25.75	49.25	5	14100,0
392	-25.75	48.25	5	14100,0
392	-25.25	48.25	5	14100,0
392	-24.75	48.75	5	14100,0
392	-24.25	48.75	5	14100,0
392	-24.25	47.75	5	14100,0
392	-21.75	47.75	5	14100,0
392	-21.75	48.75	5	14100,0
392	-21.25	49.25	5	14100,0
392	-20.75	49.25	5	14100,0
392	-19.25	47.75	5	14100,0
392	-19.25	47.25	5	14100,0
392	-20.25	47.25	5	14100,0
392	-20.25	45.75	5	14100,0
392	-19.75	45.75	5	14100,0
392	-19.25	46.25	5	14100,0
392	-18.75	46.25	5	14100,0
392	-18.75	45.75	5	14100,0
392	-19.25	45.25	5	14100,0
392	-19.25	44.75	5	14100,0
392	-18.75	44.25	5	14100,0
392	-17.75	44.25	5	14100,0
392	-17.75	43.25	5	14100,0
392	-17.25	43.25	5	14100,0
392	-16.75	43.75	5	14100,0
392	-16.25	43.75	5	14100,0
392	-15.75	43.25	5	14100,0
392	-15.75	42.75	5	14100,0
392	-16.25	42.25	5	14100,0
392	-18.25	42.25	5	14100,0
392	-18.25	41.25	5	14100,0
392	-20.75	41.25	5	14100,0
392	-20.75	42.75	5	14100,0
392	-20.25	42.75	5	14100,0
392	-19.75	42.25	5	14100,0
392	-19.25	42.25	5	14100,0
392	-18.75	42.75	5	14100,0
392	-18.75	43.25	5	14100,0
392	-19.75	43.25	5	14100,0
392	-19.75	44.25	5	14100,0
392	-20.25	44.25	5	14100,0
392	-21.25	43.25	5	14100,0
392	-21.75	43.25	5	14100,0
392	-21.75	44.25	5	14100,0
392	-22.25	44.75	5	14100,0
392	-23.25	44.75	5	14100,0
392	-23.25	46.75	5	14100,0
392	-23.75	46.75	5	14100,0
392	-24.75	45.75	5	14100,0
392	-25.75	45.75	5	14100,0
392	-25.75	44.75	5	14100,0
392	-26.25	44.75	5	14100,0
392	-26.75	45.25	5	14100,0
392	-26.75	48.25	5	14100,0
392	-27.25	48.75	5	14100,0
393	-25.75	-0.75	5	14100,50
393	-25.75	-0.25	5	14100,50
393	-25.25	-0.25	5	14100,50
393	-25.25	-0.75	5	14100,50
393	-25.75	-0.75	5	14100,50
394	-22.75	-0.75	5	14100,50
394	-22.75	-0.25	5	14100,50
394	-22.25	0.25	5	14100,50
394	-21.75	0.25	5	14100,50
394	-21.25	-0.25	5	14100,50
394	-21.25	-0.75	5	14100,50
394	-22.75	-0.75	5	14100,50
444	-31.75	44.25	65	14100,0
444	-31.75	44.75	65	14100,0
444	-31.25	45.25	65	14100,0
444	-30.75	45.25	65	14100,0
444	-29.25	43.75	65	14100,0
444	-29.25	43.25	65	14100,0
444	-29.75	43.25	65	14100,0
444	-30.75	44.25	65	14100,0
444	-31.75	44.25	65	14100,0
175	-36.25	34.75	13	14100,0
175	-36.25	35.25	13	14100,0
175	-35.25	36.25	13	14100,0
175	-33.75	36.25	13	14100,0
175	-33.25	35.75	13	14100,0
175	-32.75	35.75	13	14100,0
175	-32.75	36.75	13	14100,0
175	-31.75	36.75	13	14100,0
175	-31.25	37.25	13	14100,0
175	-30.25	37.25	13	14100,0
175	-29.25	38.25	13	14100,0
175	-29.25	39.25	13	14100,0
175	-28.75	39.75	13	14100,0
175	-28.75	40.25	13	14100,0
175	-29.25	40.75	13	14100,0
175	-29.25	41.25	13	14100,0
175	-28.75	41.25	13	14100,0
175	-28.25	40.75	13	14100,0
175	-27.25	40.75	13	14100,0
175	-26.25	39.75	13	14100,0
175	-24.75	39.75	13	14100,0
175	-24.75	40.25	13	14100,0
175	-26.25	41.75	13	14100,0
175	-26.25	43.25	13	14100,0
175	-25.25	44.25	13	14100,0
175	-24.75	44.25	13	14100,0
175	-24.75	43.75	13	14100,0
175	-25.25	43.25	13	14100,0
175	-25.25	41.75	13	14100,0
175	-24.25	41.75	13	14100,0
175	-24.25	40.75	13	14100,0
175	-23.25	40.75	13	14100,0
175	-22.75	40.25	13	14100,0
175	-21.75	40.25	13	14100,0
175	-21.75	39.25	13	14100,0
175	-21.25	38.75	13	14100,0
175	-20.75	38.75	13	14100,0
175	-20.25	39.25	13	14100,0
175	-18.75	39.25	13	14100,0
175	-18.25	38.75	13	14100,0
175	-18.25	38.25	13	14100,0
175	-20.25	38.25	13	14100,0
175	-20.25	37.75	13	14100,0
175	-19.75	37.25	13	14100,0
175	-18.75	37.25	13	14100,0
175	-18.75	36.75	13	14100,0
175	-19.25	36.25	13	14100,0
175	-19.25	35.75	13	14100,0
175	-18.75	35.75	13	14100,0
175	-18.25	36.25	13	14100,0
175	-17.25	36.25	13	14100,0
175	-15.75	37.75	13	14100,0
175	-15.25	37.75	13	14100,0
175	-15.25	35.25	13	14100,0
175	-16.25	34.25	13	14100,0
175	-17.25	34.25	13	14100,0
175	-17.25	33.25	13	14100,0
175	-18.25	32.25	13	14100,0
175	-18.75	32.25	13	14100,0
175	-19.75	33.25	13	14100,0
175	-19.75	34.25	13	14100,0
175	-20.25	34.25	13	14100,0
175	-20.75	33.75	13	14100,0
175	-20.75	33.25	13	14100,0
175	-20.25	32.75	13	14100,0
175	-20.25	31.25	13	14100,0
175	-20.75	31.25	13	14100,0
175	-21.75	32.25	13	14100,0
175	-21.75	34.75	13	14100,0
175	-21.25	35.25	13	14100,0
175	-21.25	35.75	13	14100,0
175	-22.25	35.75	13	14100,0
175	-22.75	36.25	13	14100,0
175	-22.75	37.25	13	14100,0
175	-23.25	37.25	13	14100,0
175	-23.75	36.75	13	14100,0
175	-23.75	34.75	13	14100,0
175	-24.75	33.75	13	14100,0
175	-24.75	32.75	13	14100,0
175	-25.25	32.75	13	14100,0
175	-25.75	33.25	13	14100,0
175	-25.75	33.75	13	14100,0
175	-24.75	34.75	13	14100,0
175	-24.75	35.25	13	14100,0
175	-25.25	35.25	13	14100,0
175	-25.75	34.75	13	14100,0
175	-26.25	34.75	13	14100,0
175	-26.25	35.75	13	14100,0
175	-28.25	37.75	13	14100,0
175	-28.75	37.75	13	14100,0
175	-28.75	36.75	13	14100,0
175	-29.25	36.25	13	14100,0
175	-31.25	36.25	13	14100,0
175	-34.75	32.75	13	14100,0
175	-35.25	32.75	13	14100,0
175	-35.75	33.25	13	14100,0
175	-35.75	33.75	13	14100,0
175	-34.75	33.75	13	14100,0
175	-34.25	34.25	13	14100,0
175	-34.25	34.75	13	14100,0
175	-34.75	35.25	13	14100,0
175	-35.25	35.25	13	14100,0
175	-35.75	34.75	13	14100,0
175	-36.25	34.75	13	14100,0
176	-23.25	38.75	13	14100,0
176	-23.25	39.25	13	14100,0
176	-22.75	39.25	13	14100,0
176	-22.75	38.75	13	14100,0
176	-23.25	38.75	13	14100,0
177	-18.25	34.75	13	14100,0
177	-18.25	35.25	13	14100,0
177	-17.75	35.25	13	14100,0
177	-17.75	34.75	13	14100,0
177	-18.25	34.75	13	14100,0
266	1.75	16.75	30	14050,0
266	1.75	17.25	30	14050,0
266	2.25	17.25	30	14050,0
266	2.75	16.75	30	14050,0
266	3.25	16.75	30	14050,0
266	3.25	17.75	30	14050,0
266	4.25	18.75	30	14050,0
266	4.75	18.75	30	14050,0
266	4.75	3.25	30	14050,0
266	3.75	3.25	30	14050,0
266	3.75	2.25	30	14050,0
266	3.25	1.75	30	14050,0
266	2.75	1.75	30	14050,0
266	1.75	2.75	30	14050,0
266	1.75	3.75	30	14050,0
266	0.75	3.75	30	14050,0
266	-1.25	5.75	30	14050,0
266	-1.75	5.75	30	14050,0
266	-1.75	5.25	30	14050,0
266	-1.25	4.75	30	14050,0
266	-1.25	4.25	30	14050,0
266	-1.75	4.25	30	14050,0
266	-2.75	5.25	30	14050,0
266	-3.25	5.25	30	14050,0
266	-3.25	4.75	30	14050,0
266	-2.75	4.25	30	14050,0
266	-2.75	3.75	30	14050,0
266	-4.75	1.75	30	14050,0
266	-5.25	1.75	30	14050,0
266	-8.25	4.75	30	14050,0
266	-8.25	5.25	30	14050,0
266	2.25	15.75	30	14050,0
266	2.25	16.25	30	14050,0
266	1.75	16.75	30	14050,0
266	-44.25	19.75	30	14100,0
266	-44.25	20.25	30	14100,0
266	-43.25	20.25	30	14100,0
266	-43.25	21.25	30	14100,0
266	-42.75	21.75	30	14100,0
266	-41.75	21.75	30	14100,0
266	-41.25	22.25	30	14100,0
266	-41.25	23.25	30	14100,0
266	-39.75	23.25	30	14100,0
266	-35.25	18.75	30	14100,0
266	-34.75	18.75	30	14100,0
266	-34.25	19.25	30	14100,0
266	-33.75	19.25	30	14100,0
266	-33.75	17.25	30	14100,0
266	-19.75	3.25	30	14100,0
266	-19.75	2.75	30	14100,0
266	-20.75	2.75	30	14100,0
266	-21.25	2.25	30	14100,0
266	-21.25	1.25	30	14100,0
266	-21.75	1.25	30	14100,0
266	-23.75	3.25	30	14100,0
266	-24.75	3.25	30	14100,0
266	-25.25	3.75	30	14100,0
266	-25.25	4.75	30	14100,0
266	-25.75	5.25	30	14100,0
266	-25.75	6.25	30	14100,0
266	-26.75	6.25	30	14100,0
266	-27.25	6.75	30	14100,0
266	-28.25	6.75	30	14100,0
266	-29.25	7.75	30	14100,0
266	-29.75	7.75	30	14100,0
266	-30.25	7.25	30	14100,0
266	-30.25	6.75	30	14100,0
266	-29.75	6.25	30	14100,0
266	-29.75	5.75	30	14100,0
266	-30.25	5.25	30	14100,0
266	-32.25	5.25	30	14100,0
266	-32.25	4.25	30	14100,0
266	-32.75	4.25	30	14100,0
266	-33.75	5.25	30	14100,0
266	-33.75	6.25	30	14100,0
266	-34.25	6.25	30	14100,0
266	-35.25	5.25	30	14100,0
266	-35.25	4.75	30	14100,0
266	-33.75	3.25	30	14100,0
266	-33.75	2.75	30	14100,0
266	-34.25	2.25	30	14100,0
266	-34.75	2.25	30	14100,0
266	-34.75	3.25	30	14100,0
266	-35.25	3.75	30	14100,0
266	-36.75	3.75	30	14100,0
266	-37.75	2.75	30	14100,0
266	-38.25	2.75	30	14100,0
266	-38.75	3.25	30	14100,0
266	-39.25	3.25	30	14100,0
266	-39.75	2.75	30	14100,0
266	-40.25	2.75	30	14100,0
266	-40.75	3.25	30	14100,0
266	-40.75	3.75	30	14100,0
266	-39.75	4.75	30	14100,0
266	-39.75	5.25	30	14100,0
266	-40.25	5.25	30	14100,0
266	-40.75	4.75	30	14100,0
266	-42.25	4.75	30	14100,0
266	-42.75	5.25	30	14100,0
266	-43.25	5.25	30	14100,0
266	-44.75	3.75	30	14100,0
266	-45.25	3.75	30	14100,0
266	-45.25	18.25	30	14100,0
266	-44.25	19.25	30	14100,0
266	-44.25	19.75	30	14100,0
445	-13.25	-0.25	66	14050,0
445	-13.25	0.25	66	14050,0
445	-11.75	1.75	66	14050,0
445	-10.25	1.75	66	14050,0
445	-9.25	0.75	66	14050,0
445	-7.75	0.75	66	14050,0
445	-6.75	1.75	66	14050,0
445	-6.25	1.75	66	14050,0
445	-5.75	1.25	66	14050,0
445	-4.75	1.25	66	14050,0
445	-4.25	0.75	66	14050,0
445	0.25	0.75	66	14050,0
445	0.75	1.25	66	14050,0
445	1.25	1.25	66	14050,0
445	1.75	0.75	66	14050,0
445	2.25	0.75	66	14050,0
445	3.25	1.75	66	14050,0
445	3.75	1.75	66	14050,0
445	4.75	0.75	66	14050,0
445	4.75	0.25	66	14050,0
445	4.25	-0.25	66	14050,0
445	-13.25	-0.25	66	14050,0
445	-45.25	-0.25	66	14100,0
445	-45.25	0.25	66	14100,0
445	-44.75	0.75	66	14100,0
445	-43.25	0.75	66	14100,0
445	-42.75	0.25	66	14100,0
445	-42.75	-0.25	66	14100,0
445	-45.25	-0.25	66	14100,0
103	-11.25	1.75	113	14050,0
103	-11.25	2.25	113	14050,0
103	-8.75	4.75	113	14050,0
103	-8.25	4.75	113	14050,0
103	-5.25	1.75	113	14050,0
103	-5.25	1.25	113	14050,0
103	-5.75	1.25	113	14050,0
103	-6.25	1.75	113	14050,0
103	-6.75	1.75	113	14050,0
103	-7.75	0.75	113	14050,0
103	-9.25	0.75	113	14050,0
103	-10.25	1.75	113	14050,0
103	-11.25	1.75	113	14050,0
81	-23.25	38.75	109	14100,0
81	-23.25	39.25	109	14100,0
81	-22.75	39.25	109	14100,0
81	-22.75	38.75	109	14100,0
81	-23.25	38.75	109	14100,0
194	-23.75	36.25	14	14100,0
194	-23.75	36.75	14	14100,0
194	-23.25	37.25	14	14100,0
194	-22.75	37.25	14	14100,0
194	-22.75	36.25	14	14100,0
194	-22.25	35.75	14	14100,0
194	-21.25	35.75	14	14100,0
194	-21.25	35.25	14	14100,0
194	-21.75	34.75	14	14100,0
194	-21.75	32.75	14	14100,0
194	-22.25	32.75	14	14100,0
194	-23.25	33.75	14	14100,0
194	-23.75	33.75	14	14100,0
194	-24.25	33.25	14	14100,0
194	-24.75	33.25	14	14100,0
194	-24.75	33.75	14	14100,0
194	-23.75	34.75	14	14100,0
194	-23.75	36.25	14	14100,0
286	-3.25	4.75	35	14050,0
286	-3.25	5.25	35	14050,0
286	-2.75	5.25	35	14050,0
286	-1.75	4.25	35	14050,0
286	-1.25	4.25	35	14050,0
286	-1.25	4.75	35	14050,0
286	-1.75	5.25	35	14050,0
286	-1.75	5.75	35	14050,0
286	-1.25	5.75	35	14050,0
286	0.75	3.75	35	14050,0
286	1.75	3.75	35	14050,0
286	1.75	2.75	35	14050,0
286	2.75	1.75	35	14050,0
286	2.75	1.25	35	14050,0
286	2.25	0.75	35	14050,0
286	1.75	0.75	35	14050,0
286	1.25	1.25	35	14050,0
286	0.75	1.25	35	14050,0
286	0.25	0.75	35	14050,0
286	-4.25	0.75	35	14050,0
286	-4.75	1.25	35	14050,0
286	-4.75	1.75	35	14050,0
286	-2.75	3.75	35	14050,0
286	-2.75	4.25	35	14050,0
286	-3.25	4.75	35	14050,0
378	-20.75	33.25	46	14100,0
378	-20.75	33.75	46	14100,0
378	-20.25	34.25	46	14100,0
378	-19.75	34.25	46	14100,0
378	-19.75	33.25	46	14100,0
378	-18.75	32.25	46	14100,0
378	-18.25	32.25	46	14100,0
378	-15.25	35.25	46	14100,0
378	-15.25	36.25	46	14100,0
378	-14.75	36.25	46	14100,0
378	-14.25	35.75	46	14100,0
378	-14.25	34.25	46	14100,0
378	-15.25	34.25	46	14100,0
378	-18.75	30.75	46	14100,0
378	-19.25	30.75	46	14100,0
378	-20.25	31.75	46	14100,0
378	-20.25	32.75	46	14100,0
378	-20.75	33.25	46	14100,0
379	-17.25	30.75	46	14100,0
379	-17.25	31.25	46	14100,0
379	-16.75	31.25	46	14100,0
379	-16.75	30.75	46	14100,0
379	-17.25	30.75	46	14100,0
247	3.75	2.75	28	14050,0
247	3.75	3.25	28	14050,0
247	4.25	3.25	28	14050,0
247	4.75	2.75	28	14050,0
247	4.75	1.25	28	14050,0
247	4.25	1.25	28	14050,0
247	3.75	1.75	28	14050,0
247	3.75	2.75	28	14050,0
247	-45.25	2.75	28	14100,0
247	-45.25	3.25	28	14100,0
247	-43.25	5.25	28	14100,0
247	-42.75	5.25	28	14100,0
247	-42.25	4.75	28	14100,0
247	-40.75	4.75	28	14100,0
247	-40.25	5.25	28	14100,0
247	-39.75	5.25	28	14100,0
247	-39.75	4.75	28	14100,0
247	-40.75	3.75	28	14100,0
247	-40.75	3.25	28	14100,0
247	-40.25	2.75	28	14100,0
247	-39.75	2.75	28	14100,0
247	-39.25	3.25	28	14100,0
247	-38.75	3.25	28	14100,0
247	-38.25	2.75	28	14100,0
247	-37.75	2.75	28	14100,0
247	-36.75	3.75	28	14100,0
247	-35.25	3.75	28	14100,0
247	-34.75	3.25	28	14100,0
247	-34.75	2.25	28	14100,0
247	-34.25	2.25	28	14100,0
247	-33.75	2.75	28	14100,0
247	-33.75	3.25	28	14100,0
247	-35.25	4.75	28	14100,0
247	-35.25	5.25	28	14100,0
247	-34.25	6.25	28	14100,0
247	-33.75	6.25	28	14100,0
247	-33.75	5.25	28	14100,0
247	-32.75	4.25	28	14100,0
247	-32.25	4.25	28	14100,0
247	-32.25	5.25	28	14100,0
247	-30.25	5.25	28	14100,0
247	-29.75	5.75	28	14100,0
247	-29.75	6.25	28	14100,0
247	-30.25	6.75	28	14100,0
247	-30.25	7.25	28	14100,0
247	-29.75	7.75	28	14100,0
247	-29.25	7.75	28	14100,0
247	-28.25	6.75	28	14100,0
247	-27.25	6.75	28	14100,0
247	-26.75	6.25	28	14100,0
247	-25.75	6.25	28	14100,0
247	-25.75	5.25	28	14100,0
247	-25.25	4.75	28	14100,0
247	-25.25	3.75	28	14100,0
247	-23.75	2.25	28	14100,0
247	-23.75	1.75	28	14100,0
247	-24.25	1.75	28	14100,0
247	-26.25	3.75	28	14100,0
247	-26.75	3.75	28	14100,0
247	-29.75	0.75	28	14100,0
247	-30.25	0.75	28	14100,0
247	-30.75	1.25	28	14100,0
247	-30.75	2.25	28	14100,0
247	-31.75	2.25	28	14100,0
247	-32.25	2.75	28	14100,0
247	-32.75	2.75	28	14100,0
247	-32.75	1.75	28	14100,0
247	-33.25	1.25	28	14100,0
247	-35.25	1.25	28	14100,0
247	-35.75	0.75	28	14100,0
247	-36.25	0.75	28	14100,0
247	-36.75	1.25	28	14100,0
247	-36.75	2.25	28	14100,0
247	-37.25	2.25	28	14100,0
247	-37.75	1.75	28	14100,0
247	-38.75	1.75	28	14100,0
247	-39.75	0.75	28	14100,0
247	-41.75	0.75	28	14100,0
247	-42.25	0.25	28	14100,0
247	-42.75	0.25	28	14100,0
247	-43.25	0.75	28	14100,0
247	-45.25	0.75	28	14100,0
247	-45.25	2.75	28	14100,0
151	-42.25	-0.25	121	14100,0
151	-42.25	0.25	121	14100,0
151	-41.75	0.75	121	14100,0
151	-39.75	0.75	121	14100,0
151	-38.75	1.75	121	14100,0
151	-37.75	1.75	121	14100,0
151	-37.25	2.25	121	14100,0
151	-36.75	2.25	121	14100,0
151	-36.75	1.25	121	14100,0
151	-36.25	0.75	121	14100,0
151	-35.75	0.75	121	14100,0
151	-35.25	1.25	121	14100,0
151	-33.25	1.25	121	14100,0
151	-32.75	1.75	121	14100,0
151	-32.75	2.75	121	14100,0
151	-32.25	2.75	121	14100,0
151	-31.75	2.25	121	14100,0
151	-30.75	2.25	121	14100,0
151	-30.75	1.25	121	14100,0
151	-30.25	0.75	121	14100,0
151	-29.75	0.75	121	14100,0
151	-26.75	3.75	121	14100,0
151	-26.25	3.75	121	14100,0
151	-24.25	1.75	121	14100,0
151	-23.75	1.75	121	14100,0
151	-23.75	2.25	121	14100,0
151	-24.25	2.75	121	14100,0
151	-24.25	3.25	121	14100,0
151	-23.75	3.25	121	14100,0
151	-21.75	1.25	121	14100,0
151	-21.25	1.25	121	14100,0
151	-21.25	2.25	121	14100,0
151	-20.75	2.75	121	14100,0
151	-19.25	2.75	121	14100,0
151	-16.75	0.25	121	14100,0
151	-16.75	-0.25	121	14100,0
151	-42.25	-0.25	121	14100,0
