x	y	clickSelects
0.0211987488094277	0.0166889174287722	12
0.0654611636378388	0.0211274277108484	10
-0.025791218913819	0.00681328853985867	4
-0.0191428056965067	0.0108168578594397	4
0.0556658147298966	0.0720901562179998	4
-0.0176579273576821	0.0250788143940175	4
0.00765247823287429	0.00677398012218165	4
-0.0967667026172579	0.106909045145867	4
-0.0606388521707629	0.0334032361814262	4
0.085037207211796	0.37258329936626	12
0.0966544716332344	0.194246377276599	12
0.0683969683097807	0.0540111177981841	12
-0.0748027349495031	0.0329221357879567	12
0.0805654589823708	0.156748050898127	12
0.0485457501963919	0.0616006701632388	12
-0.0751827020415076	0.0330829977278947	4
-0.0186574816072978	0.0105447250556195	4
0.0751310838845613	0.040828215224691	4
-0.0607805654688922	0.0334763153768342	4
0.0385046796022021	0.0193222835158365	4
-0.0091404212364813	0.00421852445455512	4
-0.0262233532649923	0.0069264517241902	29
-0.0265792695928024	0.00701290039496226	60
0.0656021263019581	0.0211763330807978	110
-0.0261852125292617	0.00691569697452709	110
-0.0262233532649923	0.0069264517241902	21
0.0662152355763195	0.0213746653107393	21
-0.0266174972999866	0.00702719711458675	21
-0.0266558194681073	0.00703797579722843	12
-0.0190757006049242	0.0107794732203747	4
-0.108649964339449	0.0856707416921887	4
-0.0261852125292617	0.00691569697452709	12
0.0656021263019581	0.0211763330807978	12
0.0699581063738672	0.0824259289816554	12
0.0662152355763195	0.0213746653107393	4
-0.0257532591169303	0.00680255942923094	4
-0.0261471659501138	0.00690148067807015	4
-0.0261852125292617	0.00691569697452709	4
-0.0257532591169303	0.00680255942923094	60
-0.0945818354210739	0.108419209126554	12
0.0841822318227476	0.16053802924677	12
0.00490772574853789	0.00775888313487713	12
0.0941842818512196	0.0356025994175622	12
-0.0746480303214865	0.0328522194528443	12
0.0654611636378388	0.0211274277108484	4
0.0383086064550691	0.0192234605449362	4
0.0948955972454593	0.0358690837500545	4
0.0662152355763195	0.0213746653107393	4
0.0945604080042366	0.0357478539714517	4
0.0953113330282808	0.036023880282653	4
0.0949360915037404	0.0358894067913074	4
-0.0270501141429592	0.0071371116774393	4
-0.0261471659501138	0.00690148067807015	60
-0.0266174972999866	0.00702719711458675	10
-0.0366903181454555	0.0429471842196251	12
-0.0261852125292617	0.00691569697452709	4
0.0668275825228342	0.0215682775976232	4
-0.0261852125292617	0.00691569697452709	4
0.0668275825228342	0.0215682775976232	4
0.0941842818512196	0.0356025994175622	4
-0.0266558194681073	0.00703797579722843	4
-0.0262233532649923	0.0069264517241902	4
-0.027088618237405	0.00714791271720345	4
-0.027088618237405	0.00714791271720345	60
0.0660747637315169	0.0213259005085459	60
0.0649882532264197	0.0209752264218978	60
0.0941432367964954	0.0355820944406514	10
0.0946414603704399	0.0357711851740272	12
-0.11114849729723	0.0595536482481944	19
-0.0261852125292617	0.00691569697452709	12
-0.108739716564427	0.169173537542166	12
0.0520846748119869	0.0785176386927011	12
0.100454690433955	0.10945744875231	12
0.0945604080042366	0.0357478539714517	12
0.0660747637315169	0.0213259005085459	4
0.0942251643163187	0.0356183656244097	4
-0.0270501141429592	0.0071371116774393	4
0.0937663911378532	0.0354331447634166	4
0.0660747637315169	0.0213259005085459	4
0.0657427943130726	0.0212192905615849	34
-0.0270117048144316	0.00712273859855463	24
-0.0163730358080239	0.0277406597346415	12
0.0649882532264197	0.0209752264218978	4
-0.0257532591169303	0.00680255942923094	4
-0.025791218913819	0.00681328853985867	4
0.093807712369133	0.0354537369950867	4
-0.0746480303214865	0.0328522194528443	60
0.0953513911763984	0.0360393137229778	60
-0.074817115851045	0.032924563474035	4
0.111153270301792	0.681585771596043	12
0.0797500084007728	0.0963927058604113	12
0.0320234771433636	0.0535984044526964	12
-0.0751827020415076	0.0330829977278947	40
-0.110618252586625	0.0592662062455195	40
0.0658330695161686	0.0435954383107822	4
-0.00337209271722985	0.00224000717857955	4
-0.091706828143106	0.057923742886924	4
-0.090393439570986	0.0570678142358815	4
-0.00349526156662906	0.00232423606297009	4
-0.00907577553420373	0.0041896645042432	4
0.038024720401206	0.019073701929127	4
0.104732028917599	0.0611626943817011	4
-0.0912099154416271	0.0576116154238241	4
-0.0860287624289134	0.0617146798856188	4
0.0429220475164469	0.0269016303026512	4
-0.0266174972999866	0.00702719711458675	4
-0.0270186003683837	0.0176691885746471	60
-0.00909727928853317	0.00419735205696303	60
0.0950165946904723	0.0359124858240917	10
-0.110618252586625	0.0592662062455195	10
-0.0746622618703664	0.0328568032953971	10
-0.0750277571019013	0.0330174000669039	10
-0.00950667191850866	0.00438017643921379	3
-0.0840344127317708	0.0668986453874524	4
-0.0261471659501138	0.00690148067807015	4
0.0949360915037404	0.0358894067913074	20
0.0662152355763195	0.0213746653107393	20
-0.0265792695928024	0.00701290039496226	4
-0.0262233532649923	0.0069264517241902	60
-0.0257532591169303	0.00680255942923094	3
0.0649882532264197	0.0209752264218978	4
0.0656021263019581	0.0211763330807978	4
-0.0261852125292617	0.00691569697452709	4
0.0662152355763195	0.0213746653107393	4
-0.0261852125292617	0.00691569697452709	4
-0.0257532591169303	0.00680255942923094	60
-0.108857948200524	0.0858495048991208	4
0.0364161843860637	0.026440956770091	4
-0.115423470532207	0.081655586868427	4
0.0153169456570925	0.00903348655539347	4
-0.039131069477038	0.0288190114702821	4
-0.0181640673119181	0.0102619649298077	4
-0.091340725970591	0.0576918031520178	4
-0.102817097460926	0.0942542333289602	4
0.0656837776250494	0.0434948140667821	4
0.0945604080042366	0.0357478539714517	4
-0.0744232027028187	0.032748716883775	4
0.0746362567649433	0.0405489698716311	4
-0.0191428056965067	0.0108168578594397	60
0.0148198350737285	0.00874296855826342	60
-0.0091404212364813	0.00421852445455512	10
0.0659339974997732	0.0212714667384746	10
-0.0261471659501138	0.00690148067807015	10
0.0946010151775332	0.0357635106886127	10
-0.00937751895590367	0.00432472189564494	3
0.0747639240870806	0.040616198070051	4
0.093807712369133	0.0354537369950867	4
-0.0177186417456961	0.0162794148155029	4
-0.043732897762474	0.0442394607661369	4
-0.0613328367782033	0.0593930820529539	4
-0.00115954326340643	0.00106388657982943	4
-0.00319261988915823	0.00212581432331683	4
-0.120577160467214	0.102924934097979	4
-0.0740530979860708	0.0638838966299939	4
-0.0578301074829635	0.0531383606920514	4
-0.055946919438933	0.0359630253026449	4
-0.0838715708050892	0.0667596702226841	60
0.0621291889580946	0.0654172837037187	60
0.0571991208195239	0.0563980233058059	60
-0.0383072772903539	0.0309363880829476	60
0.0995538829862954	0.0851543831528163	60
0.0942251643163187	0.0356183656244097	10
-0.0745919920411665	0.0328160331366975	10
-0.110478518155796	0.0591811870045271	3
0.0684013353476233	0.0540135586605082	4
-0.108402668452132	0.0854562175232756	4
-0.0612664493413011	0.0445629097509597	4
-0.00903267783766663	0.00416920538970505	4
0.0662152355763195	0.0213746653107393	20
0.0657427943130726	0.0212192905615849	20
0.0686375271034719	0.0542106729195991	11
0.0649607166145601	0.0429993194655196	4
-0.115156591000758	0.0814572272760342	4
0.0656339490460922	0.0434574693526923	4
-0.0184820281825624	0.0104457805966203	4
0.0655281585888909	0.0433913743309506	4
-0.0266174972999866	0.00702719711458675	4
-0.0748873517760911	0.0329589431209806	4
0.0662152355763195	0.0213746653107393	4
0.0941842818512196	0.0356025994175622	4
0.0385589247261441	0.0193484477225692	4
-0.0261852125292617	0.00691569697452709	4
0.0946414603704399	0.0357711851740272	60
0.0212166022797324	0.0167048476648393	60
0.0144408396682773	0.00851997147945124	60
0.0942251643163187	0.0356183656244097	60
-0.0748729382565251	0.0329496411057824	10
-0.0746480303214865	0.0328522194528443	4
-0.108956865579865	0.0859129947004029	4
0.0176289217536726	0.0122293621588055	4
0.0179321620639472	0.012437990527663	4
-0.0905116790742967	0.0571465436694815	4
-0.121183865760519	0.103483159304054	4
-0.000840403025731448	0.000775691375150546	4
0.11380819726398	0.0866780480762391	4
0.0524897210683093	0.0397604584173472	4
0.0166747470239525	0.0115653869056424	4
-0.0270501141429592	0.0071371116774393	4
0.0838882788989992	0.0689754607848299	60
-0.0611691193965822	0.0444891581573359	60
-0.116011873247902	0.0820922454452613	60
0.104630300027549	0.0611127764588349	60
-0.0599687424177188	0.0330340492824772	4
0.113658422643249	0.120103824365982	4
0.048442697983336	0.0494060776627713	4
-0.0374611240505511	0.0344401915344326	4
0.120282919665523	0.153807784293765	4
0.0273288248298541	0.030340996325328	4
0.0999373872096122	0.108838826604269	4
0.0702551374685363	0.0669633397926421	4
-0.120990628790103	0.103319093674248	60
-0.0183901222555894	0.016905584073976	60
-0.037843395615331	0.0278573913349503	60
-0.0961632460779063	0.0825402662549146	60
0.0663554135132857	0.0214174268897892	60
0.0949360915037404	0.0358894067913074	60
0.0746362567649433	0.0405489698716311	10
-0.0746480303214865	0.0328522194528443	3
-0.0595994140084735	0.0328156832747401	3
0.0742610158924283	0.0403303739627447	3
0.0657427943130726	0.0212192905615849	3
-0.0742826387646577	0.0326736504945009	3
-0.0385667873287645	0.0284031531031459	3
0.0945196386074229	0.0357274387189035	3
0.0998200715081815	0.102004724605634	4
0.0649882532264197	0.0209752264218978	4
-0.025791218913819	0.00681328853985867	4
0.0660747637315169	0.0213259005085459	20
0.0949764239044868	0.0359049529434385	20
0.0845163955509412	0.0588518435374484	4
-0.0383092225742941	0.0282098358416483	4
0.0845125803724514	0.0695023975271104	4
-0.028016387861049	0.0183277389910256	4
0.0751310838845613	0.040828215224691	4
-0.115085380043438	0.0814020677544644	4
0.0147485807249078	0.00870031264157307	4
0.0952711133884496	0.0360036543242661	4
-0.0261852125292617	0.00691569697452709	4
-0.0745075339301463	0.032786898468769	4
-0.110562921431284	0.0592351173096528	4
-0.0605026044967085	0.0333309514585613	60
0.0949764239044868	0.0359049529434385	10
0.0941432367964954	0.0355820944406514	10
0.0946010151775332	0.0357635106886127	3
-0.0270501141429592	0.0071371116774393	4
0.0749436002810703	0.0407239676465624	4
0.0388091990188092	0.019471128754312	4
0.0387006825015414	0.019420090016542	4
0.0946414603704399	0.0357711851740272	4
0.0657427943130726	0.0212192905615849	4
0.0654611636378388	0.0211274277108484	4
0.0653199058405313	0.0210729058126537	4
0.0948955972454593	0.0358690837500545	4
0.0651294124059475	0.0210183759594045	4
0.0653199058405313	0.0210729058126537	60
-0.0261852125292617	0.00691569697452709	60
-0.0465034422743643	0.0583267205535448	4
-0.0129759647069709	0.0135832001747154	4
-0.00986279238853989	0.0122773725842216	4
0.0904393293207793	0.106997171976974	4
-0.022867013658072	0.0220754209678159	4
0.0760032339701211	0.0826138359493294	4
-0.10658262856441	0.131161295681396	4
0.057205292658169	0.0564087181355836	4
0.102783417720429	0.0980829827087233	4
0.0744486628700661	0.0404408156868277	4
-0.0520561660602046	0.0451117071325306	4
-0.0177610298768097	0.0132242508962254	4
-0.114782863278199	0.0811542774681761	4
-0.12066931161809	0.103012498305897	4
-0.0614265031734698	0.044683263693387	4
0.0942251643163187	0.0356183656244097	16
0.0649607166145601	0.0429993194655196	3
-0.0380396116461008	0.0569802591134402	4
-0.0352405599689394	0.0515965372218093	4
0.113036914288336	0.166008312050375	4
0.0142107268308267	0.0171088739441277	4
0.0573158719797897	0.0854252097415331	4
-0.117295667803566	0.178666789041023	4
-0.00366657984853371	0.00441336102923004	4
0.0831657660775126	0.11661473545216	4
0.00823644397274029	0.0107354235336516	4
-0.00264351786837778	0.00328517354457144	4
-0.103929226273447	0.149528513963525	4
-0.0571167430616958	0.0809034611607384	4
-0.0457510827157941	0.0482306061325843	4
-0.102580910363049	0.0940295839017588	4
0.0877643773019928	0.0807594189014046	4
0.113894229068872	0.12804010983113	4
-0.0811241573408662	0.0785424259631446	4
-0.0310156446372667	0.033832457756957	60
-0.0189672871637702	0.0107186493441951	60
0.0655778594146839	0.0434248491449427	3
0.0386464463174555	0.0193926196073402	16
-0.0748027349495031	0.0329221357879567	3
0.0385562242569245	0.031602707913981	3
-0.102745016451107	0.0994643019344134	3
0.0948549408865113	0.0358410947850731	4
-0.0257153931728396	0.00678842782241024	4
-0.0544983867334924	0.0855527034765941	4
0.10663923970178	0.182616564244714	4
0.0364051763532721	0.0512716086575137	4
0.108737863837755	0.176702925674438	4
-0.0772237906275108	0.104055987540842	4
-0.0845860282271639	0.121038522424065	4
-0.0531374796195195	0.0646106665140697	4
0.0459957859102699	0.0603050424036749	4
0.0844349513767892	0.118584404934917	4
-0.0799026113115896	0.122531254240901	4
0.0714799745970976	0.104325579084815	4
0.0312203454108373	0.0363779074188671	4
0.102321524369065	0.0976166289714863	4
-0.00296170245654195	0.00197331484288507	4
0.0851977049233446	0.0841165290281695	4
0.0838690690422526	0.0689490966032724	4
0.0361589498498873	0.026253033809755	4
-0.0606427069887443	0.0486597431481218	4
0.0441953168682351	0.0597708478107599	60
0.0724552174717613	0.0739541993602995	60
0.0380040400927874	0.0190672227507242	4
0.104490847876072	0.0610228658244405	10
-0.0745777932077385	0.0328212616705726	16
0.0652656007267132	0.0432040136492894	16
0.0217312515912654	0.01710899914823	16
0.0359377303725183	0.0260857148582442	3
-0.110953239041234	0.059450374380393	3
-0.12100860399328	0.103328040167102	3
-0.0990363432951128	0.105139538012402	3
-0.120885006834932	0.128732097971107	3
-0.00926457995573354	0.00931119663609254	3
-0.0612896328160722	0.0620659193188817	3
-0.00851626531004079	0.00393408333782603	4
-0.0266558194681073	0.00703797579722843	20
0.0659339974997732	0.0212714667384746	6
-0.111259117835084	0.0596116617798777	11
0.0647050481884383	0.020871584547159	11
0.0648467986476733	0.0209261864989387	4
-0.0266174972999866	0.00702719711458675	4
-0.0261471659501138	0.00690148067807015	4
0.00681991914243595	0.00860679759656615	4
0.105492438507682	0.163994754203615	4
-0.0263096900235124	0.0307606181407092	4
0.0382868123923552	0.0491649335280726	4
-0.0833895993284346	0.108972253845042	4
-0.0141125308917147	0.018641590527998	4
0.0354538611639556	0.0484143235022167	4
0.0299628663895867	0.0389519390862526	4
-0.0794012788589675	0.119127696680944	4
-0.0514055144929479	0.0744113806416764	4
-0.0415877486752331	0.0504313583001555	4
0.0078416754413045	0.00865945580980993	4
0.0205893703057714	0.0216170496282493	4
0.102652079755502	0.0979554017706826	4
-0.0997280847580404	0.105941627345575	4
0.0848669822147116	0.0837234953967084	4
0.0421170397886579	0.0401265685359567	4
0.123011403086856	0.150142161461524	4
0.11348498619467	0.119900141652708	4
-0.0184622966932701	0.0150089433625913	4
0.090537380634385	0.10711002453891	4
0.111352622996887	0.138941539727009	4
0.0700006807711107	0.0944312799800733	4
-0.109686600901533	0.148887039376038	4
-0.105988712310631	0.130294614018024	60
0.0687963570712704	0.0543405420170414	4
0.0657392399137101	0.0435116442069556	10
0.015186770592326	0.00895658921760925	10
0.0174737956587574	0.0121200347367376	3
-0.0565128474090914	0.0363467233812317	3
-0.121422052264519	0.103705344512523	3
-0.109411686215103	0.0863183870047676	3
0.0349417005745763	0.025339536225494	3
-0.0091404212364813	0.00421852445455512	3
-0.0372921516135112	0.0342812982149773	3
-0.0124893546450206	0.0108752385470607	3
0.0173627493585095	0.0120447307573829	4
0.0662152355763195	0.0213746653107393	20
0.0933891009596659	0.0352776247698939	20
-0.0750410563826654	0.136003333043591	4
-0.00295959164556263	0.00440672305989805	4
-0.0897350944772525	0.141291058973981	4
-0.0259284185015995	0.0399735483497343	4
0.0144413736852237	0.0226992238686265	4
0.0273796635885754	0.0395188559885176	4
0.0527302830805702	0.0704939682466187	4
0.0839576617194664	0.127047893118097	4
-0.0109911529584809	0.0136973508546099	4
0.0161735303634663	0.0221702304226688	4
0.0960027929311177	0.139824458804248	4
0.0660368160470374	0.10332286306763	4
-0.00655264165775927	0.00905073247840235	4
-0.0305345423376608	0.040576351707179	4
0.0302149716475195	0.0379690006488694	4
-0.05030049509512	0.0591220225773506	4
0.122519370229908	0.149441589199737	4
0.0419178997722955	0.0399237879949969	4
-0.048610838828664	0.0686333346121987	4
-0.0764718782110642	0.102934145835494	4
0.0738152188668816	0.104681436336363	4
-0.116399713623811	0.172796571493545	4
0.101349530331162	0.123194934898245	60
-0.0965851704256569	0.106700406114531	60
-0.0270893729660219	0.017714928616954	10
0.0363671544372101	0.0264048469004811	10
-0.00907577553420373	0.0041896645042432	10
0.114857730467282	0.0874891057113952	3
0.0257875809133562	0.0236913526225485	3
-0.0803210350168983	0.0851135108055829	4
-0.003813422781635	0.00253681547856136	4
0.074815994997708	0.0406485610936641	4
0.0660747637315169	0.0213259005085459	4
-0.0748027349495031	0.0329221357879567	6
-0.00886042722884397	0.00409117945922056	6
-0.00896805121070216	0.00414067836183098	6
0.0423417886005068	0.0265319570910361	20
0.0779915792565632	0.126283424864328	4
0.0419415866724611	0.0672437687715574	4
-0.0280610269259068	0.0409430698618547	4
-0.10875967749435	0.169216277870717	4
0.106167069927886	0.191355254804092	4
-0.105756491138657	0.156390350317466	4
0.119699450196234	0.179273861241038	4
0.0272700575699698	0.0375604302400208	4
-0.0870047547237652	0.117441444515624	4
0.120195764184204	0.180101425038246	4
0.120355225289888	0.202369479694541	4
0.0203293388130897	0.0288019434508306	4
-0.078569059296993	0.0960949347616493	4
0.0669380456465935	0.104820304472459	4
0.111648609059086	0.194293634227842	4
-0.0644391930629041	0.105670537576727	4
0.0645879744618598	0.0924892022239813	4
-0.117290230346639	0.17865469356482	4
0.122497666933878	0.16649508995915	4
-0.0802959735530621	0.101522841719024	4
0.114678521086197	0.160802870568476	4
0.0128297344892694	0.0148460027561635	60
-0.0581673280533335	0.0534637506983057	4
-0.0586838488173269	0.0539769408435471	4
-0.121109721891651	0.103424565171604	10
0.0838786742735534	0.0689641424432455	10
0.0167484661448212	0.0116157119594688	3
-0.0385101592809751	0.0311083265064212	3
-0.0384711285048504	0.0354021792230541	3
0.0106319960609313	0.0104718347626912	16
-0.116251512449213	0.128885376078705	16
0.0592168345352611	0.0679172030661575	3
0.0865862793283022	0.0913367383346658	4
-0.062565402957737	0.0634494975261441	4
0.0994937894916856	0.101643200144063	4
-0.0309677108669628	0.0269017360456434	4
-0.0605965719106956	0.0440533305664295	4
0.0750035296892603	0.0407547439993438	4
0.015186770592326	0.00895658921760925	4
-0.0913277362898199	0.05768448404596	4
-0.0261852125292617	0.00691569697452709	4
-0.0914583622391733	0.0577702445498201	4
-0.0741984553485801	0.032636130687948	6
0.0811492778087791	0.138858263770268	4
-0.0429277469000149	0.0555883816546822	4
0.107466201142928	0.15502283769761	4
-0.0584982406253701	0.0736841255763075	4
-0.0621127257181022	0.0807801489603449	4
0.0483975222267245	0.0614027897593306	4
0.0694087731321066	0.0854854795362355	4
-0.0376154106563163	0.0471467113966633	4
0.119616072391762	0.187198518094583	4
-0.00245986357613569	0.00305736190250148	4
-0.0435255090008357	0.0640414499123165	4
-0.0324035963412187	0.0493061936978983	4
0.0745001958993871	0.133264983840134	4
0.0747452456710259	0.0977153695605162	4
0.0053033581109981	0.00623939409884933	4
-0.0631392170765796	0.0744090939152448	4
0.0202051205493682	0.0212087019194647	4
0.0624697068708611	0.0657950747432365	4
0.040400080417485	0.0501584885054925	4
0.0417809485993385	0.0626388301149172	4
-0.0656781251375131	0.0933179919645483	4
-0.067509763654243	0.0907300903361618	4
0.102838590848883	0.152711591125639	4
-0.00597006549665939	0.005752229027539	4
0.0244384977464969	0.0224348031760412	4
-0.0604055219008153	0.0439030055510842	10
-0.0169713739968988	0.0126349512343339	3
0.00115562142085496	0.000942482645290914	3
0.0564623918307582	0.0481757210663304	3
-0.0842706338169521	0.0670949661190956	16
0.0722487125017005	0.064014688625913	16
0.0884262920777859	0.0813872934355878	16
0.0998272959797648	0.102017394267926	4
0.0426867261822551	0.0267486068078784	4
-0.0091404212364813	0.00421852445455512	4
0.0431237373698031	0.0270247548675804	6
-0.0600904903665391	0.0330980355271579	6
0.0836508216504633	0.11737607484616	4
0.0696816141954337	0.104542048180459	4
-0.0315716331226046	0.0382291235731896	4
0.108320567863232	0.175920123189541	4
0.102360423661049	0.168141698993356	4
-0.0497938348703354	0.0666670076034675	4
-0.0282861882933266	0.0353879158194764	4
0.0902708369132621	0.129122473447685	4
-0.0573363504514112	0.0768189801586954	4
-0.0536348448940012	0.0652567026572712	4
0.108152949053456	0.148636301800093	4
0.00689104787156689	0.00897573130012927	4
-0.0668625166476937	0.089798080999619	4
-0.0764653359102441	0.0902750815125582	4
-0.077977864842531	0.0890853284236285	4
0.0311861195366716	0.0363395689209032	4
0.114683808629476	0.16881075368851	4
-0.0714099566803427	0.098941709104499	4
-0.111133920577222	0.155439723457888	4
0.0329944558670017	0.0325268406413482	4
-0.0498446121491464	0.0585601472391105	4
-0.0316009047079317	0.034488759644963	4
0.0570690250927145	0.0562702577740743	4
0.0192462930563147	0.0163886173077335	4
-0.0185387129386456	0.015067051411458	3
-0.0307299330757136	0.0266945163104968	10
0.102443462783221	0.0977343722205095	3
0.0687105067048393	0.0542673676727469	16
0.112651759670399	0.100030203305876	16
-0.0731092740114991	0.06307818607977	3
-0.123948554832028	0.126203617311896	3
0.0687105067048393	0.0542673676727469	4
0.0517849867913802	0.0392100368987007	4
0.0840890989157725	0.0585442787020863	4
0.0387549333940165	0.0194462610249275	4
0.0946010151775332	0.0357635106886127	6
0.0668275825228342	0.0215682775976232	6
-0.0865746875663643	0.127165731363779	4
0.082949983352499	0.116254384875287	4
-0.0968505568425034	0.146263702886294	4
0.0146789276743877	0.0195096939621638	4
0.0930344757353743	0.139488107165374	4
0.051325206105554	0.0707842082771558	4
-0.0427768802620907	0.0519460997990354	4
-0.0522953968224939	0.0634990378386632	4
0.0132954201551917	0.0165597313514171	4
0.0748814167715623	0.0979179113114355	4
-0.0796053397163801	0.100543792874998	4
-0.10875454483206	0.129475462113737	4
0.0855287944470746	0.0844627359415678	4
0.0395986638588695	0.0415911291285186	4
0.00328218437363036	0.0037032903684282	4
0.101538192974199	0.123442250700799	4
0.0888196523160148	0.120907231513535	4
0.0764993775999125	0.135219386082665	4
0.04100613918512	0.0509423588307097	4
0.00504286978047398	0.00635668875895551	4
-0.121791630453065	0.170691626565886	4
0.0405957270013779	0.0426931473797045	4
0.0373952742707155	0.0331045322945803	4
0.0558127753841193	0.0476031783141194	10
-0.073227438222957	0.0631782635007808	10
-0.0311538319469105	0.0270717633968841	3
-0.10026214214956	0.106551580440779	3
0.0102806193147396	0.0101217160728312	3
-0.0109892016427269	0.00956422398846908	4
0.104181100111915	0.0608364523598055	4
-0.00944210803001158	0.00435285388480575	6
-0.0187246518690047	0.0105826671048701	6
0.0897723426949566	0.128332699052549	4
-0.0529048718515004	0.0687087668909858	4
0.0163822130371645	0.0224618199693323	4
-0.0368623618817049	0.0461555219546613	4
-0.00204373901649388	0.00246244736520481	4
0.0788932717968735	0.0995445314107007	4
-0.000662523951240007	0.000850068495761385	4
-0.0779619075922325	0.0952891722093974	4
0.0637375377949556	0.0843445929293894	4
-0.00446311550976249	0.00519379628940935	4
0.0402517157188343	0.0499653108501235	4
-0.0121529274488206	0.0146554026954895	4
0.10028896279495	0.109263485926573	4
-0.0215941140307224	0.0319655613080532	4
-0.0864948605824888	0.146241620611364	4
0.0572176931884019	0.0564273201578796	4
-0.0258675827519313	0.0302313971290858	4
-0.0252940571391075	0.0326077451271193	4
0.0399100823088163	0.0419423450194035	4
-0.0797459691519377	0.0732215552126657	4
-0.0969207942367306	0.107104903389749	4
-0.0798084275878424	0.0845154434392342	4
0.102351978697983	0.0976488730418852	3
-0.0581826723897377	0.053490602545131	3
0.0677653083356893	0.0534756407773969	3
-0.0816322180479915	0.0790798229497238	10
0.116600945802375	0.115240719049594	3
-0.00102119835212113	0.000942444560795681	3
0.116093770284408	0.114643720373343	16
-0.0522529871857275	0.045285155593819	16
0.0573787829354459	0.0565910323981319	16
0.0324841668059015	0.0320120338119832	16
-0.0066898926754836	0.00645196559966299	16
0.114099908404372	0.0868751819466012	4
0.116097981117277	0.114677767438495	4
0.00861230483590058	0.00951695442925196	4
-0.110562921431284	0.0592351173096528	6
-0.0546875363229287	0.0843451828215512	4
-0.0544458439806726	0.0839397553704428	4
-0.07971077532982	0.129592569240304	4
-0.0373728170990971	0.0559156088072781	4
-0.0145104976012295	0.0191819409318475	4
0.0570122617742185	0.082508760849696	4
-0.0880427200341755	0.135412819145376	4
-0.0581547345049523	0.0780036507851589	4
0.01982852561328	0.029315901974978	4
-0.0486931742200694	0.0687558264170824	4
-0.0861232857476326	0.126418313423306	4
-0.0957459292882155	0.141063141956013	4
-0.0442416016101753	0.0663872739644046	4
-0.0647785668633455	0.0789301078246712	4
0.0338679802892936	0.036645899140518	4
-0.0633345835001563	0.0824778823323978	4
0.013137348972158	0.0169013690918986	4
-0.116572075396311	0.177423747309594	4
-0.0368954698703775	0.0431994789937272	4
0.0503151698635894	0.0615513719990647	4
-0.0808427527040578	0.0820520827246965	4
-0.0303700505429871	0.0263725028221818	4
0.0685642780252591	0.0541372054752058	4
0.0192180978640682	0.0163652908681467	3
-0.0798632425813854	0.0733225787828884	3
-0.0178799918847243	0.0145305091850856	3
-0.0180686146100504	0.0146875008186413	3
-0.0798354594021441	0.0733161963413078	3
0.0310957408939677	0.0305750845059337	4
0.0848577470287047	0.083742655325248	4
0.047304981482291	0.0721212683283225	4
-0.0976293921901149	0.154152178109552	4
-0.0621485466145485	0.0943770465058381	4
-0.0433143157017756	0.0624581517097887	4
-0.0195208603816088	0.0265352273285717	4
-0.114216880997976	0.16479364598673	4
-0.0376364300102885	0.044102682555711	4
-0.103512072489516	0.148856555583455	4
-0.0194683110257837	0.0264671490189216	4
-0.0803670572430108	0.133140562245196	4
0.0945228042434964	0.152202396919527	4
0.0167606086931871	0.0229903953132958	4
-0.0878931734517413	0.118777032632071	4
-0.0337851620499935	0.0436396043901455	4
0.0867723749379364	0.0915441904623357	4
0.00887926869158101	0.00981334028512807	4
0.113281587768914	0.134610274338416	4
-0.0398861342802065	0.0532010632185059	4
0.0784439020873183	0.116686528409546	4
-0.0221420822001782	0.0308270413461114	4
-0.0732330270324122	0.0955597664449443	4
-0.0204982779832526	0.0231036216700818	4
-0.0924318232195253	0.113433420591475	4
0.0999255531897059	0.108812549688184	4
-0.0921238839221644	0.109227007157917	4
0.0763322200728794	0.08299793160672	4
-0.0517895541393975	0.0448736817608548	4
0.0195572954751984	0.0205139595874994	16
0.113279724632982	0.119638877744165	4
-0.0266174972999866	0.00702719711458675	51
0.0950165946904723	0.0359124858240917	6
0.0797873262905559	0.136293944749346	4
-0.00370026786243306	0.00499219051658311	4
0.0640240030123391	0.0944271194511452	4
0.103081006818656	0.16466377251589	4
0.0579703653559513	0.0864595047123213	4
0.0432365340524023	0.0583992071248739	4
-0.0120047654504161	0.0144744122378018	4
0.0698138572803004	0.0822524050968834	4
0.0584369545088964	0.0730957291352103	4
0.0385596762416474	0.0495212224870037	4
-0.0773387704454083	0.091404943950553	4
0.0202280502458676	0.0311440039624991	4
0.0334243612266722	0.0533102615394833	4
0.0525200322174016	0.0701741461047546	4
0.100672176403091	0.122284602811796	4
0.114847952258256	0.152697143824108	4
0.115529577830587	0.178006715611162	4
-0.0709427803050018	0.12464688189718	4
-0.117035036802356	0.186640392564955	4
0.0790610596204799	0.0997831601329513	4
0.087301085618018	0.112711009686219	4
-0.0692585047963898	0.101109654503672	4
-0.12199577835092	0.150596647278615	4
-0.0233513504911522	0.0225401733936653	4
-0.123571095098336	0.210108404691608	4
0.0867515752610074	0.111946580761884	4
0.0483295981970903	0.061312895816481	4
-0.102154823663229	0.0936111467887096	4
-0.10208522156361	0.103835484283888	3
-0.0995653366448725	0.105764949888239	3
-0.081629670703102	0.0790762367193447	3
0.0850229979866344	0.0839282102132171	16
-0.041603239143423	0.0402363545338982	3
-0.0179972243848116	0.0133990804322294	4
0.0989123229200447	0.0845762846771012	4
-0.110478518155796	0.0591811870045271	4
-0.0744372524601943	0.0327461526616172	6
0.0382001719410325	0.0191670063253958	6
-0.0183170268100779	0.0260395500163678	4
0.0741271313718774	0.124576555250453	4
-0.053655209630266	0.081081516222609	4
-0.0476715520773046	0.0672208223347703	4
0.0110870142259159	0.0153733846842661	4
-0.0301904798382653	0.0449975505400019	4
-0.107401482178661	0.174151345142199	4
0.0795228172636799	0.114789501250513	4
-0.111929137928467	0.156751655246672	4
-0.122396344664815	0.171695137377907	4
-0.0285144385367957	0.0356830744417634	4
-0.0594490035015261	0.0749290441337177	4
0.0846425262474948	0.12816761779745	4
0.00054530910048997	0.000721262408986555	4
-0.0356164118778127	0.0581241383734076	4
0.0563590906486886	0.0814889154327559	4
-0.00358639078430507	0.00431703838920776	4
-0.0565453647324023	0.0800410780537371	4
0.0361351716566716	0.0493911032039845	4
-0.0237365097985723	0.0358710905855096	4
-0.0975578206815479	0.157242995033685	4
0.0261956104569156	0.0377638375402841	4
0.0771875450726793	0.118102994185612	4
-0.0252354816513898	0.0325314808436259	4
0.0859778563447177	0.126436951287232	4
-0.00297304725648463	0.00322091633555926	4
-0.0110820351510747	0.0138124251206511	4
0.123011403086856	0.150142161461524	4
-0.0954670395999367	0.125166176059852	4
-0.0287587685532162	0.0302143020128294	4
0.0989123229200447	0.0845762846771012	4
-0.0792947535614741	0.0727799273686231	4
0.00173913272096109	0.00131603221186551	3
-0.0386772400754618	0.0284844437553198	3
0.0985065224733527	0.0842006765876402	3
0.0704239327314164	0.0671277995816149	3
-0.101737369372453	0.103447513826787	3
0.0721089979159321	0.0638985370976818	16
0.0251123367754479	0.0230672124423368	3
0.0541357433759079	0.0497562508959004	3
-0.0520167484049644	0.0450674185805769	3
-0.0238959529678611	0.0230841559368457	3
-0.0411013998495133	0.0397302878403635	3
0.124087962010226	0.143515180170359	3
-0.111119159972051	0.0595301841802975	4
0.0941020289083165	0.0355539851415587	6
-0.00918360027825293	0.00423808983289149	6
0.104545685276525	0.187771735489503	4
-0.0220383954453119	0.0355646216547692	4
0.0821467838340686	0.144162731723427	4
-0.0798780273431582	0.124958183551625	4
0.0611512448748681	0.0967281473182849	4
0.0922850213722423	0.138231631350135	4
-0.0264940696965588	0.0385364922227056	4
-0.0894025678567883	0.146363151176875	4
-0.0651250434978471	0.108733816431257	4
0.114643176030516	0.176438056369871	4
0.0635098095248588	0.0936051823336952	4
-0.105295033419785	0.195611401164998	4
0.0989725251393934	0.151066773599627	4
-0.0989284142450056	0.156475071200685	4
0.0498975614389521	0.0729359385028752	4
-0.0226263303758467	0.0299993681280021	4
0.00611057811202217	0.00770850233220981	4
0.119853139973645	0.207136621790568	4
0.00759904663756005	0.0106726226639321	4
-0.0280943196930587	0.0383495595167059	4
0.102263535172156	0.163162386688868	4
0.120633907430946	0.172419603325031	4
0.0942278381615736	0.124252312995929	4
0.0201163824783434	0.0171306445412145	4
0.017591829283313	0.0122037797554936	4
0.0566001053546728	0.0482920323007097	4
0.0387672548432018	0.031781306434724	4
-0.0862216476331943	0.0618565389544686	3
0.100450705668232	0.0732673746325446	3
-0.096814901328919	0.0831530590674481	3
0.0171335422607824	0.0118852996798129	3
-0.0854887274491299	0.0612879100649909	3
-0.0735029876943327	0.0634347040106338	3
-0.0190918114610381	0.0175657162295496	3
-0.0380402907580452	0.0280031622203639	3
0.0721392143899555	0.0639351656623352	3
-0.12394205404925	0.126204989276413	3
0.0648467986476733	0.0209261864989387	4
0.0334696499171252	0.0580448404323981	4
0.0262549139637463	0.0395093614480583	4
-0.0257242898514019	0.0396478854101683	4
0.021193226813201	0.0269570176772851	4
-0.106951239869623	0.162189484658	4
0.122670077247919	0.200857188946078	4
-0.00877250278233183	0.0112576108252802	4
0.109451265748177	0.16560355934996	4
-0.00784748999231466	0.0108511229466119	4
0.0198644612059315	0.0293699150398635	4
0.0138611396303772	0.0178496385684974	4
-0.0529225460798591	0.0783498495204054	4
-0.0891093554464517	0.140180790845695	4
0.0972222936395821	0.141767795320461	4
-0.0940623032755599	0.134968437981997	4
0.0631705694731607	0.0902553909391042	4
0.114918552070439	0.161179993849958	4
0.0661009248169916	0.0844722363347123	4
-0.030705097607518	0.0457793616059714	4
-0.0874048570718347	0.128512614614158	4
0.040523370248571	0.0483739375373948	4
0.0656771640110297	0.0434864173040207	4
-0.0385176958732533	0.0283663012830924	3
-0.0614160777579895	0.0493021933187936	3
0.0714486892369008	0.0632855395847512	16
-0.0795324183958403	0.0730039744937659	16
0.0031684244531129	0.00238397041345304	3
-0.041404172479541	0.040027306746081	3
-0.0474509520133414	0.0538322223420162	3
0.0699164316378736	0.0666230985579917	3
-0.0788901519730768	0.0868957762290564	3
-0.0618442948936099	0.0449929616366544	4
-0.0602771186105542	0.0332033893253653	4
0.0945196386074229	0.0357274387189035	4
-0.0257532591169303	0.00680255942923094	4
-0.11836286910391	0.252159884025641	4
0.0978787277599852	0.200893845878718	4
0.0784261111045118	0.156823689585502	4
-0.0785626848387794	0.136710791977573	4
0.0269556484201776	0.0495816544492815	4
0.0120814716272044	0.01751406525605	4
0.0265016327437248	0.0398894151147297	4
-0.104463532310262	0.154162473956256	4
0.0230941643307447	0.0365268590101428	4
-0.04512751242204	0.0620266105790159	4
0.0973763643237784	0.142062830000417	4
-0.0977507863450418	0.147718964265737	4
0.119624138051129	0.206674827789366	4
-0.0799416712592052	0.127566190807481	4
-0.072010446937911	0.114410384610663	4
0.0490739771025322	0.0695772445346977	4
0.113396816496121	0.218177786910301	4
-0.0644183489185352	0.105644823269464	4
0.0787501323753091	0.134270496343252	4
-0.0629647544598988	0.0994151836761292	4
-0.0943217452752904	0.135374995479013	4
-0.114648053050089	0.194010507922948	4
-0.0782721018935986	0.0957133579247433	3
-0.0712927232298039	0.0987670997726837	4
-0.037773065922411	0.0442617188056547	4
-0.0543073477501392	0.082149891039682	4
0.0695805150184999	0.0662784237291267	4
-0.0385101592809751	0.0311083265064212	4
-0.0189672871637702	0.0107186493441951	4
0.0997252699646742	0.0727100738665461	4
-0.121201843084774	0.103512446987394	3
0.0838574532068131	0.0583743363123564	3
-0.108085656892691	0.0851868400752093	3
0.0836962784605884	0.0582482604473066	3
-0.108026650144544	0.085121332789916	3
-0.095980101786617	0.0823907254173	3
0.0718623434898115	0.0636800557680654	3
-0.0616733106828065	0.0625002000276053	3
0.00545548702481084	0.00553812186894711	4
0.117108312195165	0.115800106015703	4
0.0546480803113484	0.0502392907848906	4
0.0387006825015414	0.019420090016542	4
-0.0266174972999866	0.00702719711458675	4
0.0648467986476733	0.0209261864989387	6
0.0151276017258598	0.00892280521337741	6
-0.10702122575402	0.240051228010905	4
0.0422365909635764	0.0811281097231674	4
-0.10151336334135	0.210592665107919	4
0.0220391570068376	0.0370271772603637	4
0.0688915221175804	0.12129702034577	4
-0.115118625749733	0.212184900182473	4
0.0644379051725711	0.107651052165114	4
-0.0567728167199306	0.0941535468644754	4
-0.0792587833393515	0.121417418975903	4
-0.103331159089451	0.179952975945396	4
-0.107457104759203	0.197028475840264	4
0.110119744586415	0.173932243542689	4
-0.0977028499900442	0.160679912253957	4
-0.0454581682489604	0.0695912534673624	4
-0.00307328042313112	0.00414297230220892	4
0.00190868203416977	0.00251231332107019	4
-0.0977569423787237	0.132253901449143	4
-0.0180293408708268	0.0256206063869364	4
0.0429876133893923	0.0580347592643858	4
0.00622764608271473	0.00785656058956299	4
-0.061280707756804	0.084562214136665	4
-0.0259722224193982	0.0262005964641843	3
0.115339168061903	0.190836357599584	4
0.0865978660570394	0.0913431921531358	4
-0.0617624842610407	0.0678043398720319	4
0.0715438827317677	0.0633430272774224	4
0.09933851467239	0.0724051499361399	4
0.0837058208474089	0.0688025103551899	4
0.112908895676065	0.0859171206084877	3
0.0190850384153439	0.016237804191992	3
-0.0585097025239085	0.0538036579615778	4
-0.00365484766925909	0.00243107177759345	4
-0.0599687424177188	0.0330340492824772	4
0.0748237975084013	0.0406551240772073	4
0.0946414603704399	0.0357711851740272	6
0.0343127982001714	0.0682362184576901	4
0.121820178639041	0.322966994259553	4
0.0716272961883193	0.157819384371116	4
-0.0799500396494575	0.151586929123784	4
-0.0417551167754558	0.0715156763815638	4
-0.0363562231871408	0.0611634693739202	4
-0.0763850386352548	0.138749961968149	4
-0.0421372284850323	0.0680190209029734	4
0.0164730547505588	0.0246336612392443	4
0.119454464523966	0.200582959416868	4
0.0376679818823338	0.0546723911581741	4
-0.0482848824721784	0.0681400151839786	4
0.0982493657461279	0.18484746170501	4
0.0707528605353079	0.0955356491514012	4
-0.0254760170664897	0.0398829559201876	4
-0.00889058364911994	0.0132909439126513	4
-0.00829336198726231	0.0121792223673236	4
0.0716302269994399	0.104568218585272	4
-0.051386200934853	0.0743832894522814	4
0.0522353043914807	0.0787562457131901	4
0.106424983507951	0.187119446171093	4
0.0763114750177089	0.116613872731847	4
-0.0497515819585275	0.0584419661564783	4
0.07736484686205	0.106520225718397	4
-0.0618344584497988	0.0626701362032705	3
-0.0578374212320932	0.0531564249842176	3
-0.0618928328804077	0.0450289903888076	3
0.0839281828023459	0.0584201676092206	3
-0.00369057161022731	0.00245399165334835	3
0.0388841004926251	0.0318817380399299	3
-0.083720857737143	0.066629435108642	3
-0.10224982672642	0.0937034348403395	3
-0.087020974114742	0.062462694741813	3
0.0863833333163284	0.0910937989601377	3
0.0205494513608073	0.0215763550293791	3
-0.0802931551794389	0.085077770067902	3
-0.0611504881725304	0.0592073620202794	4
0.0192180978640682	0.0163652908681467	4
-0.00395751078638193	0.00262951271145736	4
0.0938488706446206	0.0354696115884029	4
0.0382209452527183	0.0191746457501313	6
-0.111008561367148	0.0594814726103029	6
-0.0261852125292617	0.00691569697452709	6
-0.0146748640077186	0.0295413147673558	4
0.0366178065818553	0.0789400079580407	4
-0.0883604181601008	0.199965172911947	4
0.0761067700314095	0.15941158964405	4
-0.0721280091505867	0.149639366596749	4
-0.0634800703486836	0.110841991112968	4
-0.00166185910789965	0.00247149082580869	4
-0.0765558111022367	0.134904649115129	4
-0.0285693191534174	0.0483437323806683	4
0.111614397825797	0.199338713805896	4
-0.04845552158154	0.0609195716303185	4
0.0764783243795254	0.105155129500432	4
0.07706953363278	0.136351830604188	4
0.0901622709974765	0.154987789187466	4
0.0541159981988151	0.0897380131366784	4
-0.0712091691860084	0.106474797846688	4
-0.0716938611432959	0.0993684243266143	4
0.0626505822038861	0.108471852256383	4
0.0243134896724124	0.0340056156642518	4
0.0163069236976186	0.0223554603823504	4
0.071875620312954	0.104956366766567	4
-0.0113217505382173	0.0153321542722831	3
0.0696001622901271	0.118069671194534	3
0.00342072252594303	0.0048599693789215	4
0.0795919181029059	0.114897663419832	4
-0.00360309518776007	0.00390368265606259	4
0.0850210195566454	0.0839256932461676	4
-0.072922121568148	0.0629037744810078	3
0.0878576351213872	0.0808488506689141	3
-0.084193314235953	0.0670299069499415	3
0.042177615666581	0.0264272375409782	3
-0.115583825457238	0.0817810816054614	3
-0.115477498674327	0.0816826410168383	3
0.0522535260809928	0.0395783784493987	3
-0.120678287165564	0.10302382144063	3
-0.0908310136542935	0.0573640751690074	3
-0.123440773451567	0.125626907359968	3
-0.0187918453768244	0.0106200838143165	3
-0.0786928812692219	0.072165729872039	3
-0.0264827012723451	0.0267299688974546	3
-0.0261852125292617	0.00691569697452709	6
-0.0266174972999866	0.00702719711458675	6
0.0656021263019581	0.0211763330807978	6
0.0383628458379737	0.0192496166185128	6
-0.0807279013832241	0.206453413272499	4
-0.0619289004850353	0.136042416836785	4
0.021909306629234	0.0423271931966316	4
-0.022594816820201	0.0446317943463682	4
0.0276883059381557	0.051532853487469	4
0.0978293614284454	0.200783663618613	4
0.0502390522947429	0.0913017074427622	4
-0.0543696090400037	0.0980933076340564	4
-0.102494619178966	0.210278851113028	4
0.0239698922318613	0.0452160472990303	4
-0.000259504000615381	0.00040766147898137	4
-0.0890776019191103	0.145770279499088	4
0.0892510838329069	0.163221632865929	4
0.11652585912437	0.221781050938866	4
0.0130161316495314	0.0207031012092302	4
0.0518346562897481	0.078115258584806	4
0.0234023645620096	0.0327002298066164	4
0.0595417324230727	0.0715133509092145	4
-0.048793974537615	0.0777800514109498	3
-0.0884904696938399	0.141884539354076	3
-0.101429751341141	0.14170512061165	4
-0.0259563117074702	0.0261852763839469	4
0.0836866039788564	0.0687971710969082	3
-0.0960970249232805	0.0825088857585722	3
-0.10874896372762	0.0857343165913084	3
-0.03767067036856	0.044143441688622	3
0.0654218683426044	0.0433161235377729	4
0.0756333121466871	0.0410938621360951	4
-0.0270501141429592	0.0071371116774393	6
-0.0602162512465466	0.0331724308771818	6
-0.070330161709511	0.153054183554922	4
-0.075583978620613	0.154363165940554	4
-0.08052579826951	0.165225506613064	4
-0.0827198979903173	0.166387739550711	4
0.0227479271988009	0.0436426945706806	4
0.0570781830235502	0.116134461261146	4
0.00625395399158479	0.0108470512559115	4
-0.0599745085343476	0.110153975818391	4
-0.0571963282129744	0.0964465295753619	4
-0.0155763875849484	0.02635178286956	4
0.00671870271115073	0.0105070581703766	4
-0.0480847394832387	0.0752764109733716	4
0.0358967584539457	0.0543133805117251	4
0.0578258224057874	0.105735160556385	4
0.0226121173305682	0.0414830490031338	4
0.0769691399458988	0.124429186448138	4
0.0904668439282023	0.139420171416247	4
0.0480329677118867	0.0609141682834204	4
0.105492438507682	0.163994754203615	4
-0.0545221553081894	0.105406483011418	3
-0.0357370526972339	0.0523677837192441	3
0.0651196014408659	0.0933143844059515	3
-0.106769151993681	0.131421039962054	3
0.0311654118599709	0.0378019063542775	4
0.11598052846147	0.18637590464956	4
0.0967366764992868	0.141029118319292	4
0.0897182831049617	0.111229468315472	4
0.0665060410556027	0.0742908516515539	3
-0.0264827012723451	0.0267299688974546	3
0.078611664543941	0.0903955194842174	3
-0.111633650607241	0.128337684925817	3
-0.00299163705645432	0.00324282543225877	3
-0.0822439856814908	0.0835643569662162	3
0.0999867732277147	0.102184138368509	4
0.0417600357503767	0.0397738552969192	4
-0.0385019031814827	0.031101441655302	4
0.0146178866880285	0.00862220227685968	6
-0.0261852125292617	0.00691569697452709	6
-0.110868685184986	0.0594021646710728	6
0.0383628458379737	0.0192496166185128	6
-0.0527540714379789	0.131540689362828	4
0.0786478146810033	0.179529706734948	4
0.118966371558963	0.285471708554252	4
0.102577046544777	0.243695806690855	4
-0.0812594180542452	0.164995807226693	4
0.104526073757836	0.243238330328094	4
0.029296224797024	0.059246970064184	4
0.115363109086108	0.281762526659247	4
0.0708132699278266	0.136499354036502	4
-0.116953257865542	0.243379262507811	4
-0.079946592215653	0.149510923990647	4
0.0127761724650945	0.0193011536336702	4
0.0444842173245243	0.0759429659098845	4
0.00147333044308433	0.00225969141061764	4
0.113618603433991	0.192991048573433	4
0.039722369355992	0.0619743159752398	4
0.0571748575078452	0.0974447771106883	4
0.0907372923346933	0.159965244845143	4
-0.108012292981871	0.217797229617808	4
0.0741587759548966	0.137352442021065	4
0.0342604348554964	0.0726401493273464	4
0.0231207097667885	0.0410922503366248	4
0.0781972214579045	0.146747887572623	4
-0.0709816483994681	0.106104687259403	4
0.113498519774438	0.16681775600309	4
0.013465944551698	0.0178692271295216	4
-0.115608019392084	0.17144704440363	4
0.0730834507283563	0.130426857950482	4
0.0964617046498735	0.160145916938571	3
0.0962313210650319	0.150882841382265	3
0.0707415225754292	0.095513927411421	4
0.0142242686318455	0.0177264750431471	4
-0.00128026645097262	0.00186728055044157	3
0.120316605178115	0.202287390392048	4
0.0999373872096122	0.108838826604269	3
-0.0608101264354552	0.05886013948228	3
0.0543003106006352	0.0588988269158641	3
-0.0616733106828065	0.0625002000276053	3
0.00630549695391385	0.00820903214014887	3
-0.0226662305714245	0.0218691823340394	3
0.0339880406660688	0.036776330296672	4
0.00143022703265175	0.00108555485835093	4
-0.0817159474112063	0.208754958103632	4
-0.0102552204166657	0.0219754931889708	4
0.101006531840103	0.249035074774044	4
0.0276699023846085	0.0580930470989874	4
0.0999161603539881	0.215608882036155	4
-0.0134474854151259	0.0267864705480091	4
0.0578313437869358	0.132700640774586	4
0.0712903525611284	0.163281078099602	4
0.104794151224532	0.216110720313992	4
0.0369613490464923	0.0606153776523536	4
0.00613263497961535	0.010634101631328	4
-0.0364924509841798	0.0719848270836325	4
0.0856817284500854	0.182495945558047	4
0.100361726205097	0.193575760407842	4
0.0349328370656527	0.0599415323274466	4
0.0703235171803933	0.12680353873113	4
0.121474708411766	0.223633018495693	4
-0.102513869869559	0.174946003341753	4
0.12336363663415	0.249825402245378	4
-0.0717877101843719	0.118269392538942	4
0.0820656143441214	0.147383914194677	4
0.0277452206356321	0.0511087793773067	4
-0.0359511086888924	0.063733605719839	4
-0.029225319748835	0.0508141022616499	4
-0.0111590067445318	0.0205210894472755	4
0.0769049691116857	0.105814653200625	4
0.0598766169721903	0.0750139732657622	4
-0.0149314473852296	0.0197473386426896	4
-0.0287370171671165	0.0466303822334352	4
0.113323999899168	0.192346859327567	3
0.0243514038123572	0.038591922265657	3
0.119747641681724	0.201148954750289	3
-0.0440630747579584	0.0604798009254982	3
-0.0371763276252581	0.0556117224678609	3
-0.10799941258701	0.167855035850734	3
-0.0024763667443561	0.00307784555588065	4
-0.0160788225985452	0.01747068175206	4
0.112924544586701	0.134177095830374	4
0.101871439221921	0.0971400975040082	3
-0.0792038206118687	0.0726933734146684	3
-0.0612487846131726	0.0646684354583855	3
-0.00617890883779356	0.00596034719327183	3
-0.0456523954669439	0.0499442879115827	3
0.102404644457306	0.118318033333312	4
-0.0184411920868902	0.0104218553371715	4
0.0941842818512196	0.0356025994175622	6
0.0941842818512196	0.0356025994175622	2
0.114002724391906	0.0868226225158488	6
-0.00909727928853317	0.00419735205696303	6
-0.0721218797264463	0.246935524932478	4
0.0620376317421716	0.194930825665997	4
0.0981858838199785	0.323658833959943	4
0.00164961684374508	0.00393436572643889	4
0.0100350664025269	0.0267229940194846	4
0.0969105972655978	0.259737031639567	4
0.10944531081639	0.277701665149355	4
-0.0626393223878886	0.156222894267261	4
-0.095903473902659	0.23151182756864	4
-0.0940813022140694	0.234386223711613	4
0.122629732317726	0.279551655806617	4
-0.00363012440245296	0.0070081517070155	4
0.00698460184204203	0.0129407810853101	4
-0.055390670653885	0.116120075818299	4
-0.0775106541563139	0.113475811130213	4
0.0148528567589594	0.0212557302140926	4
0.0914270808060417	0.136722440811764	4
-0.0223214595057747	0.0295825109031401	4
-0.104961334266729	0.155041898049795	4
-0.0148454014841715	0.0218970227489288	4
0.0897394761060673	0.150277285513702	4
0.0510326266598835	0.0598446350511759	4
-0.0640542999254963	0.0994280048512998	3
-0.048297798201313	0.0782323077855165	3
0.0402670401579723	0.0602601220448639	3
0.0792358052472298	0.143812828948162	4
0.039271039646045	0.0322034007437681	3
-0.00349526156662906	0.00232423606297009	3
0.0651665487227666	0.0431426225747665	3
-0.0147172068232121	0.0171523130423264	4
-0.00907577553420373	0.0041896645042432	4
-0.0743389980604552	0.0327014027766272	4
-0.0261852125292617	0.00691569697452709	7
-0.00890339937363474	0.00411182477331902	6
0.0649882532264197	0.0209752264218978	2
0.0415027373470709	0.157336325703765	4
-0.0130815076123903	0.0448858301819856	4
0.120115473706639	0.563904703830167	4
0.0748098821703717	0.26984982210543	4
0.00109900502952989	0.00309694033722975	4
0.0402291569552957	0.139516802771715	4
0.0271465301735277	0.0966015441614361	4
-0.0129518617046416	0.030957962646641	4
0.0177022279437186	0.0414684489469376	4
0.0836134453093738	0.242040269283318	4
-0.0300310455446001	0.0737534439449909	4
0.0639360162955544	0.175391020041763	4
0.0273317101515316	0.0616746513592241	4
0.00637120630347857	0.0134021018171479	4
0.101523663048023	0.253831339509566	4
-0.0995475028985415	0.231934619987868	4
-0.0893596304458439	0.232473886207997	4
0.0139441064000684	0.0235463502675076	4
-0.0593615740790611	0.10741066404245	4
-0.0163075645396515	0.0245142345396207	3
-0.10845564695922	0.195751530944747	4
-0.0388108808728713	0.0544859256168808	4
0.108632091803452	0.164226841333391	4
-0.00653502353006837	0.00902569638878568	4
-0.0534138730827969	0.0649718022484767	4
-0.0312850910453168	0.0341362051759046	4
-0.124730112102765	0.227517054066294	3
0.064031647246862	0.0972092476151205	3
0.119600490807597	0.206647168081249	4
-0.112181568741438	0.157115702259842	3
-0.0817197353068864	0.0830137479544262	3
-0.00409918095804363	0.0049352088377052	3
-0.0905826810583665	0.0571966500443316	3
-0.0740149794839908	0.0638730581864148	3
-0.0385667873287645	0.0284031531031459	3
-0.0616894363243585	0.0495133467630392	3
-0.0605027399167127	0.0585311417778395	3
-0.0173661300968538	0.0129302608974551	3
-0.0287680783592891	0.0302229680522705	3
-0.0272149918680243	0.0177991944381784	3
-0.0230165516284451	0.0222159254854706	3
0.0577258912217034	0.0569525426868838	3
0.00559731065896155	0.00568675080304226	3
-0.0615268373655169	0.069987542765192	4
0.114022005523862	0.0868492559839926	4
-0.0911383520862624	0.0575617603552276	4
-0.0749431194464933	0.0329705131312013	6
0.0941842818512196	0.0356025994175622	2
-0.0595347517504393	0.0327837605592366	2
0.0495910213493743	0.255055392082606	4
0.0240054194760918	0.102162603639448	4
0.0951289457286626	0.433745919484001	4
0.00599312766852715	0.0206410467469977	4
0.11761642727894	0.59218203313314	4
0.0827216987173941	0.398699822860326	4
0.102963196149044	0.370267952662525	4
0.0629269580017732	0.175680752452655	4
-0.024885314212086	0.062981670619474	4
0.0331721168527498	0.0888584424557726	4
0.0181569972211078	0.0466846064332896	4
0.110233986034392	0.323402472909265	4
0.108297615675545	0.392781584443339	4
0.12463759410977	0.457016244322674	4
-0.00295241606168395	0.00635358370086947	4
0.0113966652675583	0.0228681589596068	4
-0.106010160271873	0.2373551724601	4
-0.080950633370854	0.129352929015136	4
0.00871718763487699	0.0143204570642296	4
-0.0384282057505638	0.0511472379356535	3
0.00498013276011082	0.00607228457170217	4
0.0770813099824881	0.114461992992301	4
0.0870920498285763	0.0919140443464169	4
0.0433485958876517	0.0604161172238403	4
-0.0498423337822569	0.0822588165866674	3
-0.116199451754684	0.172440244077576	3
0.0457403649376975	0.0509078823853171	3
0.00114438422600236	0.000935119793387362	3
-0.0614523981779082	0.064885590937281	3
0.11292621414748	0.126885987675299	4
-0.00800517414225306	0.00899433871992371	4
-0.0747325094969555	0.0328911761666355	27
0.0949360915037404	0.0358894067913074	2
0.0886208925578865	0.506019864021932	4
0.101678517641692	0.55246509184801	4
0.00757712797181637	0.0247025050395448	4
0.120876992729682	0.588738904184734	4
-0.0196606512324693	0.0474881885286127	4
0.103575189781233	0.302636699093612	4
-0.104509281936875	0.308097326796633	4
-0.0313552810546872	0.0656512403282193	4
-0.0902393002278827	0.212183912371101	4
-0.0110293816685836	0.018817916007692	4
0.0989999808563023	0.245288992296612	4
0.0585679345465561	0.127039005715806	4
0.0811899977382858	0.156126804385456	4
0.0841377982756494	0.138612946922726	4
-0.0778243529116075	0.113933772043319	3
-0.0445260468568214	0.0611539170347386	4
-0.0898822147781483	0.141553435611651	4
-0.11681458299592	0.190333525189683	3
0.113042051458123	0.197143652858806	4
0.0398201315187521	0.0595474220200019	4
-0.011856631191927	0.0142934000246034	3
-0.0499702089260378	0.0587156115660664	3
0.0136023536038622	0.0157505490673054	3
0.0688694651259915	0.0543986895781603	4
-0.0597821703019492	0.032927228706341	3
-0.0563137112181482	0.0362187871748452	3
0.0846421835501656	0.0696076094332309	3
-0.0732565573159207	0.0632058735737487	3
-0.00445530896009171	0.00295727031324807	3
-0.0189001378565962	0.010681247907554	4
0.0649882532264197	0.0209752264218978	2
0.105225004109464	0.972815444816772	4
0.123802777866223	1.05292000019713	4
0.104731907944209	0.687487385044271	4
0.0832492582542034	0.432547504483378	4
0.122081291758902	0.671793280970715	4
0.0282918808559104	0.107389134119657	4
0.060072477730388	0.241882182743686	4
0.0847428211052547	0.362591765880933	4
0.0421055909406459	0.150647310622326	4
0.012014425662841	0.0263664226479253	4
-0.0936405921724284	0.23918291605652	4
0.0733569878709248	0.18859593827504	4
0.114848843838027	0.34002315813435	4
-0.0732882371170572	0.161332321964485	4
-0.0861313220981969	0.177705187259894	4
0.0681181899411547	0.12413032174643	4
0.0611638649695091	0.114592710931996	4
-0.0934546861826913	0.166968316868449	4
-0.0624664395478768	0.0929962965675057	4
0.10811477015579	0.163317407926347	4
0.0699540227191468	0.101867684857206	4
0.00793636312551327	0.00875856469938032	4
-0.0785468088700185	0.0864918237613769	4
-0.122100275425898	0.171208424256372	3
-0.103678905394265	0.14913106204052	3
-0.0263062946040516	0.0265479301002821	4
-0.0610091660210215	0.044369308820835	3
0.0995685682351974	0.0725876793707412	3
-0.0557468723904849	0.0358413976349888	3
-0.00402896451350309	0.00267487529236491	3
-0.0270539731428909	0.0176923965181395	3
0.0664489862130424	0.0440009027174258	3
-0.115850886692005	0.0819782184676445	3
-0.018373910224239	0.0103844128421486	4
0.0520986171469189	0.0394593049959437	4
-0.0578426334844624	0.0531599299751682	4
0.074883689563608	0.0406908150209894	4
-0.0602615072165119	0.0331971513047279	4
-0.0257532591169303	0.00680255942923094	7
0.0941842818512196	0.0356025994175622	7
0.00864997112464051	0.0360440778949914	4
0.114233436777126	0.658256549389115	4
0.119133291362688	0.594110015150739	4
0.00964873509171314	0.0313361329865795	4
0.0978429353224724	0.43752937884351	4
0.0983376953615963	0.430791414166113	4
0.0261509795887472	0.0691446784667325	4
0.0587390834287148	0.151712550334878	4
0.00659578412680239	0.0150871082858667	4
-0.100890516231116	0.262036233049213	4
-0.0235127053950005	0.0553874918723133	4
-0.000357993296894878	0.000784930241106455	4
-0.0178969894763391	0.031140587419299	4
0.107575124363775	0.20818947574858	4
0.0460944201026044	0.0816108595382511	4
-0.0318233396900526	0.0606029257445871	4
0.0693400816792965	0.144271070385618	4
0.0501340190471995	0.0787485187260282	4
0.0714397444309043	0.1042669444415	4
0.110574460141737	0.174777369163574	4
0.0134553373659252	0.0167631459417769	3
0.104621450208115	0.162478933538825	4
-0.124180906064924	0.20700029079349	3
0.00731428055312916	0.00647423502268824	4
0.0752586074781414	0.0408972683489749	3
0.0839795215571347	0.0690492124977894	3
0.0388765495084818	0.0318743261050842	3
0.0564130799475333	0.048124838184619	3
-0.0604805781231934	0.0439497292383934	3
0.0654784254362318	0.0433560799549275	3
-0.017743288688321	0.0144195504846041	3
0.0867659697930957	0.0797260357572888	3
-0.10135971982701	0.103000168164598	3
0.0801273705961625	0.0968912161471138	4
-0.044195320610765	0.048245644411451	4
-0.0187918453768244	0.0106200838143165	4
0.0941842818512196	0.0356025994175622	4
0.120395668878552	1.00448152129135	4
0.111377701155611	0.710179206787244	4
0.0226460078431079	0.0950717697957888	4
0.00647762814655909	0.0237032392435408	4
0.0192321846906188	0.0705627187938052	4
-0.00993252049754439	0.0353909981744542	4
0.0914285143100793	0.417832632728756	4
0.119364249236314	0.616150129680959	4
0.108904023258497	0.360262804653829	4
0.0813262108271585	0.225756784829249	4
0.0402215312093054	0.102009665898007	4
0.111150654316622	0.313353058116443	4
0.0771563864722487	0.19501646601524	4
0.0151092596200476	0.0325091528152708	4
0.103012650365775	0.265827314832175	4
0.0750041818048661	0.165444208419514	4
-0.0167422434785559	0.0316179552900106	4
0.0708438051808362	0.146226845335473	4
0.0949777329900043	0.202158039847796	4
0.0212280339451233	0.0392434911781323	4
-0.0629970798127587	0.0742165460391571	3
-0.0513443309592117	0.0603752273228478	3
-0.0545695533035371	0.0856771748746474	3
-0.0790551323063581	0.133079976207965	3
-0.0645134754341619	0.0785778658566106	3
0.0510196544473228	0.0725287926616307	3
-0.124579189125915	0.180176471391527	3
0.110991792538483	0.175530641444054	3
-0.0920228520302264	0.112882178698532	3
-0.0789071519482255	0.086903301686693	3
-0.0185862404327096	0.0170955247932064	3
0.0721482843541663	0.105381560386093	3
0.111684876197211	0.194364488697272	3
-0.0882127146801792	0.144161888086916	3
0.0869410503647724	0.0917409467708719	4
-0.115316801130263	0.0815781336513838	3
0.0174368016271392	0.0120953603591382	3
-0.120999615245454	0.103326386907671	3
0.0381124631043984	0.0191236352667694	3
-0.106673529408409	0.131276873627441	4
-0.0615554751015964	0.0675671431952991	4
-0.00890339937363474	0.00411182477331902	27
-0.027088618237405	0.00714791271720345	7
0.0668275825228342	0.0215682775976232	17
-0.0295537503492601	0.126862801479478	4
-0.0832719320564653	0.406199387582753	4
-0.0299225815302676	0.117703646133703	4
-0.0576252883843461	0.141464096502425	4
0.036194730607033	0.0890777981288662	4
0.0485508203271374	0.128084272894514	4
0.0976203692414647	0.247281946026714	4
0.0631078512924615	0.168227722002667	4
-0.0849843784673704	0.258596242170729	4
-0.00927146841492373	0.0198013540185424	4
0.0669411377206696	0.148839261038865	4
0.0606638878041538	0.119716450678747	4
-0.0817761836395069	0.175038037549032	4
-0.0592371512600123	0.110074988334388	4
-0.112894249469379	0.254817921166638	4
0.096417322940177	0.140514723251309	4
-0.0452073787734568	0.0621396435025272	3
-0.0623893868310545	0.0685294611199242	3
0.121728324435648	0.165279547136358	3
0.0413524403607276	0.0493927605686512	3
0.0421170397886579	0.0401265685359567	3
-0.0725728760138219	0.0946140148843829	3
0.0730204078697122	0.122484041618077	4
-0.0744934514271118	0.032779670111441	3
-0.115281296864106	0.0815454087483584	3
-0.0386198571343943	0.0311992470801866	4
-0.103421580550463	0.100199797311002	4
-0.0602615072165119	0.0331971513047279	3
0.104216658041086	0.0608551944617536	3
-0.041919090544724	0.0405383593144957	4
0.0260090376542084	0.0264891280767282	4
-0.0270117048144316	0.00712273859855463	27
0.0656021263019581	0.0211763330807978	17
0.0647050481884383	0.020871584547159	17
0.074597185671364	0.38039521762228	4
-0.00805590524598773	0.0312528218180794	4
0.00801062799213896	0.0298222436271199	4
0.0510705815256046	0.217263654003583	4
0.104112934531352	0.354979546142934	4
0.0890584527949044	0.247332512150379	4
0.0303403029544319	0.0760063142192271	4
0.0969196005575257	0.253997735963151	4
-0.0164794621034521	0.0419924712677524	4
0.0104656899712806	0.0259988796815122	4
-0.116058524941756	0.232457028754469	4
-0.0110830920990975	0.0199726897783804	4
0.111904142783058	0.254685142586947	4
-0.0701370189067415	0.124951537216027	4
0.108249326138928	0.163552335942953	4
0.0877571532061612	0.16015115577186	4
0.000778284373185924	0.00102670711680431	3
-0.117206413992658	0.186967110221585	3
-0.0440365663109142	0.0604421945547308	3
0.107850807262365	0.140330742311365	3
0.0014139064441324	0.00148005693900842	3
-0.0772918996458458	0.104158663747982	3
0.0149190741452998	0.0204101669471803	3
-0.0363828168523826	0.0498299578593289	3
0.0514716003682512	0.0753928514575155	4
0.0828321398948116	0.128908242627769	4
0.0267168541305567	0.0272098589675372	3
0.00625838458491464	0.00636154015795014	3
-0.0817406108958797	0.0830221519353927	3
0.113507257145696	0.100877282727426	3
0.0152459068490072	0.00898992189587205	3
-0.0911383520862624	0.0575617603552276	3
0.0841245387469173	0.0585683739720562	3
-0.0601553647784284	0.0331393941319384	3
0.0584466190468876	0.0576978057850641	4
0.0373041075136962	0.0330206613925971	4
-0.0174474412764977	0.0129910928906394	4
0.0752586074781414	0.0408972683489749	4
-0.0110400007728431	0.00960588172131146	4
-0.0305481741845947	0.0333089595816294	4
-0.061418483394833	0.0674037187676886	4
0.0993427606885543	0.0849703939940719	4
-0.0261852125292617	0.00691569697452709	17
0.0808305974550207	0.57098064004557	4
0.0574915668655413	0.306565715653181	4
0.0904105194915474	0.529724780841371	4
0.0763850797649165	0.404512508434228	4
0.082356531088025	0.426343680083643	4
0.0869199710494909	0.29892151961394	4
0.0103512747752539	0.0258875904667505	4
0.0434946397966228	0.122867542314243	4
0.11791886875646	0.386868164648526	4
0.046974125227584	0.131256317817087	4
0.0855552306622713	0.192422641095003	4
0.113879305213954	0.253015608380594	4
-0.0464578204396178	0.0841587527954774	4
0.0680170786181372	0.148186532778022	4
0.0984138616895233	0.150102214331325	4
-0.0145104976012295	0.0191819409318475	3
0.0903903019865958	0.139232237559525	4
0.00401708814135378	0.00472522070033503	3
-0.10720997929536	0.173790251031212	3
0.010818084904106	0.0106595439400638	3
-0.0719190574316063	0.0997088987117383	3
-0.0611819457550712	0.0671179440470881	3
-0.00353109599053041	0.002347047893062	3
-0.0731972847291085	0.0631443061143288	3
0.0418301456711066	0.0262025554315166	3
0.104698864532147	0.0611562840060554	3
0.00228424685132683	0.00172235943473569	3
0.0647547667464836	0.0428545207989664	3
0.0995685682351974	0.0725876793707412	3
0.0246105603111034	0.0225922114915125	4
0.112860492913001	0.0858826418585896	4
0.0402682879815226	0.0423324556601285	4
0.0694060309147103	0.0817291101665923	4
0.112805672994874	0.134024616719683	4
-0.025791218913819	0.00681328853985867	7
0.093807712369133	0.0354537369950867	17
0.0948955972454593	0.0358690837500545	17
-0.0752528597166595	0.0331038265172312	17
0.0813463562499037	0.580060657550728	4
-0.0287187633727845	0.137586844440275	4
0.113979568629696	0.660996112392519	4
0.0980097162119418	0.29199304980217	4
-0.0491554875416449	0.131932392150914	4
-0.014550708070304	0.0339670159942709	4
0.122758800040342	0.312315141174945	4
0.0205513104482567	0.0392514215748311	4
-0.0174917051731061	0.0333972846890851	4
0.0312407756512721	0.0522306042775695	4
-0.110192639495321	0.219906128144602	4
-0.0155511698799122	0.0275644853424319	4
0.0716081584643831	0.138224573888337	4
-0.0936030976883519	0.134212020651617	3
-0.077469649587219	0.11340691025312	3
0.0115853253728046	0.0133915921368096	3
-0.0197259751815534	0.026826023027457	3
-0.0259116650328522	0.0334334870435766	3
0.00607653169926786	0.00766477096555935	3
0.0723770846144619	0.102434563529833	3
0.0143040745944723	0.0172234443469948	3
-0.0571036281201495	0.0764795021162856	3
0.015218934486729	0.0183360314284139	3
0.123803502682329	0.217032199878322	3
-0.0500595524881257	0.0723190914443837	3
-0.0234126895921619	0.0326578142695671	3
0.0379167010349452	0.05030786332513	3
0.100931856065957	0.122618889694871	3
0.102743442541893	0.0980407949191742	3
0.0865575172804664	0.0912961358858487	3
0.0169411338279497	0.0117509364032104	3
-0.0601553647784284	0.0331393941319384	3
0.104871347707273	0.0612572103737883	3
0.0428632640167125	0.0268652571383039	3
0.0656837776250494	0.0434948140667821	4
-0.080045482680137	0.0735159206880305	4
0.0891154119806429	0.099893894426816	4
0.00139891140920555	0.00146117867962303	4
0.0246053252632768	0.0225932827989212	4
-0.0374608182166217	0.0344436082363087	4
0.064089423073621	0.0206660669005938	7
0.0648467986476733	0.0209261864989387	17
0.118799050987012	1.01312553879668	4
0.121509036360597	0.845129975411891	4
0.067296271090105	0.231788595134055	4
-0.116297782408421	0.388887894250274	4
-0.0443959830235314	0.120902907977866	4
-0.0665519728919391	0.200064696749112	4
0.107749272510832	0.349775325476051	4
-0.0218282536007569	0.0439687111179263	4
0.030383205821488	0.0610448724541435	4
-0.000822534040122577	0.00146100382065556	4
0.109958186406949	0.230081920019743	4
-0.0622275880303714	0.125067913367603	4
0.00560395984739646	0.0101076129243273	4
-0.0564212080470594	0.0965062284242609	3
-0.0284641492739546	0.041554234367428	3
-0.0403744961460043	0.0568088046733643	3
-0.0707344462541235	0.0979050458058049	3
-0.00231245918435257	0.00344219193584149	3
0.065084656374575	0.119619940378612	3
-0.0359345767398941	0.0491885344849753	3
0.022087838225905	0.026177520920755	3
-0.0903105194789555	0.125701410368962	3
0.0817191570779388	0.109051623066023	3
-0.0637063925873439	0.0988458498506989	3
-0.0310125464179473	0.0434046896720951	3
0.0243132272500376	0.0340127692487264	3
-0.092696837685421	0.11750801268935	3
-0.0579977922710652	0.05329823080205	3
0.0146303928675058	0.00863164162002505	3
0.113599514647507	0.0865084980639209	4
0.0150649756389212	0.0104342403626765	3
0.0835665448332195	0.0686890330523485	4
0.0898665252392996	0.106241711070289	4
0.0690364457606178	0.0545298919626265	4
0.0654611636378388	0.0211274277108484	17
0.0771160472203173	0.562498105280901	4
0.0644941564883674	0.364030602705254	4
0.0311732581114362	0.107282975815593	4
-0.121520527571681	0.471963431074526	4
0.112744857938239	0.427572086192498	4
0.0335354369843335	0.0958399007066189	4
0.0646031182541827	0.211335408145156	4
0.0573535501805018	0.177665477466979	4
0.050663089158667	0.138109270002462	4
-0.0671006944537755	0.191784639393667	4
0.0237519067080643	0.0679750056806656	4
0.055999362560304	0.162022997130456	4
-0.0218057058308117	0.0455393995851788	4
0.0960888348902903	0.208339805787487	4
-0.0831816142842057	0.185225844809031	4
-0.084918330539896	0.183991955715808	4
0.111766318586752	0.273758720555952	4
-0.0011652627407799	0.00220005661587053	4
0.122551035654945	0.200644279617211	4
-0.0615953830563243	0.0915975256355889	3
-0.0751097375359493	0.10711136066901	3
0.00239603104207733	0.00344851931616355	3
-0.00880723493904859	0.011302750683391	3
-0.0255498695472134	0.0298488598097487	3
-0.078170043203855	0.0860433839278232	3
-0.0683499088810282	0.0861803611603745	3
0.0396988940939759	0.0593527196340699	3
0.0881236128190018	0.119896689681362	3
0.0314378394502376	0.0309328385278173	3
0.0460209214069583	0.0512490900074707	3
-0.0044190664780202	0.00293419153150349	4
-0.0602771186105542	0.0332033893253653	4
0.00213440299277876	0.00161140236592414	3
-0.120999615245454	0.103326386907671	4
0.0700849612262937	0.0667914561010376	4
-0.0969207942367306	0.107104903389749	4
0.0328400366418087	0.0323755471409792	4
0.0679804725916518	0.0760517874064335	4
-0.0108087137339433	0.00940653983860073	4
0.0387549333940165	0.0194462610249275	4
0.0945604080042366	0.0357478539714517	17
-0.0266174972999866	0.00702719711458675	25
0.0824330726348771	0.32287703155359	4
0.00782788432004324	0.0236624566961172	4
-0.0085750858752906	0.0233861627433093	4
0.0970977693296697	0.363670406694262	4
-0.0465940661109642	0.120666425350278	4
0.124950487069172	0.310432760824593	4
-0.035523566935526	0.0781558301622858	4
0.0833463906326771	0.207759151916991	4
-0.0165761656320877	0.0328498783298206	4
0.0084988624555786	0.0175253470783349	4
0.0787855447193657	0.198290946531529	4
0.108433365694155	0.17613235091889	4
0.0724049116711899	0.118366315287376	3
-0.101392540618458	0.182306470448336	3
-0.0879269379782526	0.151635674581323	3
-0.0150594181121201	0.0209074568905103	3
-0.0702705470567548	0.107129360574843	3
0.0531812722150661	0.0711387122297373	3
-0.00960080442470691	0.0096525311305042	3
0.0589828102845214	0.0829860742203323	3
-0.0454743353805929	0.0683879482931446	3
0.0645902390613575	0.107922893595377	3
0.019911381022025	0.0208931027331513	3
-0.0255912113595347	0.0299004986068682	3
-0.0108087137339433	0.00940653983860073	3
0.0953113330282808	0.036023880282653	4
0.0209786008792596	0.0165118383495256	4
-0.096534358184872	0.0829088522594256	4
-0.101396699407592	0.103058680801524	4
0.0331894460141331	0.0327290750763031	4
0.124773414295927	0.144425692788589	4
0.101698556361205	0.12368214699756	4
0.0657427943130726	0.0212192905615849	4
0.0651294124059475	0.0210183759594045	4
-0.0265792695928024	0.00701290039496226	17
0.0411711221059217	0.166136468164355	4
-0.0446028522521574	0.173421947015173	4
0.115213248439608	0.58002493862136	4
0.052225168604118	0.188193280267422	4
-0.0996901166236601	0.443001938045939	4
-0.0889558467337699	0.308510321769295	4
0.116658839453724	0.371872841674804	4
0.00365703936092227	0.00804295907687822	4
-0.0562492201926505	0.131579130722499	4
-0.110550557062162	0.280834796215947	4
0.108072610646478	0.303852779865486	4
0.0748493362587864	0.195676639538432	4
-0.122902705197677	0.325224430129521	4
0.032337238619452	0.0514878194724423	4
-0.0540833073362007	0.0833263924223051	3
0.0684863154670768	0.13305369714749	4
-0.0536507950462139	0.0810742053350023	3
0.0608140540237929	0.0961580187333257	3
0.0180486672428891	0.026611620548119	3
0.107655368047707	0.179753400825956	3
0.0705908421562728	0.106039419682362	3
-0.0223155344468241	0.0330794088037284	3
0.0553903817072874	0.0717109488196585	3
0.0462435225831819	0.0515113830048047	3
0.00161993474240992	0.00169038028739744	3
0.0360631374699109	0.05686064162281	3
0.00423735693686801	0.00576670983448746	3
0.064818181875109	0.10125151428155	3
-0.0477600707656351	0.0747318939529444	3
0.0587612223096824	0.0735254901588388	3
0.100146207998011	0.102341057355296	3
-0.0961198717736247	0.0825119565290954	3
-0.0386033392842295	0.0311856384240635	3
-0.0384195491616269	0.0282898377639247	4
0.104526328848985	0.0610524083673403	4
0.052825005829711	0.0400203517290456	4
0.00697426063775594	0.00616937715689222	4
-0.0908310136542935	0.0573640751690074	4
-0.0585162402439005	0.0538173451003527	4
0.0941842818512196	0.0356025994175622	4
0.0388966151100764	0.0195167477230586	4
0.0938898662080557	0.0354775730707022	4
-0.111259117835084	0.0596116617798777	17
0.056052788535651	0.349056826035554	4
0.113870728870888	0.777657642682792	4
0.12166706502423	0.776410020496816	4
0.120820429479936	0.768440857684352	4
0.106165734890165	0.514722793800969	4
0.10426638332676	0.618760436444549	4
0.0166479045858441	0.0641655863367218	4
-0.0179120731079561	0.0472547914191175	4
0.0213756565888067	0.0510975965105448	4
0.0432495111963742	0.106520428212999	4
-0.00903943952063531	0.0144112646900226	3
-0.113376482124854	0.211931284562706	3
-0.0464712522987339	0.07253315032327	3
-0.113823178050027	0.196147600055789	3
-0.115799641759277	0.180117396055828	3
0.0834044277954855	0.13356834659032	3
0.0146789276743877	0.0195096939621638	3
-0.0171439325167885	0.0220592964531058	3
0.00637307007766906	0.00945909197459956	3
0.0514322446657752	0.0774646371694048	3
-0.0676562971145402	0.0909547850682161	3
0.0198675425941047	0.0225435855701553	3
-0.0279461278470121	0.0182822565941815	3
-0.00886042722884397	0.00409117945922056	4
0.0190666270541981	0.0162338478723098	4
-0.00384969120521322	0.00256029248493882	4
0.0765206517094322	0.0832186721110316	4
-0.0091404212364813	0.00421852445455512	4
0.0657427943130726	0.0212192905615849	4
0.0669672714799195	0.0216108367016669	4
0.0944787067436292	0.0356993872124112	25
0.0957716765756923	0.587887743960801	4
-0.0457599887072759	0.198767597730363	4
0.0391053347165657	0.178487806650815	4
0.119124307367361	0.460433603877833	4
0.0818481014832526	0.270627182064363	4
0.0948863677321979	0.291707109473351	4
0.0764147249840158	0.233097611801495	4
-0.0252323253287049	0.0599159523461676	4
0.0443460441534187	0.110536988284113	4
-0.0440765015611219	0.105339097866491	4
0.0687560714123736	0.17256852540033	4
0.0120186744657351	0.0244317035535105	4
-0.105568863783857	0.222213182848976	3
0.0762191592498129	0.131611753519321	3
-0.105051781010426	0.176671837156802	3
0.00499532758191601	0.0068016595268128	3
-0.0441957298256335	0.0650922407871359	3
0.0900116690776126	0.138638292724439	3
-0.0357015676575505	0.0488547733848598	3
-0.107470603718454	0.170603379948607	3
0.116871973286727	0.217374012244149	3
0.0127067668786567	0.0191945213545762	3
-0.111680895010069	0.195523539246248	3
-0.0489110771523349	0.0690811052813581	3
0.104052243931971	0.161436468217756	3
-0.0834856261881997	0.109111298639269	3
0.055048972625324	0.0712378942853159	3
-0.102113846222595	0.103857656623394	3
0.113468283330077	0.134851382368834	3
-0.0224910005383078	0.0216952177760613	3
0.0147485807249078	0.00870031264157307	3
0.0847832263522326	0.0590420907259644	4
-0.0966793512875885	0.0830431384261038	4
0.0520173131723424	0.039394114601864	4
0.0148076257079645	0.00873401547235182	4
-0.0190757006049242	0.0107794732203747	4
0.0705915618831934	0.0673053903089567	4
-0.081535986216141	0.0828150554699864	4
0.0662152355763195	0.0213746653107393	4
-0.0261852125292617	0.00691569697452709	4
0.0948955972454593	0.0358690837500545	17
0.0608742360557295	0.411064440321577	4
0.0590116849328039	0.286508293122906	4
0.122202160112751	0.751035927545914	4
0.0329622062610657	0.127562002572629	4
0.0895955760706045	0.305492623262176	4
0.0944206797811663	0.284969232108637	4
0.09280518636489	0.242165502616168	4
-0.0701920304533781	0.18090763603595	4
0.103690156128097	0.22008696039993	4
-0.124553285497086	0.251547434887546	3
-0.0628960283888015	0.0974816875028799	3
-0.0572198599276432	0.0766522914440504	3
0.0649156205422731	0.092993104110318	3
0.0382567862645765	0.0595463791638329	3
-0.0924280569299985	0.10962974578864	3
-0.121100731011325	0.103420563510723	4
0.105008515183994	0.0613343355486825	4
0.065372263009569	0.0432844701976425	4
0.100015877109269	0.102231602206891	4
-0.123780697355465	0.126013266945148	4
-0.110868685184986	0.0594021646710728	4
-0.0812970558124333	0.0787277347801645	4
0.0996605527362641	0.101832228298702	4
-0.10191854727419	0.103650891342673	4
0.112427859802501	0.126245645111309	4
-0.0794731361715553	0.0729561093559391	4
0.0649882532264197	0.0209752264218978	4
0.0669672714799195	0.0216108367016669	4
-0.0266174972999866	0.00702719711458675	4
0.112040370453395	0.646364303476556	4
-0.0334875931759868	0.143340668924041	4
0.0417611473637938	0.129353276979267	4
0.0763777509694155	0.240036111380497	4
0.0190350857065415	0.0463910219109569	4
0.098980757247338	0.255376878568583	4
0.026723090353664	0.0581446315200862	4
0.0506787780809638	0.118160580172642	4
-0.00224888088338591	0.00461175962736715	4
-0.0166205540238704	0.0249964263684621	4
0.110214573184917	0.174111316060037	4
0.0486669704296749	0.0853931546341611	4
-0.0763256902964062	0.11144265116798	3
-0.0683325380136612	0.0996401717166808	3
0.0547087518216473	0.0850201153360184	3
-0.0371585002334618	0.046547185725635	3
0.029286790961637	0.0380440463309836	3
0.0502545854406208	0.0789497534874388	3
-0.0560152430290001	0.0912559242330106	3
-0.0257224585092293	0.0367093813525483	3
-0.0501612217078172	0.0589488013019313	3
0.0196445266269592	0.0167340134927343	3
-0.038392213380181	0.031008831732206	3
0.0349561161547323	0.0253620044574892	4
-0.0610232239160461	0.0443662022144427	4
-0.102334488434179	0.0937895892302899	4
0.0994442263987783	0.0850573341240735	4
0.0266847334738083	0.0296014658637879	4
-0.115377749970707	0.127803148629837	4
-0.074718245299852	0.0328797308440951	4
0.0660747637315169	0.0213259005085459	25
0.0656021263019581	0.0211763330807978	25
0.0928163682456889	0.710822666176608	4
0.113608473175244	0.733126476427601	4
0.0979958924823333	0.579124313973042	4
-0.118763479748092	0.382687534021853	4
0.0520368118813239	0.1376089223548	4
0.0193286277525868	0.0449152502626652	4
0.0968665594825826	0.258622361247657	4
-0.00240546344393864	0.00505445815741106	4
0.069501739449015	0.171015052395502	4
-0.0146687435503458	0.0216281211058825	4
0.0952454844683997	0.162126262995263	4
-0.0599162214940236	0.107011796843487	4
-0.0631003977022146	0.097830025922473	3
-0.00889024156522135	0.0114103551804205	3
0.102646719331949	0.152394175055151	3
0.0956546781782338	0.132906475559492	3
0.032116550039507	0.0389871175803736	3
0.0269075646547633	0.0421648843752841	3
0.0768520590140016	0.114069305300447	3
0.122266267519965	0.166133562093774	3
-0.049798108874737	0.0585018263485744	3
-0.0614405433804186	0.0648806780013929	3
0.113036174734035	0.0860206580866166	4
0.104767435144057	0.0611964935122059	4
0.0650673672385836	0.0430740788628577	4
0.00268409641863057	0.00202176654595558	4
0.0387672548432018	0.031781306434724	4
-0.0605418828999597	0.0485763292267168	4
0.0843206097520343	0.0587123071211911	4
-0.111457420161039	0.128103590072665	4
0.0387521220609327	0.0317599603884434	4
-0.0908310136542935	0.0573640751690074	4
0.0692708060814558	0.0852992831545541	4
0.0653199058405313	0.0210729058126537	4
-0.0261852125292617	0.00691569697452709	17
-0.0748873517760911	0.0329589431209806	17
0.0649882532264197	0.0209752264218978	17
-0.00907577553420373	0.0041896645042432	25
-0.0365041519919874	0.182015828729628	4
0.026669366067381	0.122738516653531	4
-0.0135477188053511	0.0493617340609211	4
0.0408195217975481	0.123720407804414	4
0.102949669188021	0.341285444510029	4
-0.0325222192055933	0.0897448236596143	4
-0.0828133749235566	0.200291102166993	4
-0.0128893576383353	0.0279018732112622	4
0.0311455075650111	0.0741676328546838	4
-0.113060853497825	0.319687228131355	4
-0.0338041606060959	0.0533147282019755	4
-0.0361777789083188	0.059977351827745	4
-0.0766375620543986	0.139262274541599	4
0.0474991987825403	0.0773799420611298	4
0.104593381266115	0.16242965612233	4
0.120481360594642	0.180562174264371	3
-0.00149095011116208	0.00185543450623199	3
-0.0085535458708664	0.00961651737899375	3
-0.0424432019193951	0.051523226932269	3
-0.0258527670103025	0.036902878377822	3
0.0724739896424917	0.118487795940637	3
-0.123063375270326	0.209104389964724	3
0.122323219371546	0.166192760641226	3
0.0791722018128861	0.0910966522995399	3
0.0865632453920584	0.0913070983488712	3
-0.119995749140178	0.127749829753211	3
-0.00361914892120806	0.00240808348353706	4
-0.0188037462511579	0.0152797510278574	4
0.0437375883457529	0.0274030416461535	4
0.0996677755643742	0.101841365867663	4
-0.0187583407839587	0.0172536671438596	4
0.072282228675258	0.0737635428613687	4
-0.0232130502025218	0.0224172838111174	4
0.0336306441383394	0.036373727518831	4
-0.0618613017034945	0.0627033758867591	4
-0.0270501141429592	0.0071371116774393	17
-0.0265792695928024	0.00701290039496226	25
-0.0294115413156591	0.139696054849228	4
0.101276145421323	0.517218036429333	4
0.0534541482109186	0.181518093650914	4
-0.0145806748146716	0.0372185433386004	4
0.0347414665033591	0.0788495610432036	4
0.0367740316607992	0.0502950123158201	4
0.0252156154750425	0.0444636422757823	4
0.11303712183838	0.234682288985598	4
-0.0158493966065514	0.0184882584462602	3
0.101546522868942	0.123480667731266	3
0.0579452066110177	0.0814299670155336	3
0.107171484688234	0.178823451909726	3
0.100807819346415	0.165225986249071	3
-0.0144707883576949	0.0168641457441202	3
0.0542633258364248	0.058869977601487	3
-0.0298785319093537	0.032545814868569	3
0.0386872763294261	0.0317162058892823	3
0.0195492443146322	0.0166504585110967	3
-0.0569811113427202	0.0366549537496173	4
-0.0386650064794744	0.0284740814304679	4
-0.0273562805432725	0.017890546267887	4
0.074883689563608	0.0406908150209894	4
0.0172074833788054	0.0119358290492111	4
0.0989287282637692	0.0845979103116174	4
0.0180433493353043	0.0125094118472196	4
-0.0273562805432725	0.017890546267887	4
0.113563181291092	0.127656998267506	4
0.0945196386074229	0.0357274387189035	17
0.0648467986476733	0.0209261864989387	25
0.0864061755530914	0.748475027622725	4
0.0942200746034024	0.7293115477762	4
0.0208192633134882	0.087338832525989	4
0.103606953220233	0.461540136876052	4
0.056049605666869	0.179183607169902	4
-0.0326706582175729	0.0872027194700176	4
0.0346978407210787	0.089537879110216	4
0.113726364049909	0.32681973656047	4
0.100937976679347	0.241320958908184	4
-0.0539201029566049	0.104134613866639	4
0.0713847585089761	0.104176672969665	3
0.00541437219937534	0.006823215546833	3
0.0505163536033355	0.0717796334683628	3
0.0143383085196407	0.0190494471579441	3
0.034921926863295	0.0476461177065623	3
-0.10687330688959	0.16206777836541	3
0.0222491052687313	0.0301628525442158	3
-0.0406481357633779	0.0633211580629114	3
-0.0636262422267912	0.105983041605292	3
0.00447157660689335	0.00636024348772802	3
-0.115925342528742	0.172021999916521	3
0.0212255244918054	0.0167115921972014	3
-0.031089825668696	0.0270123039773627	3
-0.0192099340597116	0.0108537017557581	3
0.0656021263019581	0.0211763330807978	4
0.0432289341279773	0.0270894642268006	4
-0.0555916181141408	0.035734551473022	4
-0.0518101017922229	0.044887883818798	4
0.104457774411847	0.0610089185564601	4
-0.0921600910625201	0.109271013140618	4
-0.0261852125292617	0.00691569697452709	8
-0.0602771186105542	0.0332033893253653	17
-0.0144453097612065	0.0547403829132012	4
0.0505436731700974	0.19688228954408	4
0.0393602279176047	0.134253407637792	4
0.124083335309448	0.53559132148291	4
-0.0598434526834865	0.169172556452339	4
-0.0154915772067442	0.0400243823534822	4
0.0409233463458194	0.108672785559486	4
0.0306284813200691	0.0813237241399413	4
0.100958390321901	0.274764054350674	4
-0.0864992959897255	0.185998520761111	4
0.12119530174786	0.253164643637593	4
-0.0618404551565916	0.0920016812776641	3
-0.0956944810259626	0.15990023001762	3
0.0503936126370111	0.0715943286994648	3
-0.0910193019315468	0.126817274242511	3
-0.120648556056467	0.153933381439178	3
-0.0450349085023651	0.0474587959645456	3
0.0449761368755904	0.058887600798214	3
-0.0196861254659113	0.0267708094353627	3
0.101338117764621	0.166239134101972	3
0.0739808620218481	0.104931636784614	3
-0.00345878549868752	0.0037453502022363	3
-0.0902634701347023	0.056977370235685	4
0.100450705668232	0.0732673746325446	4
-0.0519863918279553	0.0450499744831567	4
0.0166747470239525	0.0115653869056424	4
-0.0189672871637702	0.0107186493441951	4
0.113745296197309	0.0866213682968517	4
0.00197876186226477	0.00161297972074913	4
-0.0274820858226867	0.0179765432623781	4
0.0864291723248992	0.0911416123464973	4
-0.0307357905162813	0.0266980628705473	4
-0.0868644320840157	0.0623416560563385	4
0.00961817500204589	0.0106321360001879	4
-0.119303810682422	0.126910483180968	4
0.0949360915037404	0.0358894067913074	8
0.0934306988854646	0.0352982994880117	17
0.102038388743624	0.513445015483148	4
0.0443389177367064	0.159992798428208	4
-0.0600099790557151	0.203789678774367	4
0.0740676556674921	0.26615719639977	4
0.0499675939449544	0.156525400171428	4
-0.0212464976320577	0.0523975805551875	4
-0.0546130231334665	0.0842199216900571	4
0.0798524898715015	0.115296052666717	3
0.0173638888550866	0.0244955448975178	3
0.115740366759434	0.162471911563133	3
-0.0807369580139538	0.123943076658711	3
0.0272904226314901	0.0443949438722219	3
0.0971035479953503	0.141621588866905	3
0.0211767990289306	0.026012599756443	3
0.106897723438367	0.154069405430386	3
-0.115049813730718	0.0813693194782402	4
0.0251123367754479	0.0230672124423368	4
0.0524897210683093	0.0397604584173472	4
-0.0191428056965067	0.0108168578594397	4
-0.0802959735530621	0.101522841719024	4
0.0588695324103783	0.067482058092411	4
0.0662152355763195	0.0213746653107393	8
-0.0257532591169303	0.00680255942923094	107
-0.0306721662917406	0.11504563014953	4
0.0910778955328987	0.376409145559918	4
0.110790576934651	0.482398952643564	4
0.105861012762246	0.411937837220226	4
0.0694521223342125	0.104151783862752	4
-0.0145455427934475	0.0300792605634887	3
-0.122832817286525	0.265742008675572	3
0.0198527472214839	0.0293479485896058	3
-0.000495213744599416	0.000676855886651215	3
-0.11373810804166	0.192168747623449	3
0.0989604315227856	0.151038308506385	3
-0.00823904251730875	0.0113989976037633	3
-0.105871619419382	0.134570637021667	3
-0.0440999214048616	0.0446258203786761	3
0.114616208655773	0.176388561798999	3
-0.0848824634037436	0.145618936323726	3
0.0669430644795378	0.114902894741556	3
0.0134447373087605	0.0229570524034444	3
-0.0856585020675151	0.160759224434609	3
0.00725953660778289	0.012190562826474	3
-0.000318937217962684	0.000297980323184958	3
-0.0640508314132402	0.0834906389043347	3
-0.0168976723985962	0.0125787063600382	3
0.00252953287083694	0.00190667981576255	3
-0.00306949103190698	0.00204216222186692	4
-0.0599078398087261	0.0329990908705885	4
0.0941432367964954	0.0355820944406514	4
-0.031269775795077	0.0271695703184523	4
0.00150746483910848	0.00114321750165541	4
0.00197539983770771	0.00149250660450999	4
-0.0905708465719131	0.0571816898503952	4
-0.0390503965912754	0.0315516635429126	4
0.101482678736888	0.0967043811846207	4
0.0998350688075952	0.072792971376704	4
-0.0386033392842295	0.0311856384240635	4
-0.0216469718844335	0.0244221951149859	4
0.0993440763080752	0.126258391211541	4
0.050355403639137	0.0590305491114202	4
-0.0748027349495031	0.0329221357879567	17
-0.0922638474563958	0.443795482009137	4
-0.0727138622062965	0.279003904845121	4
0.0344934728328162	0.112178170891517	4
-0.0508296711909155	0.177910474593185	4
0.0341887157798805	0.0545813400405817	4
0.11212976698137	0.195280271637997	4
0.017026971354968	0.0254784315649964	3
0.0205993319698101	0.0216265323968131	3
-0.0428622930640412	0.0433168926544772	3
-0.0556670324683516	0.0891055105022706	3
0.0307354502239849	0.0520391704297175	3
0.0792928098985959	0.143925174041219	3
0.0117093715626186	0.0169672523456229	3
0.119271432656291	0.178432305392804	3
-0.0723443182705571	0.0942868852416385	3
0.00165033124680397	0.00172851755940348	3
0.0254444943910527	0.0233799592751602	3
-0.111119159972051	0.0595301841802975	3
0.104526328848985	0.0610524083673403	4
-0.0909025968528378	0.0574046328384175	4
-0.0605965719106956	0.0440533305664295	4
-0.00379789458807501	0.00252229209995844	4
0.104526328848985	0.0610524083673403	4
-0.00599324529004765	0.0057791560556948	4
-0.0565627141710089	0.0363742898286488	4
-0.091340725970591	0.0576918031520178	4
0.0169337424110371	0.0161272645860767	4
-0.0619349652031868	0.0654441729770025	4
-0.0214040518529776	0.0258562352876318	4
0.10180538643573	0.117591242661459	4
0.0839987236616378	0.069071536267801	4
-0.0261852125292617	0.00691569697452709	17
0.0949764239044868	0.0359049529434385	25
0.114469880593332	1.09886850249017	4
0.103899378345548	0.610599590870721	4
0.0642706665792937	0.286262814170803	4
0.111013944919551	0.568939617439197	4
0.0179063103433364	0.0598941042034624	4
0.0713245960089638	0.28278858283881	4
0.0794122470226048	0.172515633288128	4
-0.0288875538805496	0.0475803912202585	4
-0.0431785202578138	0.0901376722152279	4
0.0691399127570329	0.128697496156214	4
0.0843672914398272	0.135310828535469	3
0.090714916766726	0.159966387204727	3
0.0294184285076711	0.0455691570423627	3
-0.0401479788949269	0.0722744648744454	4
-0.0420684634427574	0.0730941738731064	4
0.0543832692548682	0.106749118271999	3
-0.0635663464864395	0.100477105131895	3
0.013836841533623	0.017817778523877	3
-0.0386115959697413	0.0311932147313116	3
0.0170965396165496	0.0118593723143861	4
0.0172074833788054	0.0119358290492111	4
0.0150684002782088	0.00888859306176837	4
-0.101975160989232	0.093428491783135	4
-0.0910081545404201	0.0574688575701499	4
0.099562066461195	0.0851620908293019	4
0.0876777018709132	0.0806705862757603	4
-0.0992283765176671	0.105375236783732	4
0.0037382699578164	0.00421764353073894	4
-0.106751681081797	0.131377975657327	4
-0.0600904903665391	0.0330980355271579	4
0.0938488706446206	0.0354696115884029	4
-0.0257153931728396	0.00678842782241024	4
-0.0266558194681073	0.00703797579722843	8
-0.110062143329478	0.058932457512361	17
0.0912141814673697	0.833932709601221	4
0.0574950809428375	0.370848425719488	4
0.0814020720988123	0.435201973500347	4
-0.00136477481600497	0.00521606895165673	4
0.0964424272574489	0.484220427894257	4
0.0622168435974548	0.26370172203564	4
0.0164579881821083	0.058450565415389	4
0.0150273755479136	0.0452677897378604	4
-0.0110775796891681	0.018446756409513	4
-0.0897675623629637	0.222515199334928	4
-0.0885628376895694	0.194377241539521	4
0.122969496903831	0.248731941506205	4
0.0381807887411424	0.0554583065154049	3
-0.0340997731950601	0.0546616679983577	3
0.0661021945136586	0.115791595104097	3
-0.0972763741632926	0.159878337064898	3
0.116859721061976	0.232571670426195	4
0.0308954812127703	0.0607639521979865	3
0.0735557089233385	0.154978069860805	3
-0.0558798491740527	0.0910218128365039	3
0.0724981885720608	0.0739823774456717	4
-0.0971476027295249	0.153245495341013	4
-0.0832445262835819	0.0662221300955422	3
-0.119654381401621	0.127341228876541	3
-0.074817115851045	0.032924563474035	4
-0.0379534034744609	0.0279365828150933	4
-0.103928968456064	0.100721450685989	4
-0.00615022912189633	0.00592757359356113	4
-0.116068783925716	0.128646201703916	4
-0.102411463493931	0.10417942761266	4
-0.0282388641906799	0.0296544838732863	4
-0.0266174972999866	0.00702719711458675	17
0.119114123265072	1.00841233814887	4
0.0700774662052016	0.385718742827025	4
0.106426582560408	0.590677654904666	4
0.108937904952314	0.579513501818481	4
-0.0910468156170134	0.255113810459151	4
0.045607427477251	0.0895333462392394	4
0.0492376274531046	0.111917036677653	4
-0.0421916436573603	0.0691896973612902	4
-0.0110021165626453	0.0155725986740354	3
-0.00799517395533211	0.011738605490214	3
-0.0194971535354054	0.030403813017731	3
0.0810726508796063	0.142099130082404	3
0.0867964578633744	0.127772576569874	3
-0.0417610425474121	0.0600835705280601	3
0.115028212985765	0.264573454476176	4
-0.116529114419769	0.21153931801306	3
0.0717065643394026	0.124917121152164	3
0.0522731524918169	0.0844227731924881	3
0.077050889052395	0.117867042993394	4
0.1011238701376	0.122900032315094	4
-0.0904646897534866	0.0571062377062635	4
0.083911508259731	0.0583843901144298	4
-0.0452409958991693	0.0476830216088248	4
-0.0791423456086136	0.0726264457714824	4
0.0500379403417191	0.0611932664740891	4
-0.0112257702900043	0.00977693513171892	4
-0.0112589285728626	0.00980263020260778	4
0.0310494513800342	0.0361677345990122	4
-0.00296201147922103	0.0032116583320083	4
0.0949764239044868	0.0359049529434385	17
-0.0266174972999866	0.00702719711458675	17
0.0662152355763195	0.0213746653107393	17
0.100155838748149	0.763648633086248	4
-0.0133411772694274	0.0516909475954954	4
0.0388427071056497	0.160607258814107	4
0.0413053709761381	0.156272566690193	4
-0.0137527353194091	0.0414251118035898	4
-0.11589032330682	0.308826674844817	4
0.0280357132710199	0.0478806463585702	4
0.0107182738616115	0.0176632815164805	4
0.0375442654585824	0.0804244427422768	4
-0.0381380332844877	0.0724392069300737	4
0.00688801303790695	0.0102319176217305	4
-0.0196462301939282	0.0306498537030148	4
0.124755523510511	0.218992826997469	3
-0.107057225647119	0.140634007383453	3
0.0624384789924933	0.111981941955883	3
-0.0502541656726173	0.0934949497797782	3
0.101944501402155	0.189966730799608	3
0.102920781566935	0.196392032152891	3
0.0650134422031809	0.12332620168642	3
-0.0607806543885748	0.110288024913744	3
0.0145589036742042	0.00858854184125797	4
-0.00415250499829249	0.00275899548902322	4
0.0720963770818121	0.0638945106735944	4
0.0850276963755949	0.0839228223724493	4
-0.0806638071090337	0.0818486454323527	4
0.123140188577088	0.150287092992012	4
-0.0501612217078172	0.0589488013019313	4
0.0941842818512196	0.0356025994175622	8
-0.0265792695928024	0.00701290039496226	17
0.102265223665459	0.95606679195658	4
0.075363602910893	0.529716310553544	4
0.0947208022790039	0.556418010032681	4
0.0900551650971426	0.469917825626577	4
0.058293387063906	0.134968891618538	4
0.0664211073097227	0.135328471903822	4
-0.0915107274250113	0.183727192000495	4
0.111435406339476	0.288519550173415	4
-0.0415933390917371	0.0977546603360225	4
-0.0267526896137491	0.0419742823027142	4
0.0933362507822053	0.18301310433692	4
-0.0331472494987283	0.0606060791032064	3
-0.0979471342717468	0.132563855822276	3
0.0841353557706036	0.118118550610065	3
-0.076664887800378	0.146507264044925	3
-0.00466040030533687	0.00789505004769392	3
0.11399043980427	0.229182232152132	4
0.0116514610926837	0.0168841663523602	3
0.0575322062711836	0.0881493846878506	3
0.0875387954255554	0.113042730233959	4
-0.00944210803001158	0.00435285388480575	4
-0.0389406920556623	0.0314634355643513	4
-0.0277140373178624	0.0181296057387331	4
0.0403974349012351	0.0424793090464183	4
0.111539643495147	0.139199385848584	4
-0.0185841099793876	0.0170944480298864	4
-0.0838410864522024	0.109601707486934	4
0.00292857068275814	0.00220500717560799	4
-0.0266174972999866	0.00702719711458675	4
0.124058534827845	1.26942535613061	4
0.110256443224557	0.880508064939419	4
0.0295683097134004	0.135436792837987	4
0.0967969522072999	0.513528238685403	4
0.103256079736253	0.260043539589603	4
0.0970723490638312	0.188898118502718	4
0.0451739952324996	0.0809024710785011	4
0.0485096661203167	0.0821836761655797	4
0.101733568353841	0.144088062501449	3
-0.0356575595487003	0.0522450546050187	3
-0.0710904916811877	0.141386791896103	3
0.0473599487756509	0.09560904351888	3
-0.0668517944213345	0.12357905405067	3
0.107516625297772	0.203557540511	4
0.00398791334927558	0.00566915786380792	3
-0.115586448434305	0.128036098763839	4
0.016040660460804	0.0152584641559949	4
0.0949360915037404	0.0358894067913074	4
0.0725598548901306	0.0643069098946255	4
-0.0563073961780223	0.0362107179179434	4
-0.0376296482979955	0.0346037996170491	4
-0.0433995960546027	0.0438917570868781	4
0.0566802918605938	0.0735002195929418	4
-0.021378375828709	0.0258227894443471	4
0.0840181409468777	0.058489201186154	4
0.0385046796022021	0.0193222835158365	4
0.0660747637315169	0.0213259005085459	4
-0.0261852125292617	0.00691569697452709	8
-0.0266174972999866	0.00702719711458675	8
0.093807712369133	0.0354537369950867	8
0.0855165826798081	0.62441479617415	4
0.0857864854271846	0.177775514073446	4
0.100045182623867	0.228839313553833	4
0.0684698269814619	0.198530643291522	4
0.0238911352974003	0.0505400551644711	4
0.0178441587038601	0.0312401322231837	4
-0.0395417342711287	0.0719803538727151	4
0.036621315791923	0.063014527671977	4
-0.00429620562514006	0.00701123398997825	4
-0.0513194442655866	0.106109234287846	3
0.0957005871332123	0.19813086085208	4
-0.076494391310901	0.161077532725676	4
0.0591177458104365	0.0740155790622039	4
0.0699171972407858	0.0666272774032439	4
0.0838220492687168	0.0583480394496091	4
0.0149381467454741	0.00881173770609115	4
-0.0620490205686499	0.0629011949261273	4
-0.091648022391715	0.0578888311280057	4
0.0994723060805163	0.101610750650863	4
0.0146303928675058	0.00863164162002505	4
0.0168672610164875	0.0116996449086102	4
0.0693280380486381	0.0816275355721857	4
0.0942251643163187	0.0356183656244097	4
0.0941432367964954	0.0355820944406514	8
0.0384171000037228	0.0192744829254108	17
0.0656021263019581	0.0211763330807978	17
0.0488740338118846	0.207368551784116	4
0.0958265177011537	0.316399571921579	4
0.105740155399412	0.295754488424292	4
-0.0875376696299463	0.269621428641355	4
0.0508242894665489	0.132896177348712	4
0.103887710592274	0.220588694130774	4
0.0825785376309537	0.179367786794268	4
0.120565002543733	0.264597639664503	4
0.102852890747057	0.207419051859657	4
-0.0350650470830904	0.0635871646477332	4
0.00492860278677159	0.00871034237882732	4
-0.0967955656153369	0.22304501690504	4
0.0905111093622094	0.198479349550507	4
-0.0111742359547232	0.0213920237633575	4
0.023737277312541	0.0476858819141347	3
0.0269212392218883	0.0437665615006947	3
0.0625518696195842	0.0826557587171711	3
0.00867489161100928	0.00958654838936908	4
0.11292621414748	0.126885987675299	4
0.0689510376321385	0.0544675680211001	4
-0.0730403937868004	0.0630134829911458	4
-0.0309098781032161	0.0268539427322056	4
-0.0308229463979957	0.0267784535450918	4
-0.0172038504397411	0.0128067649796007	4
0.0534567373696294	0.0490988446199806	4
-0.0583420476303828	0.0536455576402141	4
-0.0172112660960236	0.0128145827066134	4
-0.0503332764295873	0.0591628061059375	4
0.0855472535097295	0.0844880920944728	4
-0.109098020546912	0.0860571669670561	4
0.0684013353476233	0.0540135586605082	4
0.112056271363753	0.13986302900171	4
-0.119729587600327	0.157624823466271	4
-0.0277844253664113	0.0181751547174655	4
-0.0745777932077385	0.0328212616705726	4
0.0656021263019581	0.0211763330807978	4
0.0042716688226586	0.00869777717424734	4
0.0619406793941326	0.186443016758344	4
0.0251534876152854	0.0502347241658546	4
-0.0108268877176512	0.02009078590074	4
0.00166816763320945	0.00282099634180735	4
0.106187176987517	0.234173915556538	4
0.0672116021352441	0.131911318067136	4
-0.0340083801949164	0.0536532734038242	4
0.00133056233071156	0.00204572132275419	4
-0.122665315094039	0.301766153542475	4
-0.0264722641864336	0.0505904245945914	4
0.11375813406421	0.223864304697283	3
0.0327455914409154	0.0521722858419662	3
0.0156551610476243	0.0246541768470854	3
-0.123608633061859	0.125823130213664	4
0.0423417886005068	0.0265319570910361	4
-0.0177571363030978	0.0132192563327158	4
0.102473998528571	0.0977589483032989	4
0.0656275278949389	0.043456549354034	4
-0.108442086654261	0.0854898861357675	4
0.00602724224351127	0.00760296510559709	4
-0.0574043851578242	0.0722135349238077	4
-0.0536400327302354	0.0739192287404146	4
-0.0262233532649923	0.0069264517241902	17
0.113620712435662	1.14367631259167	4
0.0752697320343573	0.232906560831515	4
0.0575547718303635	0.172387677202529	4
0.112667309934558	0.26479243551817	4
0.00215185825338675	0.00396739896919965	4
0.0175849153700597	0.0350330513404975	4
-0.0364186516642138	0.0809170224575502	4
0.0432840889783916	0.0975400259303036	4
0.0876568686816812	0.209000148050515	4
-0.0202358453981595	0.0402763502646582	4
0.00967982192648714	0.0176887537803254	4
0.0247523701006521	0.0504306774642381	4
0.113256376688551	0.127298601014383	4
-0.0464151518289268	0.0508126607000821	4
0.0704230784748521	0.0671389541755975	4
0.0831632410048867	0.0683197504075065	4
-0.0308519482584067	0.0268041336025035	4
0.0523347793199822	0.0396437954275858	4
0.0139866591389606	0.0150771691551824	4
-0.0808372585160385	0.0820437503599009	4
0.0689510376321385	0.0544675680211001	4
-0.0266559483151288	0.026908134264022	4
0.0867317463760376	0.0914968145226637	4
0.113745296197309	0.0866213682968517	4
-0.0748873517760911	0.0329589431209806	4
0.039005143193372	0.0195677906296211	4
-0.00886042722884397	0.00409117945922056	5
0.0355365051229843	0.140292996150671	4
-0.0554236150437455	0.221197992771842	4
0.074270668518068	0.328885903030736	4
0.0978300590233818	0.471209655302672	4
-0.0408999594658459	0.0945864239958374	4
0.0716133153242211	0.154120197067447	4
-0.0195264982274613	0.0410198488940988	4
-0.10281260308996	0.278296015130788	4
0.0318418052452253	0.0818008480773148	4
0.0651469969555216	0.197664537915186	4
0.0496574000912838	0.134304253113908	4
0.0641682452559447	0.171969621683137	4
0.0503882216848644	0.124107099643487	4
-0.0448175347247853	0.0964049894053905	4
0.0340521092339609	0.0654434700159545	4
-0.0609650786766135	0.12619300924233	4
0.0997558607745559	0.108610593696052	4
-0.0518467897589601	0.044923894292917	4
0.00146873332475316	0.00119818033930309	4
0.0376051548890936	0.0332925872700627	4
-0.0228624540822824	0.0220695498635776	4
0.0855658825179841	0.0845044856104844	4
0.0720143929003882	0.063821740780882	4
-0.0787738880949887	0.0963637407260996	4
0.0800801674211647	0.0968305513756207	4
-0.0092376602672333	0.00928951789865924	4
-0.0490295300146758	0.0575091260107356	4
0.0247812551396714	0.0227475738334006	4
0.0344963199826557	0.0373474706854846	4
-0.105360179800368	0.133787254129439	4
-0.0217259297162958	0.0245115118148756	4
-0.0473771498559366	0.053744912427613	4
-0.0964021776972836	0.0827923657965881	4
-0.0611287285596419	0.0444525249683331	4
0.0838220492687168	0.0583480394496091	4
-0.110117514015443	0.0589727073849	4
0.0946010151775332	0.0357635106886127	5
0.0837866192395471	0.0583193814944042	17
0.049067337723899	0.228922589567494	4
0.0487188144010912	0.151146160881432	4
-0.0104617325775169	0.0229503108485647	4
0.0673341685239013	0.185547804646869	4
-0.0770684275967205	0.230104811503207	4
-0.10222101974084	0.324626695190002	4
0.0745086764638664	0.299825442641436	4
0.0406010426935704	0.134911440808072	4
-0.0517628440110506	0.122491152165232	4
-0.0908633866170752	0.167008727637592	4
-0.0797351582656194	0.122227049560265	4
0.0431078811809938	0.0778815550977462	4
0.0721497160316946	0.125773320812689	4
0.119402815305607	0.178744772200262	4
0.0591745408522499	0.0740852000058317	4
0.0431827008011555	0.0270636722647265	4
0.0425563789609018	0.0266693058123451	5
0.0145589036742042	0.00858854184125797	17
-0.0189672871637702	0.0107186493441951	17
0.122138834350239	1.18966296882683	4
0.0890428761498107	0.531162649524482	4
0.0822667059377693	0.451422253702288	4
-0.020382100233207	0.0505485044699557	4
-0.101353250696549	0.277696999025916	4
0.0551087266889029	0.187052500464597	4
0.0296197485310986	0.0764891857843515	4
0.0309961635986678	0.0670612326658402	4
0.0282667523353828	0.0509719140867209	4
-0.028132905208878	0.0410484177037746	4
-0.0277943326848088	0.0379286274447484	4
0.121160655520389	0.25308600855291	4
0.0511321905137365	0.0824295401430844	4
-0.0474251744371133	0.0728477797519235	4
-0.0131085886903276	0.0137182484705971	4
-0.0811840366909631	0.0824287863331928	4
-0.0117699710310024	0.0102480220042274	4
-0.0448828987107065	0.0472943903127517	4
0.0542447983548201	0.0588506935623242	4
0.0664727185521318	0.0742488918630206	4
0.119952657798616	0.153330069951403	4
0.00876948514508309	0.00969170100506736	4
-0.107099098616314	0.131867196008528	4
-0.0285945062861478	0.0357862093542673	4
0.0806943674355726	0.0975757359157515	4
0.00451626765965249	0.00531234279567982	4
0.0520986171469189	0.0394593049959437	4
0.0953113330282808	0.036023880282653	4
0.0424844753493215	0.0266249024846885	5
0.117787240621204	0.921273302530773	4
-0.0266283085718591	0.114370500817437	4
0.083816005453751	0.310436638840429	4
0.0206799123005032	0.0514136310343713	4
0.102786916765028	0.312195329615422	4
0.107082703899844	0.363920850010964	4
0.123652014418828	0.389219208896777	4
0.0783243158960497	0.251518025097803	4
0.0573632256059992	0.204796565838576	4
0.0860751506705553	0.283646793181933	4
0.116156101013498	0.387500240816163	4
0.107514880384467	0.298735554589955	4
0.0268186050975435	0.0583612035438813	4
-0.113765978955426	0.164055951681786	4
-0.0598083346835397	0.108334513781157	4
-0.0995587828516368	0.191856934373839	4
0.0457503512351327	0.0819855371679468	4
-0.0616779250167104	0.13167573538223	4
0.00465443466331639	0.00699630755757356	4
-0.0172849253333494	0.0264462277617661	4
0.0697129352964137	0.0858957417577925	4
0.0217312515912654	0.01710899914823	4
-0.0964105161039328	0.106490258311052	4
-0.023030993816026	0.0222345426094173	4
-0.0162598612102089	0.0176672603829602	4
0.0511024442140121	0.0625572586869354	4
0.0298455638917497	0.0412668352916821	4
-0.0872764660016437	0.117849325245643	4
0.0537969557005812	0.0494307743092246	4
-0.0186508933538012	0.0151632647103264	4
0.0793392898899735	0.0913112430144123	4
0.0689510376321385	0.0544675680211001	4
-0.0601513357641156	0.0331263455613877	17
0.0178207819172966	0.0123624085381292	5
0.0842850817801879	0.0586858957071717	5
0.0150091662780066	0.00885394049537669	17
-0.0747325094969555	0.0328911761666355	17
0.121866429478149	1.28049820231444	4
-0.0782915025294444	0.251891606204061	4
0.117734809063182	0.442849859818664	4
0.0185937539324266	0.0550109223570274	4
0.0703075961804049	0.228147880116319	4
0.115330425432082	0.444222095655487	4
-0.0369281903940483	0.11597750390807	4
0.0547678261126276	0.178890866997475	4
0.0449143525195366	0.117809594606281	4
0.0293897772163334	0.0722309645216937	4
-0.0171409550386478	0.0376308610971282	4
0.0845317725638257	0.17676872701037	4
0.0431329806445799	0.0880107339591498	4
-0.0709822378831524	0.133226452999647	4
0.104128224987207	0.210424313276753	4
-0.101832732991996	0.180111642891948	4
-0.0914100018625703	0.111974783937182	4
0.0694365105345882	0.0855253885363631	4
-0.0202302240562321	0.0227947900491563	4
0.000947541501112301	0.00077582333710984	4
-0.108600482026307	0.0856337926523524	4
-0.0961911415950338	0.0825936262863916	4
-0.0280515583992201	0.0183494065056492	4
0.112659886522308	0.1000427821227	4
-0.115907891636452	0.128475661022908	4
-0.0382907724094612	0.0309239887623539	4
-0.0442505126359675	0.0465884006174964	4
-0.0122200016428599	0.0106405410282986	4
0.11482582786756	0.169043422259837	4
0.0307636371673595	0.0386931704481565	4
0.00515197908730077	0.00628314568724893	4
0.0329944558670017	0.0325268406413482	4
0.0355336690112428	0.0257928084137424	4
0.0536243766885643	0.0492608770570773	4
0.0354847998092343	0.0257560040986091	4
-0.0266174972999866	0.00702719711458675	17
0.106605915772956	0.478408541377425	4
0.123834950337477	0.532247700430158	4
-0.0749193179598206	0.265847693816052	4
0.0954604195398054	0.381010782509723	4
-0.122512205051681	0.474918831217457	4
0.112135582361947	0.450068704303717	4
0.0378419410531925	0.125653467427154	4
-0.0818107974490041	0.245377510141794	4
0.0370391086236752	0.0808443523452945	4
0.0834659841535419	0.24848896397353	4
-0.0711558081233468	0.2085750169908	4
-0.0828331583595362	0.218602564124238	4
0.0484347883271547	0.108647264478228	4
-0.105634184170031	0.2579404567723	4
0.120927205199921	0.292505850017004	4
-0.0586785673083067	0.11767026244746	4
0.123263455532623	0.221806563628613	4
0.0848111234360689	0.156341004781182	4
0.00320215401062836	0.00361350895273913	4
-0.119301249488118	0.157001794365144	4
-0.0197601949647214	0.0181849083547273	4
-0.096409785402578	0.0828032460065887	4
0.0399904735509583	0.0327849407916637	4
0.102532475029275	0.0978336296752175	4
0.113616382130156	0.127710778950201	4
-0.0964890735365436	0.0828525317376418	4
-0.0430465411551958	0.0435163917994327	4
0.113704076515546	0.101058453880298	4
-0.0306057868497299	0.0333750614959286	4
-0.122939373127773	0.151886487555161	4
0.0838786742735534	0.0689641424432455	4
0.0373338361280897	0.0330460270211671	4
0.0126345714742036	0.0167439071075798	4
0.0401158160086832	0.0497840582549919	4
0.102002674035174	0.117804418319948	4
-0.102048974411883	0.103769341808534	4
-0.0261852125292617	0.00691569697452709	4
-0.0262233532649923	0.0069264517241902	17
0.0387549333940165	0.0194462610249275	5
0.0910270477193861	0.587331365767497	4
0.0818474249414659	0.39469418465861	4
0.0322542044554	0.123163574491689	4
0.0791622155887095	0.412658466260686	4
0.00194560654440582	0.00686372662177433	4
0.0911594273689784	0.449748449027122	4
0.0817783234219245	0.375594463817824	4
0.0358542801538901	0.148031138115757	4
0.0967407730902532	0.408104880499021	4
-0.0709855564911934	0.202050990909376	4
0.0296707747879774	0.0746101651849745	4
-0.0428343310767286	0.111729155834293	4
-0.11081346782613	0.307995963488611	4
-0.0152691375716361	0.03051970146872	4
-0.00457226148456719	0.00616971319739507	4
-0.0767059709786915	0.0874809776081805	4
0.0308099808681287	0.0358836290258827	4
0.00111133390938591	0.000913008252705805	4
-0.0733749814058535	0.063320039526939	4
0.00121373617940503	0.000990677560529171	4
0.0208953395269749	0.0164495295341689	4
-0.108861862440268	0.0858550391001247	4
0.0193414425289591	0.0164728004592349	4
0.0167386196696184	0.0159346584232667	4
-0.0433946711448959	0.043886094010369	4
-0.120034693764611	0.153029940485557	4
0.00952330105425709	0.01052612140411	4
-0.00395751078638193	0.00262951271145736	4
0.0390924773860935	0.019611885582258	17
-0.00903267783766663	0.00416920538970505	5
0.103442037832653	0.840637706660465	4
0.0903669436886109	0.613741597803954	4
0.123073743293001	0.970577446876918	4
0.0460234246730643	0.268897643974687	4
0.094638599383383	0.544655535667668	4
0.122922343280482	0.835328888221408	4
0.102273663503687	0.569943854250283	4
0.115982478085391	0.720623167669334	4
-0.00412879840240489	0.0146162377894718	4
0.0963267811236122	0.287692321396926	4
0.077626755066916	0.2163734264681	4
0.111446184948482	0.245218403868153	4
-0.0338896594281873	0.0542953612350945	4
0.0943144882875263	0.178935942494321	4
-0.106079063944167	0.130460399638453	4
-0.0374612450689005	0.0344376085610465	4
0.113173810357441	0.10055509139512	4
-0.0115284861590867	0.0100399981767426	4
0.0278627879735697	0.0309509734427288	4
-0.0616055191261779	0.0676176226684649	4
-0.0519863918279553	0.0450499744831567	4
-0.114463511029852	0.0809143170681815	4
-0.0186837412380959	0.0105580666772616	17
0.0752586074781414	0.0408972683489749	5
-0.0599039124537413	0.03299120320356	5
0.056128093380195	0.316146476334112	4
0.0398956204207545	0.172393037190649	4
0.117245402011714	0.698965930236611	4
0.110830488606312	0.586509944814392	4
0.0894511481333136	0.228331099618852	4
0.0906829491354425	0.218394255076552	4
0.0677745375761418	0.183705114616772	4
0.0222034752271828	0.0453719351406696	4
0.115563269039851	0.237693797833601	4
0.00812662153714948	0.0125582149718054	4
-0.037751107946698	0.0473266175169505	4
0.0865805030684	0.0913314226961909	4
0.0846134455394482	0.0695818406120104	4
0.00113325877272965	0.000927751020993866	4
-0.102372931079417	0.0938198773939143	4
0.0189821273108114	0.0161621989987912	4
-0.0790533179727631	0.0725407115595752	4
-0.00530180117417064	0.00511154048682275	4
-0.0442594804578582	0.0447894537899315	4
0.0560193558806236	0.0477821417146772	13
0.0945604080042366	0.0357478539714517	13
-0.074817115851045	0.032924563474035	5
0.0388423731058106	0.0194892655708713	5
0.124987336756994	1.19026171107536	4
0.0852778094496514	0.559188620466672	4
0.0340484730264508	0.142337474985911	4
-0.0123220125093437	0.0477439401022571	4
0.00289780029055245	0.00893497279573015	4
0.0840291308873083	0.212969830084756	4
0.119685448619985	0.339465143082198	4
0.123808320866094	0.34447359375207	4
0.124983681554886	0.306043784100962	4
0.0458334563437159	0.0821275480652705	4
0.0142624516790792	0.0183730167047199	4
0.110801483055879	0.138176896938126	4
-0.0988618537831781	0.104930404497476	4
-0.0606427069887443	0.0486597431481218	4
-0.115014273531677	0.0813327535797867	4
0.068315184281989	0.0539397972028835	4
-0.0613512083985036	0.0621457872852824	4
0.102109355528292	0.0973827080849685	4
-0.0184180961512275	0.0169369544702405	4
-0.0455848648392706	0.0498705986685149	4
-0.0310957113432475	0.0270197301968781	4
0.0420363284224905	0.0263366904256604	4
0.0941432367964954	0.0355820944406514	17
0.10435374069595	0.0609457945625732	5
-0.110478518155796	0.0591811870045271	5
0.0912373790337936	0.507405877885758	4
0.0358198953101326	0.145144525753239	4
0.0893368656945184	0.240828837473484	4
0.111083008435793	0.302750112917052	4
0.06001689652286	0.143182087794802	4
-0.0628281578431483	0.131788279196612	4
0.0447737536136125	0.0908255145839002	4
-0.0352919725616199	0.0575651630143305	4
0.000889989944828108	0.00128591235328676	4
0.0165678109463297	0.0247753192551836	4
0.0503698518884158	0.0736748048177553	4
-0.123844174229273	0.178928904748949	4
0.110141634638353	0.13721770727139	4
-0.00650447572313792	0.00627088695813409	4
-0.0387753269172201	0.028559025330553	4
-0.0519291061416016	0.0449979744757867	4
0.0720690208636149	0.0638715186881619	4
0.0990219841532683	0.0846803087300396	4
0.0247722863131708	0.0227510818245757	4
0.0211065387493271	0.016617474481173	4
0.0252853479132857	0.0232196234511292	4
-0.0967225316411479	0.0830883138321958	4
0.0202753764971575	0.0212793059884933	4
-0.108283891234193	0.0853405526322291	4
-0.0265792695928024	0.00701290039496226	13
0.042804449277983	0.0268277033040718	5
0.0649025502180946	0.432009742659219	4
0.0990156913359475	0.683879026069832	4
0.0550740084892387	0.269184143460128	4
0.103135284461803	0.309806881491532	4
-0.0517219793625564	0.134961003579102	4
0.0824498943628104	0.21893631246001	4
0.0406574505143907	0.0880267177337783	4
0.0906102030415278	0.218192968006265	4
0.00628197847030115	0.0110100453674855	4
0.0779074580377815	0.126135434266884	4
-0.0478754531138801	0.0675226204060884	4
-0.097270145986534	0.107506163754994	4
-0.0603942017979762	0.0583955802173399	4
-0.0233948545962819	0.0225981136517238	4
0.0725956125999553	0.0643459985341956	4
0.116940072432519	0.115624162598066	4
0.0195774182031776	0.0166734749591948	4
0.0878287890215778	0.0808177025500649	4
0.0391817738857867	0.0321244439152951	4
0.0210143324282837	0.0165441706105641	4
-0.0796552214556696	0.0731406241854057	4
0.084219605387517	0.0692577978889086	4
-0.0583385901664911	0.0536348387094367	4
0.0631831161905038	0.0665980797525104	4
0.100001285380611	0.102211404120976	4
-0.0308519482584067	0.0268041336025035	4
0.0726148186001453	0.0741225366486132	4
0.0170149211625978	0.0118005306653947	4
-0.0185824964307843	0.0151078042942342	4
-0.056618915470021	0.0364209536264424	13
-0.090393439570986	0.0570678142358815	5
0.104181100111915	0.0608364523598055	17
0.0660747637315169	0.0213259005085459	17
0.111670793520571	1.02794211059977	4
0.114406359275478	0.785827599166064	4
-0.0132813231855959	0.0449610350394353	4
0.116412063642858	0.341152613231125	4
-0.0142552097109672	0.0323825122024935	4
-0.0496795378417315	0.0934450246825175	4
0.0565891659756038	0.113305700477068	4
-0.0544614948799881	0.0982829987800374	4
-0.0475405228988081	0.059713988558771	4
0.0566001063253034	0.0733886254299248	4
-0.0287030216971315	0.0301542984091479	4
-0.00013042201791778	0.000123205463693858	4
0.113234024223229	0.100605125756664	4
-0.0313047459619008	0.0272045898486052	4
-0.0970051864266484	0.0833359730751918	4
0.113696715601755	0.0865867274994715	4
0.0687148475490245	0.0542749571163623	4
-0.0840303103207422	0.0668938989777005	4
-0.0990540528529912	0.105168397188512	4
-0.108145120410804	0.0852231603565859	4
0.0662152355763195	0.0213746653107393	13
0.0660747637315169	0.0213259005085459	13
0.093807712369133	0.0354537369950867	17
-0.120328278072578	0.128124598216647	4
-0.103587771141322	0.100360882886653	4
0.0714486892369008	0.0632855395847512	4
-0.108906806909296	0.12967661754151	4
-0.0453311430937701	0.0495796256767755	4
0.0792703384111105	0.0912217433059373	4
-0.0922122340500004	0.113130052584659	4
0.089592838997619	0.100459388774838	4
-0.055946919438933	0.0359630253026449	4
0.0358399940491089	0.0260180611629289	4
-0.0261471659501138	0.00690148067807015	13
0.0945604080042366	0.0357478539714517	17
0.00714125192461082	0.00631352477578291	4
0.0172751963402976	0.0164544079018974	4
0.0333599086452704	0.0360806646944617	4
-0.00888396145275675	0.00999014405615243	4
-0.0990422586711121	0.105150717680249	4
-0.0204982779832526	0.0231036216700818	4
0.0746362567649433	0.0405489698716311	13
0.0949360915037404	0.0358894067913074	17
0.0695809134958159	0.0662764646635623	4
-0.0169045717032457	0.0183791920893889	4
0.0251123367754479	0.0230672124423368	4
-0.029407980255417	0.0309101083442177	4
0.0150165535242988	0.0162028418201118	4
0.0869351832943023	0.0917369431064455	4
0.121148093482907	0.155005700539568	4
0.0467233651483314	0.0520634796310172	4
-0.0995420851043357	0.105711248473668	4
0.113005661657202	0.0859765983114356	4
0.0422921043962765	0.0265014693251907	13
-0.0563137112181482	0.0362187871748452	13
0.0653199058405313	0.0210729058126537	13
-0.00920504170680857	0.00424705183651369	13
0.0744486628700661	0.0404408156868277	17
0.0579443546022721	0.0571825727262964	4
0.0202753764971575	0.0212793059884933	4
0.112565770826803	0.126431258466772	4
-0.0063473421837107	0.00612221297502243	4
0.0220350308814679	0.0271053538597591	4
-0.0496724593258839	0.0583445898187038	4
0.0180868110276463	0.0125462456931295	4
0.0166747470239525	0.0115653869056424	4
-0.0266174972999866	0.00702719711458675	13
0.0385589247261441	0.0193484477225692	17
-0.0803249764539819	0.0851135023850459	4
0.0770380428753262	0.0838057232575386	4
-0.0476027459791905	0.0540112456030014	4
0.103604429397891	0.197939793562771	4
-0.0701730555564999	0.102528986914493	4
-0.0925870609458379	0.109835321818397	4
0.0331690591186985	0.0327032046512587	4
0.102446375709281	0.0977382326453659	4
0.0702548740119519	0.0669666628329593	4
0.0387484389660811	0.0317677394403067	4
0.0343593409460182	0.0371913883367595	4
-0.0091404212364813	0.00421852445455512	13
-0.0192099340597116	0.0108537017557581	17
-0.0813046827012217	0.0786879937205415	4
0.0557342707144263	0.0721905691844724	4
0.0751927393331231	0.148661906303435	4
0.0276948705910559	0.0381795207620941	4
-0.0621615077865946	0.070756434523633	4
0.0758700601793881	0.0824467004671009	4
-0.0800765869761867	0.0735395473271341	4
0.114405973836203	0.152022178177781	4
0.0572239213994013	0.0564352767491727	4
0.0994866082029758	0.101634111691	4
-0.0381992209536912	0.0281256699597926	13
-0.0745777932077385	0.0328212616705726	13
-0.0915892486177962	0.0578510281828206	17
-0.0910334238823338	0.0574806639117102	17
0.0387006825015414	0.019420090016542	17
-0.00434665062093843	0.00288775206547509	17
0.0408810858218603	0.0388941087495732	4
0.100224220389424	0.17760937689408	4
0.0256160442910701	0.023537648743536	4
-0.0118992832149142	0.0143461243704051	4
0.116602195751491	0.115253698848097	4
-0.0562076321304327	0.0361498540540913	17
-0.110953239041234	0.059450374380393	17
-0.0570306841959914	0.0366876490883018	17
-0.0190757006049242	0.0107794732203747	17
-0.0215212765405048	0.0242781013707589	30
-0.10814512231736	0.128647694560611	4
-0.0633656182471334	0.0825441683091184	4
-0.0813425651338535	0.130068918367217	4
-0.0594616494664348	0.0863637784815492	4
0.113675031128106	0.167095174429397	4
-0.109419663967818	0.148445373760302	4
-0.104468909204863	0.154092249319191	4
-0.122649947661668	0.172087733800793	4
-0.059717384944917	0.0328826441058653	14
0.104285196308106	0.0609023247158912	17
-0.0186837412380959	0.0105580666772616	17
-0.0786614775499323	0.117892311961798	4
0.0393825193716441	0.0449645104520881	4
0.124224089260712	0.143700310773405	4
0.0570956403818669	0.0826226369622699	4
0.0435614448808961	0.0625204344794587	4
-0.0796307608454933	0.084314419519366	4
0.0753185142824312	0.040930434746162	17
0.104422291215095	0.0609859784082033	17
-0.074817115851045	0.032924563474035	17
-0.119476856644958	0.127124500774266	30
0.0196056185692885	0.0166961985050556	4
-0.021858571302394	0.0289486578507617	4
0.0588024935957732	0.0966416632819573	4
0.0766974200210598	0.120647888536378	4
-0.0267482611281073	0.0382225702399325	4
0.0718783053478495	0.0636752135224589	4
-0.0796018797811754	0.0842861628925586	4
0.0998716240163782	0.0728152516769553	4
-0.0367819767820231	0.0460501765211248	4
0.117875073944524	0.189895308345565	4
-0.023269892919512	0.0351440040425107	4
-0.0631457188652255	0.0997465523861439	4
-0.0319606591978556	0.0277647192667807	4
-0.00322846402247104	0.00214879188047175	4
0.0945196386074229	0.0357274387189035	13
0.0945604080042366	0.0357478539714517	17
-0.0600296259273522	0.0330670781261689	17
-0.0091404212364813	0.00421852445455512	17
0.0501783619693721	0.0613630894298484	4
0.112720704011615	0.133910583199452	4
-0.0613055886555612	0.0492151083397278	4
-0.0268141019687505	0.0365373489801059	4
0.00502524810170023	0.00591223440040634	4
0.0908463837562722	0.140077152926105	4
-0.108600482026307	0.0856337926523524	4
-0.0560020705825806	0.0791917948121091	4
-0.0286653561171459	0.0485183855340512	4
-0.114587252452276	0.0810098826641126	4
-0.00890339937363474	0.00411182477331902	4
-0.0265792695928024	0.00701290039496226	46
-0.1068161485291	0.162011089244172	4
0.0894804509592171	0.110904361569451	4
0.0792212503338534	0.0911652643683274	4
0.0959059967282119	0.163404074035595	4
0.112076114420415	0.132994716061891	4
0.104422291215095	0.0609859784082033	4
-0.0270117048144316	0.00712273859855463	4
-0.0549594637597705	0.0832050987203042	4
-0.0438979994536449	0.0602313235884184	4
0.0998128673177836	0.101990244635551	4
-0.0732372662399317	0.0631945379506675	4
0.0456026501932134	0.0597597759811652	4
0.122352856276377	0.231137735988077	4
-0.116417270609935	0.224370260706185	4
-0.0920064144258059	0.16679901854421	4
0.00197539983770771	0.00149250660450999	4
0.0848532410400745	0.0837430046958302	4
-0.108145120410804	0.0852231603565859	4
-0.0189263020358147	0.0106932558031444	4
0.0654611636378388	0.0211274277108484	4
-0.0908310136542935	0.0573640751690074	4
-0.0266174972999866	0.00702719711458675	17
0.083571012598785	0.130194328073164	4
0.0638332186529495	0.0968737080625618	4
0.0330490432463666	0.0526854286836901	4
0.0474150602694866	0.0841339176445689	4
0.0817818255869012	0.146780541803311	4
-0.00195018269859392	0.00242475144034329	4
-0.0379671228149094	0.0349228932643758	4
-0.0385058291879992	0.0283516750508908	4
0.0521760756803867	0.0395194521326134	4
0.113181808338486	0.0861617570272468	4
-0.0564132131007827	0.0362859411541652	17
0.052089296127454	0.0785324050144995	4
0.0392737018271781	0.0660428691105104	4
-0.0987807996081689	0.133820368393567	4
-0.121240846173097	0.164936846627162	4
-0.0370786515409336	0.0508198808755532	4
-0.0344415334481666	0.0494146898052274	4
-0.0418475229959099	0.0675219250698266	4
-0.00675516967022845	0.0104305533344758	4
0.0303406497014765	0.0470586895313694	4
-0.0315570416446211	0.0479557056986104	4
0.0729517446166861	0.0744766470070841	4
0.0731523378281157	0.0747085004870143	4
-0.0865613917790906	0.0621212427714814	4
-0.0090111045657735	0.0041604347385427	4
-0.00879579446535724	0.00406265450798436	4
0.0948955972454593	0.0358690837500545	4
0.0993749776744775	0.0724300328913028	4
0.083556929255543	0.0686750924145278	17
0.0833584775585519	0.0580026522545158	4
-0.00105591871627918	0.0013515428445588	4
-0.0796025876132557	0.134149082526924	4
0.0838762055285876	0.117728052829034	4
-0.121451181062243	0.165259857260044	4
-0.0410435011015131	0.0396546521973211	4
-0.12087155008389	0.103198465503223	4
-0.0602771186105542	0.0332033893253653	4
0.0644550846753933	0.100620296521142	4
-0.108120955468849	0.168095132657176	4
0.0358935294524661	0.0565816996803317	4
-0.0147374006443948	0.0204518503250003	4
-0.116319873230885	0.189383492373735	4
-0.0317184211678528	0.048221539784638	4
-0.0263199329151261	0.0538015772427379	4
0.0905310107803435	0.129547597649377	4
0.0633340284252423	0.0905088874855892	4
-0.117119343905371	0.182653658774971	4
-0.122225924219291	0.150915077906488	4
0.0704232596357709	0.0671379475079444	4
-0.109260578696899	0.0861721701277485	4
-0.0744934514271118	0.032779670111441	4
-0.115156591000758	0.0814572272760342	4
0.0211065387493271	0.016617474481173	17
-0.103419512403331	0.100190094423343	4
-0.083798209230518	0.0666987288710316	4
0.0138772385887473	0.0209946660323971	4
0.0360037494903737	0.0506781987240645	4
-0.0642598374569985	0.10353232619787	4
0.0839348450619347	0.117816027350124	4
0.0995263460230071	0.126524295601916	4
0.113076218192794	0.127076989372705	4
-0.0614063999743064	0.0492975272192199	4
0.113984692828015	0.0868148824172553	4
0.0838574532068131	0.0583743363123564	4
0.0836577693217659	0.068761773087724	4
0.0383086064550691	0.0192234605449362	4
-0.00546346680349348	0.00977770866202047	4
0.0930187371689696	0.168498150836964	4
-0.00793161141985216	0.0101690014737908	4
-0.05683810600947	0.098745807168165	4
0.111529441331678	0.199165484807923	4
-0.119823155037067	0.228485845994828	4
0.107116291861357	0.178691093350953	4
0.0327895483925077	0.0502298605380514	4
-0.110673568439851	0.059293130487299	4
-0.0038859826872835	0.0025836919785315	4
-0.0868277637871271	0.0623184713089271	4
0.112985165968224	0.100373526630514	4
-0.101756465679534	0.0931933211519847	4
-0.0958859756826972	0.082304848135585	4
-0.0256192942861566	0.0394833571670439	4
-0.0394588775346275	0.0602945132830191	4
0.0625947162359598	0.101778895145321	4
0.102105409560233	0.16286742591991	4
0.0595933122332713	0.0683586442493724	4
-0.120774130526129	0.154110053418908	4
0.0704232596357709	0.0671379475079444	4
0.0946010151775332	0.0357635106886127	4
0.00245641746315005	0.00185230967834886	4
0.114022005523862	0.0868492559839926	4
-0.112013958448194	0.128822326121241	4
-0.060620101988985	0.0881757792981741	4
0.055909722682228	0.107614063230505	4
-0.0759390143661228	0.137816306404501	4
0.0166297417381154	0.0248733240386272	4
-0.1197655840004	0.152580366809902	4
-0.0884786619093534	0.136190303938454	4
0.072525242926371	0.102664670264406	4
-0.0692108672288777	0.0873314404763717	4
0.069046029119822	0.0812582189906183	4
-0.0183901222555894	0.016905584073976	4
0.00815724531562544	0.00721738304479435	4
0.0195492443146322	0.0166504585110967	4
0.0787985376447209	0.0906319057479323	4
0.073187319961252	0.154110839579165	4
0.0233997078346409	0.0388888503239708	4
0.00861916790447858	0.0115848847465686	4
0.0266651148059352	0.0460021888163481	4
0.0876931837293255	0.156404957683351	4
0.0946121023714323	0.124796130776883	4
-0.0813627403602755	0.0826269333484077	4
0.113894229068872	0.12804010983113	4
0.0768300784186993	0.105705299877114	4
0.0598169376708916	0.0718721169077144	4
0.0744793998820449	0.0973385208943821	4
0.0593606139411781	0.0712800530488854	4
0.12491790239059	0.144628210310055	4
-0.0187274478436445	0.01522320588038	4
0.0860625007502349	0.0850220804254715	4
0.0187355024156216	0.0159462380960052	4
-0.0772697015270691	0.0881966136647892	4
-0.0343204278991414	0.0575253500256441	4
0.0379727569867726	0.0614416201976313	4
0.10481114997173	0.162812745164088	4
-0.00932665035770783	0.0139507159189695	4
0.100940378171948	0.116500867844068	4
-0.0777076934349741	0.0887579970860143	4
-0.025466908810069	0.0297509622652323	4
0.0581596099097746	0.066636644775768	4
0.0956101144517604	0.132863425472806	4
0.0941029726582178	0.124066256100737	4
0.104008407136591	0.0607241908275355	4
0.0994651857388537	0.101596392366337	4
0.0165555395487922	0.0114796559490764	4
0.0191230917869938	0.0162802474011595	4
-0.0581744097725127	0.0534853315672833	4
0.121644805846593	0.235062511483637	4
0.0772665164623651	0.121637620214586	4
-0.0783189048599744	0.117314633444543	4
-0.0360152097113801	0.0493057558758637	4
-0.00916841083595674	0.0103112973501033	4
-0.120875650291851	0.15936979214223	4
-0.0693465318315774	0.0875427351087523	4
-0.0771534045146541	0.0911915923279069	4
0.00182093071267857	0.00137731321790494	4
0.087340433023791	0.0803334478888533	4
-0.026616987191919	0.0498623218252113	4
0.111556821388317	0.139219897378843	4
0.0288022001521826	0.0373914458928185	4
0.0141103937183368	0.0181740170947288	4
-0.0777697644128655	0.155814836726007	4
0.0761573695096602	0.08279062056367	4
0.0832640606083796	0.0684145525942547	4
0.0838928310519345	0.0583983807618221	4
-0.0569237705241869	0.071555084350237	4
0.101763401024084	0.137096828901957	4
-0.0745777932077385	0.0328212616705726	4
-0.06189922120147	0.0679677528257896	4
0.101785794347848	0.0969961622886574	4
-0.00597006549665939	0.005752229027539	4
-0.122110883310202	0.150758171372649	4
-0.0528808306772271	0.0686829283901385	4
0.0959229125435545	0.171778813277503	4
0.0956042131432472	0.23727191679449	4
0.0700855476659797	0.0667989841779354	4
-0.0466178634832072	0.0528373700927542	4
0.119701411505723	0.152955006549674	4
0.00306912117397258	0.00346383877424755	4
-0.0615390300840728	0.0595950812065498	4
-0.0225076380798192	0.0415579068755626	4
-0.0474392920264557	0.0860955609630518	4
-0.0275011637990821	0.0438764346254897	4
-0.0472345170102289	0.0725478916925907	4
-0.0832242763841117	0.149653371585273	4
-0.105295033419785	0.195611401164998	4
-0.0625322221178741	0.0813746731261003	4
-0.0522529871857275	0.045285155593819	4
0.0228753476491617	0.0271313425310921	4
-0.0977186498915285	0.132212759260806	4
-0.0507233432434436	0.0596284934166409	4
0.0626462251005815	0.0659970465210043	4
-0.0921238839221644	0.109227007157917	4
0.0982033390157466	0.124634891024841	4
0.0260210400967182	0.026499599022645	4
-0.103085213110233	0.0998353833440009	4
0.0577704566304652	0.057003078362983	4
0.0875494182821523	0.0805343872915309	4
0.123027985596368	0.201547100193342	4
0.0294625996254239	0.0473987374762221	4
0.052570923569459	0.0398261112363968	4
0.112993429426138	0.100375755604866	4
0.0765138492615568	0.0832112462682546	4
0.090537380634385	0.10711002453891	4
0.078812759917982	0.0906506385926197	4
-0.0870172539577449	0.11744897079461	4
0.0949360915037404	0.0358894067913074	4
0.0193133232457503	0.016448932143597	4
-0.083639398536217	0.0665644913046857	4
-0.00561315426512159	0.00994542774109727	4
0.0686264471297527	0.113476387010338	4
-0.0329097463983187	0.046161155378423	4
0.0774381516268428	0.115033016107849	4
-0.0811188799840505	0.132144838830165	4
-0.120238784760157	0.211581739624181	4
0.00755079521815188	0.0106034942586174	4
-0.0437225435610486	0.0599809917800716	4
0.00054283198195434	0.000450036503413416	4
-0.0819710110916588	0.0794225719129858	4
-0.0629332600508694	0.0819399162550877	4
0.0577637394008106	0.0721887215502784	4
-0.122414483422902	0.151180217009588	4
-0.0949475213236193	0.10886095575514	4
-0.00365484766925909	0.00243107177759345	4
0.0369733816692803	0.0327199339421131	4
0.0574164469531077	0.0566364837692063	4
-0.0865980951741064	0.0621469632251333	4
-0.0521134421813907	0.0451625195549545	4
-0.0309388065135139	0.0268780900764198	4
0.10902526922825	0.177232439577136	4
0.0854799741901018	0.148409180815875	4
0.0309353397125667	0.0360360496587283	4
-0.0813998909300822	0.0826468227913291	4
-0.0922397761518974	0.109383972510693	4
0.0104502575192281	0.0102886682277271	4
0.0850229979866344	0.0839282102132171	4
0.114479484595674	0.0872077195563934	4
-0.102778232105138	0.0941924861701786	4
0.0390742333857127	0.0320403249630912	4
0.0807897823630578	0.116801025666666	4
-0.0369978131261509	0.0463358504365161	4
0.0999255531897059	0.108812549688184	4
-0.00445196267694697	0.00517986839455744	4
0.0695619640812371	0.0819293339429252	4
0.113501250675556	0.119900946127956	4
-0.0414296226612519	0.0400619272574923	4
0.0657427943130726	0.0212192905615849	4
0.0175175800606386	0.0121511746411636	4
0.0175547153869659	0.0121777353746174	4
0.0623277334533234	0.107856650881755	4
-0.00986323559192507	0.0159724966387745	4
0.0313821076273774	0.0524766217871851	4
0.0599302499963798	0.0720259031503437	4
-0.0409213762422278	0.0395476853353022	4
-0.0182339544450674	0.0167628494904823	4
0.0678004257755361	0.086832760349848	4
-0.066913911416422	0.0898891977658343	4
-0.0924713651867499	0.109688175711309	4
0.0137900341083517	0.0148585211757999	4
-0.101556043698224	0.103240060336021	4
0.116604249119431	0.115256758353687	4
-0.0418609783832046	0.0717133458660925	4
-0.0638410126530893	0.104602814790149	4
0.117877918823122	0.208695906901621	4
0.0165653722117527	0.0157676051908391	4
-0.0581636357399301	0.0534471374737004	4
-0.113798667302418	0.164107191283252	4
0.0907886009942306	0.112657244656101	4
-0.00510345239539012	0.00491557155287519	4
0.0390951291669181	0.0320578735498744	4
0.116266290210878	0.114875739768128	4
-0.108402668452132	0.0854562175232756	4
0.0656275278949389	0.043456549354034	4
-0.0839570771960138	0.0668314779533559	4
-0.120947671771421	0.255424615432511	4
-0.117411962771362	0.209579436327196	4
-0.023347568402126	0.0393494771429174	4
-0.00209344437956389	0.00294674334753404	4
-0.0260425822414927	0.0401576997874308	4
0.069864842481445	0.0860931601860368	4
0.00880073134250416	0.00972633769060871	4
0.0697359222628137	0.0821527459403857	4
-0.0306530685629072	0.0334297365532884	4
-0.0339897340009911	0.0384509838501213	4
0.0167225381989023	0.0159130308604826	4
-0.102571053704766	0.104333535174415	4
0.0720963770818121	0.0638945106735944	4
-0.0604314101839728	0.0484786301772471	4
0.0604594169176028	0.109540396742137	4
-0.0167161851908428	0.0181723975294493	4
0.0665587567415377	0.0743490989573351	4
-0.0101722756407296	0.0126668336391987	4
0.113076218192794	0.127076989372705	4
0.0424997811527282	0.0405003998580964	4
-0.116263733309099	0.128902230285458	4
-0.121532160947733	0.10379618253031	4
-0.0277492178270393	0.0181527274238826	4
0.0522603906423932	0.0395860560206122	4
-0.0186508933538012	0.0151632647103264	4
-0.0189078306180537	0.0153708923842721	4
-0.103791748667312	0.220489413544893	4
-0.057398175392562	0.116066654737785	4
0.115857862111306	0.250833818575604	4
-0.0762365231217497	0.147502749716341	4
-0.00757700840298928	0.0111192170999399	4
0.0146248553734117	0.019436097747899	4
-0.048556156036089	0.0685456112037078	4
-0.0776335354266249	0.104638971875069	4
0.00523193191086195	0.00638092315797911	4
0.0268734625447371	0.02981778917813	4
0.0704575665220814	0.102682253708015	4
-0.108275327349374	0.128824746938563	4
0.0496946249766106	0.0582201444994767	4
-0.0968083675315561	0.0831628067374049	4
0.0423914388333115	0.0265612721753363	4
-0.108442086654261	0.0854898861357675	4
0.0462571940019922	0.0975581901894169	4
-0.101321608583997	0.192943339149906	4
0.022244528666412	0.0283230377633583	4
-0.0340848889328355	0.0385570104832924	4
-0.0648749772159097	0.0920659568453545	4
-0.0302748786086465	0.0402168432410559	4
-0.0803924914492132	0.101660136658946	4
-0.0611241058294136	0.0670392675384713	4
0.0662152355763195	0.0213746653107393	4
0.0421851808683871	0.0264279947996848	4
0.116940814188537	0.115627420752815	4
-0.0519894588284406	0.0450468762159763	4
-0.00750774786305993	0.0138874167969998	4
0.0270137371688239	0.0541524837578111	4
0.0188666012489832	0.0354189592530974	4
0.0496705529868531	0.0725754370185415	4
-0.0718672998148147	0.116296746222804	4
0.122073899147237	0.165820157649067	4
-0.00274412097742662	0.00341034635389531	4
0.0709334237982522	0.106602464974131	4
0.0254414479383419	0.0233752954579756	4
-0.0803279851935546	0.0814687108171111	4
0.0473831242609277	0.0482725458481878	4
0.0390064342685286	0.0319829973112422	4
-0.114854093956353	0.0812236262450115	4
0.0212522690497834	0.0167267999318735	4
0.0726502250888457	0.0741633962629085	4
-0.017362409115943	0.012925697063554	4
0.10425313346029	0.214771301561785	4
0.00901558642287138	0.0139493444224636	4
0.000666036017006065	0.000702337511644908	4
-0.119813816667639	0.127527284843755	4
-0.00810832632082394	0.0103964268301152	4
-0.0117672886596331	0.0102500362508117	4
-0.00563879333335249	0.00543548744644548	4
-0.10191854727419	0.103650891342673	4
0.0409243231630574	0.0488738798948842	4
0.0749436002810703	0.0407239676465624	4
0.010752631212799	0.023150479631453	4
0.0179543349700607	0.044450347579453	4
-0.023019403797362	0.0305384066127944	4
-0.0804425475784491	0.11167607269789	4
0.0433886204881108	0.060453228541978	4
0.0204822597282042	0.0232546992784233	4
-0.0907937364083403	0.126468270302914	4
-0.0340985680800353	0.038577182573929	4
-0.080848230335239	0.082059142008398	4
-0.000478364490624205	0.000441808949183864	4
0.0986161746801431	0.0843046065301108	4
0.113053512426884	0.100440452002102	4
0.0793411896692786	0.095841822925544	4
-0.0866447552336423	0.0621656877671873	4
0.0662903354947575	0.245120220473937	4
0.00833459545616006	0.0236352744503143	4
-0.0962135544917536	0.356091082259725	4
0.0185618473480296	0.0457762679356207	4
-0.0131117996432103	0.0246676892921843	4
-0.0201064340510296	0.0273519159268957	4
-0.107442990148955	0.141204565010131	4
0.0386169951625925	0.0601456411371615	4
0.0465182405020454	0.0824132923735684	4
0.0522680461448176	0.0788167952780299	4
0.0905616134227293	0.13957507161737	4
-0.0796850064235274	0.0731706976235566	4
0.0838928310519345	0.0583983807618221	4
-0.102221551975067	0.0936708884654276	4
0.0940335489142332	0.351359998259699	4
0.0509331995440499	0.154491188949321	4
-0.0361670911092816	0.0926658394041575	4
-0.063521638772513	0.146315556182095	4
0.0820080051049381	0.17986493005186	4
-0.0123503845623806	0.0229859913341167	4
0.092243956914069	0.166914147270297	4
0.0301882173370042	0.039253308434867	4
0.0803158768872502	0.0971358582399701	4
0.0224499739041188	0.02661416043101	4
-0.122464159931523	0.171801702640045	4
0.0381666967743096	0.0191497818632931	4
-0.0313918088915361	0.0272787853108545	4
0.0256182082887601	0.0235366679367077	4
-0.058846705291678	0.0541199314086886	4
0.0361006276582156	0.0319029462549263	4
0.0199532448176389	0.0747751480966875	4
0.0727525397583096	0.305071446104362	4
0.0440779553728974	0.132639402638135	4
0.105117315468369	0.370544248226319	4
0.0285217884352557	0.0776579100643216	4
0.0570398945210894	0.159626333645228	4
-0.0455763070927017	0.110057712175458	4
0.0475524675482056	0.0996455840682505	4
0.0968337769527041	0.188349574595549	4
-0.0887980802901752	0.150678598351581	4
-0.0521659645935977	0.0771448759361802	4
-0.120160300523707	0.153214239626293	4
0.00590996773035467	0.00745429690863987	4
-0.0951838035137075	0.167749994225069	4
-0.0885618987982692	0.133430383261767	4
0.0948907883667	0.131734230560006	4
0.122344221858668	0.166247848718841	4
-0.0747164218073249	0.097615457050736	4
-0.0745777932077385	0.0328212616705726	4
-0.0793543054260816	0.072844237049276	4
0.0700872999887284	0.0667826137285987	4
-0.119135357451552	0.126699250510939	4
0.114648844068367	0.881145130659701	4
0.0266503810501058	0.110287692725212	4
0.117248481105739	0.464067057411663	4
0.107199920301078	0.193443079738412	4
0.000968670493512401	0.00127698996641197	4
0.00793842497364075	0.0111495341540971	4
-0.12149616324855	0.103755239303955	4
0.0988354697276145	0.0845054750720146	4
0.0402759832984458	0.0423381208752892	4
-0.0232040670001809	0.0224053365383952	4
0.0331894460141331	0.0327290750763031	4
0.105423039787136	0.981245024572473	4
0.100400065721858	0.420767163500366	4
-0.0359460991133587	0.122697135705813	4
0.086856824051303	0.277138925000038	4
-0.0683496152629429	0.191423424468545	4
-0.00116896298923218	0.00149655387642854	4
-0.0945369491791658	0.135711585141107	4
0.030648897540818	0.0436508242482239	4
0.113784931865233	0.174934371764522	4
0.0225489218785144	0.0314656759897703	4
0.0925304758605212	0.138648769678787	4
-0.120033088658443	0.158120721925094	4
-0.0265792695928024	0.00701290039496226	4
-0.111809907601738	0.12856766326184	4
0.0723630157061673	0.0641331229234403	4
-0.000100968690854785	0.0000918267406220333	4
-0.108976896752928	0.129762268953957	4
0.0144998879915161	0.00855446879519342	4
0.116918139816828	1.19040946396306	4
0.0980208668573629	0.420261457128997	4
0.0570648752516403	0.2227089255941	4
0.122701981333282	0.464956832716403	4
0.0654018129006334	0.197141562264046	4
-0.0513376568541	0.139821237826731	4
0.00900124544307127	0.0229558004726908	4
0.0941869711005379	0.34262583961197	4
-0.0561380891154577	0.133313977559007	4
-0.0158726255760602	0.0271982537050022	4
-0.0543908923312152	0.0838370990257337	4
-0.0571944687856466	0.0766132236383966	4
-0.000996885307084545	0.00158169432798767	4
0.0953661782265069	0.158107861640586	4
0.122723978267321	0.200977855777727	4
-0.107389419649528	0.162992718395097	4
0.022262844681776	0.0283501147038651	4
0.0566802918605938	0.0735002195929418	4
-0.0842664659422525	0.0670873015157282	4
-0.0807921604078406	0.0781865174421155	4
-0.0799455224688649	0.0846808240371625	4
-0.0849794026086926	0.0676610017155103	4
0.0836796870864536	0.58787393643594	4
0.110464362862664	0.729289850174936	4
0.0736076484311637	0.268764928404724	4
0.121544932012333	0.402270353877026	4
0.109847538576506	0.342007849926562	4
0.0517500182915299	0.145984615469645	4
0.0733836818787147	0.190630591475312	4
0.124982334802027	0.352785226253632	4
-0.123671279967147	0.293549724444964	4
0.0272508415063179	0.0302481623482513	4
0.0400353651035709	0.0496811567858401	4
-0.0266406513281386	0.0268879053387709	4
0.00543006915086843	0.00551624907685442	4
0.113648121753916	0.0865491020180963	4
-0.0468802547306722	0.0531500951670817	4
-0.120687265044986	0.103029524911124	4
0.0800695379037714	0.445080182486819	4
0.0905054634380738	0.419454943160295	4
0.118712558517573	0.462219480747328	4
0.0463384199457581	0.113484905926918	4
-0.0941467293328383	0.236709761141315	4
-0.0945431282619551	0.233804398953724	4
0.00678908414727639	0.0126859897492049	4
-0.00161673206342952	0.00293770960955405	4
0.098017926282329	0.228815295391281	4
0.0360664482258845	0.0735952268812557	4
-0.0716259005102855	0.115872842856562	4
-0.0894753277435914	0.140805938851692	4
-0.000434565018240987	0.000395011858037327	4
-0.0938940858342976	0.107558194093787	4
0.0654784254362318	0.0433560799549275	4
-0.0788223395252177	0.0868198407062646	4
0.0415939317501812	0.0396112500590811	4
-0.0174398929999648	0.0129821208572851	4
0.120697394978175	1.26494174316251	4
0.0881158090939023	0.268963142541846	4
0.0931698186279987	0.337998623289345	4
0.0503014631609018	0.150674791201534	4
-0.0779906352644316	0.233584438026491	4
-0.0425149648612088	0.0983897289130397	4
0.0546436454977373	0.122640295626026	4
0.10584756316914	0.261069092817372	4
-0.0955504470552992	0.178604344620609	4
-0.0894232054382091	0.143594605767674	4
-0.0440041407576949	0.0647938889533406	4
0.0405804505576493	0.042679022439851	4
-0.00886042722884397	0.00409117945922056	4
-0.120889511304411	0.10322493072215	4
0.0950165946904723	0.0359124858240917	4
-0.0844295688602486	0.0672247092696342	4
-0.0285916470081484	0.0300342677961217	4
-0.0620188328154466	0.0705890606804779	4
-0.0376296482979955	0.0346037996170491	4
0.11364758029774	0.120093287170072	4
0.0400368696926061	0.180790399751008	4
-0.00778018618080502	0.0249884507262146	4
-0.0859720608313279	0.425610614596022	4
0.10579262666605	0.354798053040922	4
0.0515483227523428	0.127685878648015	4
0.0176007033773726	0.0360571312543341	4
0.108446606191092	0.262802899284614	4
-0.035440350589659	0.0669473852180456	4
-0.0459661759936764	0.0961459584179887	4
0.0750422559301452	0.126226233291463	4
0.120203989362727	0.153695879715704	4
-0.0282388641906799	0.0296544838732863	4
0.123249554309956	1.28219024285531	4
0.0710146047455516	0.310550930801778	4
0.0335881827261204	0.118085858379938	4
0.0949766638239821	0.348952476793754	4
0.0500513840327244	0.103010463185163	4
0.122550840879633	0.242504905682159	4
-0.0882889374801819	0.135854962985264	4
0.0839266846655344	0.0689846020859213	4
-0.057669818470828	0.052990793757087	4
0.0498101193494865	0.327758902803894	4
0.083767288956411	0.359987150442066	4
0.0838956288968705	0.182776681601399	4
-0.0590557316803468	0.109698269754986	4
-0.0520715865783581	0.0960142653581791	4
0.121665982239903	0.229606317438444	4
0.0123982382353306	0.018717550184929	4
-0.0616840325439263	0.135469413669799	4
0.120203989362727	0.153695879715704	4
0.00714381550091897	0.00632102896487094	4
-0.123440773451567	0.125626907359968	4
-0.0797742247462825	0.07325272723393	4
0.123690155732654	1.21382541015727	4
0.0415169103103877	0.168038968332415	4
0.0890307526084096	0.25845874338849	4
-0.0901322371300399	0.188612759229862	4
-0.105977676056974	0.156778181640824	4
-0.0532514125227822	0.0788659381729944	4
-0.0679612894607876	0.124183839522035	4
0.094752877572947	0.161153964940765	4
-0.0309013239414172	0.0410868241864168	4
0.0458206528411266	0.0600562620517034	4
0.100487477301957	0.0732951488696719	4
0.056137583965546	0.0478923086378143	4
0.115728451534057	0.1624548738362	4
-0.0310318993277253	0.0269634549719945	4
0.0186509388138112	0.0158737466656431	4
0.0209964724118257	0.0165296627907213	4
0.11336195828235	0.81529806819943	4
-0.0587863327799934	0.172406894793848	4
-0.049300521766463	0.0812821713057681	4
0.0994236824371229	0.151821043545013	4
-0.0524124485917518	0.104310011375955	4
0.0279364811053442	0.0455026184420718	4
-0.0423509614020507	0.0694715289497209	4
0.0300711800664777	0.0390950126863993	4
0.03181343100402	0.0370905625848835	4
-0.0632499298807414	0.0745350845044415	4
-0.0809560105933658	0.0783622114083621	4
-0.0804866802115403	0.0853052278171302	4
-0.101867511301498	0.103558003787824	4
-0.0435539467932997	0.0440490721817471	4
-0.0391927307633833	0.0288689492401387	4
0.102471586484918	0.097771014289473	4
0.0714743232044464	0.466308438361046	4
-0.0340909112485553	0.082083965351359	4
0.0715158332919392	0.161809324586917	4
-0.00798533729053072	0.0127173712756037	4
-0.0418393856663409	0.0696275805915581	4
-0.0767916267100435	0.183952220722944	4
0.0566117611780856	0.099916199683272	4
0.0714885895622482	0.131778086508986	4
0.0497625263139991	0.078124390730675	4
-0.0185743097335862	0.0170799657709211	4
-0.0843479611669319	0.0671578793195804	4
-0.0997510761989403	0.105982583080163	4
0.035165030095458	0.0255182703863239	4
0.0497383021818181	0.328111456735	4
0.0394558064650114	0.166745987574932	4
0.0485113881532635	0.151938284932862	4
0.07959612551183	0.209442770198084	4
0.0822175691793146	0.283458138754782	4
-0.0792185123900331	0.218415753309598	4
0.00161859257704438	0.00337977173950409	4
-0.026169941048102	0.048473819753785	4
0.0637101488929614	0.096677425758722	4
-0.0562019825131127	0.0751567448519444	4
-0.0776331877870519	0.113673264840143	4
0.0953113330282808	0.036023880282653	4
-0.0823861147048738	0.0836979545224698	4
0.0169411338279497	0.0117509364032104	4
-0.043732897762474	0.0442394607661369	4
0.0910033094577672	0.107724937136456	4
0.017212787401807	0.0823576291892619	4
-0.0624277206798293	0.242915206680974	4
0.0590104279991545	0.200816266245311	4
0.0525488175393893	0.131317067133455	4
0.0335405219618358	0.0753764019586106	4
-0.0226350689843599	0.0435064983983329	4
0.0583282455045289	0.0820113641354399	4
-0.0730171347643534	0.0952516970206364	4
0.0894673168388562	0.100319286184425	4
-0.0266174972999866	0.00702719711458675	4
-0.109175526638227	0.086124221138481	4
0.0720518482965826	0.0638378097224434	4
-0.0609837993612043	0.0489523860763548	4
-0.0607724919177663	0.0487759619003802	4
-0.0605026044967085	0.0333309514585613	4
0.11009958450985	0.676186615962446	4
0.121679440007548	0.680051022479706	4
0.0750237029720687	0.316351953916484	4
-0.053700579087548	0.118908262363783	4
-0.102747540125786	0.210798117242976	4
0.0178950567844817	0.0124132344140005	4
0.101871439221921	0.0971400975040082	4
0.0669973397908413	0.0748894208954565	4
0.0860625007502349	0.0850220804254715	4
0.0791837659033747	0.0956258256165518	4
0.114063907771182	1.08621328389294	4
0.119985550234293	0.947277637717058	4
0.118134439491196	0.61496756253812	4
-0.0754020413584369	0.210573229746444	4
-0.0450095923079554	0.0968625354423827	4
-0.124463296346996	0.179985624787942	4
-0.0749575655168449	0.0329899023623161	4
-0.0863685572396984	0.0619738503403907	4
0.0759894094062224	0.0825929297961454	4
-0.0381331531872708	0.0350825148200307	4
0.070761070116027	0.0674616213249435	4
0.0953401774528801	0.709336465256334	4
0.0318073123075617	0.146651369994306	4
0.0626841851050138	0.314017535995151	4
0.0517241161602466	0.22321767253847	4
0.0705994766810869	0.145674564653102	4
-0.0169352217259547	0.0287229390160027	4
-0.0860287624289134	0.0617146798856188	4
-0.059779394090411	0.0329186726912115	4
0.0750112850328068	0.0407593493354262	4
-0.0183066515578451	0.0103464554206888	4
0.0364037555662278	0.0264245497776676	4
0.0138734797547766	0.0712262635728035	4
0.0376334510600695	0.190042186284512	4
-0.0470311144191728	0.217677964423618	4
0.0387976777165038	0.0986237515320469	4
0.0339991698852307	0.0720401527985402	4
-0.00588080130003972	0.0104223286652614	4
0.0587016685391027	0.0672890399026904	4
0.0841245387469173	0.0585683739720562	4
-0.0910793654002632	0.057526726228967	4
0.0358399940491089	0.0260180611629289	4
0.0571562524434162	0.42708404133902	4
0.00251634921470804	0.00593147652342089	4
-0.0423476849914067	0.0798156422834005	4
0.00319338822992369	0.00360384419363322	4
0.088990506260133	0.0997281722674017	4
0.0848510151110269	0.0837410263269617	4
0.0873114258504101	0.0803068991001106	4
0.121548061180319	0.96444066306098	4
-0.0113156632649602	0.0316431945178289	4
-0.0880689190753903	0.242387779096621	4
0.102930314635572	0.259035548673257	4
0.0368941820122146	0.0534733804869329	4
-0.0642846096846242	0.0782477921520644	4
-0.0734438078480914	0.0633808672150991	4
0.0149972536795934	0.00884548173517716	4
0.0989557740948993	0.12571814633584	4
0.0330011963076777	0.0325358915768385	4
0.055694536277544	0.0474900366687443	4
0.113984692828015	0.0868148824172553	4
0.00840021248399804	0.0410661733768868	4
0.0840709866163817	0.450979654184951	4
0.110067589097155	0.513938117205288	4
-0.0476417964382926	0.112048077135398	4
0.0619468690067924	0.0651971407499661	4
0.0513043386643863	0.0388225179103496	4
0.000990945319441267	0.00103755253673756	4
0.0220471551535193	0.027120419634849	4
0.0345300081216168	0.0373847143357397	4
-0.0456874404046433	0.0499844363427118	4
0.0438150274234084	0.281379105893111	4
0.00788643501862533	0.0330995819224835	4
-0.0116865345861677	0.0412167185010622	4
-0.0516565539137209	0.184931428122931	4
-0.0567184200472317	0.0364816523438983	4
-0.0678295278301329	0.0965567904950701	4
-0.0047419747992818	0.00456355673451284	4
0.0109737929382876	0.0152136439132343	4
0.0190163947010386	0.0269006107111797	4
0.0573213645175164	0.0743595595031893	4
0.0129913931130701	0.0303505143028153	4
-0.016764827358747	0.0301072477890632	4
-0.00939215413541855	0.00944853022035713	4
0.120635219401418	0.189016920240469	4
-0.106726557329737	0.135772697922404	4
0.0088632021797749	0.00979393105901878	4
0.118365149514757	0.932806524353511	4
0.033330210613062	0.160761519180159	4
0.0606684111199873	0.243697832382283	4
0.00973080320965918	0.0281228853390303	4
0.0783419043713616	0.169840986646843	4
0.00250269130187705	0.0028258528432845	4
-0.00726677012795431	0.010045006851763	4
0.0412142529345509	0.0492385987251223	4
0.0803944109928372	0.0972352208370956	4
0.124539025712297	1.30377748176512	4
0.107430703252136	0.628490666652985	4
-0.0426845773990702	0.152388992524428	4
-0.0141475262841203	0.0208462365332208	4
0.120939854327458	0.279369833866935	4
0.0517240203250503	0.0779430259063634	4
0.0860331489424846	0.126486494802661	4
-0.109182411036474	0.197344629704618	4
0.110688419611528	0.174985180464639	4
0.0321681468469995	0.0316894591438656	4
0.0656412762324761	0.484574318662826	4
-0.0736850795082218	0.461108381767296	4
-0.0167237927230291	0.0618026296549027	4
-0.0308087693213512	0.105028994771095	4
-0.088877236967521	0.197246203025057	4
0.115664711201384	0.354463815267382	4
0.121764664729542	0.224280719390533	4
0.10119570783135	0.175185596193056	4
0.0700479657172577	0.094496314258301	4
0.0747081243486723	0.0976678262193672	4
0.000735099315143555	0.000772864807145394	4
0.0472466377263795	0.196107369390902	4
0.0222104575645626	0.0398521784619057	4
0.0715864162338583	0.0729810900227558	4
0.0941423684525221	0.309674467148069	4
0.06318037950134	0.145937165943105	4
0.0153683251292825	0.0241912591914039	4
-0.00407488243476725	0.0061770134480396	4
0.0613832432747171	0.115066854446295	4
-0.0571076215037	0.0916117653951057	4
-0.0359882902849612	0.0492675325925019	4
-0.0415779498177121	0.0402018657495101	4
-0.0783387153330479	0.0958023762360407	4
0.0951356608450116	0.605786345724975	4
0.0942359747690417	0.294064374681988	4
0.110288772446477	0.334205884588928	4
-0.0144630516855171	0.0228363155641459	4
0.0184561282812791	0.0342848589502667	4
0.113578323824035	0.187471946928518	4
0.0454988968978455	0.0778170845339245	4
-0.122299495965688	0.151024160092248	4
-0.111941245802232	0.156762757697991	4
-0.0726149767056269	0.0946740856206509	4
-0.00369057161022731	0.00245399165334835	4
0.105553940344144	1.04713082199424	4
0.086902480226141	0.653148924633359	4
0.0940088665197947	0.330509249055897	4
0.0352499580810363	0.131514905093047	4
0.0407553385291326	0.0710713829158933	4
0.100861849535192	0.205439904283693	4
0.115145533265633	0.236670153338818	4
0.0808277015651648	0.141616322283061	4
0.0926124378773295	0.138775485210273	4
-0.0158425353282352	0.0203474995292746	4
0.0280810121213015	0.0473158503150037	4
0.045970968808355	0.226496333731312	4
0.0325257051114046	0.113403184941177	4
-0.0299583599176081	0.0717662034232214	4
0.0311626043130502	0.0627094549415632	4
0.112537086015958	0.190790792017077	4
-0.0664394442658576	0.0944815199152589	4
-0.025060140629583	0.0322993481304512	4
0.0574661369966412	0.240437705655142	4
0.122355173174552	0.540196752067441	4
0.0472318499737289	0.16619487739828	4
-0.0792871035596047	0.118941231546878	4
0.101415995401899	0.136532483685994	4
-0.107800834393323	0.141679932217973	4
-0.122785270389176	0.172324778206682	4
-0.0623383205780119	0.0631935921221788	4
-0.101563378128152	0.103250064945603	4
0.038134174058658	0.0312408779045363	4
0.124330351629641	1.09760918449621	4
0.0282658768782023	0.129940164698003	4
-0.0596031507090722	0.117132976243995	4
-0.00674147091985756	0.0105664304056184	4
-0.0447537112836864	0.0471457400015794	4
-0.0415715826554715	0.0401916781339643	4
0.0972746947765506	0.274961553728602	4
-0.0256934373535554	0.0789996817264723	4
-0.0387753269172201	0.028559025330553	4
-0.00920504170680857	0.00424705183651369	4
0.12140103875437	0.974678490634334	4
0.0504733867938234	0.205451337681352	4
0.112314260739954	0.291405198167639	4
0.123653951834604	0.315128245408645	4
0.0371502028505741	0.0660459146682192	4
-0.0492355322971809	0.0811807066565137	4
0.0722520273489982	0.445865562347933	4
0.0240976144428974	0.0938347940973358	4
-0.0861644334183998	0.314610143826313	4
0.0944871544966486	0.300706716128768	4
-0.0504436556698066	0.119023615140813	4
0.113381456842115	0.218142458087058	4
0.0233761682584226	0.0369911802071385	4
0.0694095187579103	0.448818047503083	4
0.0625357743901691	0.264788466577667	4
-0.023236672452128	0.0543513216417866	4
-0.0939864668186114	0.177886042775323	4
0.0654983849793199	0.102406656499068	4
0.0742121401901036	0.124736947601582	4
-0.121588862479579	0.170347349671705	4
0.0159548759530917	0.0730365768856873	4
-0.0333859446919136	0.133528861900683	4
-0.00173751567764246	0.00533367292839964	4
0.000789250577807403	0.00215744260488528	4
-0.0861531558353737	0.216269257029444	4
0.0940780001657702	0.241330896245332	4
-0.0265276236797365	0.0516848219323767	4
0.0591976036488601	0.419766018213639	4
0.06652528631084	0.294196768202655	4
0.0405889522122893	0.139168246650304	4
0.120882096366185	0.368577322881564	4
-0.0842132459396554	0.191621626382265	4
0.0112965912221589	0.0227481683757767	4
0.0411999083942729	0.0768605128845438	4
-0.0943828674197554	0.108161665727801	4
0.110380305743941	0.741118121018311	4
0.0892705217254948	0.477863807570171	4
0.0799617328558273	0.339252583759737	4
0.0637777523639035	0.199141146009046	4
0.102700831810628	0.417472051990344	4
0.0533846133834687	0.15575920244845	4
-0.0195405717788741	0.041050942439693	4
0.0902672405891039	0.656706691200687	4
-0.0480812643137421	0.199066737686547	4
-0.00314918564769811	0.0067794193476847	4
0.0383282997123527	0.043698393973982	4
0.08371647971349	0.585878203538694	4
0.0566629936004185	0.26878793118299	4
-0.0477364048668261	0.197031336149916	4
-0.0236059604068299	0.0814496334099371	4
0.0659983495843141	0.194229701589781	4
0.101247135100604	0.319354737620628	4
0.00894157715288998	0.0189804830030158	4
-0.0185510587574085	0.0771132033369098	4
0.0174241715382508	0.049971393743573	4
0.091325568464717	0.288626348948907	4
0.0353136986919844	0.0854128958613131	4
0.0511594114356972	0.0705367816792198	4
0.0700827595447847	0.471607350008798	4
0.0759504877418746	0.475492715241624	4
-0.0495281528625234	0.115749366362423	4
0.0964497638698718	0.41284786860518	4
0.0743359514873622	0.222105092904709	4
-0.0796484131271591	0.138788306906239	4
0.0930937700311134	0.728661048138456	4
-0.0195833435107947	0.0844976865128013	4
0.0736877758173642	0.327163608055045	4
-0.0881458806593979	0.310567614137113	4
0.0908107866367733	0.425582499262361	4
-0.112684147021419	0.304475902153108	4
-0.0325849931435544	0.160482325673496	4
0.119696374503486	0.751999002628524	4
